,BAL-CHAKAN SITE CNG FILLING JUN-26,,,,,,,,,,,,,,,,,,
,,,,,,,,26199.109999999993,,2254177.13,,,2327,,,,,,
BILLNo.,S.No.,2026-06-01 00:00:00,CO,PUMP,VEH. NO.,SEAT,FIX AVG.,CNG Kg.,RATE,AMOUNT,START READING,PREV. READING,TOTAL   KM,RECD. AVG.,ACTUAL  QTY.,EXCESS DIESEL,DEBIT  TO DRIVER,REMARK,
1284/10-6-26,1,2026-06-02 00:00:00,BA,SHUBHAM,MH14LB5344,4,22,6.86,94.75,649.985,104208,104069,139,20.262390670553934,6.318181818181818,0.541818181818182,51.33727272727274,,
1284/10-6-26,2,2026-06-04 00:00:00,BA,SHUBHAM,MH14LB5344,4,22,6.36,94.75,602.61,104347,104208,139,21.855345911949684,6.318181818181818,0.041818181818181976,3.962272727272742,,
1284/10-6-26,3,2026-06-05 00:00:00,BA,SHUBHAM,MH14LB5344,4,22,7.95,94.75,753.2625,104506,104347,159,20,7.2272727272727275,0.7227272727272727,68.47840909090908,,
1284/10-6-26,4,2026-06-07 00:00:00,BA,SHUBHAM,MH14LB5344,4,22,6.69,94.75,633.8775,104625,104506,119,17.78774289985052,5.409090909090909,1.2809090909090912,121.3661363636364,,
1284/10-6-26,5,2026-06-10 00:00:00,BA,SHUBHAM,MH14LB5344,4,22,7.24,94.75,685.99,104748,104625,123,16.988950276243095,5.590909090909091,1.6490909090909094,156.25136363636366,,
1482/20-6-26,6,2026-06-12 00:00:00,BA,SHUBHAM,MH14LB5344,4,22,7.21,94.75,683.1475,104909,104748,161,22.33009708737864,7.318181818181818,-0.10818181818181838,-10.250227272727292,,
1482/20-6-26,7,2026-06-14 00:00:00,BA,SHUBHAM,MH14LB5344,4,22,4.87,94.75,461.4325,104991,104909,82,16.83778234086242,3.727272727272727,1.142727272727273,108.27340909090913,,
1482/20-6-26,8,2026-06-17 00:00:00,BA,SHUBHAM,MH14LB5344,4,22,7.73,95.75,740.1475,105182,104991,191,24.708926261319533,8.681818181818182,-0.9518181818181812,-91.13659090909086,,
1482/20-6-26,9,2026-06-18 00:00:00,BA,SHUBHAM,MH14LB5344,4,22,7.18,95.75,687.485,105358,105182,176,24.512534818941504,8,-0.8200000000000003,-78.51500000000003,,
1482/20-6-26,10,2026-06-20 00:00:00,BA,SHUBHAM,MH14LB5344,4,22,7.3,95.75,698.975,105531,105358,173,23.698630136986303,7.863636363636363,-0.5636363636363635,-53.968181818181804,,
1649/30-6-26,11,2026-06-22 00:00:00,BA,SHUBHAM,MH14LB5344,4,22,5.56,95.75,532.37,105644,105531,113,20.323741007194247,5.136363636363637,0.4236363636363629,40.56318181818175,,
1649/30-6-26,12,2026-06-24 00:00:00,BA,SHUBHAM,MH14LB5344,4,22,7.62,95.75,729.615,,,0,0,0,7.62,729.615,,
1649/30-6-26,13,2026-06-26 00:00:00,BA,SHUBHAM,MH14LB5344,4,22,6.26,95.75,599.395,105951,105644,307,49.04153354632588,13.954545454545455,-7.694545454545455,-736.7527272727274,,
1649/30-6-26,14,2026-06-27 00:00:00,BA,SHUBHAM,MH14LB5344,4,22,7.59,95.75,726.7425,106098,105951,147,19.367588932806324,6.681818181818182,0.9081818181818182,86.95840909090909,,
1649/30-6-26,15,2026-06-30 00:00:00,BA,SHUBHAM,MH14LB5344,4,22,7.63,95.75,730.5725,,,0,0,0,7.63,730.5725,,
,16,2026-06-01 00:00:00,DEEPAK FERTILIZER ,MNGL,MH46DC4998  ,49+1,3.5,28.84,86,2480.24,9271,9170,101,3.502080443828017,28.857142857142858,-0.017142857142857792,-1.4742857142857702,,
,17,2026-06-01 00:00:00,DEEPAK FERTILIZER ,MNGL,MH46DC5001  ,32+1,4.3,50.97,86,4383.42,8739,8542,197,3.865018638414754,45.81395348837209,5.156046511627906,443.41999999999996,,
,18,2026-06-01 00:00:00,DEEPAK FERTILIZER ,MNGL,MH46DC5003  ,32+1,4.5,50.34,86,4329.240000000001,13637,13399,238,4.727850615812475,52.888888888888886,-2.5488888888888823,-219.20444444444388,,
,19,2026-06-01 00:00:00,DEEPAK FERTILIZER ,MNGL,MH46DC5006  ,40+1,4.5,54.3,86,4669.8,7395,7213,182,3.351749539594844,40.44444444444444,13.855555555555554,1191.5777777777776,,
,20,2026-06-01 00:00:00,DEEPAK FERTILIZER ,MNGL,MH46DC5007  ,49+1,3.5,67.09,86,5769.740000000001,7010,6812,198,2.9512595021612755,56.57142857142857,10.518571428571434,904.5971428571434,,
,21,2026-06-01 00:00:00,DEEPAK FERTILIZER ,MNGL,MH46DC5008  ,49+1,4,62.32,86,5359.52,6436,6267,169,2.7118100128369704,42.25,20.07,1726.02,,
,22,2026-06-01 00:00:00,DEEPAK FERTILIZER ,MNGL,MH46DC5014  ,27+1,5,32.28,86,2776.08,5615,5312,303,9.386617100371748,60.6,-28.32,-2435.52,,
,23,2026-06-01 00:00:00,DEEPAK FERTILIZER ,MNGL,MH46DC5036  ,40+1,4.5,41.75,86,3590.5,7405,7295,110,2.6347305389221556,24.444444444444443,17.305555555555557,1488.2777777777778,,
,24,2026-06-01 00:00:00,DEEPAK FERTILIZER ,MNGL,MH46DC5037  ,31+1,4,48.58,86,4177.88,12889,12736,153,3.1494442157266365,38.25,10.329999999999998,888.3799999999999,,
,25,2026-06-01 00:00:00,DEEPAK FERTILIZER ,MNGL,MH46DC5038 ,40+1,4,41.21,86,3544.06,7799,7722,77,1.8684785246299442,19.25,21.96,1888.5600000000002,,
,26,2026-06-01 00:00:00,DEEPAK FERTILIZER ,MNGL,MH46DC5042  ,32+1,4.5,48.37,86,4159.82,11631,11425,206,4.2588381228033905,45.77777777777778,2.592222222222219,222.93111111111082,,
,27,2026-06-01 00:00:00,DEEPAK FERTILIZER ,MNGL,MH46DC5053  ,31+1,4.5,41.16,86,3539.7599999999998,7446,7315,131,3.1827016520894076,29.11111111111111,12.048888888888886,1036.204444444444,,
,28,2026-06-01 00:00:00,DEEPAK FERTILIZER ,MNGL,MH46DC5056  ,40+1,4.5,50.81,86,4369.66,9727,9553,174,3.424522731745719,38.666666666666664,12.143333333333338,1044.326666666667,,
,29,2026-06-01 00:00:00,DEEPAK FERTILIZER ,MNGL,MH46DC5087  ,49+1,4,61.37,86,5277.82,12697,12532,165,2.688610070066808,41.25,20.119999999999997,1730.3199999999997,,
,30,2026-06-01 00:00:00,DEEPAK FERTILIZER ,MNGL,MH46DC5205  ,31+1,4.5,41.3,86,3551.7999999999997,7420,7283,137,3.3171912832929786,30.444444444444443,10.855555555555554,933.5777777777777,,
,31,2026-06-01 00:00:00,DEEPAK FERTILIZER ,MNGL,MH46DC5462  ,40,4,38.94,86,3348.8399999999997,5855,5499,356,9.142270159219311,89,-50.06,-4305.16,,
,32,2026-06-01 00:00:00,DEEPAK FERTILIZER ,MNGL,MH46DC5507  ,50+1,3.5,55.69,86,4789.34,5555,5386,169,3.0346561321601726,48.285714285714285,7.404285714285713,636.7685714285714,,
,33,2026-06-01 00:00:00,DEEPAK FERTILIZER ,MNGL,MH46DC5508  ,49,3.5,51.63,86,4440.18,7981,7791,190,3.68003098973465,54.285714285714285,-2.655714285714282,-228.39142857142826,,
,34,2026-06-01 00:00:00,DEEPAK FERTILIZER ,MNGL,MH46DC5509  ,17+1,6,19.12,86,1644.3200000000002,10476,10374,102,5.334728033472803,17,2.120000000000001,182.32000000000008,,
,35,2026-06-01 00:00:00,DEEPAK FERTILIZER ,MNGL,MH46DC5510  ,49+1,3.5,48.05,86,4132.3,7740,7592,148,3.0801248699271593,42.285714285714285,5.7642857142857125,495.7285714285713,,
,36,2026-06-01 00:00:00,DEEPAK FERTILIZER ,MNGL,MH46DC6065  ,17+1,6,23.96,86,2060.56,8393,8234,159,6.636060100166945,26.5,-2.539999999999999,-218.43999999999994,,
,37,2026-06-01 00:00:00,DEEPAK FERTILIZER ,MNGL,MH46DC6072  ,17+1,6,24.37,86,2095.82,6590,6427,163,6.688551497743126,27.166666666666668,-2.796666666666667,-240.51333333333335,,
,38,2026-06-02 00:00:00,DEEPAK FERTILIZER ,MNGL,MH46DC4998  ,49+1,3.5,50.56,86,4348.16,9459,9271,188,3.7183544303797467,53.714285714285715,-3.154285714285713,-271.2685714285713,,
,39,2026-06-02 00:00:00,DEEPAK FERTILIZER ,MNGL,MH46DC5001  ,32+1,4.3,38.98,86,3352.2799999999997,8859,8739,120,3.0785017957927145,27.906976744186046,11.07302325581395,952.2799999999997,,
,40,2026-06-02 00:00:00,DEEPAK FERTILIZER ,MNGL,MH46DC5003  ,32+1,4.5,48.53,86,4173.58,13837,13637,200,4.1211621677313,44.44444444444444,4.085555555555558,351.357777777778,,
,41,2026-06-02 00:00:00,DEEPAK FERTILIZER ,MNGL,MH46DC5006  ,40+1,4.5,39.53,86,3399.58,7520,7395,125,3.1621553250695675,27.77777777777778,11.752222222222223,1010.6911111111111,,
,42,2026-06-02 00:00:00,DEEPAK FERTILIZER ,MNGL,MH46DC5008  ,49+1,4,48.5,86,4171,6876,6436,440,9.072164948453608,110,-61.5,-5289,,
,43,2026-06-02 00:00:00,DEEPAK FERTILIZER ,MNGL,MH46DC5014  ,27+1,5,32.24,86,2772.6400000000003,5704,5615,89,2.760545905707196,17.8,14.440000000000001,1241.8400000000001,,
,44,2026-06-02 00:00:00,DEEPAK FERTILIZER ,MNGL,MH46DC5036  ,40+1,4.5,41.33,86,3554.3799999999997,7530,7405,125,3.0244374546334383,27.77777777777778,13.55222222222222,1165.491111111111,,
,45,2026-06-02 00:00:00,DEEPAK FERTILIZER ,MNGL,MH46DC5037  ,31+1,4,49.48,86,4255.28,13094,12889,205,4.143088116410671,51.25,-1.7700000000000031,-152.22000000000025,,
,46,2026-06-02 00:00:00,DEEPAK FERTILIZER ,MNGL,MH46DC5038 ,40+1,4,40.82,86,3510.52,7933,7799,134,3.282704556589907,33.5,7.32,629.52,,
,47,2026-06-02 00:00:00,DEEPAK FERTILIZER ,MNGL,MH46DC5042  ,32+1,4.5,48.32,86,4155.52,11859,11631,228,4.718543046357616,50.666666666666664,-2.346666666666664,-201.8133333333331,,
,48,2026-06-02 00:00:00,DEEPAK FERTILIZER ,MNGL,MH46DC5053  ,31+1,4.5,41.16,86,3539.7599999999998,7575,7446,129,3.1341107871720117,28.666666666666668,12.493333333333329,1074.4266666666663,,
,49,2026-06-02 00:00:00,DEEPAK FERTILIZER ,MNGL,MH46DC5087  ,49+1,4,54.62,86,4697.32,12921,12697,224,4.101061882094471,56,-1.3800000000000026,-118.68000000000022,,
,50,2026-06-02 00:00:00,DEEPAK FERTILIZER ,MNGL,MH46DC5205  ,31+1,4.5,41.97,86,3609.42,7566,7420,146,3.4786752442220634,32.44444444444444,9.525555555555556,819.1977777777778,,
,51,2026-06-02 00:00:00,DEEPAK FERTILIZER ,MNGL,MH46DC5462  ,40,4,39.37,86,3385.8199999999997,5982,5855,127,3.2258064516129035,31.75,7.619999999999997,655.3199999999998,,
,52,2026-06-02 00:00:00,DEEPAK FERTILIZER ,MNGL,MH46DC5507  ,50+1,3.5,40.05,86,3444.2999999999997,5654,5555,99,2.471910112359551,28.285714285714285,11.764285714285712,1011.7285714285713,,
,53,2026-06-02 00:00:00,DEEPAK FERTILIZER ,MNGL,MH46DC5508  ,49,3.5,40.44,86,3477.8399999999997,8107,7981,126,3.1157270029673594,36,4.439999999999998,381.8399999999998,,
,54,2026-06-02 00:00:00,DEEPAK FERTILIZER ,MNGL,MH46DC5509  ,17+1,6,27.81,86,2391.66,10633,10476,157,5.645451276519238,26.166666666666668,1.6433333333333309,141.32666666666645,,
,55,2026-06-02 00:00:00,DEEPAK FERTILIZER ,MNGL,MH46DC5510  ,49+1,3.5,47.04,86,4045.44,7884,7740,144,3.061224489795918,41.142857142857146,5.897142857142853,507.1542857142854,,
,56,2026-06-02 00:00:00,DEEPAK FERTILIZER ,MNGL,MH46DC6065  ,17+1,6,23.77,86,2044.22,8557,8393,164,6.899453092132941,27.333333333333332,-3.5633333333333326,-306.4466666666666,,
,57,2026-06-02 00:00:00,DEEPAK FERTILIZER ,MNGL,MH46DC6072  ,17+1,6,23.72,86,2039.9199999999998,6745,6590,155,6.534569983136594,25.833333333333332,-2.1133333333333333,-181.74666666666667,,
,58,2026-06-03 00:00:00,DEEPAK FERTILIZER ,MNGL,MH46DC4998  ,49+1,3.5,49.24,86,4234.64,9648,9459,189,3.838342810722989,54,-4.759999999999998,-409.35999999999984,,
,59,2026-06-03 00:00:00,DEEPAK FERTILIZER ,MNGL,MH46DC5001  ,32+1,4.3,39.02,86,3355.7200000000003,8991,8859,132,3.382880574064582,30.697674418604652,8.32232558139535,715.7200000000001,,
,60,2026-06-03 00:00:00,DEEPAK FERTILIZER ,MNGL,MH46DC5003  ,32+1,4.5,49.12,86,4224.32,14054,13837,217,4.4177524429967425,48.22222222222222,0.897777777777776,77.20888888888874,,
,61,2026-06-03 00:00:00,DEEPAK FERTILIZER ,MNGL,MH46DC5006  ,40+1,4.5,40.02,86,3441.7200000000003,7645,7520,125,3.12343828085957,27.77777777777778,12.242222222222225,1052.8311111111113,,
,62,2026-06-03 00:00:00,DEEPAK FERTILIZER ,MNGL,MH46DC5007  ,49+1,3.5,69.52,86,5978.719999999999,7260,7010,250,3.5960874568469507,71.42857142857143,-1.9085714285714346,-164.13714285714337,,
,63,2026-06-03 00:00:00,DEEPAK FERTILIZER ,MNGL,MH46DC5008  ,49+1,4,45.01,86,3870.8599999999997,7014,6876,138,3.0659853365918686,34.5,10.509999999999998,903.8599999999998,,
,64,2026-06-03 00:00:00,DEEPAK FERTILIZER ,MNGL,MH46DC5014  ,27+1,5,32.15,86,2764.9,5730,5704,26,0.8087091757387248,5.2,26.95,2317.7,,
,65,2026-06-03 00:00:00,DEEPAK FERTILIZER ,MNGL,MH46DC5036  ,40+1,4.5,40.97,86,3523.42,7633,7530,103,2.5140346595069563,22.88888888888889,18.08111111111111,1554.9755555555555,,
,66,2026-06-03 00:00:00,DEEPAK FERTILIZER ,MNGL,MH46DC5037  ,31+1,4,49.91,86,4292.259999999999,13300,13094,206,4.127429372871168,51.5,-1.5900000000000034,-136.7400000000003,,
,67,2026-06-03 00:00:00,DEEPAK FERTILIZER ,MNGL,MH46DC5038 ,40+1,4,42.23,86,3631.7799999999997,8057,7933,124,2.936301207672271,31,11.229999999999997,965.7799999999997,,
,68,2026-06-03 00:00:00,DEEPAK FERTILIZER ,MNGL,MH46DC5042  ,32+1,4.5,47.24,86,4062.6400000000003,12047,11859,188,3.979678238780694,41.77777777777778,5.462222222222223,469.7511111111112,,
,69,2026-06-03 00:00:00,DEEPAK FERTILIZER ,MNGL,MH46DC5053  ,31+1,4.5,41.16,86,3539.7599999999998,7705,7575,130,3.15840621963071,28.88888888888889,12.271111111111107,1055.3155555555552,,
,70,2026-06-03 00:00:00,DEEPAK FERTILIZER ,MNGL,MH46DC5056  ,40+1,4.5,53.31,86,4584.66,9921,9727,194,3.6390921027949727,43.111111111111114,10.198888888888888,877.1044444444444,,
,71,2026-06-03 00:00:00,DEEPAK FERTILIZER ,MNGL,MH46DC5087  ,49+1,4,55.16,86,4743.759999999999,13146,12921,225,4.079042784626541,56.25,-1.0900000000000034,-93.7400000000003,,
,72,2026-06-03 00:00:00,DEEPAK FERTILIZER ,MNGL,MH46DC5205  ,31+1,4.5,42.21,86,3630.06,7700,7566,134,3.1746031746031744,29.77777777777778,12.432222222222222,1069.171111111111,,
,73,2026-06-03 00:00:00,DEEPAK FERTILIZER ,MNGL,MH46DC5462  ,40,4,42.24,86,3632.6400000000003,6104,5982,122,2.8882575757575757,30.5,11.740000000000002,1009.6400000000002,,
,74,2026-06-03 00:00:00,DEEPAK FERTILIZER ,MNGL,MH46DC5507  ,50+1,3.5,36.61,86,3148.46,5730,5654,76,2.075935536738596,21.714285714285715,14.895714285714284,1281.0314285714285,,
,75,2026-06-03 00:00:00,DEEPAK FERTILIZER ,MNGL,MH46DC5508  ,49,3.5,40.18,86,3455.48,8236,8107,129,3.2105525136884023,36.857142857142854,3.3228571428571456,285.7657142857145,,
,76,2026-06-03 00:00:00,DEEPAK FERTILIZER ,MNGL,MH46DC5509  ,17+1,6,27.61,86,2374.46,10790,10633,157,5.6863455269829775,26.166666666666668,1.4433333333333316,124.12666666666652,,
,77,2026-06-03 00:00:00,DEEPAK FERTILIZER ,MNGL,MH46DC5510  ,49+1,3.5,47.03,86,4044.58,8026,7884,142,3.0193493514777803,40.57142857142857,6.458571428571432,555.4371428571432,,
,78,2026-06-03 00:00:00,DEEPAK FERTILIZER ,MNGL,MH46DC6065  ,17+1,6,23.8,86,2046.8,8717,8557,160,6.722689075630252,26.666666666666668,-2.866666666666667,-246.53333333333336,,
,79,2026-06-03 00:00:00,DEEPAK FERTILIZER ,MNGL,MH46DC6072  ,17+1,6,24.03,86,2066.58,6902,6745,157,6.533499791926758,26.166666666666668,-2.1366666666666667,-183.75333333333333,,
,80,2026-06-04 00:00:00,DEEPAK FERTILIZER ,MNGL,MH46DC4998  ,49+1,3.5,49.65,86,4269.9,9936,9648,288,5.800604229607251,82.28571428571429,-32.63571428571429,-2806.6714285714293,,
,81,2026-06-04 00:00:00,DEEPAK FERTILIZER ,MNGL,MH46DC5001  ,32+1,4.3,38.24,86,3288.6400000000003,9117,8991,126,3.294979079497908,29.30232558139535,8.93767441860465,768.64,,
,82,2026-06-04 00:00:00,DEEPAK FERTILIZER ,MNGL,MH46DC5003  ,32+1,4.5,49.09,86,4221.740000000001,14272,14054,218,4.4408229782032995,48.44444444444444,0.6455555555555605,55.51777777777821,,
,83,2026-06-04 00:00:00,DEEPAK FERTILIZER ,MNGL,MH46DC5006  ,40+1,4.5,40.31,86,3466.6600000000003,7769,7645,124,3.0761597618456955,27.555555555555557,12.754444444444445,1096.8822222222223,,
,84,2026-06-04 00:00:00,DEEPAK FERTILIZER ,MNGL,MH46DC5008  ,49+1,4,44.89,86,3860.54,7152,7014,138,3.074181332145244,34.5,10.39,893.5400000000001,,
,85,2026-06-04 00:00:00,DEEPAK FERTILIZER ,MNGL,MH46DC5014  ,27+1,5,32.26,86,2774.3599999999997,5832,5730,102,3.1618102913825172,20.4,11.86,1019.9599999999999,,
,86,2026-06-04 00:00:00,DEEPAK FERTILIZER ,MNGL,MH46DC5036  ,40+1,4.5,41.46,86,3565.56,7791,7633,158,3.810902074288471,35.111111111111114,6.348888888888887,546.0044444444443,,
,87,2026-06-04 00:00:00,DEEPAK FERTILIZER ,MNGL,MH46DC5037  ,31+1,4,49.59,86,4264.740000000001,13506,13300,206,4.154063319217584,51.5,-1.9099999999999966,-164.2599999999997,,
,88,2026-06-04 00:00:00,DEEPAK FERTILIZER ,MNGL,MH46DC5038 ,40+1,4,41.76,86,3591.3599999999997,8180,8057,123,2.945402298850575,30.75,11.009999999999998,946.8599999999998,,
,89,2026-06-04 00:00:00,DEEPAK FERTILIZER ,MNGL,MH46DC5042  ,32+1,4.5,48.74,86,4191.64,12254,12047,207,4.247025030775544,46,2.740000000000002,235.64000000000016,,
,90,2026-06-04 00:00:00,DEEPAK FERTILIZER ,MNGL,MH46DC5053  ,31+1,4.5,40.61,86,3492.46,7834,7705,129,3.1765574981531643,28.666666666666668,11.943333333333332,1027.1266666666666,,
,91,2026-06-04 00:00:00,DEEPAK FERTILIZER ,MNGL,MH46DC5056  ,40+1,4.5,54.35,86,4674.1,10106,9921,185,3.4038638454461823,41.111111111111114,13.238888888888887,1138.5444444444443,,
,92,2026-06-04 00:00:00,DEEPAK FERTILIZER ,MNGL,MH46DC5087  ,49+1,4,54.53,86,4689.58,13373,13146,227,4.162846139739592,56.75,-2.219999999999999,-190.9199999999999,,
,93,2026-06-04 00:00:00,DEEPAK FERTILIZER ,MNGL,MH46DC5205  ,31+1,4.5,42.72,86,3673.92,7800,7700,100,2.3408239700374533,22.22222222222222,20.497777777777777,1762.8088888888888,,
,94,2026-06-04 00:00:00,DEEPAK FERTILIZER ,MNGL,MH46DC5462  ,40,4,40.63,86,3494.1800000000003,6231,6104,127,3.1257691361063253,31.75,8.880000000000003,763.6800000000002,,
,95,2026-06-04 00:00:00,DEEPAK FERTILIZER ,MNGL,MH46DC5507  ,50+1,3.5,38.11,86,3277.46,5841,5730,111,2.912621359223301,31.714285714285715,6.395714285714284,550.0314285714285,,
,96,2026-06-04 00:00:00,DEEPAK FERTILIZER ,MNGL,MH46DC5508  ,49,3.5,40.44,86,3477.8399999999997,8353,8236,117,2.8931750741839766,33.42857142857143,7.011428571428567,602.9828571428568,,
,97,2026-06-04 00:00:00,DEEPAK FERTILIZER ,MNGL,MH46DC5509  ,17+1,6,28.81,86,2477.66,10948,10790,158,5.484206872613676,26.333333333333332,2.4766666666666666,212.99333333333334,,
,98,2026-06-04 00:00:00,DEEPAK FERTILIZER ,MNGL,MH46DC5510  ,49+1,3.5,48.54,86,4174.44,8169,8026,143,2.946023897816234,40.857142857142854,7.682857142857145,660.7257142857145,,
,99,2026-06-04 00:00:00,DEEPAK FERTILIZER ,MNGL,MH46DC6065  ,17+1,6,22.84,86,1964.24,8875,8717,158,6.91768826619965,26.333333333333332,-3.4933333333333323,-300.42666666666656,,
,100,2026-06-04 00:00:00,DEEPAK FERTILIZER ,MNGL,MH46DC6072  ,17+1,6,24.63,86,2118.18,7065,6902,163,6.617945594803086,27.166666666666668,-2.536666666666669,-218.15333333333353,,
,101,2026-06-05 00:00:00,DEEPAK FERTILIZER ,MNGL,MH46DC4998  ,49+1,3.5,50.68,86,4358.48,10022,9936,86,1.696921862667719,24.571428571428573,26.108571428571427,2245.3371428571427,,
,102,2026-06-05 00:00:00,DEEPAK FERTILIZER ,MNGL,MH46DC5001  ,32+1,4.3,37.67,86,3239.6200000000003,9244,9117,127,3.3713830634457125,29.534883720930235,8.135116279069766,699.6199999999999,,
,103,2026-06-05 00:00:00,DEEPAK FERTILIZER ,MNGL,MH46DC5003  ,32+1,4.5,50.57,86,4349.02,14489,14272,217,4.2910816689737,48.22222222222222,2.347777777777779,201.90888888888898,,
,104,2026-06-05 00:00:00,DEEPAK FERTILIZER ,MNGL,MH46DC5006  ,40+1,4.5,38.38,86,3300.6800000000003,7893,7769,124,3.2308494007295465,27.555555555555557,10.824444444444445,930.9022222222223,,
,105,2026-06-05 00:00:00,DEEPAK FERTILIZER ,MNGL,MH46DC5007  ,49+1,3.5,68.62,86,5901.320000000001,7480,7260,220,3.2060623724861554,62.857142857142854,5.7628571428571504,495.60571428571495,,
,106,2026-06-05 00:00:00,DEEPAK FERTILIZER ,MNGL,MH46DC5008  ,49+1,4,46.52,86,4000.7200000000003,7296,7152,144,3.095442820292347,36,10.520000000000003,904.7200000000003,,
,107,2026-06-05 00:00:00,DEEPAK FERTILIZER ,MNGL,MH46DC5014  ,27+1,5,32.54,86,2798.44,5920,5832,88,2.704363859864782,17.6,14.939999999999998,1284.8399999999997,,
,108,2026-06-05 00:00:00,DEEPAK FERTILIZER ,MNGL,MH46DC5036  ,40+1,4.5,40.98,86,3524.2799999999997,7879,7791,88,2.1473889702293802,19.555555555555557,21.42444444444444,1842.502222222222,,
,109,2026-06-05 00:00:00,DEEPAK FERTILIZER ,MNGL,MH46DC5037  ,31+1,4,48.89,86,4204.54,13711,13506,205,4.193086520760891,51.25,-2.3599999999999994,-202.95999999999995,,
,110,2026-06-05 00:00:00,DEEPAK FERTILIZER ,MNGL,MH46DC5038 ,40+1,4,41.25,86,3547.5,8299,8180,119,2.8848484848484848,29.75,11.5,989,,
,111,2026-06-05 00:00:00,DEEPAK FERTILIZER ,MNGL,MH46DC5042  ,32+1,4.5,49.42,86,4250.12,12466,12254,212,4.289761230271145,47.111111111111114,2.3088888888888874,198.56444444444432,,
,112,2026-06-05 00:00:00,DEEPAK FERTILIZER ,MNGL,MH46DC5087  ,49,4,41.38,86,3558.6800000000003,13480,13373,107,2.585790236829386,26.75,14.630000000000003,1258.1800000000003,,
,113,2026-06-05 00:00:00,DEEPAK FERTILIZER ,MNGL,MH46DC5087  ,49+1,4,56.53,86,4861.58,13598,13480,118,2.08738722802052,29.5,27.03,2324.58,,
,114,2026-06-05 00:00:00,DEEPAK FERTILIZER ,MNGL,MH46DC5205  ,31+1,4.5,41.51,86,3569.8599999999997,7899,7800,99,2.384967477716213,22,19.509999999999998,1677.86,,
,115,2026-06-05 00:00:00,DEEPAK FERTILIZER ,MNGL,MH46DC5462  ,40,4,38.54,86,3314.44,6362,6231,131,3.3990659055526726,32.75,5.789999999999999,497.93999999999994,,
,116,2026-06-05 00:00:00,DEEPAK FERTILIZER ,MNGL,MH46DC5507  ,50+1,3.5,54.13,86,4655.18,5986,5841,145,2.6787363753925733,41.42857142857143,12.701428571428572,1092.3228571428572,,
,117,2026-06-05 00:00:00,DEEPAK FERTILIZER ,MNGL,MH46DC5508  ,49,3.5,40.2,86,3457.2000000000003,8485,8353,132,3.2835820895522385,37.714285714285715,2.4857142857142875,213.77142857142871,,
,118,2026-06-05 00:00:00,DEEPAK FERTILIZER ,MNGL,MH46DC5509  ,17+1,6,28.91,86,2486.26,11106,10948,158,5.465236942234521,26.333333333333332,2.576666666666668,221.59333333333345,,
,119,2026-06-05 00:00:00,DEEPAK FERTILIZER ,MNGL,MH46DC5510  ,49+1,3.5,50.05,86,4304.3,8318,8169,149,2.977022977022977,42.57142857142857,7.478571428571428,643.1571428571428,,
,120,2026-06-05 00:00:00,DEEPAK FERTILIZER ,MNGL,MH46DC6065  ,17+1,6,23.12,86,1988.3200000000002,9034,8875,159,6.877162629757785,26.5,-3.379999999999999,-290.6799999999999,,
,121,2026-06-05 00:00:00,DEEPAK FERTILIZER ,MNGL,MH46DC6072  ,17+1,6,24.34,86,2093.24,7223,7065,158,6.491372226787182,26.333333333333332,-1.9933333333333323,-171.42666666666656,,
,122,2026-06-06 00:00:00,DEEPAK FERTILIZER ,MNGL,MH46DC4998  ,49+1,3.5,51.81,86,4455.66,10209,10022,187,3.609341825902335,53.42857142857143,-1.6185714285714283,-139.19714285714284,,
,123,2026-06-06 00:00:00,DEEPAK FERTILIZER ,MNGL,MH46DC5001  ,32+1,4.3,39.24,86,3374.6400000000003,9374,9244,130,3.312945973496432,30.232558139534884,9.007441860465118,774.6400000000001,,
,124,2026-06-06 00:00:00,DEEPAK FERTILIZER ,MNGL,MH46DC5003  ,32+1,4.5,49.7,86,4274.2,14705,14489,216,4.346076458752515,48,1.7000000000000028,146.20000000000024,,
,125,2026-06-06 00:00:00,DEEPAK FERTILIZER ,MNGL,MH46DC5006  ,40+1,4.5,41.55,86,3573.2999999999997,8017,7893,124,2.9843561973525876,27.555555555555557,13.99444444444444,1203.522222222222,,
,126,2026-06-06 00:00:00,DEEPAK FERTILIZER ,MNGL,MH46DC5036  ,40+1,4.5,41.73,86,3588.7799999999997,7984,7879,105,2.516175413371675,23.333333333333332,18.396666666666665,1582.1133333333332,,
,127,2026-06-06 00:00:00,DEEPAK FERTILIZER ,MNGL,MH46DC5037  ,31+1,4,48.58,86,4177.88,13916,13711,205,4.21984355701935,51.25,-2.6700000000000017,-229.62000000000015,,
,128,2026-06-06 00:00:00,DEEPAK FERTILIZER ,MNGL,MH46DC5038 ,40+1,4,41.72,86,3587.92,8432,8299,133,3.1879194630872485,33.25,8.469999999999999,728.4199999999998,,
,129,2026-06-06 00:00:00,DEEPAK FERTILIZER ,MNGL,MH46DC5042  ,32+1,4.5,48.54,86,4174.44,12673,12466,207,4.264524103831891,46,2.539999999999999,218.43999999999994,,
,130,2026-06-06 00:00:00,DEEPAK FERTILIZER ,MNGL,MH46DC5053  ,31+1,4.5,41.82,86,3596.52,8093,7834,259,6.193208990913439,57.55555555555556,-15.735555555555557,-1353.2577777777778,,
,131,2026-06-06 00:00:00,DEEPAK FERTILIZER ,MNGL,MH46DC5056  ,40+1,4.5,51.83,86,4457.38,10300,10106,194,3.7430059810920318,43.111111111111114,8.718888888888884,749.824444444444,,
,132,2026-06-06 00:00:00,DEEPAK FERTILIZER ,MNGL,MH46DC5087  ,49+1,4,56.26,86,4838.36,13887,13598,289,5.136864557412016,72.25,-15.990000000000002,-1375.14,,
,133,2026-06-06 00:00:00,DEEPAK FERTILIZER ,MNGL,MH46DC5205  ,31+1,4.5,41.76,86,3591.3599999999997,8108,7899,209,5.004789272030652,46.44444444444444,-4.684444444444445,-402.8622222222223,,
,134,2026-06-06 00:00:00,DEEPAK FERTILIZER ,MNGL,MH46DC5507  ,50+1,3.5,40.91,86,3518.2599999999998,6091,5986,105,2.5666096308970916,30,10.909999999999997,938.2599999999998,,
,135,2026-06-06 00:00:00,DEEPAK FERTILIZER ,MNGL,MH46DC5508  ,49,3.5,39.31,86,3380.6600000000003,8610,8485,125,3.179852454846095,35.714285714285715,3.595714285714287,309.2314285714287,,
,136,2026-06-06 00:00:00,DEEPAK FERTILIZER ,MNGL,MH46DC5509  ,17+1,6,28.73,86,2470.78,11265,11106,159,5.534284719805082,26.5,2.2300000000000004,191.78000000000003,,
,137,2026-06-06 00:00:00,DEEPAK FERTILIZER ,MNGL,MH46DC5510  ,49+1,3.5,50.95,86,4381.7,8469,8318,151,2.9636898920510304,43.142857142857146,7.807142857142857,671.4142857142857,,
,138,2026-06-06 00:00:00,DEEPAK FERTILIZER ,MNGL,MH46DC6065  ,17+1,6,23.77,86,2044.22,9190,9034,156,6.562894404711821,26,-2.2300000000000004,-191.78000000000003,,
,139,2026-06-06 00:00:00,DEEPAK FERTILIZER ,MNGL,MH46DC6072  ,17+1,6,25.44,86,2187.84,7385,7223,162,6.367924528301886,27,-1.5599999999999987,-134.15999999999988,,
,140,2026-06-07 00:00:00,DEEPAK FERTILIZER ,MNGL,MH46DC5001  ,32+1,4.3,39.13,86,3365.1800000000003,9502,9374,128,3.2711474571939685,29.767441860465116,9.362558139534887,805.1800000000003,,
,141,2026-06-07 00:00:00,DEEPAK FERTILIZER ,MNGL,MH46DC5003  ,32+1,4.5,49.51,86,4257.86,14926,14705,221,4.4637446980408,49.111111111111114,0.39888888888888374,34.304444444444,,
,142,2026-06-07 00:00:00,DEEPAK FERTILIZER ,MNGL,MH46DC5007  ,49+1,3.5,68.36,86,5878.96,7651,7480,171,2.5014628437682855,48.857142857142854,19.502857142857145,1677.2457142857145,,
,143,2026-06-07 00:00:00,DEEPAK FERTILIZER ,MNGL,MH46DC5036  ,40+1,4.5,41.52,86,3570.7200000000003,8099,7984,115,2.7697495183044314,25.555555555555557,15.964444444444446,1372.9422222222224,,
,144,2026-06-07 00:00:00,DEEPAK FERTILIZER ,MNGL,MH46DC5037  ,31+1,4,50.68,86,4358.48,14121,13916,205,4.04498816101026,51.25,-0.5700000000000003,-49.020000000000024,,
,145,2026-06-07 00:00:00,DEEPAK FERTILIZER ,MNGL,MH46DC5038 ,40+1,4,40.94,86,3520.8399999999997,8556,8432,124,3.0288226673180265,31,9.939999999999998,854.8399999999998,,
,146,2026-06-07 00:00:00,DEEPAK FERTILIZER ,MNGL,MH46DC5038 ,40+1,4,37.86,86,3255.96,8650,8556,94,2.4828314844162707,23.5,14.36,1234.96,,
,147,2026-06-07 00:00:00,DEEPAK FERTILIZER ,MNGL,MH46DC5042  ,32+1,4.5,21.05,86,1810.3,12827,12673,154,7.315914489311163,34.22222222222222,-13.17222222222222,-1132.811111111111,,
,148,2026-06-07 00:00:00,DEEPAK FERTILIZER ,MNGL,MH46DC5056  ,40+1,4.5,52.51,86,4515.86,10483,10300,183,3.485050466577795,40.666666666666664,11.843333333333334,1018.5266666666666,,
,149,2026-06-07 00:00:00,DEEPAK FERTILIZER ,MNGL,MH46DC5087  ,49,4,20.95,86,1801.7,13996,13887,109,5.202863961813843,27.25,-6.300000000000001,-541.8000000000001,,
,150,2026-06-07 00:00:00,DEEPAK FERTILIZER ,MNGL,MH46DC5508  ,49,3.5,41.22,86,3544.92,8738,8610,128,3.1052886948083454,36.57142857142857,4.6485714285714295,399.77714285714296,,
,151,2026-06-07 00:00:00,DEEPAK FERTILIZER ,MNGL,MH46DC5509  ,17+1,6,26.57,86,2285.02,11425,11265,160,6.0218291305984195,26.666666666666668,-0.09666666666666757,-8.31333333333341,,
,152,2026-06-07 00:00:00,DEEPAK FERTILIZER ,MNGL,MH46DC6065  ,17+1,6,24.29,86,2088.94,9351,9190,161,6.628242074927954,26.833333333333332,-2.543333333333333,-218.72666666666663,,
,153,2026-06-07 00:00:00,DEEPAK FERTILIZER ,MNGL,MH46DC6065  ,17+1,6,25.43,86,2186.98,9508,9351,157,6.1738104600865125,26.166666666666668,-0.7366666666666681,-63.35333333333346,,
,154,2026-06-07 00:00:00,DEEPAK FERTILIZER ,MNGL,MH46DC6072  ,17+1,6,9.87,94.75,935.1824999999999,7400,7385,15,1.5197568389057752,2.5,7.369999999999999,698.3074999999999,,
,155,2026-06-07 00:00:00,DEEPAK FERTILIZER ,MNGL,MH46DC6072  ,17+1,6,17.22,86,1480.9199999999998,7423,7400,23,1.3356562137049943,3.8333333333333335,13.386666666666665,1151.253333333333,,
,156,2026-06-08 00:00:00,DEEPAK FERTILIZER ,MNGL,MH46DC4998  ,49+1,3.5,31.86,86,2739.96,10307,10209,98,3.075957313245449,28,3.8599999999999994,331.9599999999999,,
,157,2026-06-08 00:00:00,DEEPAK FERTILIZER ,MNGL,MH46DC5001  ,32+1,4.3,51.03,86,4388.58,9687,9502,185,3.6253184401332548,43.02325581395349,8.006744186046511,688.5799999999999,,
,158,2026-06-08 00:00:00,DEEPAK FERTILIZER ,MNGL,MH46DC5003  ,32+1,4.5,50.75,86,4364.5,15138,14926,212,4.177339901477833,47.111111111111114,3.6388888888888857,312.9444444444442,,
,159,2026-06-08 00:00:00,DEEPAK FERTILIZER ,MNGL,MH46DC5006  ,40+1,4.5,53.25,86,4579.5,8145,8017,128,2.403755868544601,28.444444444444443,24.805555555555557,2133.277777777778,,
,160,2026-06-08 00:00:00,DEEPAK FERTILIZER ,MNGL,MH46DC5008  ,49+1,4,56.94,86,4896.84,7490,7296,194,3.407095187917106,48.5,8.439999999999998,725.8399999999998,,
,161,2026-06-08 00:00:00,DEEPAK FERTILIZER ,MNGL,MH46DC5014  ,27+1,5,33.18,86,2853.48,6065,5920,145,4.370102471368294,29,4.18,359.47999999999996,,
,162,2026-06-08 00:00:00,DEEPAK FERTILIZER ,MNGL,MH46DC5036  ,40+1,4.5,41.46,86,3565.56,8222,8099,123,2.9667149059334297,27.333333333333332,14.126666666666669,1214.8933333333334,,
,163,2026-06-08 00:00:00,DEEPAK FERTILIZER ,MNGL,MH46DC5037  ,31+1,4,49.82,86,4284.52,14327,14121,206,4.134885588117222,51.5,-1.6799999999999997,-144.47999999999996,,
,164,2026-06-08 00:00:00,DEEPAK FERTILIZER ,MNGL,MH46DC5038 ,40+1,4,37.8,86,3250.7999999999997,8740,8650,90,2.380952380952381,22.5,15.299999999999997,1315.7999999999997,,
,165,2026-06-08 00:00:00,DEEPAK FERTILIZER ,MNGL,MH46DC5042  ,32+1,4.5,50.65,86,4355.9,12988,12827,161,3.1786771964461993,35.77777777777778,14.87222222222222,1279.011111111111,,
,166,2026-06-08 00:00:00,DEEPAK FERTILIZER ,MNGL,MH46DC5053  ,31+1,4.5,56.39,86,4849.54,8277,8093,184,3.2629898918247915,40.888888888888886,15.501111111111115,1333.0955555555558,,
,167,2026-06-08 00:00:00,DEEPAK FERTILIZER ,MNGL,MH46DC5056  ,40+1,4.5,53.17,86,4572.62,10678,10483,195,3.667481662591687,43.333333333333336,9.836666666666666,845.9533333333333,,
,168,2026-06-08 00:00:00,DEEPAK FERTILIZER ,MNGL,MH46DC5087  ,49+1,4,61.56,86,5294.16,14169,13996,173,2.8102664067576346,43.25,18.310000000000002,1574.6600000000003,,
,169,2026-06-08 00:00:00,DEEPAK FERTILIZER ,MNGL,MH46DC5205  ,31+1,4.5,42.54,86,3658.44,8234,8108,126,2.961918194640339,28,14.54,1250.4399999999998,,
,170,2026-06-08 00:00:00,DEEPAK FERTILIZER ,MNGL,MH46DC5462  ,40,4,53.08,86,4564.88,6533,6362,171,3.2215523737754332,42.75,10.329999999999998,888.3799999999999,,
,171,2026-06-08 00:00:00,DEEPAK FERTILIZER ,MNGL,MH46DC5507  ,50+1,3.5,38.69,86,3327.3399999999997,6186,6091,95,2.4554148358749033,27.142857142857142,11.547142857142855,993.0542857142856,,
,172,2026-06-08 00:00:00,DEEPAK FERTILIZER ,MNGL,MH46DC5508  ,49,3.5,50.9,86,4377.4,8933,8738,195,3.8310412573673873,55.714285714285715,-4.814285714285717,-414.02857142857164,,
,173,2026-06-08 00:00:00,DEEPAK FERTILIZER ,MNGL,MH46DC5509  ,17+1,6,30.08,86,2586.8799999999997,11582,11425,157,5.219414893617022,26.166666666666668,3.9133333333333304,336.5466666666664,,
,174,2026-06-08 00:00:00,DEEPAK FERTILIZER ,MNGL,MH46DC5510  ,49+1,3.5,50.98,86,4384.28,8620,8469,151,2.961945861122009,43.142857142857146,7.837142857142851,673.9942857142852,,
,175,2026-06-08 00:00:00,DEEPAK FERTILIZER ,MNGL,MH46DC6065  ,17+1,6,23.13,86,1989.1799999999998,9670,9508,162,7.003891050583658,27,-3.870000000000001,-332.8200000000001,,
,176,2026-06-08 00:00:00,DEEPAK FERTILIZER ,MNGL,MH46DC6072  ,17+1,6,17.2,86,1479.2,7764,7423,341,19.825581395348838,56.833333333333336,-39.63333333333334,-3408.466666666667,,
,177,2026-06-08 00:00:00,DEEPAK FERTILIZER ,MNGL,MH46DC6072  ,17+1,6,24.61,86,2116.46,7890,7764,126,5.119869971556278,21,3.6099999999999994,310.4599999999999,,
,178,2026-06-09 00:00:00,DEEPAK FERTILIZER ,MNGL,MH46DC4998  ,49+1,3.5,51.11,86,4395.46,10493,10307,186,3.639209548033653,53.142857142857146,-2.0328571428571465,-174.82571428571458,,
,179,2026-06-09 00:00:00,DEEPAK FERTILIZER ,MNGL,MH46DC5001  ,32+1,4.3,10.47,86,900.4200000000001,9715,9687,28,2.674307545367717,6.511627906976744,3.9583720930232564,340.4200000000001,,
,180,2026-06-09 00:00:00,DEEPAK FERTILIZER ,MNGL,MH46DC5001  ,32+1,4.3,28.93,86,2487.98,9830,9715,115,3.9751123401313517,26.74418604651163,2.1858139534883705,187.97999999999985,,
,181,2026-06-09 00:00:00,DEEPAK FERTILIZER ,MNGL,MH46DC5003  ,32+1,4.5,65.72,86,5651.92,15469,15138,331,5.036518563603165,73.55555555555556,-7.835555555555558,-673.857777777778,,
,182,2026-06-09 00:00:00,DEEPAK FERTILIZER ,MNGL,MH46DC5003  ,32+1,4.5,3.79,86,325.94,15579,15469,110,29.023746701846964,24.444444444444443,-20.654444444444444,-1776.2822222222221,,
,183,2026-06-09 00:00:00,DEEPAK FERTILIZER ,MNGL,MH46DC5006  ,40+1,4.5,42.09,86,3619.7400000000002,8324,8145,179,4.252791636968401,39.77777777777778,2.312222222222225,198.85111111111132,,
,184,2026-06-09 00:00:00,DEEPAK FERTILIZER ,MNGL,MH46DC5007  ,49+1,3.5,69.75,86,5998.5,7930,7651,279,4,79.71428571428571,-9.964285714285708,-856.9285714285709,,
,185,2026-06-09 00:00:00,DEEPAK FERTILIZER ,MNGL,MH46DC5008  ,49+1,4,51.81,86,4455.66,7621,7490,131,2.528469407450299,32.75,19.060000000000002,1639.1600000000003,,
,186,2026-06-09 00:00:00,DEEPAK FERTILIZER ,MNGL,MH46DC5014  ,27+1,5,32.5,86,2795,6160,6065,95,2.923076923076923,19,13.5,1161,,
,187,2026-06-09 00:00:00,DEEPAK FERTILIZER ,MNGL,MH46DC5036  ,40+1,4.5,40.94,86,3520.8399999999997,8340,8222,118,2.882266731802638,26.22222222222222,14.717777777777776,1265.7288888888888,,
,188,2026-06-09 00:00:00,DEEPAK FERTILIZER ,MNGL,MH46DC5037  ,31+1,4,65.7,86,5650.2,14638,14327,311,4.7336377473363775,77.75,-12.049999999999997,-1036.2999999999997,,
,189,2026-06-09 00:00:00,DEEPAK FERTILIZER ,MNGL,MH46DC5038 ,40+1,4,41.69,86,3585.3399999999997,8862,8740,122,2.9263612377068844,30.5,11.189999999999998,962.3399999999998,,
,190,2026-06-09 00:00:00,DEEPAK FERTILIZER ,MNGL,MH46DC5042  ,32+1,4.5,49.89,86,4290.54,13195,12988,207,4.149128081779915,46,3.8900000000000006,334.5400000000001,,
,191,2026-06-09 00:00:00,DEEPAK FERTILIZER ,MNGL,MH46DC5053  ,31+1,4.5,43.91,86,3776.2599999999998,8453,8277,176,4.008198588020952,39.111111111111114,4.798888888888882,412.7044444444439,,
,192,2026-06-09 00:00:00,DEEPAK FERTILIZER ,MNGL,MH46DC5087  ,49+1,4,55.8,86,4798.8,14393,14169,224,4.014336917562725,56,-0.20000000000000284,-17.200000000000244,,
,193,2026-06-09 00:00:00,DEEPAK FERTILIZER ,MNGL,MH46DC5205  ,31+1,4.5,41.82,86,3596.52,8373,8234,139,3.323768531802965,30.88888888888889,10.931111111111111,940.0755555555555,,
,194,2026-06-09 00:00:00,DEEPAK FERTILIZER ,MNGL,MH46DC5462  ,40,4,43.08,86,3704.8799999999997,6660,6533,127,2.948003714020427,31.75,11.329999999999998,974.3799999999999,,
,195,2026-06-09 00:00:00,DEEPAK FERTILIZER ,MNGL,MH46DC5507  ,50+1,3.5,36.66,86,3152.7599999999998,6279,6186,93,2.5368248772504094,26.571428571428573,10.088571428571424,867.6171428571424,,
,196,2026-06-09 00:00:00,DEEPAK FERTILIZER ,MNGL,MH46DC5508  ,49,3.5,53.47,86,4598.42,9124,8933,191,3.5720965027118012,54.57142857142857,-1.1014285714285705,-94.72285714285707,,
,197,2026-06-09 00:00:00,DEEPAK FERTILIZER ,MNGL,MH46DC5509  ,17+1,6,27.32,86,2349.52,11748,11582,166,6.076134699853587,27.666666666666668,-0.34666666666666757,-29.81333333333341,,
,198,2026-06-09 00:00:00,DEEPAK FERTILIZER ,MNGL,MH46DC5510  ,49+1,3.5,51.8,86,4454.8,8763,8620,143,2.7606177606177607,40.857142857142854,10.942857142857143,941.0857142857143,,
,199,2026-06-09 00:00:00,DEEPAK FERTILIZER ,MNGL,MH46DC6065  ,17+1,6,23.4,86,2012.3999999999999,9823,9670,153,6.538461538461539,25.5,-2.1000000000000014,-180.60000000000014,,
,200,2026-06-09 00:00:00,DEEPAK FERTILIZER ,MNGL,MH46DC6072  ,17+1,6,25.67,86,2207.6200000000003,7921,7890,31,1.2076353720296065,5.166666666666667,20.503333333333334,1763.2866666666666,,
,201,2026-06-10 00:00:00,DEEPAK FERTILIZER ,MNGL,MH46DC4998  ,49+1,3.5,51.11,86,4395.46,10683,10493,190,3.717472118959108,54.285714285714285,-3.1757142857142853,-273.1114285714285,,
,202,2026-06-10 00:00:00,DEEPAK FERTILIZER ,MNGL,MH46DC5001  ,32+1,4.3,38.86,86,3341.96,9946,9830,116,2.985074626865672,26.976744186046513,11.883255813953486,1021.9599999999998,,
,203,2026-06-10 00:00:00,DEEPAK FERTILIZER ,MNGL,MH46DC5003  ,32+1,4.5,37.87,86,3256.8199999999997,15690,15579,111,2.9310800105624506,24.666666666666668,13.20333333333333,1135.4866666666665,,
,204,2026-06-10 00:00:00,DEEPAK FERTILIZER ,MNGL,MH46DC5006  ,40+1,4.5,40.55,86,3487.2999999999997,8448,8324,124,3.057953144266338,27.555555555555557,12.99444444444444,1117.522222222222,,
,205,2026-06-10 00:00:00,DEEPAK FERTILIZER ,MNGL,MH46DC5008  ,49+1,4,48.32,86,4155.52,7763,7621,142,2.9387417218543046,35.5,12.82,1102.52,,
,206,2026-06-10 00:00:00,DEEPAK FERTILIZER ,MNGL,MH46DC5014  ,27+1,5,33.23,86,2857.7799999999997,6214,6160,54,1.6250376166114957,10.8,22.429999999999996,1928.9799999999996,,
,207,2026-06-10 00:00:00,DEEPAK FERTILIZER ,MNGL,MH46DC5036  ,40+1,4.5,41.67,86,3583.6200000000003,8450,8340,110,2.639788816894648,24.444444444444443,17.22555555555556,1481.3977777777782,,
,208,2026-06-10 00:00:00,DEEPAK FERTILIZER ,MNGL,MH46DC5037  ,31+1,4,38.25,86,3289.5,14745,14638,107,2.7973856209150325,26.75,11.5,989,,
,209,2026-06-10 00:00:00,DEEPAK FERTILIZER ,MNGL,MH46DC5038 ,40+1,4,41.56,86,3574.1600000000003,8990,8862,128,3.0798845043310874,32,9.560000000000002,822.1600000000002,,
,210,2026-06-10 00:00:00,DEEPAK FERTILIZER ,MNGL,MH46DC5042  ,32+1,4.5,48.82,86,4198.52,13401,13195,206,4.219582138467841,45.77777777777778,3.0422222222222217,261.63111111111107,,
,211,2026-06-10 00:00:00,DEEPAK FERTILIZER ,MNGL,MH46DC5053  ,31+1,4.5,42.79,86,3679.94,8564,8453,111,2.5940640336527228,24.666666666666668,18.12333333333333,1558.6066666666666,,
,212,2026-06-10 00:00:00,DEEPAK FERTILIZER ,MNGL,MH46DC5056  ,40+1,4.5,55.46,86,4769.56,10851,10678,173,3.119365308330328,38.44444444444444,17.015555555555558,1463.337777777778,,
,213,2026-06-10 00:00:00,DEEPAK FERTILIZER ,MNGL,MH46DC5087  ,49,4,56.94,86,4896.84,14618,14393,225,3.951527924130664,56.25,0.6899999999999977,59.339999999999804,,
,214,2026-06-10 00:00:00,DEEPAK FERTILIZER ,MNGL,MH46DC5205  ,31+1,4.5,41.68,86,3584.48,8522,8373,149,3.574856046065259,33.111111111111114,8.568888888888885,736.9244444444441,,
,215,2026-06-10 00:00:00,DEEPAK FERTILIZER ,MNGL,MH46DC5462  ,40,4,42.76,86,3677.3599999999997,6787,6660,127,2.970065481758653,31.75,11.009999999999998,946.8599999999998,,
,216,2026-06-10 00:00:00,DEEPAK FERTILIZER ,MNGL,MH46DC5507  ,50+1,3.5,39.88,86,3429.6800000000003,6373,6279,94,2.3570712136409226,26.857142857142858,13.022857142857145,1119.9657142857145,,
,217,2026-06-10 00:00:00,DEEPAK FERTILIZER ,MNGL,MH46DC5508  ,49,3.5,40.35,86,3470.1,9256,9124,132,3.2713754646840147,37.714285714285715,2.635714285714286,226.6714285714286,,
,218,2026-06-10 00:00:00,DEEPAK FERTILIZER ,MNGL,MH46DC5509  ,17+1,6,28.94,86,2488.84,11905,11748,157,5.425017277125086,26.166666666666668,2.7733333333333334,238.50666666666666,,
,219,2026-06-10 00:00:00,DEEPAK FERTILIZER ,MNGL,MH46DC5510  ,49+1,3.5,54.52,86,4688.72,8931,8763,168,3.081438004402054,48,6.520000000000003,560.7200000000003,,
,220,2026-06-10 00:00:00,DEEPAK FERTILIZER ,MNGL,MH46DC6065  ,17+1,6,23.1,86,1986.6000000000001,9987,9823,164,7.099567099567099,27.333333333333332,-4.233333333333331,-364.06666666666644,,
,221,2026-06-10 00:00:00,DEEPAK FERTILIZER ,MNGL,MH46DC6072  ,17+1,6,24.83,86,2135.3799999999997,8082,7921,161,6.484091824405961,26.833333333333332,-2.003333333333334,-172.28666666666672,,
,222,2026-06-11 00:00:00,DEEPAK FERTILIZER ,MNGL,MH46DC4998  ,49+1,3.5,52.31,86,4498.66,10872,10683,189,3.6130758937105716,54,-1.6899999999999977,-145.3399999999998,,
,223,2026-06-11 00:00:00,DEEPAK FERTILIZER ,MNGL,MH46DC5001  ,32+1,4.3,40.18,86,3455.48,10095,9946,149,3.708312593330015,34.651162790697676,5.528837209302324,475.4799999999999,,
,224,2026-06-11 00:00:00,DEEPAK FERTILIZER ,MNGL,MH46DC5003  ,32+1,4.5,49.48,86,4255.28,15797,15690,107,2.1624898949070332,23.77777777777778,25.70222222222222,2210.3911111111106,,
,225,2026-06-11 00:00:00,DEEPAK FERTILIZER ,MNGL,MH46DC5006  ,40+1,4.5,42.88,86,3687.6800000000003,8572,8448,124,2.8917910447761193,27.555555555555557,15.324444444444445,1317.9022222222222,,
,226,2026-06-11 00:00:00,DEEPAK FERTILIZER ,MNGL,MH46DC5007  ,49+1,3.5,70.24,86,6040.639999999999,8143,7930,213,3.03246013667426,60.857142857142854,9.38285714285714,806.9257142857141,,
,227,2026-06-11 00:00:00,DEEPAK FERTILIZER ,MNGL,MH46DC5008  ,49+1,4,49.63,86,4268.18,7903,7763,140,2.8208744710860367,35,14.630000000000003,1258.1800000000003,,
,228,2026-06-11 00:00:00,DEEPAK FERTILIZER ,MNGL,MH46DC5014  ,27+1,5,33.48,86,2879.2799999999997,6358,6214,144,4.301075268817205,28.8,4.679999999999996,402.4799999999997,,
,229,2026-06-11 00:00:00,DEEPAK FERTILIZER ,MNGL,MH46DC5036  ,40+1,4.5,40.89,86,3516.54,8568,8450,118,2.8857911469797015,26.22222222222222,14.66777777777778,1261.428888888889,,
,230,2026-06-11 00:00:00,DEEPAK FERTILIZER ,MNGL,MH46DC5037  ,31+1,4,49.83,86,4285.38,14951,14745,206,4.134055789684929,51.5,-1.6700000000000017,-143.62000000000015,,
,231,2026-06-11 00:00:00,DEEPAK FERTILIZER ,MNGL,MH46DC5038 ,40+1,4,41.55,86,3573.2999999999997,9120,8990,130,3.1287605294825513,32.5,9.049999999999997,778.2999999999997,,
,232,2026-06-11 00:00:00,DEEPAK FERTILIZER ,MNGL,MH46DC5042  ,32+1,4.5,48.81,86,4197.66,13608,13401,207,4.240934234787953,46,2.8100000000000023,241.6600000000002,,
,233,2026-06-11 00:00:00,DEEPAK FERTILIZER ,MNGL,MH46DC5053  ,31+1,4.5,42.08,86,3618.8799999999997,8693,8564,129,3.0655893536121672,28.666666666666668,13.41333333333333,1153.5466666666664,,
,234,2026-06-11 00:00:00,DEEPAK FERTILIZER ,MNGL,MH46DC5087  ,49,4,56.87,86,4890.82,14844,14618,226,3.973975734130473,56.5,0.36999999999999744,31.81999999999978,,
,235,2026-06-11 00:00:00,DEEPAK FERTILIZER ,MNGL,MH46DC5205  ,31+1,4.5,41.82,86,3596.52,8651,8522,129,3.084648493543759,28.666666666666668,13.153333333333332,1131.1866666666665,,
,236,2026-06-11 00:00:00,DEEPAK FERTILIZER ,MNGL,MH46DC5462  ,40,4,42.88,86,3687.6800000000003,6913,6787,126,2.9384328358208953,31.5,11.380000000000003,978.6800000000002,,
,237,2026-06-11 00:00:00,DEEPAK FERTILIZER ,MNGL,MH46DC5507  ,50+1,3.5,33.7,86,2898.2000000000003,6466,6373,93,2.759643916913946,26.571428571428573,7.12857142857143,613.0571428571429,,
,238,2026-06-11 00:00:00,DEEPAK FERTILIZER ,MNGL,MH46DC5508  ,49,3.5,43.67,86,3755.6200000000003,9327,9256,71,1.6258300893061597,20.285714285714285,23.384285714285717,2011.0485714285717,,
,239,2026-06-11 00:00:00,DEEPAK FERTILIZER ,MNGL,MH46DC5509  ,17+1,6,29.08,86,2500.8799999999997,12076,11905,171,5.880330123796424,28.5,0.5799999999999983,49.87999999999985,,
,240,2026-06-11 00:00:00,DEEPAK FERTILIZER ,MNGL,MH46DC5510  ,49+1,3.5,50.96,86,4382.56,9073,8931,142,2.7864992150706436,40.57142857142857,10.388571428571431,893.4171428571431,,
,241,2026-06-11 00:00:00,DEEPAK FERTILIZER ,MNGL,MH46DC6065  ,17+1,6,23.19,86,1994.3400000000001,10149,9987,162,6.985769728331177,27,-3.8099999999999987,-327.6599999999999,,
,242,2026-06-11 00:00:00,DEEPAK FERTILIZER ,MNGL,MH46DC6072  ,17+1,6,25.28,86,2174.08,8247,8082,165,6.526898734177215,27.5,-2.219999999999999,-190.9199999999999,,
,243,2026-06-12 00:00:00,DEEPAK FERTILIZER ,MNGL,MH46DC4998  ,49+1,3.5,50.65,86,4355.9,11062,10872,190,3.751233958538993,54.285714285714285,-3.635714285714286,-312.6714285714286,,
,244,2026-06-12 00:00:00,DEEPAK FERTILIZER ,MNGL,MH46DC5001  ,32+1,4.3,40.43,86,3476.98,10207,10095,112,2.770220133564185,26.046511627906977,14.383488372093023,1236.98,,
,245,2026-06-12 00:00:00,DEEPAK FERTILIZER ,MNGL,MH46DC5003  ,32+1,4.5,49.89,86,4290.54,16012,15797,215,4.309480857887352,47.77777777777778,2.112222222222222,181.6511111111111,,
,246,2026-06-12 00:00:00,DEEPAK FERTILIZER ,MNGL,MH46DC5006  ,40+1,4.5,40.64,86,3495.04,8695,8572,123,3.0265748031496065,27.333333333333332,13.306666666666668,1144.3733333333334,,
,247,2026-06-12 00:00:00,DEEPAK FERTILIZER ,MNGL,MH46DC5008  ,49+1,4,49.12,86,4224.32,8040,7903,137,2.789087947882736,34.25,14.869999999999997,1278.8199999999997,,
,248,2026-06-12 00:00:00,DEEPAK FERTILIZER ,MNGL,MH46DC5014  ,27+1,5,32.54,86,2798.44,6467,6358,109,3.349723417332514,21.8,10.739999999999998,923.6399999999999,,
,249,2026-06-12 00:00:00,DEEPAK FERTILIZER ,MNGL,MH46DC5036  ,40+1,4.5,41.11,86,3535.46,8680,8568,112,2.7243979567015324,24.88888888888889,16.22111111111111,1395.0155555555555,,
,250,2026-06-12 00:00:00,DEEPAK FERTILIZER ,MNGL,MH46DC5037  ,31+1,4,49.89,86,4290.54,15159,14951,208,4.169172178793345,52,-2.1099999999999994,-181.45999999999995,,
,251,2026-06-12 00:00:00,DEEPAK FERTILIZER ,MNGL,MH46DC5038 ,40+1,4,40.71,86,3501.06,9240,9120,120,2.9476787030213707,30,10.71,921.0600000000001,,
,252,2026-06-12 00:00:00,DEEPAK FERTILIZER ,MNGL,MH46DC5042  ,32+1,4.5,49.98,86,4298.28,13814,13608,206,4.121648659463785,45.77777777777778,4.202222222222218,361.3911111111108,,
,253,2026-06-12 00:00:00,DEEPAK FERTILIZER ,MNGL,MH46DC5053  ,31+1,4.5,42.44,86,3649.8399999999997,8825,8693,132,3.110273327049953,29.333333333333332,13.106666666666666,1127.1733333333332,,
,254,2026-06-12 00:00:00,DEEPAK FERTILIZER ,MNGL,MH46DC5056  ,40+1,4.5,59.03,86,5076.58,11090,10851,239,4.048788751482297,53.111111111111114,5.918888888888887,509.02444444444427,,
,255,2026-06-12 00:00:00,DEEPAK FERTILIZER ,MNGL,MH46DC5087  ,49,4,56.95,86,4897.7,15060,14844,216,3.7928007023705,54,2.950000000000003,253.70000000000024,,
,256,2026-06-12 00:00:00,DEEPAK FERTILIZER ,MNGL,MH46DC5205  ,31+1,4.5,41.84,86,3598.2400000000002,8889,8651,238,5.688336520076481,52.888888888888886,-11.048888888888882,-950.2044444444439,,
,257,2026-06-12 00:00:00,DEEPAK FERTILIZER ,MNGL,MH46DC5462  ,40,4,44.05,86,3788.2999999999997,7041,6913,128,2.9057888762769584,32,12.049999999999997,1036.2999999999997,,
,258,2026-06-12 00:00:00,DEEPAK FERTILIZER ,MNGL,MH46DC5507  ,50+1,3.5,38.31,86,3294.6600000000003,6561,6466,95,2.4797702949621505,27.142857142857142,11.16714285714286,960.374285714286,,
,259,2026-06-12 00:00:00,DEEPAK FERTILIZER ,MNGL,MH46DC5508  ,49,3.5,42.94,86,3692.8399999999997,9474,9327,147,3.423381462505822,42,0.9399999999999977,80.8399999999998,,
,260,2026-06-12 00:00:00,DEEPAK FERTILIZER ,MNGL,MH46DC5509  ,17+1,6,30.09,86,2587.74,12190,12076,114,3.7886340977068795,19,11.09,953.74,,
,261,2026-06-12 00:00:00,DEEPAK FERTILIZER ,MNGL,MH46DC5510  ,49+1,3.5,56.8,86,4884.8,9215,9073,142,2.5,40.57142857142857,16.228571428571428,1395.6571428571428,,
,262,2026-06-12 00:00:00,DEEPAK FERTILIZER ,MNGL,MH46DC6065  ,17+1,6,23.9,86,2055.4,10310,10149,161,6.7364016736401675,26.833333333333332,-2.9333333333333336,-252.26666666666668,,
,263,2026-06-12 00:00:00,DEEPAK FERTILIZER ,MNGL,MH46DC6072  ,17+1,6,23.25,86,1999.5,8405,8247,158,6.795698924731183,26.333333333333332,-3.083333333333332,-265.1666666666666,,
,264,2026-06-13 00:00:00,DEEPAK FERTILIZER ,MNGL,MH46DC4998  ,49+1,3.5,53.22,86,4576.92,11249,11062,187,3.513716647876738,53.42857142857143,-0.20857142857143174,-17.93714285714313,,
,265,2026-06-13 00:00:00,DEEPAK FERTILIZER ,MNGL,MH46DC5001  ,32+1,4.3,39.36,86,3384.96,10333,10207,126,3.201219512195122,29.30232558139535,10.057674418604648,864.9599999999998,,
,266,2026-06-13 00:00:00,DEEPAK FERTILIZER ,MNGL,MH46DC5003  ,32+1,4.5,52.03,86,4474.58,16226,16012,214,4.113011724005381,47.55555555555556,4.474444444444444,384.8022222222222,,
,267,2026-06-13 00:00:00,DEEPAK FERTILIZER ,MNGL,MH46DC5006  ,40+1,4.5,42.77,86,3678.2200000000003,8820,8695,125,2.9226093055880287,27.77777777777778,14.992222222222225,1289.3311111111113,,
,268,2026-06-13 00:00:00,DEEPAK FERTILIZER ,MNGL,MH46DC5007  ,49+1,3.5,69.74,86,5997.639999999999,8350,8143,207,2.9681674792084887,59.142857142857146,10.597142857142849,911.354285714285,,
,269,2026-06-13 00:00:00,DEEPAK FERTILIZER ,MNGL,MH46DC5036  ,40+1,4.5,41.19,86,3542.3399999999997,8790,8680,110,2.670551104637048,24.444444444444443,16.745555555555555,1440.1177777777777,,
,270,2026-06-13 00:00:00,DEEPAK FERTILIZER ,MNGL,MH46DC5037  ,31+1,4,51.11,86,4395.46,15364,15159,205,4.010956759929564,51.25,-0.14000000000000057,-12.040000000000049,,
,271,2026-06-13 00:00:00,DEEPAK FERTILIZER ,MNGL,MH46DC5038 ,40+1,4,41.2,86,3543.2000000000003,9375,9240,135,3.2766990291262132,33.75,7.450000000000003,640.7000000000003,,
,272,2026-06-13 00:00:00,DEEPAK FERTILIZER ,MNGL,MH46DC5042  ,32+1,4.5,51.03,86,4388.58,14029,13814,215,4.21320791691162,47.77777777777778,3.2522222222222226,279.6911111111111,,
,273,2026-06-13 00:00:00,DEEPAK FERTILIZER ,MNGL,MH46DC5053  ,31+1,4.5,42.99,86,3697.1400000000003,8954,8825,129,3.0006978367062107,28.666666666666668,14.323333333333334,1231.8066666666668,,
,274,2026-06-13 00:00:00,DEEPAK FERTILIZER ,MNGL,MH46DC5087  ,49,4,55.8,86,4798.8,15291,15060,231,4.139784946236559,57.75,-1.9500000000000028,-167.70000000000024,,
,275,2026-06-13 00:00:00,DEEPAK FERTILIZER ,MNGL,MH46DC5205  ,31+1,4.5,42.87,86,3686.8199999999997,8933,8889,44,1.0263587590389551,9.777777777777779,33.09222222222222,2845.931111111111,,
,276,2026-06-13 00:00:00,DEEPAK FERTILIZER ,MNGL,MH46DC5507  ,50+1,3.5,41.46,86,3565.56,6668,6561,107,2.580800771828268,30.571428571428573,10.888571428571428,936.4171428571428,,
,277,2026-06-13 00:00:00,DEEPAK FERTILIZER ,MNGL,MH46DC5508  ,49,3.5,38.19,86,3284.3399999999997,9627,9474,153,4.006284367635507,43.714285714285715,-5.524285714285718,-475.0885714285717,,
,278,2026-06-13 00:00:00,DEEPAK FERTILIZER ,MNGL,MH46DC5509  ,17+1,6,27.69,86,2381.34,12340,12190,150,5.417118093174431,25,2.6900000000000013,231.34000000000012,,
,279,2026-06-13 00:00:00,DEEPAK FERTILIZER ,MNGL,MH46DC5510  ,49+1,3.5,50.63,86,4354.18,9366,9215,151,2.982421489235631,43.142857142857146,7.487142857142857,643.8942857142856,,
,280,2026-06-13 00:00:00,DEEPAK FERTILIZER ,MNGL,MH46DC6065  ,17+1,6,24.39,86,2097.54,10470,10310,160,6.5600656006560065,26.666666666666668,-2.2766666666666673,-195.79333333333338,,
,281,2026-06-13 00:00:00,DEEPAK FERTILIZER ,MNGL,MH46DC6072  ,17+1,6,24.88,86,2139.68,8563,8405,158,6.35048231511254,26.333333333333332,-1.4533333333333331,-124.98666666666665,,
,282,2026-06-14 00:00:00,DEEPAK FERTILIZER ,MNGL,MH46DC5001  ,32+1,4.3,41.7,86,3586.2000000000003,10450,10333,117,2.805755395683453,27.209302325581397,14.490697674418605,1246.2,,
,283,2026-06-14 00:00:00,DEEPAK FERTILIZER ,MNGL,MH46DC5003  ,32+1,4.5,51.94,86,4466.84,16444,16226,218,4.197150558336542,48.44444444444444,3.495555555555555,300.61777777777775,,
,284,2026-06-14 00:00:00,DEEPAK FERTILIZER ,MNGL,MH46DC5007  ,49+1,3.5,68.59,86,5898.740000000001,8576,8350,226,3.2949409534917624,64.57142857142857,4.018571428571434,345.59714285714335,,
,285,2026-06-14 00:00:00,DEEPAK FERTILIZER ,MNGL,MH46DC5036  ,40+1,4.5,41.55,86,3573.2999999999997,8905,8790,115,2.767749699157642,25.555555555555557,15.99444444444444,1375.522222222222,,
,286,2026-06-14 00:00:00,DEEPAK FERTILIZER ,MNGL,MH46DC5037  ,31+1,4,49.82,86,4284.52,15569,15364,205,4.11481332798073,51.25,-1.4299999999999997,-122.97999999999998,,
,287,2026-06-14 00:00:00,DEEPAK FERTILIZER ,MNGL,MH46DC5038 ,40+1,4,41.46,86,3565.56,9494,9375,119,2.870236372407139,29.75,11.71,1007.0600000000001,,
,288,2026-06-14 00:00:00,DEEPAK FERTILIZER ,MNGL,MH46DC5038 ,40+1,4,40.05,86,3444.2999999999997,9593,9494,99,2.471910112359551,24.75,15.299999999999997,1315.7999999999997,,
,289,2026-06-14 00:00:00,DEEPAK FERTILIZER ,MNGL,MH46DC5042  ,32+1,4.5,21.03,86,1808.5800000000002,14178,14029,149,7.085116500237755,33.111111111111114,-12.081111111111113,-1038.9755555555557,,
,290,2026-06-14 00:00:00,DEEPAK FERTILIZER ,MNGL,MH46DC5056  ,40+1,4.5,59.29,86,5098.94,11393,11090,303,5.1104739416427725,67.33333333333333,-8.04333333333333,-691.7266666666663,,
,291,2026-06-14 00:00:00,DEEPAK FERTILIZER ,MNGL,MH46DC5087  ,49,4,21.05,86,1810.3,15462,15291,171,8.123515439429928,42.75,-21.7,-1866.2,,
,292,2026-06-14 00:00:00,DEEPAK FERTILIZER ,MNGL,MH46DC5508  ,49,3.5,42.72,86,3673.92,9775,9627,148,3.464419475655431,42.285714285714285,0.43428571428571416,37.34857142857142,,
,293,2026-06-14 00:00:00,DEEPAK FERTILIZER ,MNGL,MH46DC5509  ,17+1,6,28.94,86,2488.84,12552,12340,212,7.325501036627505,35.333333333333336,-6.393333333333334,-549.8266666666667,,
,294,2026-06-14 00:00:00,DEEPAK FERTILIZER ,MNGL,MH46DC5509  ,17+1,6,27.54,86,2368.44,12705,12552,153,5.555555555555555,25.5,2.039999999999999,175.43999999999994,,
,295,2026-06-14 00:00:00,DEEPAK FERTILIZER ,MNGL,MH46DC6065  ,17+1,6,24.02,86,2065.72,10630,10470,160,6.661115736885929,26.666666666666668,-2.6466666666666683,-227.61333333333346,,
,296,2026-06-15 00:00:00,DEEPAK FERTILIZER ,MNGL,MH46DC4998  ,49+1,3.5,30.06,86,2585.16,11351,11249,102,3.3932135728542914,29.142857142857142,0.9171428571428564,78.87428571428565,,
,297,2026-06-15 00:00:00,DEEPAK FERTILIZER ,MNGL,MH46DC5001  ,32+1,4.3,51.01,86,4386.86,10649,10450,199,3.9011958439521663,46.27906976744186,4.730930232558137,406.8599999999998,,
,298,2026-06-15 00:00:00,DEEPAK FERTILIZER ,MNGL,MH46DC5003  ,32+1,4.5,63.14,86,5430.04,16765,16444,321,5.083940449794108,71.33333333333333,-8.193333333333328,-704.6266666666662,,
,299,2026-06-15 00:00:00,DEEPAK FERTILIZER ,MNGL,MH46DC5006  ,40+1,4.5,53.46,86,4597.56,9004,8820,184,3.441825664047886,40.888888888888886,12.571111111111115,1081.1155555555558,,
,300,2026-06-15 00:00:00,DEEPAK FERTILIZER ,MNGL,MH46DC5007  ,49+1,3.5,32.69,86,2811.3399999999997,8655,8576,79,2.4166411746711534,22.571428571428573,10.118571428571425,870.1971428571426,,
,301,2026-06-15 00:00:00,DEEPAK FERTILIZER ,MNGL,MH46DC5008  ,49+1,4,61.04,86,5249.44,8201,8040,161,2.6376146788990824,40.25,20.79,1787.9399999999998,,
,302,2026-06-15 00:00:00,DEEPAK FERTILIZER ,MNGL,MH46DC5014  ,27+1,5,33.58,86,2887.8799999999997,6571,6467,104,3.0970815961882074,20.8,12.779999999999998,1099.0799999999997,,
,303,2026-06-15 00:00:00,DEEPAK FERTILIZER ,MNGL,MH46DC5036  ,40+1,4.5,42.03,86,3614.58,9022,8905,117,2.78372591006424,26,16.03,1378.5800000000002,,
,304,2026-06-15 00:00:00,DEEPAK FERTILIZER ,MNGL,MH46DC5037  ,31+1,4,63.61,86,5470.46,15875,15569,306,4.810564376670335,76.5,-12.89,-1108.54,,
,305,2026-06-15 00:00:00,DEEPAK FERTILIZER ,MNGL,MH46DC5038 ,40+1,4,37.74,86,3245.6400000000003,9669,9593,76,2.0137784843667195,19,18.740000000000002,1611.64,,
,306,2026-06-15 00:00:00,DEEPAK FERTILIZER ,MNGL,MH46DC5042  ,32+1,4.5,51.02,86,4387.72,14230,14178,52,1.0192081536652293,11.555555555555555,39.464444444444446,3393.9422222222224,,
,307,2026-06-15 00:00:00,DEEPAK FERTILIZER ,MNGL,MH46DC5053  ,31+1,4.5,41.73,86,3588.7799999999997,9069,8825,244,5.847112389168465,54.22222222222222,-12.492222222222225,-1074.3311111111113,,
,308,2026-06-15 00:00:00,DEEPAK FERTILIZER ,MNGL,MH46DC5056  ,40+1,4.5,52.31,86,4498.66,11516,11393,123,2.3513668514624353,27.333333333333332,24.97666666666667,2147.993333333334,,
,309,2026-06-15 00:00:00,DEEPAK FERTILIZER ,MNGL,MH46DC5087  ,49,4,62.27,86,5355.22,15625,15462,163,2.6176328890316363,40.75,21.520000000000003,1850.7200000000003,,
,310,2026-06-15 00:00:00,DEEPAK FERTILIZER ,MNGL,MH46DC5205  ,31+1,4.5,42.37,86,3643.8199999999997,9095,8933,162,3.8234599952796793,36,6.369999999999997,547.8199999999998,,
,311,2026-06-15 00:00:00,DEEPAK FERTILIZER ,MNGL,MH46DC5462  ,40,4,44.03,86,3786.58,7170,7041,129,2.9298205768794,32.25,11.780000000000001,1013.0800000000002,,
,312,2026-06-15 00:00:00,DEEPAK FERTILIZER ,MNGL,MH46DC5508  ,49,3.5,49.48,86,4255.28,9981,9775,206,4.163298302344382,58.857142857142854,-9.377142857142857,-806.4342857142857,,
,313,2026-06-15 00:00:00,DEEPAK FERTILIZER ,MNGL,MH46DC5509  ,17+1,6,18.83,86,1619.3799999999999,12789,12705,84,4.4609665427509295,14,4.829999999999998,415.3799999999999,,
,314,2026-06-15 00:00:00,DEEPAK FERTILIZER ,MNGL,MH46DC5510  ,49+1,3.5,51.81,86,4455.66,9516,9366,150,2.8951939779965254,42.857142857142854,8.952857142857148,769.9457142857148,,
,315,2026-06-15 00:00:00,DEEPAK FERTILIZER ,MNGL,MH46DC6065  ,17+1,6,26.23,86,2255.78,10779,10630,149,5.680518490278307,24.833333333333332,1.3966666666666683,120.11333333333347,,
,316,2026-06-15 00:00:00,DEEPAK FERTILIZER ,MNGL,MH46DC6072  ,17+1,6,25.05,86,2154.3,8738,8563,175,6.986027944111776,29.166666666666668,-4.116666666666667,-354.03333333333336,,
,317,2026-06-15 00:00:00,DEEPAK FERTILIZER ,MNGL,MH46DC8020,36,4,48.32,86,4155.52,1128,1010,118,2.44205298013245,29.5,18.82,1618.52,,
,318,2026-06-16 00:00:00,DEEPAK FERTILIZER ,MNGL,MH46DC4998  ,49+1,3.5,52.16,86,4485.759999999999,11543,11351,192,3.6809815950920246,54.857142857142854,-2.6971428571428575,-231.95428571428573,,
,319,2026-06-16 00:00:00,DEEPAK FERTILIZER ,MNGL,MH46DC5001  ,32+1,4.3,40.55,86,3487.2999999999997,10776,10649,127,3.1319358816276206,29.534883720930235,11.015116279069762,947.2999999999995,,
,320,2026-06-16 00:00:00,DEEPAK FERTILIZER ,MNGL,MH46DC5003  ,32+1,4.5,41.7,86,3586.2000000000003,16876,16765,111,2.661870503597122,24.666666666666668,17.033333333333335,1464.8666666666668,,
,321,2026-06-16 00:00:00,DEEPAK FERTILIZER ,MNGL,MH46DC5006  ,40+1,4.5,41.75,86,3590.5,9129,9004,125,2.9940119760479043,27.77777777777778,13.972222222222221,1201.611111111111,,
,322,2026-06-16 00:00:00,DEEPAK FERTILIZER ,MNGL,MH46DC5007  ,49+1,3.5,66.9,86,5753.400000000001,8745,8655,90,1.3452914798206277,25.714285714285715,41.18571428571429,3541.971428571429,,
,323,2026-06-16 00:00:00,DEEPAK FERTILIZER ,MNGL,MH46DC5008  ,49+1,4,48.82,86,4198.52,8378,8201,177,3.625563293732077,44.25,4.57,393.02000000000004,,
,324,2026-06-16 00:00:00,DEEPAK FERTILIZER ,MNGL,MH46DC5014  ,27+1,5,32.41,86,2787.2599999999998,6692,6571,121,3.733415612465289,24.2,8.209999999999997,706.0599999999997,,
,325,2026-06-16 00:00:00,DEEPAK FERTILIZER ,MNGL,MH46DC5036  ,40+1,4.5,40.71,86,3501.06,9142,9022,120,2.9476787030213707,26.666666666666668,14.043333333333333,1207.7266666666667,,
,326,2026-06-16 00:00:00,DEEPAK FERTILIZER ,MNGL,MH46DC5037  ,31+1,4,38.36,86,3298.96,15981,15875,106,2.7632950990615224,26.5,11.86,1019.9599999999999,,
,327,2026-06-16 00:00:00,DEEPAK FERTILIZER ,MNGL,MH46DC5038 ,40+1,4,41.69,86,3585.3399999999997,9799,9669,130,3.118253777884385,32.5,9.189999999999998,790.3399999999998,,
,328,2026-06-16 00:00:00,DEEPAK FERTILIZER ,MNGL,MH46DC5042  ,32+1,4.5,51.03,86,4388.58,14546,14230,316,6.192435822065452,70.22222222222223,-19.192222222222227,-1650.5311111111116,,
,329,2026-06-16 00:00:00,DEEPAK FERTILIZER ,MNGL,MH46DC5053  ,31+1,4.5,42.44,86,3649.8399999999997,9222,9069,153,3.6050895381715367,34,8.439999999999998,725.8399999999998,,
,330,2026-06-16 00:00:00,DEEPAK FERTILIZER ,MNGL,MH46DC5087  ,49,4,56.96,86,4898.56,15851,15625,226,3.967696629213483,56.5,0.46000000000000085,39.56000000000007,,
,331,2026-06-16 00:00:00,DEEPAK FERTILIZER ,MNGL,MH46DC5205  ,31+1,4.5,43.93,86,3777.98,9197,9095,102,2.32187571135898,22.666666666666668,21.263333333333332,1828.6466666666665,,
,332,2026-06-16 00:00:00,DEEPAK FERTILIZER ,MNGL,MH46DC5462  ,40,4,44.17,86,3798.6200000000003,7292,7170,122,2.7620556939098937,30.5,13.670000000000002,1175.6200000000001,,
,333,2026-06-16 00:00:00,DEEPAK FERTILIZER ,MNGL,MH46DC5507  ,50+1,3.5,23.16,86,1991.76,6807,6668,139,6.001727115716753,39.714285714285715,-16.554285714285715,-1423.6685714285716,,
,334,2026-06-16 00:00:00,DEEPAK FERTILIZER ,MNGL,MH46DC5508  ,49,3.5,38.2,86,3285.2000000000003,10123,9981,142,3.7172774869109944,40.57142857142857,-2.3714285714285666,-203.94285714285672,,
,335,2026-06-16 00:00:00,DEEPAK FERTILIZER ,MNGL,MH46DC5509  ,17+1,6,29.83,86,2565.3799999999997,12945,12789,156,5.229634596044251,26,3.8299999999999983,329.3799999999999,,
,336,2026-06-16 00:00:00,DEEPAK FERTILIZER ,MNGL,MH46DC5510  ,49+1,3.5,49.48,86,4255.28,9657,9516,141,2.8496362166531934,40.285714285714285,9.194285714285712,790.7085714285713,,
,337,2026-06-16 00:00:00,DEEPAK FERTILIZER ,MNGL,MH46DC6065  ,17+1,6,25.37,86,2181.82,10941,10779,162,6.385494678754434,27,-1.629999999999999,-140.17999999999992,,
,338,2026-06-16 00:00:00,DEEPAK FERTILIZER ,MNGL,MH46DC6072  ,17+1,6,24.48,86,2105.28,8888,8738,150,6.127450980392156,25,-0.5199999999999996,-44.71999999999996,,
,339,2026-06-17 00:00:00,DEEPAK FERTILIZER ,MNGL,MH46DC4998  ,49+1,3.5,53.39,86,4591.54,11735,11543,192,3.5961790597490166,54.857142857142854,-1.4671428571428535,-126.1742857142854,,
,340,2026-06-17 00:00:00,DEEPAK FERTILIZER ,MNGL,MH46DC5001  ,32+1,4.3,41.6,86,3577.6,10902,10776,126,3.0288461538461537,29.30232558139535,12.29767441860465,1057.6,,
,341,2026-06-17 00:00:00,DEEPAK FERTILIZER ,MNGL,MH46DC5003  ,32+1,4.5,49.86,86,4287.96,17095,16876,219,4.392298435619735,48.666666666666664,1.1933333333333351,102.62666666666682,,
,342,2026-06-17 00:00:00,DEEPAK FERTILIZER ,MNGL,MH46DC5006  ,40+1,4.5,40.56,86,3488.1600000000003,9253,9129,124,3.0571992110453645,27.555555555555557,13.004444444444445,1118.3822222222223,,
,343,2026-06-17 00:00:00,DEEPAK FERTILIZER ,MNGL,MH46DC5008  ,49+1,4,46.48,86,3997.2799999999997,8512,8378,134,2.882960413080895,33.5,12.979999999999997,1116.2799999999997,,
,344,2026-06-17 00:00:00,DEEPAK FERTILIZER ,MNGL,MH46DC5014  ,27+1,5,33.69,86,2897.3399999999997,6776,6692,84,2.4933214603739984,16.8,16.889999999999997,1452.5399999999997,,
,345,2026-06-17 00:00:00,DEEPAK FERTILIZER ,MNGL,MH46DC5036  ,40+1,4.5,41.08,86,3532.8799999999997,9259,9142,117,2.848101265822785,26,15.079999999999998,1296.8799999999999,,
,346,2026-06-17 00:00:00,DEEPAK FERTILIZER ,MNGL,MH46DC5037  ,31+1,4,50.06,86,4305.16,16186,15981,205,4.095085896923691,51.25,-1.1899999999999977,-102.3399999999998,,
,347,2026-06-17 00:00:00,DEEPAK FERTILIZER ,MNGL,MH46DC5038 ,40+1,4,41.26,86,3548.3599999999997,9920,9799,121,2.932622394571013,30.25,11.009999999999998,946.8599999999998,,
,348,2026-06-17 00:00:00,DEEPAK FERTILIZER ,MNGL,MH46DC5042  ,32+1,4.5,50.76,86,4365.36,14755,14546,209,4.117415287628054,46.44444444444444,4.315555555555555,371.1377777777777,,
,349,2026-06-17 00:00:00,DEEPAK FERTILIZER ,MNGL,MH46DC5053  ,31+1,4.5,42.44,86,3649.8399999999997,9394,9222,172,4.052780395852969,38.22222222222222,4.217777777777776,362.7288888888888,,
,350,2026-06-17 00:00:00,DEEPAK FERTILIZER ,MNGL,MH46DC5056  ,40+1,4.5,60.97,86,5243.42,11748,11516,232,3.8051500738067903,51.55555555555556,9.414444444444442,809.642222222222,,
,351,2026-06-17 00:00:00,DEEPAK FERTILIZER ,MNGL,MH46DC5087  ,49,4,56.96,86,4898.56,16075,15851,224,3.932584269662921,56,0.9600000000000009,82.56000000000007,,
,352,2026-06-17 00:00:00,DEEPAK FERTILIZER ,MNGL,MH46DC5205  ,31+1,4.5,42.89,86,3688.54,9335,9197,138,3.217533224527862,30.666666666666668,12.223333333333333,1051.2066666666667,,
,353,2026-06-17 00:00:00,DEEPAK FERTILIZER ,MNGL,MH46DC5462  ,40,4,44.67,86,3841.6200000000003,7420,7292,128,2.865457801656593,32,12.670000000000002,1089.6200000000001,,
,354,2026-06-17 00:00:00,DEEPAK FERTILIZER ,MNGL,MH46DC5508  ,49,3.5,41.86,86,3599.96,10267,10123,144,3.440038222646918,41.142857142857146,0.7171428571428535,61.6742857142854,,
,355,2026-06-17 00:00:00,DEEPAK FERTILIZER ,MNGL,MH46DC5509  ,17+1,6,29.72,86,2555.92,13107,12945,162,5.450874831763123,27,2.719999999999999,233.9199999999999,,
,356,2026-06-17 00:00:00,DEEPAK FERTILIZER ,MNGL,MH46DC5510  ,49+1,3.5,49.3,86,4239.8,9800,9657,143,2.900608519269777,40.857142857142854,8.442857142857143,726.0857142857143,,
,357,2026-06-17 00:00:00,DEEPAK FERTILIZER ,MNGL,MH46DC6065  ,17+1,6,25.09,86,2157.74,11102,10941,161,6.416899163013153,26.833333333333332,-1.7433333333333323,-149.92666666666656,,
,358,2026-06-17 00:00:00,DEEPAK FERTILIZER ,MNGL,MH46DC6072  ,17+1,6,24.19,86,2080.34,9043,8888,155,6.407606448945845,25.833333333333332,-1.6433333333333309,-141.32666666666645,,
,359,2026-06-18 00:00:00,DEEPAK FERTILIZER ,MNGL,MH46DC5036  ,40+1,4.5,41.24,86,3546.6400000000003,9372,9259,113,2.740058195926285,25.11111111111111,16.12888888888889,1387.0844444444447,,
,360,2026-06-18 00:00:00,DEEPAK FERTILIZER ,MNGL,MH46DC5038 ,40+1,4,41.46,86,3565.56,10042,9920,122,2.942595272551857,30.5,10.96,942.5600000000001,,
,361,2026-06-18 00:00:00,DEEPAK FERTILIZER ,MNGL,MH46DC8020,36,4,48.97,86,4211.42,1258,1128,130,2.654686542781295,32.5,16.47,1416.4199999999998,,
,362,2026-06-19 00:00:00,DEEPAK FERTILIZER ,MNGL,MH46DC5036  ,40+1,4.5,41.5,86,3569,9492,9372,120,2.891566265060241,26.666666666666668,14.833333333333332,1275.6666666666665,,
,363,2026-06-19 00:00:00,DEEPAK FERTILIZER ,MNGL,MH46DC5038 ,40+1,4,41.24,86,3546.6400000000003,10165,10042,123,2.982541222114452,30.75,10.490000000000002,902.1400000000002,,
,364,2026-06-19 00:00:00,DEEPAK FERTILIZER ,MNGL,MH46DC8020,36,4,46.64,86,4011.04,1435,1258,177,3.795025728987993,44.25,2.3900000000000006,205.54000000000005,,
,365,2026-06-20 00:00:00,DEEPAK FERTILIZER ,MNGL,MH46DC5036  ,40+1,4.5,41.67,86,3583.6200000000003,9596,9492,104,2.4958003359731222,23.11111111111111,18.55888888888889,1596.0644444444447,,
,366,2026-06-20 00:00:00,DEEPAK FERTILIZER ,MNGL,MH46DC5038 ,40+1,4,41.19,86,3542.3399999999997,10290,10165,125,3.034717164360282,31.25,9.939999999999998,854.8399999999998,,
,367,2026-06-20 00:00:00,DEEPAK FERTILIZER ,MNGL,MH46DC8020,36,4,48.98,86,4212.28,1620,1435,185,3.7770518579011845,46.25,2.729999999999997,234.77999999999975,,
,368,2026-06-21 00:00:00,DEEPAK FERTILIZER ,MNGL,MH46DC5036  ,40+1,4.5,40.88,86,3515.6800000000003,9712,9596,116,2.8375733855185907,25.77777777777778,15.102222222222224,1298.7911111111111,,
,369,2026-06-21 00:00:00,DEEPAK FERTILIZER ,MNGL,MH46DC5038 ,40+1,4,41.67,86,3583.6200000000003,10409,10290,119,2.8557715382769375,29.75,11.920000000000002,1025.1200000000001,,
,370,2026-06-21 00:00:00,DEEPAK FERTILIZER ,MNGL,MH46DC5042  ,32+1,4.5,21.18,86,1821.48,14834,14755,79,3.7299338999055713,17.555555555555557,3.6244444444444426,311.7022222222221,,
,371,2026-06-21 00:00:00,DEEPAK FERTILIZER ,MNGL,MH46DC5087  ,49,4,21,86,1806,16315,16075,240,11.428571428571429,60,-39,-3354,,
,372,2026-06-21 00:00:00,DEEPAK FERTILIZER ,MNGL,MH46DC8020,36,4,47.53,86,4087.58,1900,1620,280,5.89101620029455,70,-22.47,-1932.4199999999998,,
,373,2026-06-22 00:00:00,DEEPAK FERTILIZER ,MNGL,MH46DC5036  ,40+1,4.5,41.59,86,3576.7400000000002,9828,9712,116,2.789132002885309,25.77777777777778,15.812222222222225,1359.8511111111113,,
,374,2026-06-22 00:00:00,DEEPAK FERTILIZER ,MNGL,MH46DC5038 ,40+1,4,40.93,86,3519.98,10583,10409,174,4.251160517957488,43.5,-2.5700000000000003,-221.02000000000004,,
,375,2026-06-22 00:00:00,DEEPAK FERTILIZER ,MNGL,MH46DC8020,36,4,47.73,86,4104.78,1964,1900,64,1.3408757594804108,16,31.729999999999997,2728.7799999999997,,
,376,2026-06-23 00:00:00,DEEPAK FERTILIZER ,MNGL,MH46DC5036  ,40+1,4.5,41.17,86,3540.6200000000003,9943,9828,115,2.793296089385475,25.555555555555557,15.614444444444445,1342.8422222222223,,
,377,2026-06-23 00:00:00,DEEPAK FERTILIZER ,MNGL,MH46DC5038 ,40+1,4,41.08,86,3532.8799999999997,10706,10583,123,2.994157740993184,30.75,10.329999999999998,888.3799999999999,,
,378,2026-06-23 00:00:00,DEEPAK FERTILIZER ,MNGL,MH46DC5509  ,17+1,6,5.83,86,501.38,13254,13107,147,25.214408233276156,24.5,-18.67,-1605.6200000000001,,
,379,2026-06-23 00:00:00,DEEPAK FERTILIZER ,MNGL,MH46DC8020,36,4,49.1,86,4222.6,2053,1964,89,1.8126272912423624,22.25,26.85,2309.1,,
,380,2026-06-18 00:00:00,DEEPAK FERTILIZER ,MNGL,MH46DC4998  ,49+1,3.5,52.3,86,4497.8,11928,11735,193,3.6902485659655833,55.142857142857146,-2.8428571428571487,-244.48571428571478,,
,381,2026-06-18 00:00:00,DEEPAK FERTILIZER ,MNGL,MH46DC5001  ,32+1,4.3,40.68,86,3498.48,11026,10902,124,3.048180924287119,28.837209302325583,11.842790697674417,1018.4799999999998,,
,382,2026-06-18 00:00:00,DEEPAK FERTILIZER ,MNGL,MH46DC5003  ,32+1,4.5,49.51,86,4257.86,17325,17095,230,4.645526156332054,51.111111111111114,-1.6011111111111163,-137.69555555555598,,
,383,2026-06-18 00:00:00,DEEPAK FERTILIZER ,MNGL,MH46DC5006  ,40+1,4.5,41.78,86,3593.08,9422,9253,169,4.044997606510292,37.55555555555556,4.224444444444444,363.3022222222222,,
,384,2026-06-18 00:00:00,DEEPAK FERTILIZER ,MNGL,MH46DC5007  ,49+1,3.5,68.59,86,5898.740000000001,8955,8745,210,3.061670797492346,60,8.590000000000003,738.7400000000002,,
,385,2026-06-18 00:00:00,DEEPAK FERTILIZER ,MNGL,MH46DC5008  ,49+1,4,49.79,86,4281.94,8652,8512,140,2.8118096003213497,35,14.79,1271.9399999999998,,
,386,2026-06-18 00:00:00,DEEPAK FERTILIZER ,MNGL,MH46DC5014  ,27+1,5,40.18,86,3455.48,6913,6776,137,3.4096565455450474,27.4,12.780000000000001,1099.0800000000002,,
,387,2026-06-18 00:00:00,DEEPAK FERTILIZER ,MNGL,MH46DC5037  ,31+1,4,50.11,86,4309.46,16392,16186,206,4.110955897026542,51.5,-1.3900000000000006,-119.54000000000005,,
,388,2026-06-18 00:00:00,DEEPAK FERTILIZER ,MNGL,MH46DC5042  ,32+1,4.5,49.46,86,4253.56,14962,14834,128,2.587949858471492,28.444444444444443,21.015555555555558,1807.337777777778,,
,389,2026-06-18 00:00:00,DEEPAK FERTILIZER ,MNGL,MH46DC5053  ,31+1,4.5,42.73,86,3674.7799999999997,9484,9394,90,2.1062485373274047,20,22.729999999999997,1954.7799999999997,,
,390,2026-06-18 00:00:00,DEEPAK FERTILIZER ,MNGL,MH46DC5087  ,49,4,57.61,86,4954.46,16450,16315,135,2.3433431695886133,33.75,23.86,2051.96,,
,391,2026-06-18 00:00:00,DEEPAK FERTILIZER ,MNGL,MH46DC5205  ,31+1,4.5,41.83,86,3597.3799999999997,9425,9335,90,2.151565861821659,20,21.83,1877.3799999999999,,
,392,2026-06-18 00:00:00,DEEPAK FERTILIZER ,MNGL,MH46DC5462  ,40,4,43.01,86,3698.8599999999997,7547,7420,127,2.9528016740292955,31.75,11.259999999999998,968.3599999999998,,
,393,2026-06-18 00:00:00,DEEPAK FERTILIZER ,MNGL,MH46DC5507  ,50+1,3.5,47.53,86,4087.58,6987,6807,180,3.7870818430464968,51.42857142857143,-3.8985714285714295,-335.27714285714296,,
,394,2026-06-18 00:00:00,DEEPAK FERTILIZER ,MNGL,MH46DC5508  ,49,3.5,41.73,86,3588.7799999999997,10411,10267,144,3.4507548526240117,41.142857142857146,0.587142857142851,50.49428571428518,,
,395,2026-06-18 00:00:00,DEEPAK FERTILIZER ,MNGL,MH46DC5509  ,17+1,6,29.58,86,2543.8799999999997,13267,13254,13,0.43948613928329955,2.1666666666666665,27.41333333333333,2357.5466666666666,,
,396,2026-06-18 00:00:00,DEEPAK FERTILIZER ,MNGL,MH46DC5510  ,49+1,3.5,50.87,86,4374.82,9941,9800,141,2.771771181442894,40.285714285714285,10.584285714285713,910.2485714285713,,
,397,2026-06-18 00:00:00,DEEPAK FERTILIZER ,MNGL,MH46DC6065  ,17+1,6,25.45,86,2188.7,11264,11102,162,6.365422396856582,27,-1.5500000000000007,-133.30000000000007,,
,398,2026-06-18 00:00:00,DEEPAK FERTILIZER ,MNGL,MH46DC6072  ,17+1,6,25.55,86,2197.3,9199,9043,156,6.105675146771037,26,-0.4499999999999993,-38.69999999999994,,
,399,2026-06-19 00:00:00,DEEPAK FERTILIZER ,MNGL,MH46DC4998  ,49+1,3.5,51.97,86,4469.42,12116,11928,188,3.617471618241293,53.714285714285715,-1.7442857142857164,-150.0085714285716,,
,400,2026-06-19 00:00:00,DEEPAK FERTILIZER ,MNGL,MH46DC5001  ,32+1,4.3,39.43,86,3390.98,11154,11026,128,3.246259193507482,29.767441860465116,9.662558139534884,830.98,,
,401,2026-06-19 00:00:00,DEEPAK FERTILIZER ,MNGL,MH46DC5003  ,32+1,4.5,48.33,86,4156.38,17574,17325,249,5.152079453755432,55.333333333333336,-7.003333333333337,-602.286666666667,,
,402,2026-06-19 00:00:00,DEEPAK FERTILIZER ,MNGL,MH46DC5006  ,40+1,4.5,39.76,86,3419.3599999999997,9504,9422,82,2.0623742454728373,18.22222222222222,21.537777777777777,1852.2488888888888,,
,403,2026-06-19 00:00:00,DEEPAK FERTILIZER ,MNGL,MH46DC5008  ,49+1,4,47.92,86,4121.12,8793,8652,141,2.9424040066777963,35.25,12.670000000000002,1089.6200000000001,,
,404,2026-06-19 00:00:00,DEEPAK FERTILIZER ,MNGL,MH46DC5014  ,27+1,5,32.9,86,2829.4,7025,6913,112,3.404255319148936,22.4,10.5,903,,
,405,2026-06-19 00:00:00,DEEPAK FERTILIZER ,MNGL,MH46DC5037  ,31+1,4,48.24,86,4148.64,16599,16392,207,4.291044776119403,51.75,-3.509999999999998,-301.85999999999984,,
,406,2026-06-19 00:00:00,DEEPAK FERTILIZER ,MNGL,MH46DC5042  ,32+1,4.5,47.9,86,4119.4,15170,14962,208,4.3423799582463465,46.22222222222222,1.6777777777777771,144.28888888888883,,
,407,2026-06-19 00:00:00,DEEPAK FERTILIZER ,MNGL,MH46DC5053  ,31+1,4.5,38.99,86,3353.1400000000003,9613,9484,129,3.308540651449089,28.666666666666668,10.323333333333334,887.8066666666667,,
,408,2026-06-19 00:00:00,DEEPAK FERTILIZER ,MNGL,MH46DC5056  ,40+1,4.5,60.22,86,5178.92,12000,11748,252,4.1846562603786115,56,4.219999999999999,362.9199999999999,,
,409,2026-06-19 00:00:00,DEEPAK FERTILIZER ,MNGL,MH46DC5087  ,49,4,55.77,86,4796.22,16523,16450,73,1.3089474627936166,18.25,37.52,3226.7200000000003,,
,410,2026-06-19 00:00:00,DEEPAK FERTILIZER ,MNGL,MH46DC5205  ,31+1,4.5,41.69,86,3585.3399999999997,9615,9425,190,4.557447829215639,42.22222222222222,-0.5322222222222237,-45.77111111111124,,
,411,2026-06-19 00:00:00,DEEPAK FERTILIZER ,MNGL,MH46DC5462  ,40,4,42.53,86,3657.58,7673,7547,126,2.962614624970609,31.5,11.030000000000001,948.5800000000002,,
,412,2026-06-19 00:00:00,DEEPAK FERTILIZER ,MNGL,MH46DC5507  ,50+1,3.5,45.23,86,3889.7799999999997,7077,6987,90,1.989829759009507,25.714285714285715,19.51571428571428,1678.3514285714282,,
,413,2026-06-19 00:00:00,DEEPAK FERTILIZER ,MNGL,MH46DC5508  ,49,3.5,38.79,86,3335.94,10555,10411,144,3.712296983758701,41.142857142857146,-2.3528571428571468,-202.34571428571462,,
,414,2026-06-19 00:00:00,DEEPAK FERTILIZER ,MNGL,MH46DC5509  ,17+1,6,27.89,86,2398.54,13425,13267,158,5.665112943707422,26.333333333333332,1.5566666666666684,133.87333333333348,,
,415,2026-06-19 00:00:00,DEEPAK FERTILIZER ,MNGL,MH46DC5510  ,49+1,3.5,49.11,86,4223.46,10055,9941,114,2.321319486866219,32.57142857142857,16.53857142857143,1422.317142857143,,
,416,2026-06-19 00:00:00,DEEPAK FERTILIZER ,MNGL,MH46DC6065  ,17+1,6,24.39,86,2097.54,11426,11264,162,6.642066420664206,27,-2.6099999999999994,-224.45999999999995,,
,417,2026-06-19 00:00:00,DEEPAK FERTILIZER ,MNGL,MH46DC6072  ,17+1,6,24.73,86,2126.78,9358,9199,159,6.429437929640113,26.5,-1.7699999999999996,-152.21999999999997,,
,418,2026-06-20 00:00:00,DEEPAK FERTILIZER ,MNGL,MH46DC4998  ,49+1,3.5,49.87,86,4288.82,12305,12116,189,3.7898536194104673,54,-4.130000000000003,-355.18000000000023,,
,419,2026-06-20 00:00:00,DEEPAK FERTILIZER ,MNGL,MH46DC5001  ,32+1,4.3,39.23,86,3373.7799999999997,11283,11154,129,3.288299770583737,30,9.229999999999997,793.7799999999997,,
,420,2026-06-20 00:00:00,DEEPAK FERTILIZER ,MNGL,MH46DC5003  ,32+1,4.5,48.42,86,4164.12,17750,17574,176,3.634861627426683,39.111111111111114,9.308888888888887,800.5644444444443,,
,421,2026-06-20 00:00:00,DEEPAK FERTILIZER ,MNGL,MH46DC5006  ,40+1,4.5,39.96,86,3436.56,9628,9504,124,3.103103103103103,27.555555555555557,12.404444444444444,1066.7822222222221,,
,422,2026-06-20 00:00:00,DEEPAK FERTILIZER ,MNGL,MH46DC5007  ,49+1,3.5,70.31,86,6046.66,9182,8955,227,3.2285592376617833,64.85714285714286,5.452857142857141,468.94571428571413,,
,423,2026-06-20 00:00:00,DEEPAK FERTILIZER ,MNGL,MH46DC5037  ,31+1,4,48.29,86,4152.94,16804,16599,205,4.245185338579416,51.25,-2.960000000000001,-254.56000000000006,,
,424,2026-06-20 00:00:00,DEEPAK FERTILIZER ,MNGL,MH46DC5042  ,32+1,4.5,48.4,86,4162.4,15377,15170,207,4.276859504132232,46,2.3999999999999986,206.39999999999986,,
,425,2026-06-20 00:00:00,DEEPAK FERTILIZER ,MNGL,MH46DC5053  ,31+1,4.5,41.37,86,3557.8199999999997,9741,9613,128,3.0940294899685763,28.444444444444443,12.925555555555555,1111.5977777777778,,
,426,2026-06-20 00:00:00,DEEPAK FERTILIZER ,MNGL,MH46DC5087  ,49,4,55.45,86,4768.7,16748,16523,225,4.05770964833183,56.25,-0.7999999999999972,-68.79999999999976,,
,427,2026-06-20 00:00:00,DEEPAK FERTILIZER ,MNGL,MH46DC5205  ,31+1,4.5,41.82,86,3596.52,9744,9615,129,3.084648493543759,28.666666666666668,13.153333333333332,1131.1866666666665,,
,428,2026-06-20 00:00:00,DEEPAK FERTILIZER ,MNGL,MH46DC5462  ,40,4,42.98,86,3696.2799999999997,7808,7673,135,3.1409958120055843,33.75,9.229999999999997,793.7799999999997,,
,429,2026-06-20 00:00:00,DEEPAK FERTILIZER ,MNGL,MH46DC5508  ,49,3.5,26.73,86,2298.78,10678,10555,123,4.601571268237935,35.142857142857146,-8.412857142857145,-723.5057142857145,,
,430,2026-06-20 00:00:00,DEEPAK FERTILIZER ,MNGL,MH46DC5508  ,49,3.5,39.16,86,3367.7599999999998,10701,10678,23,0.5873340143003065,6.571428571428571,32.58857142857143,2802.617142857143,,
,431,2026-06-20 00:00:00,DEEPAK FERTILIZER ,MNGL,MH46DC5510  ,49+1,3.5,50.27,86,4323.22,10234,10055,179,3.560771832106624,51.142857142857146,-0.8728571428571428,-75.06571428571428,,
,432,2026-06-20 00:00:00,DEEPAK FERTILIZER ,MNGL,MH46DC6065  ,17+1,6,23.19,86,1994.3400000000001,11588,11426,162,6.985769728331177,27,-3.8099999999999987,-327.6599999999999,,
,433,2026-06-20 00:00:00,DEEPAK FERTILIZER ,MNGL,MH46DC6072  ,17+1,6,25.11,86,2159.46,9521,9358,163,6.4914376742333735,27.166666666666668,-2.0566666666666684,-176.87333333333348,,
,434,2026-06-21 00:00:00,DEEPAK FERTILIZER ,MNGL,MH46DC5001  ,32+1,4.3,39.18,86,3369.48,11420,11283,137,3.4966819806023484,31.86046511627907,7.31953488372093,629.48,,
,435,2026-06-21 00:00:00,DEEPAK FERTILIZER ,MNGL,MH46DC5003  ,32+1,4.5,48.46,86,4167.56,17930,17750,180,3.714403631861329,40,8.46,727.5600000000001,,
,436,2026-06-21 00:00:00,DEEPAK FERTILIZER ,MNGL,MH46DC5007  ,49+1,3.5,54.38,86,4676.68,9350,9182,168,3.08937109231335,48,6.380000000000003,548.6800000000002,,
,437,2026-06-21 00:00:00,DEEPAK FERTILIZER ,MNGL,MH46DC5037  ,31+1,4,48.16,86,4141.759999999999,17010,16804,206,4.277408637873754,51.5,-3.3400000000000034,-287.2400000000003,,
,438,2026-06-21 00:00:00,DEEPAK FERTILIZER ,MNGL,MH46DC5038 ,40+1,4,45.6,86,3921.6,10866,10706,160,3.508771929824561,40,5.600000000000001,481.60000000000014,,
,439,2026-06-21 00:00:00,DEEPAK FERTILIZER ,MNGL,MH46DC5056  ,40+1,4.5,59.26,86,5096.36,12140,12000,140,2.362470469119136,31.11111111111111,28.148888888888887,2420.8044444444445,,
,440,2026-06-21 00:00:00,DEEPAK FERTILIZER ,MNGL,MH46DC5508  ,49,3.5,40.12,86,3450.3199999999997,10830,10701,129,3.215353938185444,36.857142857142854,3.2628571428571433,280.6057142857143,,
,441,2026-06-21 00:00:00,DEEPAK FERTILIZER ,MNGL,MH46DC5509  ,17+1,6,27.9,86,2399.4,13625,13425,200,7.168458781362007,33.333333333333336,-5.433333333333337,-467.266666666667,,
,442,2026-06-21 00:00:00,DEEPAK FERTILIZER ,MNGL,MH46DC5509  ,17+1,6,27.69,86,2381.34,13825,13625,200,7.222824124232575,33.333333333333336,-5.643333333333334,-485.32666666666677,,
,443,2026-06-21 00:00:00,DEEPAK FERTILIZER ,MNGL,MH46DC6065  ,17+1,6,25.31,86,2176.66,11730,11588,142,5.610430659818254,23.666666666666668,1.6433333333333309,141.32666666666645,,
,444,2026-06-21 00:00:00,DEEPAK FERTILIZER ,MNGL,MH46DC6065  ,17+1,6,24.18,86,2079.48,11950,11730,220,9.098428453267163,36.666666666666664,-12.486666666666665,-1073.8533333333332,,
,445,2026-06-22 00:00:00,DEEPAK FERTILIZER ,MNGL,MH46DC4998  ,49+1,3.5,35.33,86,3038.3799999999997,12406,12305,101,2.8587602604019247,28.857142857142858,6.472857142857141,556.6657142857141,,
,446,2026-06-22 00:00:00,DEEPAK FERTILIZER ,MNGL,MH46DC5001  ,32+1,4.3,50.68,86,4358.48,11597,11420,177,3.4925019731649565,41.16279069767442,9.517209302325583,818.4800000000001,,
,447,2026-06-22 00:00:00,DEEPAK FERTILIZER ,MNGL,MH46DC5003  ,32+1,4.5,49.46,86,4253.56,18186,17930,256,5.175899716942984,56.888888888888886,-7.428888888888885,-638.8844444444441,,
,448,2026-06-22 00:00:00,DEEPAK FERTILIZER ,MNGL,MH46DC5006  ,40+1,4.5,53.11,86,4567.46,9811,9628,183,3.445678779890793,40.666666666666664,12.443333333333335,1070.1266666666668,,
,449,2026-06-22 00:00:00,DEEPAK FERTILIZER ,MNGL,MH46DC5008  ,49+1,4,65.34,86,5619.240000000001,8997,8793,204,3.1221303948576673,51,14.340000000000003,1233.2400000000002,,
,450,2026-06-22 00:00:00,DEEPAK FERTILIZER ,MNGL,MH46DC5014  ,27+1,5,33.64,86,2893.04,7147,7025,122,3.6266349583828776,24.4,9.240000000000002,794.6400000000002,,
,451,2026-06-22 00:00:00,DEEPAK FERTILIZER ,MNGL,MH46DC5037  ,31+1,4,48.22,86,4146.92,17216,17010,206,4.2720862712567405,51.5,-3.280000000000001,-282.0800000000001,,
,452,2026-06-22 00:00:00,DEEPAK FERTILIZER ,MNGL,MH46DC5042  ,32+1,4.5,49.51,86,4257.86,15692,15377,315,6.3623510401939,70,-20.490000000000002,-1762.14,,
,453,2026-06-22 00:00:00,DEEPAK FERTILIZER ,MNGL,MH46DC5053  ,31+1,4.5,56.65,86,4871.9,9958,9741,217,3.83053839364519,48.22222222222222,8.427777777777777,724.7888888888888,,
,454,2026-06-22 00:00:00,DEEPAK FERTILIZER ,MNGL,MH46DC5056  ,40+1,4.5,52.94,86,4552.84,12360,12140,220,4.15564790328674,48.888888888888886,4.051111111111112,348.39555555555563,,
,455,2026-06-22 00:00:00,DEEPAK FERTILIZER ,MNGL,MH46DC5087  ,49,4,62.43,86,5368.98,17082,16748,334,5.349991991029953,83.5,-21.07,-1812.02,,
,456,2026-06-22 00:00:00,DEEPAK FERTILIZER ,MNGL,MH46DC5205  ,31+1,4.5,41.59,86,3576.7400000000002,9980,9744,236,5.6744409713873525,52.44444444444444,-10.85444444444444,-933.4822222222218,,
,457,2026-06-22 00:00:00,DEEPAK FERTILIZER ,MNGL,MH46DC5462  ,40,4,67.23,86,5781.780000000001,7989,7808,181,2.6922504834151417,45.25,21.980000000000004,1890.2800000000004,,
,458,2026-06-22 00:00:00,DEEPAK FERTILIZER ,MNGL,MH46DC5507  ,50+1,3.5,46.02,86,3957.7200000000003,7209,7077,132,2.8683181225554106,37.714285714285715,8.305714285714288,714.2914285714287,,
,459,2026-06-22 00:00:00,DEEPAK FERTILIZER ,MNGL,MH46DC5508  ,49,3.5,51.83,86,4457.38,11064,10930,134,2.5853752652903723,38.285714285714285,13.544285714285714,1164.8085714285714,,
,460,2026-06-22 00:00:00,DEEPAK FERTILIZER ,MNGL,MH46DC5509  ,17+1,6,18.44,86,1585.8400000000001,13977,13825,152,8.242950108459869,25.333333333333332,-6.893333333333331,-592.8266666666665,,
,461,2026-06-22 00:00:00,DEEPAK FERTILIZER ,MNGL,MH46DC5510  ,49+1,3.5,47.87,86,4116.82,10380,10234,146,3.0499268853143935,41.714285714285715,6.155714285714282,529.3914285714283,,
,462,2026-06-22 00:00:00,DEEPAK FERTILIZER ,MNGL,MH46DC6065  ,17+1,6,24.27,86,2087.22,12069,11950,119,4.903172641120725,19.833333333333332,4.436666666666667,381.5533333333334,,
,463,2026-06-22 00:00:00,DEEPAK FERTILIZER ,MNGL,MH46DC6072  ,17+1,6,17.44,86,1499.8400000000001,9617,9521,96,5.504587155963303,16,1.4400000000000013,123.84000000000012,,
,464,2026-06-23 00:00:00,DEEPAK FERTILIZER ,MNGL,MH46DC4998  ,49+1,3.5,52.16,86,4485.759999999999,12498,12406,92,1.7638036809815951,26.285714285714285,25.874285714285712,2225.1885714285713,,
,465,2026-06-23 00:00:00,DEEPAK FERTILIZER ,MNGL,MH46DC5001  ,32+1,4.3,39.09,86,3361.7400000000002,11726,11597,129,3.3000767459708364,30,9.090000000000003,781.7400000000002,,
,466,2026-06-23 00:00:00,DEEPAK FERTILIZER ,MNGL,MH46DC5003  ,32+1,4.5,48.48,86,4169.28,18404,18186,218,4.496699669966997,48.44444444444444,0.03555555555555401,3.0577777777776447,,
,467,2026-06-23 00:00:00,DEEPAK FERTILIZER ,MNGL,MH46DC5006  ,40+1,4.5,42.16,86,3625.7599999999998,9935,9811,124,2.9411764705882355,27.555555555555557,14.60444444444444,1255.9822222222217,,
,468,2026-06-23 00:00:00,DEEPAK FERTILIZER ,MNGL,MH46DC5007  ,49+1,3.5,68.95,86,5929.7,9555,9350,205,2.9731689630166787,58.57142857142857,10.378571428571433,892.5571428571433,,
,469,2026-06-23 00:00:00,DEEPAK FERTILIZER ,MNGL,MH46DC5008  ,49+1,4,48.49,86,4170.14,9142,8997,145,2.990307279851516,36.25,12.240000000000002,1052.64,,
,470,2026-06-23 00:00:00,DEEPAK FERTILIZER ,MNGL,MH46DC5014  ,27+1,5,41.88,86,3601.6800000000003,7272,7147,125,2.9847182425978986,25,16.880000000000003,1451.6800000000003,,
,471,2026-06-23 00:00:00,DEEPAK FERTILIZER ,MNGL,MH46DC5037  ,31+1,4,48.38,86,4160.68,17423,17216,207,4.278627532038032,51.75,-3.3699999999999974,-289.81999999999977,,
,472,2026-06-23 00:00:00,DEEPAK FERTILIZER ,MNGL,MH46DC5042  ,32+1,4.5,47.89,86,4118.54,15899,15692,207,4.322405512633117,46,1.8900000000000006,162.54000000000005,,
,473,2026-06-23 00:00:00,DEEPAK FERTILIZER ,MNGL,MH46DC5053  ,31+1,4.5,45.29,86,3894.94,10109,9958,151,3.334069330978141,33.55555555555556,11.734444444444442,1009.162222222222,,
,474,2026-06-23 00:00:00,DEEPAK FERTILIZER ,MNGL,MH46DC5087  ,49,4,57.95,86,4983.7,17309,17082,227,3.9171699741156165,56.75,1.2000000000000028,103.20000000000024,,
,475,2026-06-23 00:00:00,DEEPAK FERTILIZER ,MNGL,MH46DC5205  ,31+1,4.5,41.72,86,3587.92,10107,9980,127,3.0441035474592524,28.22222222222222,13.497777777777777,1160.8088888888888,,
,476,2026-06-23 00:00:00,DEEPAK FERTILIZER ,MNGL,MH46DC5507  ,50+1,3.5,40.1,86,3448.6,7308,7209,99,2.4688279301745637,28.285714285714285,11.814285714285717,1016.0285714285717,,
,477,2026-06-23 00:00:00,DEEPAK FERTILIZER ,MNGL,MH46DC5508  ,49,3.5,39.22,86,3372.92,11210,11064,146,3.722590515043345,41.714285714285715,-2.4942857142857164,-214.5085714285716,,
,478,2026-06-23 00:00:00,DEEPAK FERTILIZER ,MNGL,MH46DC5509  ,17+1,6,27.75,86,2386.5,14135,13977,158,5.693693693693693,26.333333333333332,1.4166666666666679,121.83333333333343,,
,479,2026-06-23 00:00:00,DEEPAK FERTILIZER ,MNGL,MH46DC5510  ,49+1,3.5,47.94,86,4122.84,10522,10380,142,2.9620358781810596,40.57142857142857,7.368571428571428,633.6971428571428,,
,480,2026-06-23 00:00:00,DEEPAK FERTILIZER ,MNGL,MH46DC6065  ,17+1,6,25.19,86,2166.34,12233,12069,164,6.510520047637951,27.333333333333332,-2.143333333333331,-184.32666666666645,,
,481,2026-06-23 00:00:00,DEEPAK FERTILIZER ,MNGL,MH46DC6072  ,17+1,6,24.37,86,2095.82,9776,9617,159,6.524415264669676,26.5,-2.129999999999999,-183.17999999999992,,
,482,2026-06-24 00:00:00,DEEPAK FERTILIZER ,MNGL,MH46DC4998  ,49+1,3.5,53.43,86,4594.98,12538,12498,40,0.7486430844095078,11.428571428571429,42.00142857142857,3612.122857142857,,
,483,2026-06-24 00:00:00,DEEPAK FERTILIZER ,MNGL,MH46DC5001  ,32+1,4.3,39.26,86,3376.3599999999997,11939,11726,213,5.4253693326541015,49.53488372093023,-10.274883720930234,-883.6400000000001,,
,484,2026-06-24 00:00:00,DEEPAK FERTILIZER ,MNGL,MH46DC5003  ,32+1,4.5,49.47,86,4254.42,18629,18404,225,4.548211036992116,50,-0.5300000000000011,-45.5800000000001,,
,485,2026-06-24 00:00:00,DEEPAK FERTILIZER ,MNGL,MH46DC5006  ,40+1,4.5,42.54,86,3658.44,10065,9935,130,3.05594734367654,28.88888888888889,13.65111111111111,1173.9955555555555,,
,486,2026-06-24 00:00:00,DEEPAK FERTILIZER ,MNGL,MH46DC5008  ,49+1,4,53.95,86,4639.7,9232,9142,90,1.6682113067655235,22.5,31.450000000000003,2704.7000000000003,,
,487,2026-06-24 00:00:00,DEEPAK FERTILIZER ,MNGL,MH46DC5014  ,27+1,5,38.02,86,3269.7200000000003,7320,7272,48,1.2624934245134138,9.6,28.42,2444.1200000000003,,
,488,2026-06-24 00:00:00,DEEPAK FERTILIZER ,MNGL,MH46DC5036  ,40+1,4.5,40.89,86,3516.54,10053,9943,110,2.690144289557349,24.444444444444443,16.445555555555558,1414.317777777778,,
,489,2026-06-24 00:00:00,DEEPAK FERTILIZER ,MNGL,MH46DC5037  ,31+1,4,48.44,86,4165.84,17640,17423,217,4.479768786127168,54.25,-5.810000000000002,-499.6600000000002,,
,490,2026-06-24 00:00:00,DEEPAK FERTILIZER ,MNGL,MH46DC5038 ,40+1,4,40.95,86,3521.7000000000003,10966,10866,100,2.4420024420024418,25,15.950000000000003,1371.7000000000003,,
,491,2026-06-24 00:00:00,DEEPAK FERTILIZER ,MNGL,MH46DC5042  ,32+1,4.5,47.81,86,4111.66,16015,15899,116,2.426270654674754,25.77777777777778,22.032222222222224,1894.7711111111112,,
,492,2026-06-24 00:00:00,DEEPAK FERTILIZER ,MNGL,MH46DC5053  ,31+1,4.5,41.15,86,3538.9,10230,10109,121,2.940461725394897,26.88888888888889,14.26111111111111,1226.4555555555553,,
,493,2026-06-24 00:00:00,DEEPAK FERTILIZER ,MNGL,MH46DC5056  ,40+1,4.5,67.28,86,5786.08,12595,12360,235,3.4928656361474433,52.22222222222222,15.05777777777778,1294.968888888889,,
,494,2026-06-24 00:00:00,DEEPAK FERTILIZER ,MNGL,MH46DC5087  ,49,4,56.43,86,4852.98,17659,17309,350,6.202374623427255,87.5,-31.07,-2672.02,,
,495,2026-06-24 00:00:00,DEEPAK FERTILIZER ,MNGL,MH46DC5205  ,31+1,4.5,41.62,86,3579.3199999999997,10190,10107,83,1.9942335415665546,18.444444444444443,23.175555555555555,1993.0977777777778,,
,496,2026-06-24 00:00:00,DEEPAK FERTILIZER ,MNGL,MH46DC5462  ,40,4,70.69,86,6079.34,8227,7989,238,3.3668128448153913,59.5,11.189999999999998,962.3399999999998,,
,497,2026-06-24 00:00:00,DEEPAK FERTILIZER ,MNGL,MH46DC5507  ,50+1,3.5,39.81,86,3423.6600000000003,7440,7308,132,3.3157498116051243,37.714285714285715,2.095714285714287,180.2314285714287,,
,498,2026-06-24 00:00:00,DEEPAK FERTILIZER ,MNGL,MH46DC5508  ,49,3.5,43.24,86,3718.6400000000003,11422,11210,212,4.902867715078631,60.57142857142857,-17.331428571428567,-1490.5028571428568,,
,499,2026-06-24 00:00:00,DEEPAK FERTILIZER ,MNGL,MH46DC5509  ,17+1,6,27.53,86,2367.58,14353,14135,218,7.918634217217581,36.333333333333336,-8.803333333333335,-757.0866666666668,,
,500,2026-06-24 00:00:00,DEEPAK FERTILIZER ,MNGL,MH46DC5510  ,49+1,3.5,50.22,86,4318.92,10607,10522,85,1.692552767821585,24.285714285714285,25.934285714285714,2230.3485714285716,,
,501,2026-06-24 00:00:00,DEEPAK FERTILIZER ,MNGL,MH46DC6065  ,17+1,6,24.39,86,2097.54,12389,12233,156,6.396063960639606,26,-1.6099999999999994,-138.45999999999995,,
,502,2026-06-24 00:00:00,DEEPAK FERTILIZER ,MNGL,MH46DC6072  ,17+1,6,25.43,86,2186.98,9918,9776,142,5.583955957530476,23.666666666666668,1.7633333333333319,151.64666666666653,,
,503,2026-06-24 00:00:00,DEEPAK FERTILIZER ,MNGL,MH46DC8020,36,4,51.97,86,4469.42,2196,2053,143,2.7515874543005583,35.75,16.22,1394.9199999999998,,
,504,2026-06-25 00:00:00,DEEPAK FERTILIZER ,MNGL,MH46DC4998  ,49+1,3.5,51.13,86,4397.18,12983,12538,445,8.703305300215137,127.14285714285714,-76.01285714285714,-6537.105714285714,,
,505,2026-06-25 00:00:00,DEEPAK FERTILIZER ,MNGL,MH46DC5003  ,32+1,4.5,47.49,86,4084.1400000000003,18779,18629,150,3.158559696778269,33.333333333333336,14.156666666666666,1217.4733333333334,,
,506,2026-06-25 00:00:00,DEEPAK FERTILIZER ,MNGL,MH46DC5003  ,32+1,4.5,48.51,86,4171.86,18835,18779,56,1.1544011544011545,12.444444444444445,36.065555555555555,3101.637777777778,,
,507,2026-06-25 00:00:00,DEEPAK FERTILIZER ,MNGL,MH46DC5006  ,40+1,4.5,42.26,86,3634.3599999999997,10184,10065,119,2.8159015617605303,26.444444444444443,15.815555555555555,1360.1377777777777,,
,508,2026-06-25 00:00:00,DEEPAK FERTILIZER ,MNGL,MH46DC5007  ,49+1,3.5,68.98,86,5932.280000000001,9765,9555,210,3.044360684256306,60,8.980000000000004,772.2800000000003,,
,509,2026-06-25 00:00:00,DEEPAK FERTILIZER ,MNGL,MH46DC5008  ,49+1,4,45.77,86,3936.2200000000003,9430,9232,198,4.325977714660257,49.5,-3.729999999999997,-320.77999999999975,,
,510,2026-06-25 00:00:00,DEEPAK FERTILIZER ,MNGL,MH46DC5014  ,27+1,5,33.56,86,2886.1600000000003,7437,7320,117,3.486293206197854,23.4,10.160000000000004,873.7600000000003,,
,511,2026-06-25 00:00:00,DEEPAK FERTILIZER ,MNGL,MH46DC5036  ,40+1,4.5,41.69,86,3585.3399999999997,10175,10053,122,2.9263612377068844,27.11111111111111,14.578888888888887,1253.7844444444443,,
,512,2026-06-25 00:00:00,DEEPAK FERTILIZER ,MNGL,MH46DC5037  ,31+1,4,48.12,86,4138.32,17834,17640,194,4.0315876974231095,48.5,-0.38000000000000256,-32.68000000000022,,
,513,2026-06-25 00:00:00,DEEPAK FERTILIZER ,MNGL,MH46DC5038 ,40+1,4,40.95,86,3521.7000000000003,11090,10966,124,3.028083028083028,31,9.950000000000003,855.7000000000003,,
,514,2026-06-25 00:00:00,DEEPAK FERTILIZER ,MNGL,MH46DC5042  ,32+1,4.5,47.91,86,4120.259999999999,16316,16015,301,6.282613233145481,66.88888888888889,-18.97888888888889,-1632.1844444444446,,
,515,2026-06-25 00:00:00,DEEPAK FERTILIZER ,MNGL,MH46DC5053  ,31+1,4.5,48.69,86,4187.34,10368,10230,138,2.8342575477510783,30.666666666666668,18.02333333333333,1550.0066666666664,,
,516,2026-06-25 00:00:00,DEEPAK FERTILIZER ,MNGL,MH46DC5056  ,40+1,4.5,49.83,86,4285.38,12895,12595,300,6.020469596628537,66.66666666666667,-16.836666666666673,-1447.9533333333338,,
,517,2026-06-25 00:00:00,DEEPAK FERTILIZER ,MNGL,MH46DC5087  ,49,4,56.39,86,4849.54,17761,17659,102,1.8088313530767866,25.5,30.89,2656.54,,
,518,2026-06-25 00:00:00,DEEPAK FERTILIZER ,MNGL,MH46DC5205  ,31+1,4.5,41.66,86,3582.7599999999998,10290,10190,100,2.400384061449832,22.22222222222222,19.437777777777775,1671.6488888888887,,
,519,2026-06-25 00:00:00,DEEPAK FERTILIZER ,MNGL,MH46DC5508  ,49,3.5,39.15,86,3366.9,11502,11422,80,2.0434227330779056,22.857142857142858,16.29285714285714,1401.185714285714,,
,520,2026-06-25 00:00:00,DEEPAK FERTILIZER ,MNGL,MH46DC5509  ,17+1,6,27.59,86,2372.74,14442,14353,89,3.225806451612903,14.833333333333334,12.756666666666666,1097.0733333333333,,
,521,2026-06-25 00:00:00,DEEPAK FERTILIZER ,MNGL,MH46DC5510  ,49+1,3.5,49.25,86,4235.5,10808,10607,201,4.081218274111675,57.42857142857143,-8.17857142857143,-703.357142857143,,
,522,2026-06-25 00:00:00,DEEPAK FERTILIZER ,MNGL,MH46DC6065  ,17+1,6,23.25,86,1999.5,12558,12389,169,7.268817204301075,28.166666666666668,-4.916666666666668,-422.8333333333334,,
,523,2026-06-25 00:00:00,DEEPAK FERTILIZER ,MNGL,MH46DC6072  ,17+1,6,24.49,86,2106.14,10089,9918,171,6.982441812984892,28.5,-4.010000000000002,-344.8600000000001,,
,524,2026-06-25 00:00:00,DEEPAK FERTILIZER ,MNGL,MH46DC8020,36,4,45.98,86,3954.2799999999997,2399,2196,203,4.414963027403219,50.75,-4.770000000000003,-410.22000000000025,,
,525,2026-06-26 00:00:00,DEEPAK FERTILIZER ,MNGL,MH46DC4998  ,49+1,3.5,50.91,86,4378.259999999999,13175,12983,192,3.7713612256923987,54.857142857142854,-3.9471428571428575,-339.45428571428573,,
,526,2026-06-26 00:00:00,DEEPAK FERTILIZER ,MNGL,MH46DC5001  ,32+1,4.3,45.39,86,3903.54,12103,11939,164,3.6131306455166334,38.139534883720934,7.2504651162790665,623.5399999999997,,
,527,2026-06-26 00:00:00,DEEPAK FERTILIZER ,MNGL,MH46DC5003  ,32+1,4.5,48.56,86,4176.16,19053,18835,218,4.489291598023064,48.44444444444444,0.11555555555555941,9.937777777778109,,
,528,2026-06-26 00:00:00,DEEPAK FERTILIZER ,MNGL,MH46DC5006  ,40+1,4.5,40.91,86,3518.2599999999998,10308,10184,124,3.031043754583232,27.555555555555557,13.35444444444444,1148.4822222222217,,
,529,2026-06-26 00:00:00,DEEPAK FERTILIZER ,MNGL,MH46DC5008  ,49+1,4,48.53,86,4173.58,9570,9430,140,2.88481351741191,35,13.530000000000001,1163.5800000000002,,
,530,2026-06-26 00:00:00,DEEPAK FERTILIZER ,MNGL,MH46DC5014  ,27+1,5,32.36,86,2782.96,7554,7437,117,3.61557478368356,23.4,8.96,770.5600000000001,,
,531,2026-06-26 00:00:00,DEEPAK FERTILIZER ,MNGL,MH46DC5036  ,40+1,4.5,41.5,86,3569,10290,10175,115,2.7710843373493974,25.555555555555557,15.944444444444443,1371.2222222222222,,
,532,2026-06-26 00:00:00,DEEPAK FERTILIZER ,MNGL,MH46DC5037  ,31+1,4,64.68,86,5562.4800000000005,18047,17834,213,3.2931354359925784,53.25,11.430000000000007,982.9800000000006,,
,533,2026-06-26 00:00:00,DEEPAK FERTILIZER ,MNGL,MH46DC5038 ,40+1,4,41.32,86,3553.52,11210,11090,120,2.904162633107454,30,11.32,973.52,,
,534,2026-06-26 00:00:00,DEEPAK FERTILIZER ,MNGL,MH46DC5042  ,32+1,4.5,48.3,86,4153.8,16524,16316,208,4.306418219461698,46.22222222222222,2.0777777777777757,178.6888888888887,,
,535,2026-06-26 00:00:00,DEEPAK FERTILIZER ,MNGL,MH46DC5053  ,31+1,4.5,43.69,86,3757.3399999999997,10508,10368,140,3.2043945983062487,31.11111111111111,12.578888888888887,1081.7844444444443,,
,536,2026-06-26 00:00:00,DEEPAK FERTILIZER ,MNGL,MH46DC5056  ,40+1,4.5,61.59,86,5296.740000000001,13142,12895,247,4.01039129728852,54.888888888888886,6.701111111111118,576.2955555555561,,
,537,2026-06-26 00:00:00,DEEPAK FERTILIZER ,MNGL,MH46DC5087  ,49,4,56.82,86,4886.52,17985,17761,224,3.9422738472368883,56,0.8200000000000003,70.52000000000002,,
,538,2026-06-26 00:00:00,DEEPAK FERTILIZER ,MNGL,MH46DC5205  ,31+1,4.5,49.69,86,4273.34,10427,10290,137,2.757093982692695,30.444444444444443,19.245555555555555,1655.1177777777777,,
,539,2026-06-26 00:00:00,DEEPAK FERTILIZER ,MNGL,MH46DC5462  ,40,4,65.84,86,5662.240000000001,8372,8227,145,2.2023086269744834,36.25,29.590000000000003,2544.7400000000002,,
,540,2026-06-26 00:00:00,DEEPAK FERTILIZER ,MNGL,MH46DC5507  ,50+1,3.5,45.68,86,3928.48,7594,7440,154,3.371278458844133,44,1.6799999999999997,144.47999999999996,,
,541,2026-06-26 00:00:00,DEEPAK FERTILIZER ,MNGL,MH46DC5508  ,49,3.5,39.32,86,3381.52,11645,11502,143,3.636826042726348,40.857142857142854,-1.5371428571428538,-132.19428571428543,,
,542,2026-06-26 00:00:00,DEEPAK FERTILIZER ,MNGL,MH46DC5509  ,17+1,6,27.78,86,2389.08,14598,14442,156,5.615550755939525,26,1.7800000000000011,153.0800000000001,,
,543,2026-06-26 00:00:00,DEEPAK FERTILIZER ,MNGL,MH46DC5510  ,49+1,3.5,49.8,86,4282.8,10949,10808,141,2.8313253012048194,40.285714285714285,9.514285714285712,818.2285714285713,,
,544,2026-06-26 00:00:00,DEEPAK FERTILIZER ,MNGL,MH46DC6065  ,17+1,6,23.83,86,2049.3799999999997,12719,12558,161,6.756189676877885,26.833333333333332,-3.003333333333334,-258.2866666666667,,
,545,2026-06-26 00:00:00,DEEPAK FERTILIZER ,MNGL,MH46DC6072  ,17+1,6,25.26,86,2172.36,10245,10089,156,6.175771971496436,26,-0.7399999999999984,-63.639999999999866,,
,546,2026-06-26 00:00:00,DEEPAK FERTILIZER ,MNGL,MH46DC8020,36,4,47.93,86,4121.98,2573,2399,174,3.6302941790110577,43.5,4.43,380.97999999999996,,
,547,2026-06-27 00:00:00,DEEPAK FERTILIZER ,MNGL,MH46DC4998  ,49+1,3.5,54.62,86,4697.32,13403,13175,228,4.174295129989015,65.14285714285714,-10.522857142857141,-904.9657142857142,,
,548,2026-06-27 00:00:00,DEEPAK FERTILIZER ,MNGL,MH46DC5001  ,32+1,4.3,39.33,86,3382.3799999999997,12230,12103,127,3.2290872107805746,29.534883720930235,9.795116279069763,842.3799999999997,,
,549,2026-06-27 00:00:00,DEEPAK FERTILIZER ,MNGL,MH46DC5003  ,32+1,4.5,48.37,86,4159.82,19270,19053,217,4.486251808972503,48.22222222222222,0.147777777777776,12.708888888888737,,
,550,2026-06-27 00:00:00,DEEPAK FERTILIZER ,MNGL,MH46DC5006  ,40+1,4.5,48.09,86,4135.740000000001,10432,10308,124,2.5784986483676438,27.555555555555557,20.534444444444446,1765.9622222222224,,
,551,2026-06-27 00:00:00,DEEPAK FERTILIZER ,MNGL,MH46DC5007  ,49+1,3.5,68.09,86,5855.740000000001,9948,9765,183,2.6876193273608457,52.285714285714285,15.804285714285719,1359.1685714285718,,
,552,2026-06-27 00:00:00,DEEPAK FERTILIZER ,MNGL,MH46DC5036  ,40+1,4.5,40.9,86,3517.4,10415,10290,125,3.056234718826406,27.77777777777778,13.12222222222222,1128.511111111111,,
,553,2026-06-27 00:00:00,DEEPAK FERTILIZER ,MNGL,MH46DC5036  ,40+1,4.5,41.22,86,3544.92,10435,10415,20,0.485201358563804,4.444444444444445,36.775555555555556,3162.697777777778,,
,554,2026-06-27 00:00:00,DEEPAK FERTILIZER ,MNGL,MH46DC5037  ,31+1,4,35.59,86,3060.7400000000002,18254,18047,207,5.816240516999157,51.75,-16.159999999999997,-1389.7599999999998,,
,555,2026-06-27 00:00:00,DEEPAK FERTILIZER ,MNGL,MH46DC5042  ,32+1,4.5,47.95,86,4123.7,16731,16524,207,4.316996871741397,46,1.9500000000000028,167.70000000000024,,
,556,2026-06-27 00:00:00,DEEPAK FERTILIZER ,MNGL,MH46DC5053  ,31+1,4.5,41.8,86,3594.7999999999997,10638,10508,130,3.110047846889952,28.88888888888889,12.911111111111108,1110.3555555555554,,
,557,2026-06-27 00:00:00,DEEPAK FERTILIZER ,MNGL,MH46DC5087  ,49,4,56.11,86,4825.46,18209,17985,224,3.992158260559615,56,0.10999999999999943,9.459999999999951,,
,558,2026-06-27 00:00:00,DEEPAK FERTILIZER ,MNGL,MH46DC5205  ,31+1,4.5,42.12,86,3622.3199999999997,10544,10427,117,2.777777777777778,26,16.119999999999997,1386.3199999999997,,
,559,2026-06-27 00:00:00,DEEPAK FERTILIZER ,MNGL,MH46DC5462  ,40,4,42.52,86,3656.7200000000003,8502,8372,130,3.0573847601128876,32.5,10.020000000000003,861.7200000000003,,
,560,2026-06-27 00:00:00,DEEPAK FERTILIZER ,MNGL,MH46DC5508  ,49,3.5,39.09,86,3361.7400000000002,11793,11645,148,3.7861345612688666,42.285714285714285,-3.1957142857142813,-274.8314285714282,,
,561,2026-06-27 00:00:00,DEEPAK FERTILIZER ,MNGL,MH46DC5509  ,17+1,6,27.67,86,2379.6200000000003,14744,14598,146,5.276472714130827,24.333333333333332,3.3366666666666696,286.9533333333336,,
,562,2026-06-27 00:00:00,DEEPAK FERTILIZER ,MNGL,MH46DC5510  ,49+1,3.5,52.77,86,4538.22,11108,10949,159,3.0130756111426944,45.42857142857143,7.3414285714285725,631.3628571428573,,
,563,2026-06-27 00:00:00,DEEPAK FERTILIZER ,MNGL,MH46DC6065  ,17+1,6,23.78,86,2045.0800000000002,12870,12719,151,6.349873843566021,25.166666666666668,-1.3866666666666667,-119.25333333333333,,
,564,2026-06-27 00:00:00,DEEPAK FERTILIZER ,MNGL,MH46DC6072  ,17+1,6,24.29,86,2088.94,10399,10245,154,6.340057636887608,25.666666666666668,-1.3766666666666687,-118.39333333333352,,
,565,2026-06-27 00:00:00,DEEPAK FERTILIZER ,MNGL,MH46DC8020,36,4,47.15,86,4054.9,2748,2573,175,3.711558854718982,43.75,3.3999999999999986,292.39999999999986,,
,566,2026-06-28 00:00:00,DEEPAK FERTILIZER ,MNGL,MH46DC5001  ,32+1,4.3,39.17,86,3368.6200000000003,12352,12230,122,3.1146285422517233,28.372093023255815,10.797906976744187,928.6200000000001,,
,567,2026-06-28 00:00:00,DEEPAK FERTILIZER ,MNGL,MH46DC5003  ,32+1,4.5,56.23,86,4835.78,19485,19270,215,3.8235817179441582,47.77777777777778,8.452222222222218,726.8911111111108,,
,568,2026-06-28 00:00:00,DEEPAK FERTILIZER ,MNGL,MH46DC5003  ,32+1,4.5,21.18,86,1821.48,19650,19485,165,7.790368271954675,36.666666666666664,-15.486666666666665,-1331.8533333333332,,
,569,2026-06-28 00:00:00,DEEPAK FERTILIZER ,MNGL,MH46DC5036  ,40+1,4.5,41.67,86,3583.6200000000003,10620,10535,85,2.0398368130549556,18.88888888888889,22.781111111111112,1959.1755555555558,,
,570,2026-06-28 00:00:00,DEEPAK FERTILIZER ,MNGL,MH46DC5037  ,31+1,4,48.43,86,4164.98,18459,18254,205,4.232913483378072,51.25,-2.8200000000000003,-242.52000000000004,,
,571,2026-06-28 00:00:00,DEEPAK FERTILIZER ,MNGL,MH46DC5038 ,40+1,4,41.33,86,3554.3799999999997,11329,11210,119,2.879264456811033,29.75,11.579999999999998,995.8799999999999,,
,572,2026-06-28 00:00:00,DEEPAK FERTILIZER ,MNGL,MH46DC5038 ,40+1,4,37.18,86,3197.48,11460,11329,131,3.523399677245831,32.75,4.43,380.97999999999996,,
,573,2026-06-28 00:00:00,DEEPAK FERTILIZER ,MNGL,MH46DC5042  ,32+1,4.5,21.56,86,1854.1599999999999,16885,16731,154,7.142857142857143,34.22222222222222,-12.662222222222223,-1088.9511111111112,,
,574,2026-06-28 00:00:00,DEEPAK FERTILIZER ,MNGL,MH46DC5056  ,40+1,4.5,49.79,86,4281.94,13327,13142,185,3.7156055432817836,41.111111111111114,8.678888888888885,746.3844444444441,,
,575,2026-06-28 00:00:00,DEEPAK FERTILIZER ,MNGL,MH46DC5087  ,49,4,50.88,86,4375.68,18380,18209,171,3.360849056603773,42.75,8.130000000000003,699.1800000000002,,
,576,2026-06-28 00:00:00,DEEPAK FERTILIZER ,MNGL,MH46DC5508  ,49,3.5,39.26,86,3376.3599999999997,11958,11793,165,4.202750891492614,47.142857142857146,-7.882857142857148,-677.9257142857148,,
,577,2026-06-28 00:00:00,DEEPAK FERTILIZER ,MNGL,MH46DC5509  ,17+1,6,27.78,86,2389.08,14902,14744,158,5.6875449964002875,26.333333333333332,1.446666666666669,124.41333333333353,,
,578,2026-06-28 00:00:00,DEEPAK FERTILIZER ,MNGL,MH46DC5509  ,17+1,6,23.83,86,2049.3799999999997,15015,14902,113,4.741921947125473,18.833333333333332,4.996666666666666,429.7133333333333,,
,579,2026-06-28 00:00:00,DEEPAK FERTILIZER ,MNGL,MH46DC6065  ,17+1,6,24.1,86,2072.6,13042,12870,172,7.136929460580912,28.666666666666668,-4.566666666666666,-392.7333333333333,,
,580,2026-06-28 00:00:00,DEEPAK FERTILIZER ,MNGL,MH46DC6072  ,17+1,6,19.1,86,1642.6000000000001,10510,10399,111,5.811518324607329,18.5,0.6000000000000014,51.60000000000012,,
,581,2026-06-28 00:00:00,DEEPAK FERTILIZER ,MNGL,MH46DC8020,36,4,49.41,86,4249.259999999999,3018,2748,270,5.464480874316941,67.5,-18.090000000000003,-1555.7400000000002,,
,582,2026-06-29 00:00:00,DEEPAK FERTILIZER ,MNGL,MH46DC4998  ,49+1,3.5,27.54,86,2368.44,13504,13403,101,3.667392883079158,28.857142857142858,-1.3171428571428585,-113.27428571428584,,
,583,2026-06-29 00:00:00,DEEPAK FERTILIZER ,MNGL,MH46DC5001  ,32+1,4.3,50.89,86,4376.54,12543,12352,191,3.75319316172136,44.418604651162795,6.471395348837206,556.5399999999997,,
,584,2026-06-29 00:00:00,DEEPAK FERTILIZER ,MNGL,MH46DC5003  ,32+1,4.5,55.77,86,4796.22,19870,19650,220,3.944773175542406,48.888888888888886,6.881111111111117,591.7755555555561,,
,585,2026-06-29 00:00:00,DEEPAK FERTILIZER ,MNGL,MH46DC5006  ,40+1,4.5,48.91,86,4206.259999999999,10556,10432,124,2.5352688611735843,27.555555555555557,21.35444444444444,1836.4822222222217,,
,586,2026-06-29 00:00:00,DEEPAK FERTILIZER ,MNGL,MH46DC5007  ,49+1,3.5,68.15,86,5860.900000000001,10182,9948,234,3.433602347762289,66.85714285714286,1.2928571428571445,111.18571428571443,,
,587,2026-06-29 00:00:00,DEEPAK FERTILIZER ,MNGL,MH46DC5008  ,49+1,4,64.45,86,5542.7,9779,9570,209,3.242823894491854,52.25,12.200000000000003,1049.2000000000003,,
,588,2026-06-29 00:00:00,DEEPAK FERTILIZER ,MNGL,MH46DC5014  ,27+1,5,33.69,86,2897.3399999999997,7670,7554,116,3.443158207183141,23.2,10.489999999999998,902.1399999999999,,
,589,2026-06-29 00:00:00,DEEPAK FERTILIZER ,MNGL,MH46DC5036  ,40+1,4.5,49.62,86,4267.32,10692,10620,72,1.4510278113663846,16,33.62,2891.3199999999997,,
,590,2026-06-29 00:00:00,DEEPAK FERTILIZER ,MNGL,MH46DC5037  ,31+1,4,48.23,86,4147.78,18665,18459,206,4.271200497615593,51.5,-3.270000000000003,-281.22000000000025,,
,591,2026-06-29 00:00:00,DEEPAK FERTILIZER ,MNGL,MH46DC5038 ,40+1,4,40.94,86,3520.8399999999997,11522,11460,62,1.5144113336590133,15.5,25.439999999999998,2187.8399999999997,,
,592,2026-06-29 00:00:00,DEEPAK FERTILIZER ,MNGL,MH46DC5042  ,32+1,4.5,50.46,86,4339.56,17045,16885,160,3.170828378913991,35.55555555555556,14.904444444444444,1281.7822222222221,,
,593,2026-06-29 00:00:00,DEEPAK FERTILIZER ,MNGL,MH46DC5053  ,31+1,4.5,38.52,86,3312.7200000000003,10750,10638,112,2.9075804776739353,24.88888888888889,13.631111111111114,1172.2755555555557,,
,594,2026-06-29 00:00:00,DEEPAK FERTILIZER ,MNGL,MH46DC5056  ,40+1,4.5,48.79,86,4195.94,13514,13327,187,3.832752613240418,41.55555555555556,7.234444444444442,622.162222222222,,
,595,2026-06-29 00:00:00,DEEPAK FERTILIZER ,MNGL,MH46DC5205  ,31+1,4.5,42.08,86,3618.8799999999997,10697,10544,153,3.6359315589353614,34,8.079999999999998,694.8799999999999,,
,596,2026-06-29 00:00:00,DEEPAK FERTILIZER ,MNGL,MH46DC5462  ,40,4,65.64,86,5645.04,8676,8502,174,2.6508226691042047,43.5,22.14,1904.04,,
,597,2026-06-29 00:00:00,DEEPAK FERTILIZER ,MNGL,MH46DC5507  ,50+1,3.5,37.09,86,3189.7400000000002,7639,7594,45,1.2132650310056619,12.857142857142858,24.232857142857146,2084.0257142857145,,
,598,2026-06-29 00:00:00,DEEPAK FERTILIZER ,MNGL,MH46DC5508  ,49,3.5,53.11,86,4567.46,12154,11958,196,3.690453775183581,56,-2.8900000000000006,-248.54000000000005,,
,599,2026-06-29 00:00:00,DEEPAK FERTILIZER ,MNGL,MH46DC5509  ,17+1,6,27.69,86,2381.34,15167,15015,152,5.489346334416757,25.333333333333332,2.356666666666669,202.67333333333355,,
,600,2026-06-29 00:00:00,DEEPAK FERTILIZER ,MNGL,MH46DC5510  ,49+1,3.5,49.11,86,4223.46,11240,11108,132,2.6878436163714112,37.714285714285715,11.395714285714284,980.0314285714285,,
,601,2026-06-29 00:00:00,DEEPAK FERTILIZER ,MNGL,MH46DC6065  ,17+1,6,25.41,86,2185.26,13190,13042,148,5.824478551751279,24.666666666666668,0.7433333333333323,63.92666666666658,,
,602,2026-06-29 00:00:00,DEEPAK FERTILIZER ,MNGL,MH46DC6072  ,17+1,6,17.16,86,1475.76,10601,10510,91,5.303030303030303,15.166666666666666,1.993333333333334,171.42666666666673,,
,603,2026-06-29 00:00:00,DEEPAK FERTILIZER ,MNGL,MH46DC8020,36,4,47.02,86,4043.7200000000003,3186,3018,168,3.572947681837516,42,5.020000000000003,431.72000000000025,,
,604,2026-06-30 00:00:00,DEEPAK FERTILIZER ,MNGL,MH46DC4998  ,49+1,3.5,40.57,86,3489.02,13690,13504,186,4.584668474242051,53.142857142857146,-12.572857142857146,-1081.2657142857145,,
,605,2026-06-30 00:00:00,DEEPAK FERTILIZER ,MNGL,MH46DC5001  ,32+1,4.3,39.1,86,3362.6,12672,12543,129,3.2992327365728897,30,9.100000000000001,782.6000000000001,,
,606,2026-06-30 00:00:00,DEEPAK FERTILIZER ,MNGL,MH46DC5003  ,32+1,4.5,48.33,86,4156.38,20026,19870,156,3.2278088144009933,34.666666666666664,13.663333333333334,1175.0466666666666,,
,607,2026-06-30 00:00:00,DEEPAK FERTILIZER ,MNGL,MH46DC5008  ,49+1,4,48.21,86,4146.06,9920,9779,141,2.924704418170504,35.25,12.96,1114.5600000000002,,
,608,2026-06-30 00:00:00,DEEPAK FERTILIZER ,MNGL,MH46DC5014  ,27+1,5,44.18,86,3799.48,7797,7670,127,2.874603893164328,25.4,18.78,1615.0800000000002,,
,609,2026-06-30 00:00:00,DEEPAK FERTILIZER ,MNGL,MH46DC5036  ,40+1,4.5,41.77,86,3592.2200000000003,10808,10692,116,2.777112760354321,25.77777777777778,15.992222222222225,1375.3311111111113,,
,610,2026-06-30 00:00:00,DEEPAK FERTILIZER ,MNGL,MH46DC5037  ,31+1,4,48.53,86,4173.58,18870,18665,205,4.224191221924583,51.25,-2.719999999999999,-233.9199999999999,,
,611,2026-06-30 00:00:00,DEEPAK FERTILIZER ,MNGL,MH46DC5038 ,40+1,4,40.97,86,3523.42,11637,11522,115,2.806931901391262,28.75,12.219999999999999,1050.9199999999998,,
,612,2026-06-30 00:00:00,DEEPAK FERTILIZER ,MNGL,MH46DC5042  ,32+1,4.5,48.08,86,4134.88,17254,17045,209,4.346921797004992,46.44444444444444,1.6355555555555554,140.65777777777777,,
,613,2026-06-30 00:00:00,DEEPAK FERTILIZER ,MNGL,MH46DC5056  ,40+1,4.5,41.25,86,3547.5,13676,13514,162,3.9272727272727272,36,5.25,451.5,,
,614,2026-06-30 00:00:00,DEEPAK FERTILIZER ,MNGL,MH46DC5053  ,31+1,4.5,42.46,86,3651.56,10850,10750,100,2.3551577955723033,22.22222222222222,20.23777777777778,1740.448888888889,,
,615,2026-06-30 00:00:00,DEEPAK FERTILIZER ,MNGL,MH46DC5006  ,40+1,4.5,62.98,86,5416.28,10671,10556,115,1.8259765004763417,25.555555555555557,37.42444444444444,3218.502222222222,,
,616,2026-06-30 00:00:00,DEEPAK FERTILIZER ,MNGL,MH46DC5087  ,49,4,76.57,86,6585.0199999999995,18738,18380,358,4.675460363066476,89.5,-12.930000000000007,-1111.9800000000005,,
,617,2026-06-30 00:00:00,DEEPAK FERTILIZER ,MNGL,MH46DC5205  ,31+1,4.5,41.98,86,3610.2799999999997,10930,10697,233,5.550262029537875,51.77777777777778,-9.797777777777782,-842.6088888888892,,
,618,2026-06-30 00:00:00,DEEPAK FERTILIZER ,MNGL,MH46DC5462  ,40,4,55.61,86,4782.46,8759,8676,83,1.492537313432836,20.75,34.86,2997.96,,
,619,2026-06-30 00:00:00,DEEPAK FERTILIZER ,MNGL,MH46DC5507  ,50+1,3.5,43.93,86,3777.98,7762,7639,123,2.799908946050535,35.142857142857146,8.787142857142854,755.6942857142855,,
,620,2026-06-30 00:00:00,DEEPAK FERTILIZER ,MNGL,MH46DC5508  ,49,3.5,39.18,86,3369.48,12295,12154,141,3.5987748851454824,40.285714285714285,-1.105714285714285,-95.09142857142851,,
,621,2026-06-30 00:00:00,DEEPAK FERTILIZER ,MNGL,MH46DC5509  ,17+1,6,27.86,86,2395.96,15325,15167,158,5.671213208901651,26.333333333333332,1.5266666666666673,131.29333333333338,,
,622,2026-06-30 00:00:00,DEEPAK FERTILIZER ,MNGL,MH46DC5510  ,49+1,3.5,49.53,86,4259.58,11403,11240,163,3.290934786997779,46.57142857142857,2.9585714285714317,254.43714285714313,,
,623,2026-06-30 00:00:00,DEEPAK FERTILIZER ,MNGL,MH46DC6065  ,17+1,6,25.44,86,2187.84,13352,13190,162,6.367924528301886,27,-1.5599999999999987,-134.15999999999988,,
,624,2026-06-30 00:00:00,DEEPAK FERTILIZER ,MNGL,MH46DC6072  ,17+1,6,24.98,86,2148.28,10760,10601,159,6.365092073658927,26.5,-1.5199999999999996,-130.71999999999997,,
,625,2026-06-30 00:00:00,DEEPAK FERTILIZER ,MNGL,MH46DC8020,36,4,47.7,86,4102.2,3363,3186,177,3.7106918238993707,44.25,3.450000000000003,296.7000000000003,,
,,,,,,,,,,,,,,,,,,,
,,,,,,,,,,,,,,,,,,,
,,,,,,,,,,,,,,,,,,,
,,,,,,,,,,,,,,,,,,,
,,,,,,,,,,,,,,,,,,,
,,,,,,,,,,,,,,,,,,,
,,,,,,,,,,,,,,,,,,,
,,,,,,,,,,,,,,,,,,,
,,,,,,,,,,,,,,,,,,,
,,,,,,,,,,,,,,,,,,,
,,,,,,,,,,,,,,,,,,,
,,,,,,,,,,,,,,,,,,,
,,,,,,,,,,,,,,,,,,,
,,,,,,,,,,,,,,,,,,,
,,,,,,,,,,,,,,,,,,,
,,,,,,,,,,,,,,,,,,,
,,,,,,,,,,,,,,,,,,,
,,,,,,,,,,,,,,,,,,,
,,,,,,,,,,,,,,,,,,,
,,,,,,,,,,,,,,,,,,,
,,,,,,,,,,,,,,,,,,,
,,,,,,,,,,,,,,,,,,,
,,,,,,,,,,,,,,,,,,,
,,,,,,,,,,,,,,,,,,,
,,,,,,,,,,,,,,,,,,,
,,,,,,,,,,,,,,,,,,,
,,,,,,,,,,,,,,,,,,,
,,,,,,,,,,,,,,,,,,,
,,,,,,,,,,,,,,,,,,,
,,,,,,,,,,,,,,,,,,,
,,,,,,,,,,,,,,,,,,,
,,,,,,,,,,,,,,,,,,,
,,,,,,,,,,,,,,,,,,,
,,,,,,,,,,,,,,,,,,,
,,,,,,,,,,,,,,,,,,,
,,,,,,,,,,,,,,,,,,,
,,,,,,,,,,,,,,,,,,,
,,,,,,,,,,,,,,,,,,,
,,,,,,,,,,,,,,,,,,,
,,,,,,,,,,,,,,,,,,,
,,,,,,,,,,,,,,,,,,,
,,,,,,,,,,,,,,,,,,,
,,,,,,,,,,,,,,,,,,,
,,,,,,,,,,,,,,,,,,,
,,,,,,,,,,,,,,,,,,,
,,,,,,,,,,,,,,,,,,,
,,,,,,,,,,,,,,,,,,,
,,,,,,,,,,,,,,,,,,,
,,,,,,,,,,,,,,,,,,,
,,,,,,,,,,,,,,,,,,,
,,,,,,,,,,,,,,,,,,,
,,,,,,,,,,,,,,,,,,,
,,,,,,,,,,,,,,,,,,,
,,,,,,,,,,,,,,,,,,,
,,,,,,,,,,,,,,,,,,,
,,,,,,,,,,,,,,,,,,,
,,,,,,,,,,,,,,,,,,,
,,,,,,,,,,,,,,,,,,,
,,,,,,,,,,,,,,,,,,,
,,,,,,,,,,,,,,,,,,,
,,,,,,,,,,,,,,,,,,,
,,,,,,,,,,,,,,,,,,,
,,,,,,,,,,,,,,,,,,,
,,,,,,,,,,,,,,,,,,,
,,,,,,,,,,,,,,,,,,,
,,,,,,,,,,,,,,,,,,,
,,,,,,,,,,,,,,,,,,,
,,,,,,,,,,,,,,,,,,,
,,,,,,,,,,,,,,,,,,,
,,,,,,,,,,,,,,,,,,,
,,,,,,,,,,,,,,,,,,,
,,,,,,,,,,,,,,,,,,,
,,,,,,,,,,,,,,,,,,,
,,,,,,,,,,,,,,,,,,,
,,,,,,,,,,,,,,,,,,,
,,,,,,,,,,,,,,,,,,,
,,,,,,,,,,,,,,,,,,,
,,,,,,,,,,,,,,,,,,,
,,,,,,,,,,,,,,,,,,,
,,,,,,,,,,,,,,,,,,,
,,,,,,,,,,,,,,,,,,,
,,,,,,,,,,,,,,,,,,,
,,,,,,,,,,,,,,,,,,,
,,,,,,,,,,,,,,,,,,,
,,,,,,,,,,,,,,,,,,,
,,,,,,,,,,,,,,,,,,,
,,,,,,,,,,,,,,,,,,,
,,,,,,,,,,,,,,,,,,,
,,,,,,,,,,,,,,,,,,,
,,,,,,,,,,,,,,,,,,,
,,,,,,,,,,,,,,,,,,,
,,,,,,,,,,,,,,,,,,,
,,,,,,,,,,,,,,,,,,,
,,,,,,,,,,,,,,,,,,,
,,,,,,,,,,,,,,,,,,,
,,,,,,,,,,,,,,,,,,,
,,,,,,,,,,,,,,,,,,,
,,,,,,,,,,,,,,,,,,,
,,,,,,,,,,,,,,,,,,,
,,,,,,,,,,,,,,,,,,,
,,,,,,,,,,,,,,,,,,,
,,,,,,,,,,,,,,,,,,,
,,,,,,,,,,,,,,,,,,,
,,,,,,,,,,,,,,,,,,,
,,,,,,,,,,,,,,,,,,,
