JUNE-26 DIESEL CONSUMPTION FOR ALL UNIT,,,,,,,,,,,,,,,,,,,,,,,,,,
,,,,,,,,,240,,23640.8,,,1413,18.5525,256.9090909090909,-16.909090909090907,-1668.503636363636,0,0,0,0,0,0,0,0
Bill No.,Sr.No,2026-06-01 00:00:00,CO,PUMP,DriverName,VEH.NO., ,FIXAVG,DIESEL,RATE,AMOUNT,CURRENTREADING,PREV.READING,TOTALKM,RECD.AVG.,ACTUALQTY.,EXCESSDIESEL,DEBITTODRIVER,REMARKS,FILLING LOCATION,,,,,,
509/8-6-26,1,2026-06-01 00:00:00,BA-VENDER,JAYHIND,DINESH,MH14LB9060,18,10,40.8,98.21,4006.9679999999994,0,0,0,0,0,40.8,4006.9679999999994,,,,,,,,
509/8-6-26,2,2026-06-01 00:00:00,BC,JAYHIND,RAVI TANPURE,MH14LB3843,32,6,83.79,98.21,8229.0159,100212,99858,354,4.22484783387039,59,24.790000000000006,2434.6259000000005,,,,,,,,
509/8-6-26,3,2026-06-01 00:00:00,TML-VENDER,JAYHIND,BORASE,MH14KQ9520,40,5.5,63,98.21,6187.23,0,0,0,0,0,63,6187.23,,,,,,,,
509/8-6-26,4,2026-06-01 00:00:00,KB,JAYHIND,,MH14HG5612,28,6,40,98.21,3928.3999999999996,412154,411985,169,4.225,28.166666666666668,11.833333333333332,1162.1516666666664,,,,,,,,
509/8-6-26,5,2026-06-01 00:00:00,KB,JAYHIND,RAJU JAMADAR,MH14HG5617,28,6,100,98.21,9821,405900,405423,477,4.77,79.5,20.5,2013.3049999999998,,,,,,,,
509/8-6-26,6,2026-06-01 00:00:00,TML-VENDER,JAYHIND,BORASE,MH14KA9520,40,5.5,91,98.21,8937.109999999999,0,0,0,0,0,91,8937.109999999999,,,,,,,,
509/8-6-26,7,2026-06-01 00:00:00,VW,JAYHIND,,MH14KA2810,40,5.5,50,98.21,4910.5,168015,167758,257,5.14,46.72727272727273,3.2727272727272734,321.4145454545455,,,,,,,,
509/8-6-26,8,2026-06-01 00:00:00,BA-VENDER,JAYHIND,VAIBHAV KAWADE,MH14LB8792,17,10,46.4,98.21,4556.9439999999995,0,0,0,0,0,46.4,4556.9439999999995,,,,,,,,
509/8-6-26,9,2026-06-01 00:00:00,BC,JAYHIND,LANDAGE,MH14LB3847,40,5.5,92.37,98.21,9071.6577,79200,78957,243,2.630724261123741,44.18181818181818,48.188181818181825,4732.561336363637,,,,,,,,
509/8-6-26,10,2026-06-01 00:00:00,BC,JAYHIND,,MH14LL4207,18,10,46.85,98.21,4601.1385,119955,119864,91,1.9423692636072571,9.1,37.75,3707.4275,,,,,,,,
509/8-6-26,11,2026-06-01 00:00:00,BA-VENDER,JAYHIND,VAIBHAV KAWADE,MH14LX8792,17,10,42.35,98.21,4159.1935,0,0,0,0,0,42.35,4159.1935,,,,,,,,
509/8-6-26,12,2026-06-01 00:00:00,BC,JAYHIND,DANAJI SAKUNDE,MH14LB3846,32,6,63.19,98.21,6205.889899999999,108223,107884,339,5.3647729071055545,56.5,6.689999999999998,657.0248999999998,,,,,,,,
509/8-6-26,13,2026-06-01 00:00:00,BC,JAYHIND,YOGESH GAWANDE,MH14LB4534,50,4,71,98.21,6972.91,72184,71992,192,2.704225352112676,48,23,2258.83,,,,,,,,
509/8-6-26,14,2026-06-01 00:00:00,BC,JAYHIND,SOURABHV BOABADE,MH14LB3989,50,4,68.46,98.21,6723.456599999999,96995,96806,189,2.7607361963190185,47.25,21.209999999999994,2083.0340999999994,,,,,,,,
509/8-6-26,15,2026-06-01 00:00:00,BC,JAYHIND,ANKIT KAKODIYA,MH14LB3845,32,6,70,98.21,6874.7,92781,92481,300,4.285714285714286,50,20,1964.1999999999998,,,,,,,,
509/8-6-26,16,2026-06-01 00:00:00,JCB,JAYHIND,SACHIN WAGHMARE,MH14LL4187,30,6,75,98.21,7365.749999999999,129544,129116,428,5.706666666666667,71.33333333333333,3.6666666666666714,360.10333333333375,,,,,,,,
509/8-6-26,17,2026-06-01 00:00:00,KWT,JAYHIND,ARUN,MH14HG6857,17,10,50,98.21,4910.5,352903,352393,510,10.2,51,-1,-98.21,,,,,,,,
509/8-6-26,18,2026-06-01 00:00:00,BA-VENDER,JAYHIND,HEMANT,MH12WF5993,17,10,62.08,98.21,6096.876799999999,0,0,0,0,0,62.08,6096.876799999999,,,,,,,,
509/8-6-26,19,2026-06-01 00:00:00,JCB,JAYHIND,PRAMOD BARKUL,MH14LL4188,30,6,76,98.21,7463.959999999999,133445,133026,419,5.5131578947368425,69.83333333333333,6.166666666666671,605.6283333333338,,,,,,,,
509/8-6-26,20,2026-06-01 00:00:00,JCB-VENDOR,JAYHIND,,MH14LL4301,,,48.02,98.21,4716.0442,0,0,0,0,#DIV/0!,#DIV/0!,#DIV/0!,,,,,,,,
509/8-6-26,21,2026-06-01 00:00:00,BA-VENDER,JAYHIND,DEVDAS DEKHANE,MH12WR1918,17,10,18.53,98.21,1819.8313,0,0,0,0,0,18.53,1819.8313,,,,,,,,
509/8-6-26,22,2026-06-01 00:00:00,BA-VENDER,JAYHIND,MARAL,MH12UM9865,17,10,56.6,98.21,5558.686,0,0,0,0,0,56.6,5558.686,,,,,,,,
509/8-6-26,23,2026-06-01 00:00:00,BA-VENDER,JAYHIND,SITARAM POL,MH14LB5428,18,12,27.75,98.21,2725.3275,0,0,0,0,0,27.75,2725.3275,,,,,,,,
509/8-6-26,24,2026-06-01 00:00:00,BA-VENDER,JAYHIND,DATTA DOMBLE,MH14LB2783,36,6,56.05,98.21,5504.670499999999,0,0,0,0,0,56.05,5504.670499999999,,,,,,,,
509/8-6-26,25,2026-06-01 00:00:00,KB-VENDER,JAYHIND,,MH14WX3358,,,83.89,98.21,8238.8369,0,0,0,0,#DIV/0!,#DIV/0!,#DIV/0!,,,,,,,,
509/8-6-26,26,2026-06-01 00:00:00,BA-VENDER,JAYHIND,ABHAY HANDE,MH14LL1494,17,10,46.02,98.21,4519.6242,0,0,0,0,0,46.02,4519.6242,,,,,,,,
509/8-6-26,27,2026-06-01 00:00:00,KB-VENDER,JAYHIND,VIJAY GAWAI,MH14LB9489,40,5.5,92.64,98.21,9098.1744,0,0,0,0,0,92.64,9098.1744,,,,,,,,
509/8-6-26,28,2026-06-01 00:00:00,KB-VENDER,JAYHIND,,MH12ZE6744,,,149,98.21,14633.289999999999,0,0,0,0,#DIV/0!,#DIV/0!,#DIV/0!,,,,,,,,
509/8-6-26,29,2026-06-01 00:00:00,VW,JAYHIND,,MH14KA2924,40,5.5,52,98.21,5106.92,118490,118152,338,6.5,61.45454545454545,-9.454545454545453,-928.530909090909,,,,,,,,
509/8-6-26,30,2026-06-01 00:00:00,KWT,JAYHIND,GOVINDA CHAVAN,MH14GD9102,36,6,50,98.21,4910.5,291543,291380,163,3.26,27.166666666666668,22.833333333333332,2242.4616666666666,,,,,,,,
509/8-6-26,31,2026-06-01 00:00:00,TML,JAYHIND,,MH14CW4802,41,5.3,80,98.21,7856.799999999999,480787,480212,575,7.1875,108.49056603773585,-28.490566037735846,-2798.058490566037,,,,,,,,
509/8-6-26,32,2026-06-01 00:00:00,KWT,JAYHIND,BHAIRU KAWADE,MH14GD9124,36,6,50,98.21,4910.5,324970,324747,223,4.46,37.166666666666664,12.833333333333336,1260.361666666667,,,,,,,,
509/8-6-26,33,2026-06-01 00:00:00,VW,JAYHIND,,MH14KA1765,40,5.5,80,98.21,7856.799999999999,157561,157009,552,6.9,100.36363636363636,-20.36363636363636,-1999.9127272727267,,,,,,,,
509/8-6-26,34,2026-06-01 00:00:00,VW,JAYHIND,,MH14KA2817,40,5.5,100,98.21,9821,150085,149787,298,2.98,54.18181818181818,45.81818181818182,4499.8036363636365,,,,,,,,
509/8-6-26,35,2026-06-01 00:00:00,VW,JAYHIND,,MH14KA1499,40,5.5,90,98.21,8838.9,234316,233987,329,3.6555555555555554,59.81818181818182,30.18181818181818,2964.156363636363,,,,,,,,
509/8-6-26,36,2026-06-01 00:00:00,VW,JAYHIND,,MH14KA1913,40,5.5,86,98.21,8446.06,295150,294533,617,7.174418604651163,112.18181818181819,-26.181818181818187,-2571.316363636364,,,,,,,,
509/8-6-26,37,2026-06-01 00:00:00,VW,JAYHIND,,MH14KA1902,40,5.5,130,98.21,12767.3,168292,167755,537,4.130769230769231,97.63636363636364,32.36363636363636,3178.432727272727,,,,,,,,
509/8-6-26,38,2026-06-01 00:00:00,VW,JAYHIND,,MH14KA2563,40,5.5,100,98.21,9821,135813,135496,317,3.17,57.63636363636363,42.36363636363637,4160.532727272727,,,,,,,,
509/8-6-26,39,2026-06-01 00:00:00,VW,JAYHIND,,MH14KA2879,40,5.5,20,98.21,1964.1999999999998,192934,192301,633,31.65,115.0909090909091,-95.0909090909091,-9338.878181818181,,,,,,,,
509/8-6-26,40,2026-06-01 00:00:00,VW,JAYHIND,,MH14KA1737,40,5.5,120,98.21,11785.199999999999,162266,161740,526,4.383333333333334,95.63636363636364,24.36363636363636,2392.7527272727266,,,,,,,,
509/8-6-26,41,2026-06-01 00:00:00,VW,JAYHIND,,MH14KA1742,40,5.5,70,98.21,6874.7,154790,154345,445,6.357142857142857,80.9090909090909,-10.909090909090907,-1071.3818181818178,,,,,,,,
509/8-6-26,42,2026-06-01 00:00:00,VW,JAYHIND,,MH14KA1915,40,5.5,70,98.21,6874.7,258114,257885,229,3.2714285714285714,41.63636363636363,28.363636363636367,2785.592727272727,,,,,,,,
509/8-6-26,43,2026-06-01 00:00:00,LEAR-CHAKAN,JAYHIND,,MH14LB6214,25,7,30,98.21,2946.2999999999997,198511,198005,506,16.866666666666667,72.28571428571429,-42.28571428571429,-4152.88,,,,,,,,
509/8-6-26,44,2026-06-01 00:00:00,VW,JAYHIND,,MH14KA2558,40,5.5,90,98.21,8838.9,217448,216848,600,6.666666666666667,109.0909090909091,-19.090909090909093,-1874.918181818182,,,,,,,,
509/8-6-26,45,2026-06-01 00:00:00,VW,JAYHIND,,MH14KA1739,40,5.5,115,98.21,11294.15,161732,161338,394,3.4260869565217393,71.63636363636364,43.36363636363636,4258.742727272726,,,,,,,,
509/8-6-26,46,2026-06-01 00:00:00,VW,JAYHIND,,MH14KA1763,40,5.5,70,98.21,6874.7,124850,124566,284,4.057142857142857,51.63636363636363,18.363636363636367,1803.4927272727275,,,,,,,,
509/8-6-26,47,2026-06-01 00:00:00,VW,JAYHIND,,MH14KA1898,40,5.5,40,98.21,3928.3999999999996,167196,167005,191,4.775,34.72727272727273,5.272727272727273,517.8345454545455,,,,,,,,
509/8-6-26,48,2026-06-01 00:00:00,LEAR-CHAKAN,JAYHIND,SACHIN,MH14LB5914,18,12,30,98.21,2946.2999999999997,191535,191013,522,17.4,43.5,-13.5,-1325.8349999999998,,,,,,,,
509/8-6-26,49,2026-06-01 00:00:00,LEAR-CHAKAN,JAYHIND,,MH14LB3844,32,6,50,98.21,4910.5,94964,94789,175,3.5,29.166666666666668,20.833333333333332,2046.0416666666665,,,,,,,,
509/8-6-26,50,2026-06-01 00:00:00,LEAR-CHAKAN,JAYHIND,LAXMAN PATIL,MH14LB5915,18,12,30,98.21,2946.2999999999997,123908,123589,319,10.633333333333333,26.583333333333332,3.416666666666668,335.5508333333334,,,,,,,,
509/8-6-26,51,2026-06-01 00:00:00,BC,JAYHIND,BASVARAJ,MH14LL4204,18,10,38,98.21,3731.9799999999996,163530,163191,339,8.921052631578947,33.9,4.100000000000001,402.6610000000001,,,,,,,,
509/8-6-26,52,2026-06-01 00:00:00,BC,JAYHIND,,MH14LB3990,50,4,59,98.21,5794.389999999999,71189,70990,199,3.3728813559322033,49.75,9.25,908.4425,,,,,,,,
509/8-6-26,53,2026-06-01 00:00:00,VW,JAYHIND,,MH14KA1905,40,5.5,100,98.21,9821,211024,210644,380,3.8,69.0909090909091,30.909090909090907,3035.5818181818177,,,,,,,,
509/8-6-26,54,2026-06-01 00:00:00,VW,JAYHIND,,MH14KA1903,40,5.5,100,98.21,9821,149190,148718,472,4.72,85.81818181818181,14.181818181818187,1392.796363636364,,,,,,,,
509/8-6-26,55,2026-06-01 00:00:00,VW,JAYHIND,,MH14KA2562,40,5.5,100,98.21,9821,146867,146591,276,2.76,50.18181818181818,49.81818181818182,4892.643636363637,,,,,,,,
509/8-6-26,56,2026-06-01 00:00:00,VW,JAYHIND,,MH14KA2602,40,5.5,100,98.21,9821,165805,165430,375,3.75,68.18181818181819,31.818181818181813,3124.8636363636356,,,,,,,,
509/8-6-26,57,2026-06-01 00:00:00,VW,JAYHIND,,MH14KA2467,40,5.5,100,98.21,9821,149790,149433,357,3.57,64.9090909090909,35.09090909090909,3446.278181818182,,,,,,,,
509/8-6-26,58,2026-06-01 00:00:00,VW,JAYHIND,,MH14KA2731,40,5.5,70,98.21,6874.7,174171,173744,427,6.1,77.63636363636364,-7.63636363636364,-749.9672727272731,,,,,,,,
509/8-6-26,59,2026-06-01 00:00:00,VW,JAYHIND,,MH14KA2811,40,5.5,50,98.21,4910.5,187974,187813,161,3.22,29.272727272727273,20.727272727272727,2035.6254545454544,,,,,,,,
509/8-6-26,60,2026-06-01 00:00:00,VW,JAYHIND,,MH14KA1894,40,5.5,100,98.21,9821,130932,130649,283,2.83,51.45454545454545,48.54545454545455,4767.649090909091,,,,,,,,
509/8-6-26,61,2026-06-01 00:00:00,VW,JAYHIND,,MH14KA2560,40,5.5,80,98.21,7856.799999999999,178890,178655,235,2.9375,42.72727272727273,37.27272727272727,3660.5545454545454,,,,,,,,
509/8-6-26,62,2026-06-01 00:00:00,VW,JAYHIND,,MH14KA2818,40,5.5,100,98.21,9821,129321,128772,549,5.49,99.81818181818181,0.18181818181818699,17.856363636364144,,,,,,,,
509/8-6-26,63,2026-06-01 00:00:00,VW,JAYHIND,,MH14KA2591,40,5.5,50,98.21,4910.5,138199,138028,171,3.42,31.09090909090909,18.90909090909091,1857.0618181818181,,,,,,,,
509/8-6-26,64,2026-06-01 00:00:00,VW,JAYHIND,,MH14KA3311,20,8,40,98.21,3928.3999999999996,166078,165945,133,3.325,16.625,23.375,2295.65875,,,,,,,,
509/8-6-26,65,2026-06-01 00:00:00,VW,JAYHIND,,MH14KA1883,40,5.5,35,98.21,3437.35,196968,196780,188,5.371428571428571,34.18181818181818,0.8181818181818201,80.35363636363655,,,,,,,,
509/8-6-26,66,2026-06-01 00:00:00,LEAR-CHAKAN,JAYHIND,SHIVAJI SHINDE,MH14LB5921,18,12,20,98.21,1964.1999999999998,211988,211897,91,4.55,7.583333333333333,12.416666666666668,1219.4408333333333,,,,,,,,
509/8-6-26,67,2026-06-01 00:00:00,VW,JAYHIND,,MH14KA1909,40,5.5,35,98.21,3437.35,153404,153186,218,6.228571428571429,39.63636363636363,-4.636363636363633,-455.33727272727236,,,,,,,,
509/8-6-26,68,2026-06-01 00:00:00,VW,JAYHIND,,MH14KA2557,40,5.5,35,98.21,3437.35,209098,208770,328,9.371428571428572,59.63636363636363,-24.636363636363633,-2419.5372727272725,,,,,,,,
509/8-6-26,69,2026-06-01 00:00:00,VW,JAYHIND,,MH14KA2463,40,5.5,85,98.21,8347.85,136516,136266,250,2.9411764705882355,45.45454545454545,39.54545454545455,3883.759090909091,,,,,,,,
509/8-6-26,70,2026-06-01 00:00:00,VW,JAYHIND,,MH14KQ1004,40,5.5,40,98.21,3928.3999999999996,83489,83167,322,8.05,58.54545454545455,-18.545454545454547,-1821.3490909090908,,,,,,,,
5532,71,2026-06-01 00:00:00,VW,YES,,MH14KA1910,40,5.5,100,98.41,9841,154856,154496,360,3.6,65.45454545454545,34.54545454545455,3399.6181818181817,,,,,,,,
5532,72,2026-06-01 00:00:00,VW,YES,,MH14KA1740,40,5.5,70,98.41,6888.7,177665,177271,394,5.628571428571429,71.63636363636364,-1.6363636363636402,-161.03454545454582,,,,,,,,
5532,73,2026-06-01 00:00:00,VW,YES,,MH14KA1882,40,5.5,60,98.41,5904.599999999999,164012,163720,292,4.866666666666666,53.09090909090909,6.9090909090909065,679.9236363636361,,,,,,,,
5532,74,2026-06-01 00:00:00,VW,YES,,MH14KA2816,40,5.5,50,98.41,4920.5,119277,119117,160,3.2,29.09090909090909,20.90909090909091,2057.663636363636,,,,,,,,
5532,75,2026-06-01 00:00:00,VW,YES,,MH14KA1888,40,5.5,100,98.41,9841,170040,169881,159,1.59,28.90909090909091,71.0909090909091,6996.056363636364,,,,,,,,
5532,76,2026-06-01 00:00:00,BC,YES,,MH14LB3849,40,5.5,110,98.41,10825.1,97178,97013,165,1.5,30,80,7872.799999999999,,,,,,,,
5532,77,2026-06-01 00:00:00,BC,YES,,MH14LB3985,50,4,88,98.41,8660.08,82910,82676,234,2.659090909090909,58.5,29.5,2903.095,,,,,,,,
5532,78,2026-06-01 00:00:00,VW,YES,,MH14KA2556,40,5.5,100,98.41,9841,162703,162420,283,2.83,51.45454545454545,48.54545454545455,4777.358181818182,,,,,,,,
5532,79,2026-06-01 00:00:00,VW,YES,,MH14KA1907,40,5.5,100,98.41,9841,201514,201187,327,3.27,59.45454545454545,40.54545454545455,3990.0781818181817,,,,,,,,
5532,80,2026-06-01 00:00:00,VW,YES,,MH14KA1906,40,5.5,80,98.41,7872.799999999999,167421,166761,660,8.25,120,-40,-3936.3999999999996,,,,,,,,
5532,81,2026-06-01 00:00:00,VW,YES,,MH14KA1912,40,5.5,100,98.41,9841,221123,220862,261,2.61,47.45454545454545,52.54545454545455,5170.998181818181,,,,,,,,
5532,82,2026-06-01 00:00:00,LEAR-CHAKAN,YES,AMOL PATIL,MH14LB5925,18,12,30,98.41,2952.2999999999997,129340,128970,370,12.333333333333334,30.833333333333332,-0.8333333333333321,-82.00833333333321,,,,,,,,
5532,83,2026-06-01 00:00:00,VW,YES,,MH14KA3312,20,8,40,98.41,3936.3999999999996,226447,225984,463,11.575,57.875,-17.875,-1759.07875,,,,,,,,
5532,84,2026-06-01 00:00:00,VW,YES,,MH14KA2808,40,5.5,100,98.41,9841,125950,125730,220,2.2,40,60,5904.599999999999,,,,,,,,
5532,85,2026-06-01 00:00:00,LEAR-CHAKAN,YES,,MH14LB5922,18,12,30,98.41,2952.2999999999997,138746,138490,256,8.533333333333333,21.333333333333332,8.666666666666668,852.8866666666668,,,,,,,,
5532,86,2026-06-01 00:00:00,VW,YES,,MH14KA2570,40,5.5,100,98.41,9841,178573,178284,289,2.89,52.54545454545455,47.45454545454545,4670.001818181818,,,,,,,,
5532,87,2026-06-01 00:00:00,LEAR-CHAKAN,YES,,MH14LB5917,18,12,30,98.41,2952.2999999999997,150909,150434,475,15.833333333333334,39.583333333333336,-9.583333333333336,-943.0958333333335,,,,,,,,
5532,88,2026-06-01 00:00:00,VW,YES,,MH14KA3010,40,5.5,100,98.41,9841,193909,193729,180,1.8,32.72727272727273,67.27272727272728,6620.3090909090915,,,,,,,,
5532,89,2026-06-01 00:00:00,BC,YES,SAWPNIL,MH14LB3987,50,4,91,98.41,8955.31,58608,58314,294,3.230769230769231,73.5,17.5,1722.175,,,,,,,,
5532,90,2026-06-01 00:00:00,VW,YES,,MH14KA1886,40,5.5,100,98.41,9841,197486,197077,409,4.09,74.36363636363636,25.63636363636364,2522.8745454545456,,,,,,,,
5532,91,2026-06-01 00:00:00,VW,YES,,MH14KA2935,40,5.5,100,98.41,9841,151750,151468,282,2.82,51.27272727272727,48.72727272727273,4795.250909090909,,,,,,,,
5532,92,2026-06-01 00:00:00,BC,YES,,MH14LB3986,50,4,72,98.41,7085.5199999999995,106525,106465,60,0.8333333333333334,15,57,5609.37,,,,,,,,
5532,93,2026-06-01 00:00:00,VW,YES,,MH14KA1738,40,5.5,100,98.41,9841,153605,153448,157,1.57,28.545454545454547,71.45454545454545,7031.841818181818,,,,,,,,
5532,94,2026-06-01 00:00:00,VW,YES,,MH14KA2464,40,5.5,100,98.41,9841,143693,143550,143,1.43,26,74,7282.34,,,,,,,,
5532,95,2026-06-01 00:00:00,VW,YES,,MH14KA1916,40,5.5,49,98.41,4822.09,136528,136331,197,4.020408163265306,35.81818181818182,13.18181818181818,1297.222727272727,,,,,,,,
144,96,2026-06-01 00:00:00,KB-VENDER,YES,AYUB JAMADAR,MH14HU5220,40,5.5,103,98.41,10136.23,0,0,0,0,0,103,10136.23,,,,,,,,
144,97,2026-06-01 00:00:00,KB-VENDER,YES,AYUB JAMADAR,MH14HU5220,40,5.5,101,98.41,9939.41,0,0,0,0,0,101,9939.41,,,,,,,,
144,98,2026-06-01 00:00:00,KB-VENDER,YES,NILESH,MH14LL9848,40,5.5,110,98.41,10825.1,0,0,0,0,0,110,10825.1,,,,,,,,
144,99,2026-06-01 00:00:00,KB-VENDER,YES,NILESH TATHE,MH14LL4886,40,5.5,94,98.41,9250.539999999999,0,0,0,0,0,94,9250.539999999999,,,,,,,,
144,100,2026-06-01 00:00:00,TML-VENDER,YES,NANA RASKAR,MH14GD4572,50,4,222,98.41,21847.02,0,0,0,0,0,222,21847.02,,,,,,,,
144,101,2026-06-01 00:00:00,TML,YES,SOMNATH KALE,MH14CW2902,36,5.5,50,98.41,4920.5,393979,393497,482,9.64,87.63636363636364,-37.63636363636364,-3703.7945454545456,,,,,,,,
144,102,2026-06-01 00:00:00,TML-VENDER,YES,NANA RASKAR,MH14GD7245,49,4,204,98.41,20075.64,0,0,0,0,0,204,20075.64,,,,,,,,
144,103,2026-06-01 00:00:00,KB,YES,,MH14MT2842,40,5.5,83,98.41,8168.03,33036,32632,404,4.867469879518072,73.45454545454545,9.545454545454547,939.3681818181819,,,,,,,,
144,104,2026-06-01 00:00:00,TML-VENDER,YES,,MH14MH2897,40,5.5,75,98.41,7380.75,0,0,0,0,0,75,7380.75,,,,,,,,
144,105,2026-06-01 00:00:00,KB,YES,,MH14CW4614,40,5.5,110,98.41,10825.1,282154,281576,578,5.254545454545455,105.0909090909091,4.9090909090909065,483.1036363636361,,,,,,,,
144,106,2026-06-01 00:00:00,TML,YES,DANRAJ KOLI,MH14CW2905,36,5.5,147,98.41,14466.269999999999,553319,552620,699,4.755102040816326,127.0909090909091,19.909090909090907,1959.2536363636361,,,,,,,,
144,107,2026-06-01 00:00:00,TML,YES,DILIP BARKAMBE,MH14CW4815,41,5,80,98.41,7872.799999999999,501352,500757,595,7.4375,119,-39,-3837.99,,,,,,,,
144,108,2026-06-01 00:00:00,TML,YES,,MH14CW3260,36,5,120,98.41,11809.199999999999,432649,432000,649,5.408333333333333,129.8,-9.800000000000011,-964.418000000001,,,,,,,,
144,109,2026-06-01 00:00:00,TML,YES,AMOL,MH14CW3581,36,5.5,123,98.41,12104.43,82505,81940,565,4.59349593495935,102.72727272727273,20.272727272727266,1995.0390909090902,,,,,,,,
144,110,2026-06-01 00:00:00,TML,YES,DHIRAJ NAIK,MH14CW4812,41,5.5,90,98.41,8856.9,560614,559897,717,7.966666666666667,130.36363636363637,-40.363636363636374,-3972.1854545454553,,,,,,,,
144,111,2026-06-01 00:00:00,TML,YES,RAMDAS MARANE,MH14CW4822,41,5.5,110,98.41,10825.1,481462,480879,583,5.3,106,4,393.64,,,,,,,,
144,112,2026-06-01 00:00:00,TML,YES,GANSHAM RAM,MH14CW4610,40,5.5,135,98.41,13285.35,396014,395567,447,3.311111111111111,81.27272727272727,53.727272727272734,5287.30090909091,,,,,,,,
144,113,2026-06-01 00:00:00,TML-VENDER,YES,,MH14LL9502,,,109,98.41,10726.69,0,0,0,0,#DIV/0!,#DIV/0!,#DIV/0!,,,,,,,,
144,114,2026-06-01 00:00:00,TML,YES,,MH14CW2893,36,5.5,110,98.41,10825.1,372249,371845,404,3.672727272727273,73.45454545454545,36.54545454545455,3596.438181818182,,,,,,,,
144,115,2026-06-01 00:00:00,KB-VENDER,YES,,MH14MT9394,,,112,98.41,11021.92,0,0,0,0,#DIV/0!,#DIV/0!,#DIV/0!,,,,,,,,
144,116,2026-06-01 00:00:00,TML-VENDER,YES,,MH12KQ7263,49,4,230,98.41,22634.3,0,0,0,0,0,230,22634.3,,,,,,,,
144,117,2026-06-01 00:00:00,TML,YES,VISHNU KALE,MH14CW4613,41,5.5,40,98.41,3936.3999999999996,25020,24805,215,5.375,39.09090909090909,0.9090909090909065,89.46363636363611,,,,,,,,
144,118,2026-06-01 00:00:00,TML,YES,SHIVAJI SAWANT,MH14CW4852,39,4.5,95,98.41,9348.949999999999,87366,87033,333,3.5052631578947366,74,21,2066.61,,,,,,,,
144,119,2026-06-01 00:00:00,TML,YES,GAJANAN PATIL,MH14CW2895,36,5.5,60,98.41,5904.599999999999,423211,422911,300,5,54.54545454545455,5.454545454545453,536.781818181818,,,,,,,,
144,120,2026-06-01 00:00:00,KB,YES,SHIVANCHAL,MH14HG5614,28,6,100,98.41,9841,377399,377226,173,1.73,28.833333333333332,71.16666666666667,7003.511666666667,,,,,,,,
144,121,2026-06-01 00:00:00,TML,YES,KISHOR SHINDE,MH14CW4823,40,5.3,101,98.41,9939.41,557691,557026,665,6.584158415841584,125.47169811320755,-24.47169811320755,-2408.259811320755,,,,,,,,
144,122,2026-06-01 00:00:00,LEAR-BHOSARI,YES,DINKAR,MH14LB5817,18,12,28,98.41,2755.48,73585,73466,119,4.25,9.916666666666666,18.083333333333336,1779.5808333333334,,,,,,,,
144,123,2026-06-01 00:00:00,LEAR-BHOSARI,YES,TEJAS,MH14LB6269,18,12,55,98.41,5412.55,53006,52523,483,8.781818181818181,40.25,14.75,1451.5475,,,,,,,,
144,124,2026-06-01 00:00:00,KB-VENDER,YES,,MH14HG8154,,,63,98.41,6199.83,0,0,0,0,#DIV/0!,#DIV/0!,#DIV/0!,,,,,,,,
144,125,2026-06-01 00:00:00,TML,YES,LAXMAN MAHARAJ,MH14CW3266,36,5,110,98.41,10825.1,169957,169468,489,4.445454545454545,97.8,12.200000000000003,1200.6020000000003,,,,,,,,
144,126,2026-06-01 00:00:00,KB,YES,HANUMTRAO,MH14HG5615,28,6,75,98.41,7380.75,309372,308988,384,5.12,64,11,1082.51,,,,,,,,
144,127,2026-06-01 00:00:00,KB,YES,,MH14CW2908,36,5.5,117,98.41,11513.97,352461,351813,648,5.538461538461538,117.81818181818181,-0.818181818181813,-80.51727272727221,,,,,,,,
144,128,2026-06-01 00:00:00,LEAR-BHOSARI,YES,APPA,MH14LB6095,18,12,48,98.41,4723.68,48758,48551,207,4.3125,17.25,30.75,3026.1075,,,,,,,,
144,129,2026-06-01 00:00:00,LEAR-BHOSARI,YES,NIMBHALKAR,MH14LB6092,18,12,55,98.41,5412.55,47850,47436,414,7.527272727272727,34.5,20.5,2017.405,,,,,,,,
144,130,2026-06-01 00:00:00,LEAR-BHOSARI,YES,VITTHAL,MH14LB5820,18,12,23,98.41,2263.43,40704,40572,132,5.739130434782608,11,12,1180.92,,,,,,,,
144,131,2026-06-01 00:00:00,LEAR-BHOSARI,YES,AKBAR SHAIKH,MH14LB5815,18,12,56,98.41,5510.96,45561,45435,126,2.25,10.5,45.5,4477.655,,,,,,,,
144,132,2026-06-01 00:00:00,TML,YES,SACHIN KAMBLE,MH14CW3584,36,5.5,105,98.41,10333.05,504942,504559,383,3.6476190476190475,69.63636363636364,35.36363636363636,3480.135454545454,,,,,,,,
144,133,2026-06-01 00:00:00,TML,YES,RANGNATH,MH14CW4612,40,5.5,55,98.41,5412.55,260418,260154,264,4.8,48,7,688.87,,,,,,,,
144,134,2026-06-01 00:00:00,TML,YES,,MH14CW2897,36,5.5,125,98.41,12301.25,386580,385970,610,4.88,110.9090909090909,14.090909090909093,1386.686363636364,,,,,,,,
144,135,2026-06-01 00:00:00,TML,YES,,MH14CW3867,,,70,98.41,6888.7,99667,99293,374,5.3428571428571425,#DIV/0!,#DIV/0!,#DIV/0!,,,,,,,,
144,136,2026-06-01 00:00:00,TML,YES,SATISH PADWAL,MH14CW2904,36,5.5,125,98.41,12301.25,397475,396703,772,6.176,140.36363636363637,-15.363636363636374,-1511.9354545454555,,,,,,,,
144,137,2026-06-01 00:00:00,KB,YES,KESHV PAWADE,MH14GD4460,49,4,140,98.41,13777.4,470311,469857,454,3.242857142857143,113.5,26.5,2607.865,,,,,,,,
2319/10-6-26,138,2026-06-01 00:00:00,HYUNDAI-IFM,SAIEE,,HYUNDAI-IFM,,,35,111.94,3917.9,0,0,0,0,#DIV/0!,#DIV/0!,#DIV/0!,,,,,,,,
2318/10-6-26,139,2026-06-01 00:00:00,JCB,SAIEE,,MH14LL4138,30,6,96,98.59,9464.64,159434,158905,529,5.510416666666667,88.16666666666667,7.833333333333329,772.2883333333328,,,,,,,,
2318/10-6-26,140,2026-06-01 00:00:00,JCB,SAIEE,VIKAS CHAVAN,MH14LL4132,30,6,104.75,98.59,10327.3025,80399,79837,562,5.365155131264917,93.66666666666667,11.083333333333329,1092.705833333333,,,,,,,,
2318/10-6-26,141,2026-06-01 00:00:00,JCB,SAIEE,BAPU VAMAN,MH14LL4159,30,6,70,98.59,6901.3,171223,170988,235,3.357142857142857,39.166666666666664,30.833333333333336,3039.8583333333336,,,,,,,,
2318/10-6-26,142,2026-06-01 00:00:00,JCB,SAIEE,CHANDRSHING WAGH,MH14LL4156,30,6,60,98.59,5915.400000000001,157921,157558,363,6.05,60.5,-0.5,-49.295,,,,,,,,
2318/10-6-26,143,2026-06-01 00:00:00,HYUNDAI,SAIEE,PREM SOLANKHI,MH14LX2599,40,5.5,120,98.59,11830.800000000001,39683,39219,464,3.8666666666666667,84.36363636363636,35.63636363636364,3513.3890909090915,,,,,,,,
2318/10-6-26,144,2026-06-01 00:00:00,HYUNDAI,SAIEE,GOPAL KALE,MH14LL6329,41,5.5,122.64,98.59,12091.0776,24009,23646,363,2.959882583170254,66,56.64,5584.1376,,,,,,,,
2318/10-6-26,145,2026-06-01 00:00:00,JCB,SAIEE,SUSHANT SHELAR,MH14LL4145,30,6,57,98.59,5619.63,110403,110063,340,5.964912280701754,56.666666666666664,0.3333333333333357,32.86333333333357,,,,,,,,
2318/10-6-26,146,2026-06-01 00:00:00,JCB,SAIEE,PANDURANG KADAM,MH14CW2890,36,5,79,98.59,7788.610000000001,464789,464354,435,5.506329113924051,87,-8,-788.72,,,,,,,,
2318/10-6-26,147,2026-06-01 00:00:00,HYUNDAI,SAIEE,GANESH SHELAR,MH14LX7842,40,5.5,68.98,98.59,6800.738200000001,34220,33921,299,4.334589736155407,54.36363636363637,14.616363636363637,1441.027290909091,,,,,,,,
2318/10-6-26,148,2026-06-01 00:00:00,JCB,SAIEE,,MH14LX1060,50,4,31.87,98.59,3142.0633000000003,31594,31458,136,4.2673360527141515,34,-2.129999999999999,-209.99669999999992,,,,,,,,
2318/10-6-26,149,2026-06-01 00:00:00,HYUNDAI,SAIEE,PRASHANT PARGE,MH14LL6274,41,5.5,128.31,98.59,12650.082900000001,75499,75408,91,0.7092198581560284,16.545454545454547,111.76454545454546,11018.866536363637,,,,,,,,
2318/10-6-26,150,2026-06-01 00:00:00,JCB,SAIEE,,MH14LX2893,40,5.5,140.03,98.59,13805.557700000001,17490,17364,126,0.8998071841748196,22.90909090909091,117.1209090909091,11546.950427272728,,,,,,,,
2318/10-6-26,151,2026-06-01 00:00:00,HYUNDAI,SAIEE,ASHIVIN SIRSATH,MH14LX2567,40,5.5,129.34,98.59,12751.6306,36097,35340,757,5.852791093242616,137.63636363636363,-8.296363636363623,-817.9384909090896,,,,,,,,
2318/10-6-26,152,2026-06-01 00:00:00,JCB,SAIEE,DAYNESHWAR GAVALI,MH14LL4139,30,6,96.51,98.59,9514.920900000001,128427,127891,536,5.553828618795979,89.33333333333333,7.1766666666666765,707.5475666666676,,,,,,,,
2318/10-6-26,153,2026-06-01 00:00:00,HYUNDAI,SAIEE,SANJAY ROUNDHAL,MH14LX2894,40,5.5,95.45,98.59,9410.415500000001,55635,55190,445,4.662126767941331,80.9090909090909,14.540909090909096,1433.5882272727279,,,,,,,,
2318/10-6-26,154,2026-06-01 00:00:00,JCB,SAIEE,SHIDESHWAR KORE,MH14LL4183,30,6,20,98.59,1971.8000000000002,91008,90743,265,13.25,44.166666666666664,-24.166666666666664,-2382.5916666666667,,,,,,,,
2318/10-6-26,155,2026-06-01 00:00:00,JCB,SAIEE,SACHIN RAUT,MH14LL4205,18,10,45,98.59,4436.55,187708,187353,355,7.888888888888889,35.5,9.5,936.605,,,,,,,,
2318/10-6-26,156,2026-06-01 00:00:00,JCB,SAIEE,BALAJI RAWALE,MH14LL4199,18,10,45,98.59,4436.55,173085,172678,407,9.044444444444444,40.7,4.299999999999997,423.9369999999997,,,,,,,,
2318/10-6-26,157,2026-06-01 00:00:00,JCB,SAIEE,SWAPNIL BORATE,MH14MH5755,17,10,50.25,98.59,4954.1475,0,0,0,0,0,50.25,4954.1475,,,,,,,,
2318/10-6-26,158,2026-06-01 00:00:00,JCB-VENDOR,SAIEE,VENDOR,MH14HG7555,17,10,49.82,98.59,4911.7538,0,0,0,0,0,49.82,4911.7538,,,,,,,,
2318/10-6-26,159,2026-06-01 00:00:00,BA-VENDER,SAIEE,DATTA DOMBLE,MH14LB2873,36,6,81,98.59,7985.79,0,0,0,0,0,81,7985.79,,,,,,,,
2318/10-6-26,160,2026-06-01 00:00:00,JCB,SAIEE,SANTOSH SHINDE,MH14LL4125,30,6,100,98.59,9859,97670,96970,700,7,116.66666666666667,-16.66666666666667,-1643.1666666666672,,,,,,,,
2318/10-6-26,161,2026-06-01 00:00:00,MITSUBISHI,SAIEE,SANTOSH CHAVAN,MH14LB2874,33,6,64,98.59,6309.76,72887,72505,382,5.96875,63.666666666666664,0.3333333333333357,32.86333333333357,,,,,,,,
2318/10-6-26,162,2026-06-01 00:00:00,HYUNDAI,SAIEE,RAJU RATHOD,MH14LX7485,41,5.5,138.5,98.59,13654.715,37597,36809,788,5.689530685920578,143.27272727272728,-4.7727272727272805,-470.5431818181826,,,,,,,,
2318/10-6-26,163,2026-06-01 00:00:00,JCB,SAIEE,JAGDISH PATIL,MH14LL4189,30,6,58.48,98.59,5765.5432,204546,204204,342,5.848153214774282,57,1.4799999999999969,145.9131999999997,,,,,,,,
2318/10-6-26,164,2026-06-01 00:00:00,JCB,SAIEE,GAJANAN MARSHETTI,MH14LL4197,18,10,48.98,98.59,4828.9382,103945,103340,605,12.351980400163333,60.5,-11.520000000000003,-1135.7568000000003,,,,,,,,
2318/10-6-26,165,2026-06-01 00:00:00,JCB,SAIEE,YOURAJ WAGH,MH14LL4179,30,6,70,98.59,6901.3,106661,106007,654,9.342857142857143,109,-39,-3845.01,,,,,,,,
2318/10-6-26,166,2026-06-01 00:00:00,JCB,SAIEE,SHIDESHWAR KORE,MH14LL4183,30,6,80,98.59,7887.200000000001,91112,91008,104,1.3,17.333333333333332,62.66666666666667,6178.306666666667,,,,,,,,
2318/10-6-26,167,2026-06-01 00:00:00,JCB,SAIEE,,MH14LL4134,30,6,40,98.59,3943.6000000000004,44258,43767,491,12.275,81.83333333333333,-41.83333333333333,-4124.348333333333,,,,,,,,
2318/10-6-26,168,2026-06-01 00:00:00,JCB,SAIEE,VISHNU YADAV,MH14LL4126,30,6,91.25,98.59,8996.3375,60293,59863,430,4.712328767123288,71.66666666666667,19.58333333333333,1930.7208333333328,,,,,,,,
2318/10-6-26,169,2026-06-01 00:00:00,JCB,SAIEE,GANESH KALOKHE,MH14LL4180,30,6,117,98.59,11535.03,79284,79009,275,2.3504273504273505,45.833333333333336,71.16666666666666,7016.321666666666,,,,,,,,
2318/10-6-26,170,2026-06-01 00:00:00,JCB,SAIEE,DASHRATH BHOITE,MH14LL4192,30,6,98,98.59,9661.82,76651,76107,544,5.551020408163265,90.66666666666667,7.333333333333329,722.9933333333329,,,,,,,,
,171,2026-06-01 00:00:00,KB,HPCL,,MH14GD4457,49,4,185,98.27,18179.95,326916,326233,683,3.691891891891892,170.75,14.25,1400.3474999999999,,,,,,,,
1284/10-6-26,172,2026-06-01 00:00:00,BC-VENDER,SHUBHAM,Sudhakar Sharad Daptare,MH14KQ5693,20,10,35,98.44,3445.4,0,0,0,0,0,35,3445.4,,,,,,,,
1284/10-6-26,173,2026-06-01 00:00:00,BC,SHUBHAM,AJINKYA KAMBLE,MH14LB3879,32,6,44.12,98.44,4343.172799999999,104226,104174,52,1.1786038077969176,8.666666666666666,35.45333333333333,3490.0261333333333,,,,,,,,
1284/10-6-26,174,2026-06-01 00:00:00,BC-VENDER,SHUBHAM,,MH14MH1600,36,6,30,98.44,2953.2,0,0,0,0,0,30,2953.2,,,,,,,,
1284/10-6-26,175,2026-06-01 00:00:00,BC-VENDER,SHUBHAM,,MH14LX9897,17,10,30,98.44,2953.2,0,0,0,0,0,30,2953.2,,,,,,,,
1284/10-6-26,176,2026-06-01 00:00:00,BC,SHUBHAM,RAJ KAMBLE,MH14LB4535,50,3.5,30,98.44,2953.2,110366,110180,186,6.2,53.142857142857146,-23.142857142857146,-2278.1828571428573,,,,,,,,
1284/10-6-26,177,2026-06-01 00:00:00,VW,SHUBHAM,,MH14KQ1004,40,5.5,40,98.44,3937.6,83514,83489,25,0.625,4.545454545454546,35.45454545454545,3490.1454545454544,,,,,,,,
1284/10-6-26,178,2026-06-01 00:00:00,BC-VENDER,SHUBHAM,Prathmesh Tours & Travels,MH12VF1253,20,10,18.24,98.44,1795.5455999999997,0,0,0,0,0,18.24,1795.5455999999997,,,,,,,,
1284/10-6-26,179,2026-06-01 00:00:00,BC-VENDER,SHUBHAM,Mukund Ramchandra Madvalkar,MH12LB9492,17,10,17.66,98.44,1738.4504,0,0,0,0,0,17.66,1738.4504,,,,,,,,
1284/10-6-26,180,2026-06-01 00:00:00,BC-VENDER,SHUBHAM,,MH12YQ7251,,,35,98.44,3445.4,0,0,0,0,#DIV/0!,#DIV/0!,#DIV/0!,,,,,,,,
1284/10-6-26,181,2026-06-01 00:00:00,BC,SHUBHAM,,MH14LB2877,18,10,23.54,98.44,2317.2776,114652,114426,226,9.600679694137638,22.6,0.9399999999999977,92.53359999999978,,,,,,,,
1284/10-6-26,182,2026-06-01 00:00:00,BC,SHUBHAM,,MH14HG2520,40,5,40,98.44,3937.6,212120,211878,242,6.05,48.4,-8.399999999999999,-826.8959999999998,,,,,,,,
1284/10-6-26,183,2026-06-01 00:00:00,BC-VENDER,SHUBHAM,,MH14MT9600,18,10,30,98.44,2953.2,0,0,0,0,0,30,2953.2,,,,,,,,
286/15-6-26,184,2026-06-01 00:00:00,MERCEDES,PRATIK,,MH14LX4885,32,4,124,98.57,12222.679999999998,37096,36996,100,0.8064516129032258,25,99,9758.429999999998,,,,,,,,
286/15-6-26,185,2026-06-01 00:00:00,MERCEDES,PRATIK,YASHPAL KAMBLE,MH14HG3115,36,4,95,98.57,9364.15,265887,265548,339,3.568421052631579,84.75,10.25,1010.3425,,,,,,,,
286/15-6-26,186,2026-06-01 00:00:00,MERCEDES,PRATIK,,MH14LX3716,32,4,80,98.57,7885.599999999999,33876,33605,271,3.3875,67.75,12.25,1207.4824999999998,,,,,,,,
286/15-6-26,187,2026-06-01 00:00:00,MERCEDES,PRATIK,,MH14HG3112,32,4,129,98.57,12715.529999999999,272828,272332,496,3.8449612403100777,124,5,492.84999999999997,,,,,,,,
286/15-6-26,188,2026-06-01 00:00:00,MERCEDES,PRATIK,,MH14HU3981,32,4,100,98.57,9857,255652,255389,263,2.63,65.75,34.25,3376.0224999999996,,,,,,,,
286/15-6-26,189,2026-06-01 00:00:00,MERCEDES,PRATIK,,MH14HG3116,32,4,100,98.57,9857,285282,285129,153,1.53,38.25,61.75,6086.697499999999,,,,,,,,
286/15-6-26,190,2026-06-01 00:00:00,MERCEDES,PRATIK,,MH14LX4888,32,4,142,98.57,13996.939999999999,35215,34900,315,2.2183098591549295,78.75,63.25,6234.5525,,,,,,,,
286/15-6-26,191,2026-06-01 00:00:00,MERCEDES,PRATIK,,MH14KA9148,32,4,130,98.57,12814.099999999999,109232,108903,329,2.5307692307692307,82.25,47.75,4706.7175,,,,,,,,
286/15-6-26,192,2026-06-01 00:00:00,MERCEDES,PRATIK,,MH14KA9139,32,4,120,98.57,11828.4,114858,114763,95,0.7916666666666666,23.75,96.25,9487.3625,,,,,,,,
286/15-6-26,193,2026-06-01 00:00:00,MERCEDES,PRATIK,,MH14LX3714,32,4,100,98.57,9857,38533,38315,218,2.18,54.5,45.5,4484.9349999999995,,,,,,,,
286/15-6-26,194,2026-06-01 00:00:00,MERCEDES,PRATIK,,MH14LX3726,32,4,120,98.57,11828.4,33297,32891,406,3.3833333333333333,101.5,18.5,1823.5449999999998,,,,,,,,
286/15-6-26,195,2026-06-01 00:00:00,MERCEDES,PRATIK,,MH14KA9143,32,4,112.03,98.57,11042.7971,94256,93987,269,2.4011425511023834,67.25,44.78,4413.9646,,,,,,,,
286/15-6-26,196,2026-06-01 00:00:00,MERCEDES,PRATIK,,MH14LX3718,32,4,120,98.57,11828.4,31154,31034,120,1,30,90,8871.3,,,,,,,,
286/15-6-26,197,2026-06-01 00:00:00,MERCEDES,PRATIK,,MH14HU3979,32,4,120,98.57,11828.4,204946,204741,205,1.7083333333333333,51.25,68.75,6776.687499999999,,,,,,,,
286/15-6-26,198,2026-06-01 00:00:00,MERCEDES,PRATIK,,MH14HG3117,32,4,100,98.57,9857,242850,242586,264,2.64,66,34,3351.3799999999997,,,,,,,,
286/15-6-26,199,2026-06-01 00:00:00,MERCEDES,PRATIK,,MH14KA9141,32,4,132,98.57,13011.24,101527,101106,421,3.1893939393939394,105.25,26.75,2636.7475,,,,,,,,
286/15-6-26,200,2026-06-01 00:00:00,MERCEDES,PRATIK,,MH14LX3710,32,4,92,98.57,9068.439999999999,37788,37631,157,1.7065217391304348,39.25,52.75,5199.567499999999,,,,,,,,
286/15-6-26,201,2026-06-01 00:00:00,MERCEDES,PRATIK,,MH14KA9152,32,4,100,98.57,9857,116392,116096,296,2.96,74,26,2562.8199999999997,,,,,,,,
286/15-6-26,202,2026-06-01 00:00:00,MERCEDES,PRATIK,,MH14KA9150,32,4,134,98.57,13208.38,128104,127756,348,2.5970149253731343,87,47,4632.79,,,,,,,,
286/15-6-26,203,2026-06-01 00:00:00,MERCEDES,PRATIK,BALIRAM MOHITE,MH14LX3721,32,4,100,98.57,9857,35256,35024,232,2.32,58,42,4139.94,,,,,,,,
286/15-6-26,204,2026-06-01 00:00:00,MERCEDES,PRATIK,,MH14LX4889,32,4,85,98.57,8378.449999999999,24591,24486,105,1.2352941176470589,26.25,58.75,5790.987499999999,,,,,,,,
286/15-6-26,205,2026-06-01 00:00:00,MERCEDES,PRATIK,,MH14LX3712,32,4,70,98.57,6899.9,34975,34746,229,3.2714285714285714,57.25,12.75,1256.7675,,,,,,,,
286/15-6-26,206,2026-06-01 00:00:00,MERCEDES,PRATIK,,MH14LX3719,32,4,60,98.57,5914.2,36901,36681,220,3.6666666666666665,55,5,492.84999999999997,,,,,,,,
286/15-6-26,207,2026-06-01 00:00:00,MERCEDES,PRATIK,,MH14HG3114,32,4,108,98.57,10645.56,233021,232839,182,1.6851851851851851,45.5,62.5,6160.625,,,,,,,,
286/15-6-26,208,2026-06-01 00:00:00,MERCEDES,PRATIK,,MH14HU3985,50,4,133,98.57,13109.81,186783,186473,310,2.330827067669173,77.5,55.5,5470.634999999999,,,,,,,,
286/15-6-26,209,2026-06-01 00:00:00,MERCEDES,PRATIK,,MH14HU3983,32,4,128.5,98.57,12666.244999999999,186239,186002,237,1.8443579766536966,59.25,69.25,6825.9725,,,,,,,,
286/15-6-26,210,2026-06-01 00:00:00,MERCEDES,PRATIK,,MH14KA9138,32,4,75,98.57,7392.749999999999,114625,114405,220,2.933333333333333,55,20,1971.3999999999999,,,,,,,,
286/15-6-26,211,2026-06-01 00:00:00,MERCEDES,PRATIK,,MH14LX3711,32,4,138.24,98.57,13626.3168,31885,31630,255,1.8446180555555554,63.75,74.49000000000001,7342.4793,,,,,,,,
286/15-6-26,212,2026-06-01 00:00:00,MERCEDES,PRATIK,,MH14LX3725,32,4,100,98.57,9857,29604,29343,261,2.61,65.25,34.75,3425.3075,,,,,,,,
286/15-6-26,213,2026-06-01 00:00:00,MERCEDES,PRATIK,,MH14HG3119,32,4,120,98.57,11828.4,239923,239557,366,3.05,91.5,28.5,2809.245,,,,,,,,
286/15-6-26,214,2026-06-01 00:00:00,MERCEDES,PRATIK,,MH14HU3982,32,4,134,98.57,13208.38,233868,233546,322,2.4029850746268657,80.5,53.5,5273.495,,,,,,,,
286/15-6-26,215,2026-06-01 00:00:00,MERCEDES,PRATIK,,MH14LX3713,32,4,90,98.57,8871.3,49350,48857,493,5.477777777777778,123.25,-33.25,-3277.4525,,,,,,,,
286/15-6-26,216,2026-06-01 00:00:00,MERCEDES,PRATIK,,MH14HU3984,32,4,129,98.57,12715.529999999999,226812,226421,391,3.0310077519379846,97.75,31.25,3080.3125,,,,,,,,
286/15-6-26,217,2026-06-01 00:00:00,MERCEDES,PRATIK,,MH14LX3720,32,4,85,98.57,8378.449999999999,34850,34670,180,2.1176470588235294,45,40,3942.7999999999997,,,,,,,,
,218,2026-06-01 00:00:00,CITY FLOW PUNE,HPCL,,MH14MT2064,17,10,49.29,98.19,4839.7851,9602,9391,211,4.280787177926557,21.1,28.189999999999998,2767.9761,,,,,,,,
,219,2026-06-01 00:00:00,CITY FLOW PUNE,HPCL,,MH14MT2065,17,10,36.21,98.19,3555.4599,7713,7525,188,5.191935929301298,18.8,17.41,1709.4879,,,,,,,,
,220,2026-06-01 00:00:00,CITY FLOW PUNE,HPCL,,MH14MT2066,17,10,38.63,98.19,3793.0797000000002,9658,9450,208,5.3844162567952365,20.8,17.830000000000002,1750.7277000000001,,,,,,,,
,221,2026-06-01 00:00:00,CITY FLOW PUNE,HPCL,,MH14MT2067,17,10,53.98,98.19,5300.2962,10501,10272,229,4.242311967395332,22.9,31.08,3051.7452,,,,,,,,
,222,2026-06-01 00:00:00,CITY FLOW PUNE,HPCL,,MH14MT2472,26,4,52.76,98.19,5180.5044,7382,7213,169,3.2031842304776346,42.25,10.509999999999998,1031.9769,,,,,,,,
,223,2026-06-01 00:00:00,CITY FLOW PUNE,HPCL,,MH14MT2473,28,4.75,51.85,98.19,5091.1515,9376,9195,181,3.4908389585342334,38.10526315789474,13.744736842105262,1349.5957105263155,,,,,,,,
,224,2026-06-01 00:00:00,CITY FLOW PUNE,HPCL,,MH14MT2475,17,10,91.57,98.19,8991.2583,13180,12829,351,3.8331331222015947,35.1,56.46999999999999,5544.7892999999995,,,,,,,,
,225,2026-06-01 00:00:00,CITY FLOW PUNE,HPCL,,MH14MT2476,26,4,67.01,98.19,6579.7119,10292,10052,240,3.5815549917922693,60,7.010000000000005,688.3119000000005,,,,,,,,
,226,2026-06-01 00:00:00,CITY FLOW PUNE,HPCL,,MH14MT2477,26,4,58.82,98.19,5775.5358,7256,7078,178,3.0261815708942534,44.5,14.32,1406.0808,,,,,,,,
,227,2026-06-01 00:00:00,JCB,BPCL,NITESH DONGARE,MH14LL4184,30,6,54.97,98.23,5399.7031,134174,133868,306,5.566672730580317,51,3.969999999999999,389.97309999999993,,,,,,,,
,228,2026-06-01 00:00:00,JCB,IOCL,VIKAS HEMADE,MH14LL4140,30,6,36.5,98.52,3595.98,170753,170534,219,6,36.5,0,0,,,,,,,,
,229,2026-06-01 00:00:00,LEAR-CHAKAN,BPCL,NIWAS RATHOD,MH14LB5919,18,12,40,98.18,3927.2000000000003,236784,236440,344,8.6,28.666666666666668,11.333333333333332,1112.7066666666667,,,,,,,,
,230,2026-06-01 00:00:00,LEAR-CHAKAN,BPCL,VITTHALRAO,MH14LB5821,18,12,40,98.32,3932.7999999999997,75074,74727,347,8.675,28.916666666666668,11.083333333333332,1089.7133333333331,,,,,,,,
,231,2026-06-01 00:00:00,KB,HPCL,,MH14MT2843,40,5.5,84.66,98.27,8319.538199999999,21624,21194,430,5.079140089770848,78.18181818181819,6.47818181818181,636.6109272727264,,,,,,,,
,232,2026-06-01 00:00:00,BAJAJ WALUJ,HPCL,SAGER,MH20GC8876,50,5,70,99.44,6960.8,119625,119221,404,5.771428571428571,80.8,-10.799999999999997,-1073.9519999999998,,,,,,,,
,233,2026-06-01 00:00:00,BAJAJ WALUJ,HPCL,MALODE,MH20GC8878,50,5,64,99.44,6364.16,95310,95209,101,1.578125,20.2,43.8,4355.472,,,,,,,,
,234,2026-06-01 00:00:00,BAJAJ WALUJ,HPCL,MADAN,MH14CW4821,40,5.5,62,99.44,6165.28,288893,288521,372,6,67.63636363636364,-5.63636363636364,-560.4800000000004,,,,,,,,
,235,2026-06-01 00:00:00,BAJAJ WALUJ,HPCL,JABBAR,MH20GC8872,50,5,12,99.44,1193.28,102630,102537,93,7.75,18.6,-6.600000000000001,-656.3040000000001,,,,,,,,
,236,2026-06-01 00:00:00,BAJAJ WALUJ,HPCL,JABBAR,MH20GC8872,50,5,20,99.44,1988.8,102785,102630,155,7.75,31,-11,-1093.84,,,,,,,,
,237,2026-06-01 00:00:00,BAJAJ WALUJ,HPCL,JABBAR,MH20GC8872,50,5,42,99.44,4176.48,102894,102785,109,2.5952380952380953,21.8,20.2,2008.6879999999999,,,,,,,,
,238,2026-06-01 00:00:00,BAJAJ WALUJ,HPCL,MOHSIN,MH20GC8890,50,5,80,99.44,7955.2,78057,77650,407,5.0875,81.4,-1.4000000000000057,-139.21600000000055,,,,,,,,
,239,2026-06-01 00:00:00,BAJAJ WALUJ,HPCL,NAGESH,MH20GC5309,50,5,58,99.44,5767.5199999999995,151706,151386,320,5.517241379310345,64,-6,-596.64,,,,,,,,
,240,2026-06-01 00:00:00,BAJAJ WALUJ,HPCL,SOPAN,MH20GZ5418,50,5,40,99.44,3977.6,7906,7784,122,3.05,24.4,15.600000000000001,1551.2640000000001,,,,,,,,
,241,2026-06-01 00:00:00,BAJAJ WALUJ,HPCL,SHAIKH,MH14CW4816,40,5.5,63,99.44,6264.72,301597,301249,348,5.523809523809524,63.27272727272727,-0.2727272727272734,-27.120000000000065,,,,,,,,
,242,2026-06-01 00:00:00,BAJAJ WALUJ,HPCL,GUNJAL,MH14CW4824,40,5.5,60,99.44,5966.4,299044,298708,336,5.6,61.09090909090909,-1.0909090909090935,-108.48000000000026,,,,,,,,
,243,2026-06-01 00:00:00,BAJAJ WALUJ,HPCL,ARVIND,MH14CW4615,40,5.5,61,99.44,6065.84,300672,300325,347,5.688524590163935,63.09090909090909,-2.0909090909090935,-207.92000000000024,,,,,,,,
,244,2026-06-01 00:00:00,BAJAJ WALUJ,HPCL,AJAY,MH14HU0836,32,5.5,41,99.44,4077.04,318487,318250,237,5.780487804878049,43.09090909090909,-2.0909090909090935,-207.92000000000024,,,,,,,,
,245,2026-06-01 00:00:00,BAJAJ WALUJ,HPCL,ASPAK,MH20GC8875,50,5,56,99.44,5568.639999999999,77310,77000,310,5.535714285714286,62,-6,-596.64,,,,,,,,
,246,2026-06-01 00:00:00,BAJAJ WALUJ,HPCL,RAJPUT,MH14CW4616,40,5.5,50,99.44,4972,293655,293375,280,5.6,50.90909090909091,-0.9090909090909065,-90.39999999999974,,,,,,,,
,247,2026-06-01 00:00:00,BAJAJ WALUJ,HPCL,AJAY,MH14CW4483,50,3.5,65,99.44,6463.599999999999,63934,63694,240,3.6923076923076925,68.57142857142857,-3.5714285714285694,-355.14285714285694,,,,,,,,
,248,2026-06-01 00:00:00,BAJAJ WALUJ,HPCL,LATE,MH20GC8893,50,5,20,99.44,1988.8,97905,97559,346,17.3,69.2,-49.2,-4892.448,,,,,,,,
,249,2026-06-01 00:00:00,BAJAJ WALUJ,HPCL,RAJPUT,MH14CW4616,40,5.5,20,99.44,1988.8,293767,293655,112,5.6,20.363636363636363,-0.3636363636363633,-36.15999999999997,,,,,,,,
,250,2026-06-01 00:00:00,BAJAJ WALUJ,HPCL,MANGESH,MH20GC8891,50,5,20,99.44,1988.8,86493,86286,207,10.35,41.4,-21.4,-2128.0159999999996,,,,,,,,
,251,2026-06-01 00:00:00,BAJAJ WALUJ,HPCL,YOGESH,MH20GC5343,50,5,40,99.44,3977.6,117040,116834,206,5.15,41.2,-1.2000000000000028,-119.32800000000027,,,,,,,,
,252,2026-06-01 00:00:00,BAJAJ WALUJ,HPCL,MALODE,MH20GC8878,50,5,20,99.44,1988.8,95492,95310,182,9.1,36.4,-16.4,-1630.8159999999998,,,,,,,,
,253,2026-06-01 00:00:00,BAJAJ WALUJ,HPCL,DAUD,MH14CW4820,40,5.5,50,99.44,4972,268651,268369,282,5.64,51.27272727272727,-1.2727272727272734,-126.56000000000006,,,,,,,,
,254,2026-06-01 00:00:00,BAJAJ WALUJ,HPCL,SUDAM,MH14HG5613,32,5.5,48,99.44,4773.12,72380,72091,289,6.020833333333333,52.54545454545455,-4.545454545454547,-452.0000000000001,,,,,,,,
,255,2026-06-01 00:00:00,BAJAJ WALUJ,HPCL,MANGESH,MH20GC8891,50,5,60,99.44,5966.4,86685,86493,192,3.2,38.4,21.6,2147.904,,,,,,,,
,256,2026-06-01 00:00:00,BAJAJ WALUJ,HPCL,SAGER,MH20GC8876,50,5,57,99.44,5668.08,119945,119625,320,5.614035087719298,64,-7,-696.0799999999999,,,,,,,,
,257,2026-06-01 00:00:00,BAJAJ WALUJ,HPCL,GORAKH,MH14CW4805,40,5.5,47,99.44,4673.68,292166,291903,263,5.595744680851064,47.81818181818182,-0.8181818181818201,-81.36000000000018,,,,,,,,
,258,2026-06-01 00:00:00,BAJAJ WALUJ,HPCL,ADHE,MH20GC8874,50,5,68,99.44,6761.92,99000,98662,338,4.970588235294118,67.6,0.4000000000000057,39.776000000000565,,,,,,,,
,259,2026-06-01 00:00:00,BAJAJ WALUJ,HPCL,GAUTAM,MH14CW4813,40,5.5,48,99.44,4773.12,292408,292140,268,5.583333333333333,48.72727272727273,-0.7272727272727266,-72.31999999999994,,,,,,,,
,260,2026-06-01 00:00:00,BAJAJ WALUJ,HPCL,ARVIND,MH14CW4615,40,5.5,51,99.44,5071.44,300963,300672,291,5.705882352941177,52.90909090909091,-1.9090909090909065,-189.83999999999975,,,,,,,,
,261,2026-06-01 00:00:00,BAJAJ WALUJ,HPCL,JABBAR,MH20GC8872,50,5,51,99.44,5071.44,103159,102894,265,5.196078431372549,53,-2,-198.88,,,,,,,,
,262,2026-06-01 00:00:00,BAJAJ WALUJ,HPCL,NARYAN,MH20GC5342,50,5,46,99.44,4574.24,108330,108079,251,5.456521739130435,50.2,-4.200000000000003,-417.64800000000025,,,,,,,,
,263,2026-06-01 00:00:00,BAJAJ WALUJ,HPCL,RAMESHWAR,MH20GC5307,40,5.5,53,99.44,5270.32,92926,92618,308,5.811320754716981,56,-3,-298.32,,,,,,,,
,264,2026-06-01 00:00:00,BAJAJ WALUJ,HPCL,BHAGWAN,MH20GC5417,50,5,48,99.44,4773.12,11210,10988,222,4.625,44.4,3.6000000000000014,357.98400000000015,,,,,,,,
,265,2026-06-01 00:00:00,BAJAJ WALUJ,HPCL,LATE,MH20GC8893,50,5,56,99.44,5568.639999999999,97983,97905,78,1.3928571428571428,15.6,40.4,4017.3759999999997,,,,,,,,
,266,2026-06-01 00:00:00,BAJAJ WALUJ,HPCL,MALODE,MH20GC8878,50,5,60,99.44,5966.4,95595,95492,103,1.7166666666666666,20.6,39.4,3917.9359999999997,,,,,,,,
,267,2026-06-01 00:00:00,BAJAJ WALUJ,HPCL,DADARAO,MH14CW4609,40,5.5,65,99.44,6463.599999999999,293057,292697,360,5.538461538461538,65.45454545454545,-0.45454545454545325,-45.19999999999987,,,,,,,,
,268,2026-06-01 00:00:00,BAJAJ WALUJ,HPCL,SANJAY,MH20GC8879,50,5,70,99.44,6960.8,132156,131667,489,6.985714285714286,97.8,-27.799999999999997,-2764.432,,,,,,,,
,269,2026-06-01 00:00:00,BAJAJ WALUJ HK,HPCL,SHINDE,Road sweeper,50,5,33,99.44,3281.52,0,,0,0,0,33,3281.52,,,,,,,,
,270,2026-06-01 00:00:00,BAJAJ WALUJ,HPCL,ABHIJEET,MH20GC5419,50,5,59,99.44,5866.96,16461,16128,333,5.6440677966101696,66.6,-7.599999999999994,-755.7439999999995,,,,,,,,
,271,2026-06-01 00:00:00,Skoda-vw,SFM,BALKRISHNA,MH20GC2531,40,5,27,99.65,2690.55,44299,43894,405,15,81,-54,-5381.1,,,,,,,,
,272,2026-06-01 00:00:00,Skoda-vw,SFM,PARDESHI,MH20GC2534,40,5,27,99.65,2690.55,44931,44808,123,4.555555555555555,24.6,2.3999999999999986,239.15999999999988,,,,,,,,
,273,2026-06-01 00:00:00,Skoda-vw,SFM,RAHIM,MH20GC7987,20,9,27,99.65,2690.55,37991,37914,77,2.8518518518518516,8.555555555555555,18.444444444444443,1837.9888888888888,,,,,,,,
,274,2026-06-01 00:00:00,Skoda-vw,SFM,BHARAT,MH20GC2523,40,5,50,99.65,4982.5,60771,60690,81,1.62,16.2,33.8,3368.17,,,,,,,,
,275,2026-06-01 00:00:00,Skoda-vw,SFM,MHAINDRA,MH20GC2533,40,5,27,99.65,2690.55,46488,46419,69,2.5555555555555554,13.8,13.2,1315.38,,,,,,,,
,276,2026-06-01 00:00:00,Skoda-vw,SFM,AMIR,MH20GC2544,40,5,20,99.65,1993,41585,41192,393,19.65,78.6,-58.599999999999994,-5839.49,,,,,,,,
,277,2026-06-01 00:00:00,Skoda-vw,SFM,THAIR,MH14KA1887,40,5,20,99.65,1993,62636,62014,622,31.1,124.4,-104.4,-10403.460000000001,,,,,,,,
,278,2026-06-01 00:00:00,Skoda-vw,SFM,SACHIN,MH20GC2532,40,5,20,99.65,1993,47728,47289,439,21.95,87.8,-67.8,-6756.27,,,,,,,,
,279,2026-06-01 00:00:00,Skoda-vw,SFM,ZUBAIR,MH14KA1892,40,5,20,99.65,1993,61648,61591,57,2.85,11.4,8.6,856.99,,,,,,,,
,280,2026-06-01 00:00:00,Skoda-vw,SFM,GIRI,MH20GC2530,40,5,20,99.65,1993,55377,54881,496,24.8,99.2,-79.2,-7892.280000000001,,,,,,,,
,281,2026-06-01 00:00:00,Skoda-vw,SFM,SACHIN,MH14KA1891,40,5,20,99.65,1993,61773,61296,477,23.85,95.4,-75.4,-7513.610000000001,,,,,,,,
,282,2026-06-01 00:00:00,Skoda-vw,SFM,JAGTAP,MH20GC2524,40,5,20,99.65,1993,42191,41806,385,19.25,77,-57,-5680.05,,,,,,,,
,283,2026-06-01 00:00:00,Skoda-vw,SFM,RAMRAO,MH20GC8098,20,9,20,99.65,1993,26573,26155,418,20.9,46.44444444444444,-26.444444444444443,-2635.188888888889,,,,,,,,
,284,2026-06-01 00:00:00,Skoda-vw,SFM,JAVED,MH20GC7989,20,9,20,99.65,1993,11734,11574,160,8,17.77777777777778,2.2222222222222214,221.44444444444437,,,,,,,,
,285,2026-06-01 00:00:00,Skoda-vw,SFM,MUSTAK,MH20GC2529,40,5,20,99.65,1993,42447,42043,404,20.2,80.8,-60.8,-6058.72,,,,,,,,
,286,2026-06-01 00:00:00,Skoda-vw,SFM,ABDUL,MH20GC2528,40,5,20,99.65,1993,64383,63746,637,31.85,127.4,-107.4,-10702.410000000002,,,,,,,,
,287,2026-06-01 00:00:00,Skoda-vw,SFM,FEROZ,MH14KA1889,40,5,20,99.65,1993,64241,63779,462,23.1,92.4,-72.4,-7214.660000000001,,,,,,,,
,288,2026-06-01 00:00:00,Skoda-vw,SFM,KHANEDEKAR,MH14KA1878,40,5,20,99.65,1993,57663,57287,376,18.8,75.2,-55.2,-5500.68,,,,,,,,
,289,2026-06-01 00:00:00,CITYFLOW MUMBAI,,,MH04MH3731,27,4,76.11,97.89,7450.4079,47874,47602,272,3.5737747996321114,68,8.11,793.8879,,,,,,,,
,290,2026-06-01 00:00:00,CITYFLOW MUMBAI,,,MH04MH3732,27,4,100,98,9800,21822,21725,97,0.97,24.25,75.75,7423.5,,,,,,,,
,291,2026-06-01 00:00:00,CITYFLOW MUMBAI,,,MH04MH3736,27,4,70,98.04,6862.8,31489,31403,86,1.2285714285714286,21.5,48.5,4754.9400000000005,,,,,,,,
,292,2026-06-01 00:00:00,CITYFLOW MUMBAI,,,MH04MH3740,27,4,100,98,9800,38084,37897,187,1.87,46.75,53.25,5218.5,,,,,,,,
,293,2026-06-01 00:00:00,CITYFLOW MUMBAI,,,MH04MH3742,27,4,55,98,5390,34959,34740,219,3.981818181818182,54.75,0.25,24.5,,,,,,,,
,294,2026-06-01 00:00:00,CITYFLOW MUMBAI,,,MH04MH4081,27,4,85,98.04,8333.4,40722,40504,218,2.5647058823529414,54.5,30.5,2990.2200000000003,,,,,,,,
,295,2026-06-01 00:00:00,CITYFLOW MUMBAI,,,MH04MH4719,27,4,96.75,98.04,9485.37,37857,37645,212,2.1912144702842378,53,43.75,4289.25,,,,,,,,
,296,2026-06-01 00:00:00,CITYFLOW MUMBAI,,,MH04MH4720,27,4,80,98,7840,31782,31695,87,1.0875,21.75,58.25,5708.5,,,,,,,,
,297,2026-06-01 00:00:00,CITYFLOW MUMBAI,,,MH04MH4721,27,4,120,98,11760,32547,32346,201,1.675,50.25,69.75,6835.5,,,,,,,,
,298,2026-06-01 00:00:00,CITYFLOW MUMBAI,,,MH04MH4722,27,4,80,98.04,7843.200000000001,33121,32926,195,2.4375,48.75,31.25,3063.75,,,,,,,,
,299,2026-06-01 00:00:00,CITYFLOW MUMBAI,,,MH04MH4723,27,4,93.27,97.89,9130.2003,26971,26631,340,3.645330760158679,85,8.269999999999996,809.5502999999997,,,,,,,,
,300,2026-06-01 00:00:00,CITYFLOW MUMBAI,,,MH04MH4724,27,4,94.6,97.89,9260.394,30885,30813,72,0.7610993657505286,18,76.6,7498.374,,,,,,,,
,301,2026-06-01 00:00:00,CITYFLOW MUMBAI,,,MH04MH4725,27,4,75,97.89,7341.75,14381,14044,337,4.493333333333333,84.25,-9.25,-905.4825,,,,,,,,
,302,2026-06-01 00:00:00,CITYFLOW MUMBAI,,,MH04MH5108,27,4,110,98,10780,38344,38168,176,1.6,44,66,6468,,,,,,,,
,303,2026-06-01 00:00:00,CITYFLOW MUMBAI,,,MH04MH5287,27,4,56.08,97.83,5486.3063999999995,42297,42174,123,2.1932952924393723,30.75,25.33,2478.0339,,,,,,,,
,304,2026-06-01 00:00:00,CITYFLOW MUMBAI,,,MH04MH5288,27,4,120,98,11760,27543,27334,209,1.7416666666666667,52.25,67.75,6639.5,,,,,,,,
,305,2026-06-01 00:00:00,CITYFLOW MUMBAI,,,MH04MH5289,27,4,98.07,97.89,9600.0723,27872,27443,429,4.374426430100948,107.25,-9.180000000000007,-898.6302000000006,,,,,,,,
,306,2026-06-01 00:00:00,CITYFLOW MUMBAI,,,MH04MH5376,27,4,120,98,11760,16592,16402,190,1.5833333333333333,47.5,72.5,7105,,,,,,,,
,307,2026-06-01 00:00:00,CITYFLOW MUMBAI,,,MH04MH5570,27,4,100,98,9800,24824,24663,161,1.61,40.25,59.75,5855.5,,,,,,,,
,308,2026-06-01 00:00:00,CITYFLOW MUMBAI,,,MH04MH5572,27,4,130,98,12740,30706,30598,108,0.8307692307692308,27,103,10094,,,,,,,,
,309,2026-06-01 00:00:00,CITYFLOW MUMBAI,,,MH04MH5573,27,4,120,98,11760,31746,31654,92,0.7666666666666667,23,97,9506,,,,,,,,
,310,2026-06-01 00:00:00,CITYFLOW MUMBAI,,,MH04MH5664,27,4,140,98,13720,38576,38314,262,1.8714285714285714,65.5,74.5,7301,,,,,,,,
,311,2026-06-01 00:00:00,CITYFLOW MUMBAI,,,MH04MH5667,27,4,80,98,7840,34318,34074,244,3.05,61,19,1862,,,,,,,,
,312,2026-06-01 00:00:00,CITYFLOW MUMBAI,,,MH04MH6301,27,4,140,98,13720,24373,24095,278,1.9857142857142858,69.5,70.5,6909,,,,,,,,
,313,2026-06-01 00:00:00,CITYFLOW MUMBAI,,,MH04MH6304,27,4,78.73,97.89,7706.8797,22246,22000,246,3.1246030737965196,61.5,17.230000000000004,1686.6447000000005,,,,,,,,
,314,2026-06-01 00:00:00,CITYFLOW MUMBAI,,,MH04MH6306,27,4,120,98,11760,30240,30148,92,0.7666666666666667,23,97,9506,,,,,,,,
,315,2026-06-01 00:00:00,CITYFLOW MUMBAI,,,MH04MH6307,27,4,140,98,13720,35385,35147,238,1.7,59.5,80.5,7889,,,,,,,,
,316,2026-06-01 00:00:00,CITYFLOW MUMBAI,,,MH04MH6309,27,4,85,98.04,8333.4,31175,30948,227,2.6705882352941175,56.75,28.25,2769.63,,,,,,,,
,317,2026-06-01 00:00:00,CITYFLOW MUMBAI,,,MH04MH6311,27,4,85,98.04,8333.4,28526,28418,108,1.2705882352941176,27,58,5686.320000000001,,,,,,,,
,318,2026-06-01 00:00:00,CITYFLOW MUMBAI,,,MH04MH6313,27,4,45,98,4410,46580,46300,280,6.222222222222222,70,-25,-2450,,,,,,,,
,319,2026-06-01 00:00:00,CITYFLOW MUMBAI,,,MH04MH6315,27,4,83,98.04,8137.320000000001,28872,28674,198,2.3855421686746987,49.5,33.5,3284.34,,,,,,,,
,320,2026-06-01 00:00:00,CITYFLOW MUMBAI,,,MH04MH6318,27,4,83,98.04,8137.320000000001,33523,33197,326,3.927710843373494,81.5,1.5,147.06,,,,,,,,
,321,2026-06-01 00:00:00,CITYFLOW MUMBAI,,,MH04MH6320,27,4,85.66,97.89,8385.2574,23768,23685,83,0.9689469997665189,20.75,64.91,6354.0399,,,,,,,,
,322,2026-06-01 00:00:00,CITYFLOW MUMBAI,,,MH04MH6655,27,4,130,98,12740,36318,36065,253,1.9461538461538461,63.25,66.75,6541.5,,,,,,,,
,323,2026-06-01 00:00:00,CITYFLOW MUMBAI,,,MH04MR5568,17,5.5,64.4,97.83,6300.252,7638,7279,359,5.574534161490683,65.27272727272727,-0.8727272727272606,-85.3789090909079,,,,,,,,
,324,2026-06-01 00:00:00,CITYFLOW MUMBAI,,,MH04MR5569,17,5.5,70.44,97.83,6891.1452,9401,8995,406,5.763770584894946,73.81818181818181,-3.3781818181818153,-330.487527272727,,,,,,,,
,325,2026-06-01 00:00:00,CITYFLOW MUMBAI,,,MH04MR5861,40,3.7,100,98,9800,13205,13120,85,0.85,22.972972972972972,77.02702702702703,7548.648648648649,,,,,,,,
,326,2026-06-01 00:00:00,CITYFLOW MUMBAI,,,MH04MR5863,40,3.7,60,97.83,5869.8,18397,18347,50,0.8333333333333334,13.513513513513512,46.486486486486484,4547.772972972973,,,,,,,,
,327,2026-06-01 00:00:00,CITYFLOW MUMBAI,,,MH04MR5864,40,3.7,130,98.04,12745.2,15625,15202,423,3.253846153846154,114.32432432432432,15.675675675675677,1536.8432432432435,,,,,,,,
,328,2026-06-01 00:00:00,CITYFLOW MUMBAI,,,MH04MR5922,40,3.7,120,97.83,11739.6,18586,18449,137,1.1416666666666666,37.027027027027025,82.97297297297297,8117.245945945945,,,,,,,,
,329,2026-06-01 00:00:00,CITYFLOW MUMBAI,,,MH46DC5010,40,3.7,100,98,9800,3881,3470,411,4.11,111.08108108108108,-11.08108108108108,-1085.9459459459458,,,,,,,,
,330,2026-06-01 00:00:00,CITYFLOW MUMBAI,,,MH46DC5012,40,3.7,137,98,13426,3208,2687,521,3.802919708029197,140.8108108108108,-3.810810810810807,-373.4594594594591,,,,,,,,
,331,2026-06-01 00:00:00,CITYFLOW MUMBAI,,,MH46DC5138,40,3.7,100,98,9800,2521,2152,369,3.69,99.72972972972973,0.2702702702702737,26.486486486486825,,,,,,,,
,332,2026-06-01 00:00:00,CITYFLOW MUMBAI,,,MH46DC5193,40,3.7,126,98,12348,4775,4281,494,3.9206349206349205,133.51351351351352,-7.513513513513516,-736.3243243243246,,,,,,,,
,333,2026-06-01 00:00:00,CITYFLOW MUMBAI,,,MH46DC5195,40,3.7,120,98,11760,3012,2537,475,3.9583333333333335,128.3783783783784,-8.378378378378386,-821.0810810810818,,,,,,,,
,334,2026-06-01 00:00:00,CITYFLOW MUMBAI,,,MH46DC5196,40,3.7,130,98,12740,5041,4908,133,1.023076923076923,35.945945945945944,94.05405405405406,9217.297297297298,,,,,,,,
,335,2026-06-01 00:00:00,CITYFLOW MUMBAI,,,MH46DC5197,40,3.7,200,98,19600,4415,4318,97,0.485,26.216216216216214,173.78378378378378,17030.81081081081,,,,,,,,
,336,2026-06-01 00:00:00,CITYFLOW MUMBAI,,,MH46DC5198,40,3.7,140,98,13720,5695,5543,152,1.0857142857142856,41.08108108108108,98.91891891891892,9694.054054054053,,,,,,,,
,337,2026-06-01 00:00:00,CITYFLOW MUMBAI,,,MH46DC5201,40,3.7,140,98,13720,5897,5874,23,0.16428571428571428,6.216216216216216,133.78378378378378,13110.81081081081,,,,,,,,
,338,2026-06-01 00:00:00,CITYFLOW MUMBAI,,,MH46DC5204,40,3.7,100,98,9800,2932,2786,146,1.46,39.45945945945946,60.54054054054054,5932.972972972973,,,,,,,,
,339,2026-06-01 00:00:00,CITYFLOW MUMBAI,,,MH46DC6068,40,3.7,140,98,13720,3070,2821,249,1.7785714285714285,67.29729729729729,72.70270270270271,7124.864864864865,,,,,,,,
,340,2026-06-01 00:00:00,CITYFLOW MUMBAI,,,MH46DC6069,40,3.7,120,98,11760,2155,1952,203,1.6916666666666667,54.86486486486486,65.13513513513513,6383.243243243242,,,,,,,,
,341,2026-06-01 00:00:00,CITYFLOW MUMBAI,,,MH46DC6073,40,3.7,100,98,9800,1727,1314,413,4.13,111.62162162162161,-11.621621621621614,-1138.9189189189183,,,,,,,,
,342,2026-06-01 00:00:00,CITYFLOW MUMBAI,,,MH46DC6074,40,3.7,100,98,9800,2897,2564,333,3.33,90,10,980,,,,,,,,
,343,2026-06-01 00:00:00,CITYFLOW MUMBAI,,,MH46DC6075,40,3.7,120,98,11760,3252,3042,210,1.75,56.75675675675675,63.24324324324325,6197.837837837838,,,,,,,,
,344,2026-06-01 00:00:00,CITYFLOW MUMBAI,,,MH46DC6076,40,3.7,120,98,11760,1713,1281,432,3.6,116.75675675675676,3.243243243243242,317.8378378378377,,,,,,,,
,345,2026-06-01 00:00:00,CITYFLOW MUMBAI,,,MH46DC6167,40,3.7,120,98,11760,1441,1279,162,1.35,43.78378378378378,76.21621621621622,7469.18918918919,,,,,,,,
,346,2026-06-01 00:00:00,CITYFLOW MUMBAI,,,MH46DC6332,40,3.7,140,98,13720,1669,1580,89,0.6357142857142857,24.054054054054053,115.94594594594595,11362.702702702703,,,,,,,,
,347,2026-06-01 00:00:00,CITYFLOW MUMBAI,,,MH46DC6334,40,3.7,120,98,11760,1634,1220,414,3.45,111.89189189189189,8.108108108108112,794.594594594595,,,,,,,,
,348,2026-06-01 00:00:00,CITYFLOW MUMBAI,,,MH46DC6335,40,3.7,100,98,9800,1002,941,61,0.61,16.486486486486484,83.51351351351352,8184.324324324324,,,,,,,,
,349,2026-06-01 00:00:00,CITYFLOW MUMBAI,,,MH46DC6359,40,3.7,100,98,9800,1266,1169,97,0.97,26.216216216216214,73.78378378378379,7230.810810810812,,,,,,,,
,350,2026-06-01 00:00:00,CITYFLOW MUMBAI,,,MH46DC7969,40,3.7,40,98.04,3921.6000000000004,672,600,72,1.8,19.45945945945946,20.54054054054054,2013.7945945945946,,,,,,,,
,351,2026-06-01 00:00:00,CITYFLOW MUMBAI,,,MH46DC7970,40,3.7,50,98.04,4902,861,780,81,1.62,21.89189189189189,28.10810810810811,2755.7189189189194,,,,,,,,
,352,2026-06-01 00:00:00,CITYFLOW MUMBAI,,,MH46DC7975,40,3.7,20,98,1960,716,640,76,3.8,20.54054054054054,-0.5405405405405403,-52.972972972972954,,,,,,,,
,353,2026-06-01 00:00:00,CITYFLOW MUMBAI,,,MH46DC7976,40,3.7,70,98.04,6862.8,669,590,79,1.1285714285714286,21.35135135135135,48.648648648648646,4769.513513513513,,,,,,,,
,354,2026-06-01 00:00:00,CITYFLOW MUMBAI,,,MH46DC7981,40,3.7,50,98.04,4902,736,640,96,1.92,25.945945945945944,24.054054054054056,2358.25945945946,,,,,,,,
,355,2026-06-01 00:00:00,CITYFLOW MUMBAI,,,MH46DC8021,40,3.7,50,98.04,4902,718,630,88,1.76,23.783783783783782,26.216216216216218,2570.237837837838,,,,,,,,
,356,2026-06-01 00:00:00,LEAR-CHENNAI,,,TN87H1942,32,,71.4,100.03,7142.142000000001,41655,41030,625,8.753501400560223,#DIV/0!,#DIV/0!,#DIV/0!,,,,,,,,
,357,2026-06-01 00:00:00,LEAR-CHENNAI,,,TN87H1931,32,,79.6,100.03,7962.388,89434,88791,643,8.077889447236181,#DIV/0!,#DIV/0!,#DIV/0!,,,,,,,,
,358,2026-06-01 00:00:00,LEAR-CHENNAI,,,TN87H1905,32,,75.57,100.25,7575.892499999999,77190,76635,555,7.344184200079397,#DIV/0!,#DIV/0!,#DIV/0!,,,,,,,,
,359,2026-06-01 00:00:00,LEAR-CHENNAI,,,TN87H5485,36,,77.09,100.03,7711.3127,283870,283381,489,6.343235179660137,#DIV/0!,#DIV/0!,#DIV/0!,,,,,,,,
,360,2026-06-01 00:00:00,LEAR-CHENNAI,,,TN87H2091,24,,75.23,100.03,7525.2569,58434,57792,642,8.533829589259604,#DIV/0!,#DIV/0!,#DIV/0!,,,,,,,,
,361,2026-06-01 00:00:00,LEAR-CHENNAI,,,TN87H2089,24,,66.83,100.03,6685.0049,41303,40720,583,8.72362711357175,#DIV/0!,#DIV/0!,#DIV/0!,,,,,,,,
,362,2026-06-01 00:00:00,LEAR-CHENNAI,,,TN87H2018,24,,78.83,100.03,7885.3649,80187,79597,590,7.48446023087657,#DIV/0!,#DIV/0!,#DIV/0!,,,,,,,,
,363,2026-06-01 00:00:00,LEAR-CHENNAI,,,TN87H1913,32,,78.36,100.03,7838.3508,127316,126749,567,7.23583460949464,#DIV/0!,#DIV/0!,#DIV/0!,,,,,,,,
,364,2026-06-01 00:00:00,LEAR-CHENNAI,,,TN87H1962,32,,75.73,100.03,7575.271900000001,54211,53600,611,8.068136801795854,#DIV/0!,#DIV/0!,#DIV/0!,,,,,,,,
,365,2026-06-01 00:00:00,LEAR-CHENNAI,,,TN87H2067,24,,83,100.03,8302.49,70668,69970,698,8.409638554216867,#DIV/0!,#DIV/0!,#DIV/0!,,,,,,,,
,366,2026-06-01 00:00:00,LEAR-CHENNAI,,,TN87H1975,32,,71.47,100.03,7149.1440999999995,121532,121004,528,7.387715125227368,#DIV/0!,#DIV/0!,#DIV/0!,,,,,,,,
509/8-6-26,367,2026-06-02 00:00:00,KB,JAYHIND,,MH14MT2841,40,5.5,50,98.21,4910.5,23756,23597,159,3.18,28.90909090909091,21.09090909090909,2071.3381818181815,,,,,,,,
509/8-6-26,368,2026-06-02 00:00:00,ADMIN,JAYHIND,BADADE,MH14GU6172,6,12,40.73,98.21,4000.0932999999995,309443,308935,508,12.47237908175792,42.333333333333336,-1.6033333333333388,-157.46336666666718,,,,,,,,
509/8-6-26,369,2026-06-02 00:00:00,JCB,JAYHIND,RAJU KHARAT,MH14LL4208,18,10,47,98.21,4615.87,140415,139958,457,9.72340425531915,45.7,1.2999999999999972,127.67299999999972,,,,,,,,
509/8-6-26,370,2026-06-02 00:00:00,JCB,JAYHIND,AYUB PATHAN,MH14LL4157,30,6,85,98.21,8347.85,139756,139399,357,4.2,59.5,25.5,2504.355,,,,,,,,
509/8-6-26,371,2026-06-02 00:00:00,JCB,JAYHIND,MANOJ KAMBLE,MH14LL4153,30,6,86,98.21,8446.06,152520,152012,508,5.906976744186046,84.66666666666667,1.3333333333333286,130.9466666666662,,,,,,,,
509/8-6-26,372,2026-06-02 00:00:00,KB,JAYHIND,DHARMA LOKHANDE,MH14HG9380,33,6,98,98.21,9624.58,288612,288405,207,2.1122448979591835,34.5,63.5,6236.335,,,,,,,,
509/8-6-26,373,2026-06-02 00:00:00,JCB,JAYHIND,BALAJI THOBOLE,MH14LL4195,30,6,77,98.21,7562.169999999999,132277,131813,464,6.025974025974026,77.33333333333333,-0.3333333333333286,-32.7366666666662,,,,,,,,
5533,374,2026-06-02 00:00:00,BC-VENDER,YES,Mukund Ramchandra Madvalkar,MH14LX9492,17,10,30,98.41,2952.2999999999997,0,0,0,0,0,30,2952.2999999999997,,,,,,,,
5533,375,2026-06-02 00:00:00,VW,YES,,MH14KA1765,40,5.5,70,98.41,6888.7,157936,157561,375,5.357142857142857,68.18181818181819,1.818181818181813,178.92727272727222,,,,,,,,
5533,376,2026-06-02 00:00:00,VW,YES,,MH14KA2807,40,5.5,80,98.41,7872.799999999999,177585,177177,408,5.1,74.18181818181819,5.818181818181813,572.5672727272722,,,,,,,,
5533,377,2026-06-02 00:00:00,VW,YES,,MH14KA2561,40,5.5,60,98.41,5904.599999999999,237254,237058,196,3.2666666666666666,35.63636363636363,24.363636363636367,2397.625454545455,,,,,,,,
5533,378,2026-06-02 00:00:00,VW,YES,,MH14KA1901,40,5.5,100,98.41,9841,189004,188488,516,5.16,93.81818181818181,6.181818181818187,608.3527272727277,,,,,,,,
5533,379,2026-06-02 00:00:00,VW,YES,,MH14KA1898,40,5.5,50,98.41,4920.5,167333,167196,137,2.74,24.90909090909091,25.09090909090909,2469.1963636363635,,,,,,,,
5533,380,2026-06-02 00:00:00,VW,YES,,MH14KA2815,40,5.5,60,98.41,5904.599999999999,193757,193468,289,4.816666666666666,52.54545454545455,7.454545454545453,733.601818181818,,,,,,,,
5533,381,2026-06-02 00:00:00,VW,YES,,MH14KA2820,40,5.5,60,98.41,5904.599999999999,124931,124617,314,5.233333333333333,57.09090909090909,2.9090909090909065,286.2836363636361,,,,,,,,
5533,382,2026-06-02 00:00:00,VW,YES,,MH14KA1744,40,5.5,50,98.41,4920.5,165130,164875,255,5.1,46.36363636363637,3.636363636363633,357.85454545454513,,,,,,,,
5533,383,2026-06-02 00:00:00,VW,YES,,MH14KA2925,40,5.5,70,98.41,6888.7,190206,189791,415,5.928571428571429,75.45454545454545,-5.454545454545453,-536.781818181818,,,,,,,,
5533,384,2026-06-02 00:00:00,VW,YES,,MH14KA1906,40,5.5,60,98.41,5904.599999999999,167752,167421,331,5.516666666666667,60.18181818181818,-0.18181818181817988,-17.892727272727083,,,,,,,,
5533,385,2026-06-02 00:00:00,VW,YES,,MH14KA1914,40,5.5,40,98.41,3936.3999999999996,126667,126448,219,5.475,39.81818181818182,0.18181818181817988,17.892727272727083,,,,,,,,
5533,386,2026-06-02 00:00:00,VW,YES,,MH14KA2558,40,5.5,80,98.41,7872.799999999999,217810,217448,362,4.525,65.81818181818181,14.181818181818187,1395.6327272727278,,,,,,,,
5533,387,2026-06-02 00:00:00,VW,YES,,MH14KA2469,40,5.5,50,98.41,4920.5,140151,139901,250,5,45.45454545454545,4.545454545454547,447.3181818181819,,,,,,,,
5533,388,2026-06-02 00:00:00,VW,YES,,MH14KA1894,40,5.5,60,98.41,5904.599999999999,131237,130932,305,5.083333333333333,55.45454545454545,4.545454545454547,447.3181818181819,,,,,,,,
5533,389,2026-06-02 00:00:00,BC-VENDER,YES,,MH14LX9897,17,10,30,98.41,2952.2999999999997,0,0,0,0,0,30,2952.2999999999997,,,,,,,,
5533,390,2026-06-02 00:00:00,VW,YES,,MH14KA2569,40,5.5,100,98.41,9841,167695,167232,463,4.63,84.18181818181819,15.818181818181813,1556.6672727272721,,,,,,,,
5533,391,2026-06-02 00:00:00,VW,YES,,MH14KA3312,20,8,40,98.41,3936.3999999999996,226735,226447,288,7.2,36,4,393.64,,,,,,,,
5533,392,2026-06-02 00:00:00,VW,YES,,MH14KA2463,40,5.5,50,98.41,4920.5,136649,136516,133,2.66,24.181818181818183,25.818181818181817,2540.7672727272725,,,,,,,,
5533,393,2026-06-02 00:00:00,VW,YES,,MH14KA2812,40,5.5,100,98.41,9841,128479,128318,161,1.61,29.272727272727273,70.72727272727272,6960.270909090908,,,,,,,,
5533,394,2026-06-02 00:00:00,VW,YES,,MH14KA1893,40,5.5,60,98.41,5904.599999999999,166209,165898,311,5.183333333333334,56.54545454545455,3.4545454545454533,339.96181818181805,,,,,,,,
5533,395,2026-06-02 00:00:00,VW,YES,,MH14KA2806,40,5.5,100,98.41,9841,121460,121208,252,2.52,45.81818181818182,54.18181818181818,5332.032727272727,,,,,,,,
5533,396,2026-06-02 00:00:00,BC-VENDER,YES,,MH14LQ1600,36,6,30,98.41,2952.2999999999997,0,0,0,0,0,30,2952.2999999999997,,,,,,,,
5533,397,2026-06-02 00:00:00,BC-VENDER,YES,Sudhakar Sharad Daptare,MH14KQ5693,20,10,22,98.41,2165.02,0,0,0,0,0,22,2165.02,,,,,,,,
5533,398,2026-06-02 00:00:00,VW,YES,,MH14KA1890,40,5.5,40,98.41,3936.3999999999996,120505,120317,188,4.7,34.18181818181818,5.81818181818182,572.5672727272729,,,,,,,,
5533,399,2026-06-02 00:00:00,BC,YES,,MH14LB3990,50,4,36,98.41,3542.7599999999998,71333,71189,144,4,36,0,0,,,,,,,,
5533,400,2026-06-02 00:00:00,BC-VENDER,YES,Prathmesh Tours & Travels,MH12VF1253,20,10,40,98.41,3936.3999999999996,0,0,0,0,0,40,3936.3999999999996,,,,,,,,
5533,401,2026-06-02 00:00:00,VW,YES,,MH14KA2923,40,5.5,90,98.41,8856.9,159660,159213,447,4.966666666666667,81.27272727272727,8.727272727272734,858.8509090909097,,,,,,,,
5533,402,2026-06-02 00:00:00,VW,YES,,MH14KA1741,40,5.5,50,98.41,4920.5,136469,135813,656,13.12,119.27272727272727,-69.27272727272727,-6817.12909090909,,,,,,,,
5533,403,2026-06-02 00:00:00,VW,YES,,MH14KA2814,40,5.5,50,98.41,4920.5,157783,157501,282,5.64,51.27272727272727,-1.2727272727272734,-125.24909090909097,,,,,,,,
5533,404,2026-06-02 00:00:00,VW,YES,,MH14KA2554,40,5.5,71,98.41,6987.11,175182,174641,541,7.619718309859155,98.36363636363636,-27.36363636363636,-2692.855454545454,,,,,,,,
5533,405,2026-06-02 00:00:00,VW,YES,,MH14KA1764,40,5.5,71,98.41,6987.11,147245,146887,358,5.042253521126761,65.0909090909091,5.9090909090909065,581.5136363636361,,,,,,,,
5533,406,2026-06-02 00:00:00,VW,YES,,MH14KA1879,40,5.5,60,98.41,5904.599999999999,195086,194778,308,5.133333333333334,56,4,393.64,,,,,,,,
5533,407,2026-06-02 00:00:00,VW,YES,,MH14KA2557,40,5.5,40,98.41,3936.3999999999996,209198,209098,100,2.5,18.181818181818183,21.818181818181817,2147.1272727272726,,,,,,,,
509/8-6-26,408,2026-06-02 00:00:00,VW,JAYHIND,,MH14KA1904,40,5.5,100,98.21,9821,149772,149297,475,4.75,86.36363636363636,13.63636363636364,1339.227272727273,,,,,,,,
509/8-6-26,409,2026-06-02 00:00:00,VW,JAYHIND,,MH14KA2557,40,5.5,30,98.21,2946.2999999999997,209298,209198,100,3.3333333333333335,18.181818181818183,11.818181818181817,1160.6636363636362,,,,,,,,
509/8-6-26,410,2026-06-02 00:00:00,VW,JAYHIND,,MH14KA2924,40,5.5,100,98.21,9821,118638,118490,148,1.48,26.90909090909091,73.0909090909091,7178.258181818182,,,,,,,,
509/8-6-26,411,2026-06-02 00:00:00,VW,JAYHIND,,MH14KA2879,40,5.5,100,98.21,9821,193097,192934,163,1.63,29.636363636363637,70.36363636363636,6910.412727272726,,,,,,,,
509/8-6-26,412,2026-06-02 00:00:00,BC,JAYHIND,,MH14HG2520,40,5,70,98.21,6874.7,212240,212120,120,1.7142857142857142,24,46,4517.66,,,,,,,,
509/8-6-26,413,2026-06-02 00:00:00,BC,JAYHIND,PAWALE,MH14LB3991,50,4,61,98.21,5990.8099999999995,94961,94626,335,5.491803278688525,83.75,-22.75,-2234.2774999999997,,,,,,,,
509/8-6-26,414,2026-06-02 00:00:00,VW,JAYHIND,,MH14KA2560,40,5.5,50,98.21,4910.5,179116,178890,226,4.52,41.09090909090909,8.909090909090907,874.9618181818179,,,,,,,,
509/8-6-26,415,2026-06-02 00:00:00,VW,JAYHIND,,MH14KA2810,40,5.5,40,98.21,3928.3999999999996,168147,168015,132,3.3,24,16,1571.36,,,,,,,,
509/8-6-26,416,2026-06-02 00:00:00,VW,JAYHIND,,MH14KA3311,20,8,20,98.21,1964.1999999999998,166195,166078,117,5.85,14.625,5.375,527.87875,,,,,,,,
509/8-6-26,417,2026-06-02 00:00:00,VW,JAYHIND,,MH14KA1883,40,5.5,50,98.21,4910.5,197165,196968,197,3.94,35.81818181818182,14.18181818181818,1392.7963636363634,,,,,,,,
509/8-6-26,418,2026-06-02 00:00:00,VW,JAYHIND,,MH14KA1742,40,5.5,50,98.21,4910.5,155137,154790,347,6.94,63.09090909090909,-13.090909090909093,-1285.658181818182,,,,,,,,
509/8-6-26,419,2026-06-02 00:00:00,VW,JAYHIND,,MH14KA1905,40,5.5,40,98.21,3928.3999999999996,211284,211024,260,6.5,47.27272727272727,-7.272727272727273,-714.2545454545455,,,,,,,,
509/8-6-26,420,2026-06-02 00:00:00,LEAR-CHAKAN,JAYHIND,,MH14LB5916,18,12,30,98.21,2946.2999999999997,96689,96541,148,4.933333333333334,12.333333333333334,17.666666666666664,1735.043333333333,,,,,,,,
509/8-6-26,421,2026-06-02 00:00:00,LEAR-CHAKAN,JAYHIND,,MH14LB5918,18,12,51,98.21,5008.71,118226,117865,361,7.078431372549019,30.083333333333332,20.916666666666668,2054.2258333333334,,,,,,,,
509/8-6-26,422,2026-06-02 00:00:00,LEAR-CHAKAN,JAYHIND,,MH14LB5923,18,12,40,98.21,3928.3999999999996,82938,82679,259,6.475,21.583333333333332,18.416666666666668,1808.7008333333333,,,,,,,,
509/8-6-26,423,2026-06-02 00:00:00,LEAR-CHAKAN,JAYHIND,,MH14LB5924,18,12,40,98.21,3928.3999999999996,89181,88985,196,4.9,16.333333333333332,23.666666666666668,2324.3033333333333,,,,,,,,
2318/10-6-26,424,2026-06-02 00:00:00,JCB,SAIEE,ABDUL SHAIKH,MH14LL4278,30,6,119,98.59,11732.210000000001,47242,47004,238,2,39.666666666666664,79.33333333333334,7821.473333333334,,,,,,,,
2318/10-6-26,425,2026-06-02 00:00:00,JCB-VENDOR,SAIEE,,MH14LL4301,,,40.54,98.59,3996.8386,0,0,0,0,#DIV/0!,#DIV/0!,#DIV/0!,,,,,,,,
2318/10-6-26,426,2026-06-02 00:00:00,JCB,SAIEE,MAULI KHOLE,MH14LL4150,30,6,75.97,98.59,7489.8823,93471,93050,421,5.541661182045544,70.16666666666667,5.8033333333333275,572.1506333333327,,,,,,,,
2318/10-6-26,427,2026-06-02 00:00:00,JCB,SAIEE,PRALHAD VANAVE,MH14LL4148,30,6,80,98.59,7887.200000000001,85496,84913,583,7.2875,97.16666666666667,-17.16666666666667,-1692.4616666666673,,,,,,,,
2318/10-6-26,428,2026-06-02 00:00:00,JCB,SAIEE,,MH14LL4146,30,6,90,98.59,8873.1,134250,133708,542,6.022222222222222,90.33333333333333,-0.3333333333333286,-32.86333333333287,,,,,,,,
2318/10-6-26,429,2026-06-02 00:00:00,JCB,SAIEE,BADE,MH14LL4191,30,6,55,98.59,5422.45,103548,103231,317,5.763636363636364,52.833333333333336,2.1666666666666643,213.61166666666645,,,,,,,,
2318/10-6-26,430,2026-06-02 00:00:00,HYUNDAI,SAIEE,NAVNATH BHANUSE,MH14LL6272,41,5.5,127,98.59,12520.93,79214,78518,696,5.480314960629921,126.54545454545455,0.45454545454545325,44.813636363636235,,,,,,,,
2318/10-6-26,431,2026-06-02 00:00:00,HYUNDAI,SAIEE,,MH14LX2568,40,5.5,112.95,98.59,11135.7405,52427,51740,687,6.082337317397078,124.9090909090909,-11.959090909090904,-1179.0467727272721,,,,,,,,
2318/10-6-26,432,2026-06-02 00:00:00,JCB,SAIEE,SUNIL BARMUKH,MH14LL4209,30,6,117.06,98.59,11540.9454,77919,77483,436,3.7245856825559542,72.66666666666667,44.39333333333333,4376.738733333334,,,,,,,,
2318/10-6-26,433,2026-06-02 00:00:00,JCB,SAIEE,BALU FALAKE,MH14LL4144,30,6,38.91,98.59,3836.1369,103331,103125,206,5.294268825494732,34.333333333333336,4.576666666666661,451.2135666666661,,,,,,,,
2318/10-6-26,434,2026-06-02 00:00:00,JCB,SAIEE,SHIDESHWAR KORE,MH14LL4183,30,6,22,98.59,2168.98,91214,91112,102,4.636363636363637,17,5,492.95000000000005,,,,,,,,
2318/10-6-26,435,2026-06-02 00:00:00,JCB,SAIEE,SACHIN RAUT,MH14LL4205,18,10,41,98.59,4042.19,188081,187708,373,9.097560975609756,37.3,3.700000000000003,364.7830000000003,,,,,,,,
2318/10-6-26,436,2026-06-02 00:00:00,JCB,SAIEE,BALAJI RAWALE,MH14LL4199,18,10,45,98.59,4436.55,173478,173085,393,8.733333333333333,39.3,5.700000000000003,561.9630000000003,,,,,,,,
2318/10-6-26,437,2026-06-02 00:00:00,JCB,SAIEE,SWAPNIL BORATE,MH14MT5755,17,10,38,98.59,3746.42,0,0,0,0,0,38,3746.42,,,,,,,,
2318/10-6-26,438,2026-06-02 00:00:00,JCB-VENDOR,SAIEE,VENDOR,MH14HG7555,17,10,41.92,98.59,4132.8928000000005,0,0,0,0,0,41.92,4132.8928000000005,,,,,,,,
2318/10-6-26,439,2026-06-02 00:00:00,JCB,SAIEE,HANUMANT GHOLAP,MH14LL4135,30,6,70,98.59,6901.3,127237,126856,381,5.442857142857143,63.5,6.5,640.835,,,,,,,,
2318/10-6-26,440,2026-06-02 00:00:00,JCB,SAIEE,SUNIL WAGH,MH14LL4136,30,6,100,98.59,9859,91003,90400,603,6.03,100.5,-0.5,-49.295,,,,,,,,
2318/10-6-26,441,2026-06-02 00:00:00,JCB,SAIEE,SWAPNIL BORATE,MH14NE5755,17,10,60,98.59,5915.400000000001,0,0,0,0,0,60,5915.400000000001,,,,,,,,
2318/10-6-26,442,2026-06-02 00:00:00,JCB,SAIEE,BHAGWAT FHAPAL,MH14LL4198,18,10,53,98.59,5225.27,164870,164395,475,8.962264150943396,47.5,5.5,542.245,,,,,,,,
2318/10-6-26,443,2026-06-02 00:00:00,JCB,SAIEE,SAINATH GOTAWALE,MH14LL4181,30,6,125,98.59,12323.75,79024,78273,751,6.008,125.16666666666667,-0.1666666666666714,-16.431666666667134,,,,,,,,
2318/10-6-26,444,2026-06-02 00:00:00,JCB,SAIEE,GAJANAN MARSHETTI,MH14LL4197,18,10,48,98.59,4732.32,104215,103945,270,5.625,27,21,2070.39,,,,,,,,
2318/10-6-26,445,2026-06-02 00:00:00,MITSUBISHI,SAIEE,,MH14LB2876,18,10,37,98.59,3647.83,99871,99540,331,8.945945945945946,33.1,3.8999999999999986,384.50099999999986,,,,,,,,
2318/10-6-26,446,2026-06-02 00:00:00,JCB,SAIEE,ATUL KHARAT,MH14LL4143,30,6,113.7,98.59,11209.683,72561,71992,569,5.0043975373790675,94.83333333333333,18.866666666666674,1860.0646666666676,,,,,,,,
2318/10-6-26,447,2026-06-02 00:00:00,JCB,SAIEE,KETAN POTE,MH14LL4137,30,6,80,98.59,7887.200000000001,89751,89384,367,4.5875,61.166666666666664,18.833333333333336,1856.7783333333336,,,,,,,,
2318/10-6-26,448,2026-06-02 00:00:00,JCB,SAIEE,SACHIN WAGHMARE,MH14LL4187,30,6,20,98.59,1971.8000000000002,130019,129544,475,23.75,79.16666666666667,-59.16666666666667,-5833.241666666668,,,,,,,,
,449,2026-06-02 00:00:00,KB,HPCL,,MH14MT2843,40,5.5,106.61,98.17,10465.9037,22183,21624,559,5.243410561860989,101.63636363636364,4.973636363636359,488.2618818181814,,,,,,,,
1284/10-6-26,450,2026-06-02 00:00:00,BC,SHUBHAM,PAWALE,MH14LB3991,50,4,30,98.44,2953.2,95023,94961,62,2.066666666666667,15.5,14.5,1427.3799999999999,,,,,,,,
1284/10-6-26,451,2026-06-02 00:00:00,LEAR-CHAKAN,SHUBHAM,,MH14LB3844,32,6,40,98.44,3937.6,95179,94964,215,5.375,35.833333333333336,4.166666666666664,410.1666666666664,,,,,,,,
1284/10-6-26,452,2026-06-02 00:00:00,BC,SHUBHAM,,MH14LB3984,50,4,35,98.44,3445.4,55421,55166,255,7.285714285714286,63.75,-28.75,-2830.15,,,,,,,,
1284/10-6-26,453,2026-06-02 00:00:00,BC,SHUBHAM,,MH14LB3848,40,5.5,40,98.44,3937.6,112442,111931,511,12.775,92.9090909090909,-52.90909090909091,-5208.370909090909,,,,,,,,
1284/10-6-26,454,2026-06-02 00:00:00,BC-VENDER,SHUBHAM,,MH14MH1600,36,6,26.62,98.44,2620.4728,0,0,0,0,0,26.62,2620.4728,,,,,,,,
1284/10-6-26,455,2026-06-02 00:00:00,BC,SHUBHAM,HIMMAT MURADE,MH14LB8052,7,24,20,98.44,1968.8,102796,102331,465,23.25,19.375,0.625,61.525,,,,,,,,
1284/10-6-26,456,2026-06-02 00:00:00,BC-VENDER,SHUBHAM,,MH14HG3816,,,35,98.44,3445.4,0,0,0,0,#DIV/0!,#DIV/0!,#DIV/0!,,,,,,,,
1284/10-6-26,457,2026-06-02 00:00:00,BC-VENDER,SHUBHAM,Mukund Ramchandra Madvalkar,MH12LB9492,17,10,30,98.44,2953.2,0,0,0,0,0,30,2953.2,,,,,,,,
1284/10-6-26,458,2026-06-02 00:00:00,BC,SHUBHAM,,MH14GD9109,36,6,30,98.44,2953.2,308047,307883,164,5.466666666666667,27.333333333333332,2.666666666666668,262.5066666666668,,,,,,,,
286/15-6-26,459,2026-06-02 00:00:00,MERCEDES,PRATIK,,MH14LX3723,32,4,100,98.57,9857,29902,29607,295,2.95,73.75,26.25,2587.4624999999996,,,,,,,,
,460,2026-06-02 00:00:00,JCB,IOCL,BAPU VAMAN,MH14LL4159,30,6,50.86,98.3,4999.538,171545,171223,322,6.331104994101455,53.666666666666664,-2.806666666666665,-275.89533333333316,,,,,,,,
,461,2026-06-02 00:00:00,JCB,IOCL,VIKAS HEMADE,MH14LL4140,30,6,48,98.52,4728.96,171041,170753,288,6,48,0,0,,,,,,,,
,462,2026-06-02 00:00:00,JCB,BPCL,JAGDISH PATIL,MH14LL4189,30,6,60,98.19,5891.4,204861,204546,315,5.25,52.5,7.5,736.425,,,,,,,,
,463,2026-06-02 00:00:00,LEAR-CHAKAN,BPCL,,MH14LB6096,18,12,40,98.27,3930.7999999999997,49014,48701,313,7.825,26.083333333333332,13.916666666666668,1367.5908333333334,,,,,,,,
,464,2026-06-02 00:00:00,LEAR-CHAKAN,BPCL,VITTHALRAO,MH14LB5821,18,12,40,98.32,3932.7999999999997,75434,75074,360,9,30,10,983.1999999999999,,,,,,,,
509/8-6-26,465,2026-06-02 00:00:00,LEAR-CHAKAN,JAYHIND,SWAGAT JADHAV,MH14LB5967,18,12,40,98.21,3928.3999999999996,83232,82818,414,10.35,34.5,5.5,540.155,,,,,,,,
509/8-6-26,466,2026-06-02 00:00:00,LEAR-CHAKAN,JAYHIND,,MH14LB5926,18,12,50,98.21,4910.5,127734,127297,437,8.74,36.416666666666664,13.583333333333336,1334.0191666666667,,,,,,,,
509/8-6-26,467,2026-06-02 00:00:00,LEAR-CHAKAN,JAYHIND,SUNIL PATHARE,MH14LB6210,25,7,50,98.21,4910.5,74570,74355,215,4.3,30.714285714285715,19.285714285714285,1894.0499999999997,,,,,,,,
509/8-6-26,468,2026-06-02 00:00:00,LEAR-CHAKAN,JAYHIND,,MH14LB4966,17,10,40,98.21,3928.3999999999996,117397,116891,506,12.65,50.6,-10.600000000000001,-1041.026,,,,,,,,
509/8-6-26,469,2026-06-02 00:00:00,LEAR-CHAKAN,JAYHIND,,MH14LB5917,18,12,45,98.21,4419.45,151143,150909,234,5.2,19.5,25.5,2504.355,,,,,,,,
509/8-6-26,470,2026-06-02 00:00:00,LEAR-CHAKAN,JAYHIND,SUDAM SHEJUL,MH14LB6211,25,7,50,98.21,4910.5,96220,95736,484,9.68,69.14285714285714,-19.14285714285714,-1880.0199999999995,,,,,,,,
509/8-6-26,471,2026-06-02 00:00:00,LEAR-CHAKAN,JAYHIND,SACHIN,MH14LB5914,18,12,46,98.21,4517.66,191793,191535,258,5.608695652173913,21.5,24.5,2406.145,,,,,,,,
509/8-6-26,472,2026-06-02 00:00:00,LEAR-CHAKAN,JAYHIND,NAIKARE,MH14LB6270,40,6,97,98.21,9526.369999999999,174356,173700,656,6.762886597938144,109.33333333333333,-12.333333333333329,-1211.2566666666662,,,,,,,,
509/8-6-26,473,2026-06-02 00:00:00,LEAR-CHAKAN,JAYHIND,AMOL PATIL,MH14LB5925,18,12,43,98.21,4223.03,129492,129340,152,3.5348837209302326,12.666666666666666,30.333333333333336,2979.036666666667,,,,,,,,
509/8-6-26,474,2026-06-02 00:00:00,LEAR-CHAKAN,JAYHIND,GAIKWAD,MH14LB5814,33,6,65,98.21,6383.65,65221,64983,238,3.6615384615384614,39.666666666666664,25.333333333333336,2487.9866666666667,,,,,,,,
509/8-6-26,475,2026-06-02 00:00:00,LEAR-CHAKAN,JAYHIND,LAXMAN PATIL,MH14LB5915,18,12,38,98.21,3731.9799999999996,124014,123908,106,2.789473684210526,8.833333333333334,29.166666666666664,2864.458333333333,,,,,,,,
509/8-6-26,476,2026-06-02 00:00:00,LEAR-CHAKAN,JAYHIND,,MH14LB6214,25,7,75,98.21,7365.749999999999,198766,198511,255,3.4,36.42857142857143,38.57142857142857,3788.0999999999995,,,,,,,,
509/8-6-26,477,2026-06-02 00:00:00,LEAR-CHAKAN,JAYHIND,,MH14LB5922,18,12,55,98.21,5401.549999999999,138970,138746,224,4.072727272727272,18.666666666666668,36.33333333333333,3568.296666666666,,,,,,,,
509/8-6-26,478,2026-06-02 00:00:00,LEAR-CHAKAN,JAYHIND,GANPAT,MH14LB6215,25,7,60,98.21,5892.599999999999,122849,122745,104,1.7333333333333334,14.857142857142858,45.14285714285714,4433.48,,,,,,,,
509/8-6-26,479,2026-06-02 00:00:00,LEAR-CHAKAN,JAYHIND,SURESH,MH14LB6213,50,5,75,98.21,7365.749999999999,132897,132515,382,5.093333333333334,76.4,-1.4000000000000057,-137.49400000000054,,,,,,,,
509/8-6-26,480,2026-06-02 00:00:00,JCB,JAYHIND,DANAJI WAIDANDE,MH14LL4201,18,10,54.19,98.21,5321.9999,133769,133228,541,9.983391769699207,54.1,0.0899999999999963,8.838899999999636,,,,,,,,
509/8-6-26,481,2026-06-02 00:00:00,VW,JAYHIND,,MH14KA1909,40,5.5,30,98.21,2946.2999999999997,153604,153404,200,6.666666666666667,36.36363636363637,-6.363636363636367,-624.9727272727275,,,,,,,,
509/8-6-26,482,2026-06-02 00:00:00,TML-VENDER,JAYHIND,BORASE,MH14KQ9520,40,5.5,72.05,98.21,7076.030499999999,0,0,0,0,0,72.05,7076.030499999999,,,,,,,,
509/8-6-26,483,2026-06-02 00:00:00,VW,JAYHIND,,MH14KA1883,40,5.5,20,98.21,1964.1999999999998,197421,197165,256,12.8,46.54545454545455,-26.545454545454547,-2607.029090909091,,,,,,,,
,484,2026-06-02 00:00:00,VW,BPCL,SITARAM BHOR,MH14KA2465,40,5.5,120,98.63,11835.599999999999,249808,249268,540,4.5,98.18181818181819,21.818181818181813,2151.9272727272723,,,,,,,,
,485,2026-06-02 00:00:00,BAJAJ WALUJ,HPCL,DIVTE,MH20GC8873,50,5,68,99.44,6761.92,106080,105308,772,11.352941176470589,154.4,-86.4,-8591.616,,,,,,,,
,486,2026-06-02 00:00:00,BAJAJ WALUJ,HPCL,NAGESH,MH20GC5309,50,5,58,99.44,5767.5199999999995,152030,151706,324,5.586206896551724,64.8,-6.799999999999997,-676.1919999999997,,,,,,,,
,487,2026-06-02 00:00:00,BAJAJ WALUJ,HPCL,SOPAN,MH20GZ5418,50,5,40,99.44,3977.6,8105,7906,199,4.975,39.8,0.20000000000000284,19.888000000000282,,,,,,,,
,488,2026-06-02 00:00:00,BAJAJ WALUJ,HPCL,SHAIKH,MH14CW4816,40,5.5,63,99.44,6264.72,301945,301597,348,5.523809523809524,63.27272727272727,-0.2727272727272734,-27.120000000000065,,,,,,,,
,489,2026-06-02 00:00:00,BAJAJ WALUJ,HPCL,ASPAK,MH20GC8875,50,5,54,99.44,5369.76,77610,77310,300,5.555555555555555,60,-6,-596.64,,,,,,,,
,490,2026-06-02 00:00:00,BAJAJ WALUJ,HPCL,NAKIM,MH20GZ5478,50,5,42,99.44,4176.48,6530,6302,228,5.428571428571429,45.6,-3.6000000000000014,-357.98400000000015,,,,,,,,
,491,2026-06-02 00:00:00,BAJAJ WALUJ,HPCL,JABBAR,MH20GC8872,50,5,50,99.44,4972,103460,103159,301,6.02,60.2,-10.200000000000003,-1014.2880000000002,,,,,,,,
,492,2026-06-02 00:00:00,BAJAJ WALUJ,HPCL,AJAY,MH14HU0836,32,5.5,34,99.44,3380.96,318685,318487,198,5.823529411764706,36,-2,-198.88,,,,,,,,
,493,2026-06-02 00:00:00,BAJAJ WALUJ,HPCL,YOGESH,MH20GC5343,50,5,36,99.44,3579.84,117226,117040,186,5.166666666666667,37.2,-1.2000000000000028,-119.32800000000027,,,,,,,,
,494,2026-06-02 00:00:00,BAJAJ WALUJ,HPCL,LATE,MH20GC8893,50,5,20,99.44,1988.8,98202,97983,219,10.95,43.8,-23.799999999999997,-2366.6719999999996,,,,,,,,
,495,2026-06-02 00:00:00,BAJAJ WALUJ,HPCL,NIVRUTTI ,MH14KU2284,20,9,45.69,99.44,4543.4136,0,0,0,0,0,45.69,4543.4136,,,,,,,,
,496,2026-06-02 00:00:00,BAJAJ WALUJ,HPCL,NAZIR,MH14CW4456,40,5.5,75,99.44,7458,291336,290916,420,5.6,76.36363636363636,-1.3636363636363598,-135.59999999999962,,,,,,,,
,497,2026-06-02 00:00:00,BAJAJ WALUJ,HPCL,GUNJAL,MH14CW4824,40,5.5,70,99.44,6960.8,299436,299044,392,5.6,71.27272727272727,-1.2727272727272663,-126.55999999999935,,,,,,,,
,498,2026-06-02 00:00:00,BAJAJ WALUJ,HPCL,AJAY,MH14CW4485,50,3.5,20,99.44,1988.8,54481,54401,80,4,22.857142857142858,-2.8571428571428577,-284.11428571428576,,,,,,,,
,499,2026-06-02 00:00:00,BAJAJ WALUJ,HPCL,MAJID,MH20EG5161,20,9,45.4,99.44,4514.576,0,0,0,0,0,45.4,4514.576,,,,,,,,
,500,2026-06-02 00:00:00,BAJAJ WALUJ,HPCL,SANJAY,MH20GC8879,50,5,20,99.44,1988.8,132366,132156,210,10.5,42,-22,-2187.68,,,,,,,,
,501,2026-06-02 00:00:00,Skoda-vw,SFM,KHANEDEKAR,MH14KA1878,40,5,103,99.44,10242.32,57703,57663,40,0.3883495145631068,8,95,9446.8,,,,,,,,
,502,2026-06-02 00:00:00,Skoda-vw,SFM,THAIR,MH14KA1887,40,5,98.59,99.44,9803.7896,62672,62636,36,0.36514859519221016,7.2,91.39,9087.8216,,,,,,,,
,503,2026-06-02 00:00:00,Skoda-vw,SFM,SACHIN,MH14KA1891,40,5,112.64,99.44,11200.9216,61815,61773,42,0.3728693181818182,8.4,104.24,10365.6256,,,,,,,,
,504,2026-06-02 00:00:00,Skoda-vw,SFM,ZUBAIR,MH14KA1892,40,5,106,99.44,10540.64,61685,61648,37,0.3490566037735849,7.4,98.6,9804.784,,,,,,,,
,505,2026-06-02 00:00:00,Skoda-vw,SFM,FEROZ,MH14KA1889,40,5,108,99.44,10739.52,64291,64241,50,0.46296296296296297,10,98,9745.119999999999,,,,,,,,
,506,2026-06-02 00:00:00,Skoda-vw,SFM,BHARAT,MH20GC2523,40,5,85,99.44,8452.4,60848,60771,77,0.9058823529411765,15.4,69.6,6921.023999999999,,,,,,,,
,507,2026-06-02 00:00:00,Skoda-vw,SFM,JAGTAP,MH20GC2524,40,5,114.03,99.44,11339.1432,42236,42191,45,0.39463299131807417,9,105.03,10444.1832,,,,,,,,
,508,2026-06-02 00:00:00,Skoda-vw,SFM,WAHULE,MH20GC2527,40,5,110.85,99.44,11022.923999999999,60199,59591,608,5.48488949030221,121.6,-10.75,-1068.98,,,,,,,,
,509,2026-06-02 00:00:00,Skoda-vw,SFM,MUSTAK,MH20GC2529,40,5,90,99.44,8949.6,42493,42447,46,0.5111111111111111,9.2,80.8,8034.7519999999995,,,,,,,,
,510,2026-06-02 00:00:00,Skoda-vw,SFM,GIRI,MH20GC2530,40,5,100,99.44,9944,55415,55377,38,0.38,7.6,92.4,9188.256000000001,,,,,,,,
,511,2026-06-02 00:00:00,Skoda-vw,SFM,BALKRISHNA,MH20GC2531,40,5,106.59,99.44,10599.3096,44340,44299,41,0.3846514682427995,8.2,98.39,9783.9016,,,,,,,,
,512,2026-06-02 00:00:00,Skoda-vw,SFM,SACHIN,MH20GC2532,40,5,115.01,99.44,11436.5944,47770,47728,42,0.3651856360316494,8.4,106.61,10601.2984,,,,,,,,
,513,2026-06-02 00:00:00,Skoda-vw,SFM,MHAINDRA,MH20GC2533,40,5,105,99.44,10441.199999999999,46539,46488,51,0.4857142857142857,10.2,94.8,9426.912,,,,,,,,
,514,2026-06-02 00:00:00,Skoda-vw,SFM,PARDESHI,MH20GC2534,40,5,100,99.44,9944,44997,44931,66,0.66,13.2,86.8,8631.392,,,,,,,,
,515,2026-06-02 00:00:00,Skoda-vw,SFM,AMIR,MH20GC2544,40,5,109.62,99.44,10900.6128,41628,41585,43,0.39226418536763363,8.6,101.02000000000001,10045.428800000002,,,,,,,,
,516,2026-06-02 00:00:00,Skoda-vw,SFM,ABDUL,MH20GC7986,20,9,41.5,99.44,4126.76,27868,27453,415,10,46.111111111111114,-4.611111111111114,-458.5288888888892,,,,,,,,
,517,2026-06-02 00:00:00,Skoda-vw,SFM,RAHIM,MH20GC7987,20,9,33.42,99.44,3323.2848,38046,37991,55,1.6457211250748054,6.111111111111111,27.30888888888889,2715.595911111111,,,,,,,,
,518,2026-06-02 00:00:00,Skoda-vw,SFM,JAVED,MH20GC7989,20,9,29.3,99.44,2913.592,11773,11734,39,1.3310580204778157,4.333333333333333,24.96666666666667,2482.6853333333333,,,,,,,,
,519,2026-06-02 00:00:00,Skoda-vw,SFM,RAMRAO,MH20GC8098,20,9,82.3,99.44,8183.911999999999,26612,26573,39,0.4738760631834751,4.333333333333333,77.96666666666667,7753.0053333333335,,,,,,,,
,520,2026-06-02 00:00:00,CITYFLOW MUMBAI,,,MH04MH3741,27,4,11,98.04,1078.44,21490,21254,236,21.454545454545453,59,-48,-4705.92,,,,,,,,
,521,2026-06-02 00:00:00,CITYFLOW MUMBAI,,,MH04MH3742,27,4,55,98,5390,35177,34959,218,3.963636363636364,54.5,0.5,49,,,,,,,,
,522,2026-06-02 00:00:00,CITYFLOW MUMBAI,,,MH04MH6313,27,4,45,98,4410,46773,46580,193,4.288888888888889,48.25,-3.25,-318.5,,,,,,,,
,523,2026-06-02 00:00:00,LEAR-CHENNAI,,,TN87H2083,24,,81.26,100.03,8128.437800000001,147416,146739,677,8.331282303716465,#DIV/0!,#DIV/0!,#DIV/0!,,,,,,,,
,524,2026-06-02 00:00:00,LEAR-CHENNAI,,,TN87H2059,24,,79.64,100.25,7983.91,48791,48160,631,7.923154193872426,#DIV/0!,#DIV/0!,#DIV/0!,,,,,,,,
,525,2026-06-02 00:00:00,LEAR-CHENNAI,,,TN87H2191,4,,28.05,108.42,3041.181,65100,64763,337,12.014260249554367,#DIV/0!,#DIV/0!,#DIV/0!,,,,,,,,
,526,2026-06-02 00:00:00,LEAR-CHENNAI,,,TN87H2151,4,,28.05,108.23,3035.8515,80333,79878,455,16.22103386809269,#DIV/0!,#DIV/0!,#DIV/0!,,,,,,,,
,527,2026-06-02 00:00:00,LEAR-CHENNAI,,,TN87H1964,32,,79.8,100.25,7999.95,41629,41024,605,7.5814536340852134,#DIV/0!,#DIV/0!,#DIV/0!,,,,,,,,
,528,2026-06-02 00:00:00,LEAR-CHENNAI,,,TN87H2075,24,,86.05,100.03,8607.5815,89069,88391,678,7.879140034863452,#DIV/0!,#DIV/0!,#DIV/0!,,,,,,,,
,529,2026-06-02 00:00:00,LEAR-CHENNAI,,,TN87H1960,32,,82.22,100.03,8224.4666,49596,48963,633,7.698856725857456,#DIV/0!,#DIV/0!,#DIV/0!,,,,,,,,
,530,2026-06-02 00:00:00,TMBSL,JABBAR PUMP ,IRAPPA AND RUDRAYYA ,KA25AB7985,55+1,4.5,98,98.63,9665.74,116185,115729,456,4.653061224489796,101.33333333333333,-3.3333333333333286,-328.7666666666662,,,,,,,,
,531,2026-06-02 00:00:00,TMBSL,JABBAR PUMP ,SHIVARAJ AND NINGARAJ GUTAL,KA25AB7988,55+1,4.5,114,98.63,11243.82,139555,139010,545,4.780701754385965,121.11111111111111,-7.111111111111114,-701.3688888888892,,,,,,,,
,532,2026-06-02 00:00:00,TMBSL,JABBAR PUMP ,BASAVARJ KITTUR AND IRANNA D,KA25AB7986,55+1,4.5,114,98.63,11243.82,120140,119589,551,4.833333333333333,122.44444444444444,-8.444444444444443,-832.8755555555554,,,,,,,,
,533,2026-06-02 00:00:00,TMBSL,JABBAR PUMP ,SHANKAR AND MAILARI ,KA25AB7982,55+1,4.5,82,98.63,8087.66,137052,136665,387,4.719512195121951,86,-4,-394.52,,,,,,,,
,534,2026-06-02 00:00:00,TML,JABBAR PUMP ,SHANKAR AND MAILARI ,KA25AA7672,49+1,4.25,50,98.63,4931.5,135561,135135,426,8.52,100.23529411764706,-50.23529411764706,-4954.707058823529,,,,,,,,
,535,2026-06-02 00:00:00,TML,JABBAR PUMP ,SHANKAR AND MAILARI ,KA25AA1645,49+1,4.25,209,98.63,20613.67,358356,357959,397,1.8995215311004785,93.41176470588235,115.58823529411765,11400.467647058824,,,,,,,,
,536,2026-06-02 00:00:00,TMBSL,JABBAR PUMP ,MANJUNATH CHINDI AND MALLESH ,KA25AC0057,55+1,4.5,132,98.63,13019.16,91026,90384,642,4.863636363636363,142.66666666666666,-10.666666666666657,-1052.0533333333324,,,,,,,,
,537,2026-06-02 00:00:00,TML,JABBAR PUMP ,FAKIRAYYA HIREMATH ,KA25AA1641,49+1,4.25,131,98.63,12920.529999999999,230810,230249,561,4.282442748091603,132,-1,-98.63,,,,,,,,
,538,2026-06-02 00:00:00,TMBSL,JABBAR PUMP ,ANNAPPA  AND RACHAYYA ,KA25AB7983,55+1,4.5,116,98.63,11441.08,132873,132319,554,4.775862068965517,123.11111111111111,-7.111111111111114,-701.3688888888892,,,,,,,,
,539,2026-06-02 00:00:00,TML,JABBAR PUMP ,NAGAPPA KARKOPPA ,KA25AA1650,49+1,4.25,100,98.63,9863,243261,242814,447,4.47,105.17647058823529,-5.17647058823529,-510.5552941176466,,,,,,,,
,540,2026-06-02 00:00:00,TMBSL,JABBAR PUMP ,SAGAR AND HANUMANTH ,KA25AC0058,55+1,4.5,112,98.63,11046.56,106223,105683,540,4.821428571428571,120,-8,-789.04,,,,,,,,
,541,2026-06-02 00:00:00,TMBSL,JABBAR PUMP ,MAHANTESH AND SACHIN ,KA25AC0453,55+1,4.5,130,98.63,12821.9,76037,75395,642,4.938461538461539,142.66666666666666,-12.666666666666657,-1249.3133333333324,,,,,,,,
,542,2026-06-02 00:00:00,TMBSL,JABBAR PUMP ,NAGAPPA GIDAMUDI AND ATMANAND ,KA25AB7984,55+1,4.5,116,98.63,11441.08,144448,143891,557,4.801724137931035,123.77777777777777,-7.7777777777777715,-767.1222222222216,,,,,,,,
,543,2026-06-02 00:00:00,TML,JABBAR PUMP ,SHARIF NADAF,KA25AA1642,49+1,4.25,177,98.63,17457.51,291793,291040,753,4.254237288135593,177.1764705882353,-0.17647058823530415,-17.405294117648047,,,,,,,,
,544,2026-06-02 00:00:00,TMBSL,JABBAR PUMP ,NINGARAJ BANKAPUR AND HANUMANTH ,KA25AB7987,55+1,4.5,115,98.63,11342.449999999999,141650,141097,553,4.808695652173913,122.88888888888889,-7.888888888888886,-778.0811111111108,,,,,,,,
509/8-6-26,545,2026-06-03 00:00:00,TML,JAYHIND,DILIP BARKAMBE,MH14CW4815,41,5,80,98.21,7856.799999999999,501749,501352,397,4.9625,79.4,0.5999999999999943,58.92599999999944,,,,,,,,
509/8-6-26,546,2026-06-03 00:00:00,TML,JAYHIND,DHIRAJ NAIK,MH14CW4812,41,5.5,130,98.21,12767.3,561114,560614,500,3.8461538461538463,90.9090909090909,39.09090909090909,3839.1181818181817,,,,,,,,
509/8-6-26,547,2026-06-03 00:00:00,TML,JAYHIND,RAMDAS MARANE,MH14CW4822,41,5.5,80,98.21,7856.799999999999,481860,481462,398,4.975,72.36363636363636,7.63636363636364,749.9672727272731,,,,,,,,
509/8-6-26,548,2026-06-03 00:00:00,TML-VENDER,JAYHIND,BORASE,MH14KA9502,40,5.5,96.19,98.21,9446.819899999999,0,0,0,0,0,96.19,9446.819899999999,,,,,,,,
509/8-6-26,549,2026-06-03 00:00:00,KB,JAYHIND,,MH14CW4381,37,5,100,98.21,9821,135357,134773,584,5.84,116.8,-16.799999999999997,-1649.9279999999997,,,,,,,,
509/8-6-26,550,2026-06-03 00:00:00,TML,JAYHIND,MALLIKARJUN BODALE,MH12KQ0265,44,3.5,160,98.21,15713.599999999999,441020,440348,672,4.2,192,-32,-3142.72,,,,,,,,
509/8-6-26,551,2026-06-03 00:00:00,KB,JAYHIND,,MH14MT2841,40,5.5,40,98.21,3928.3999999999996,23965,23756,209,5.225,38,2,196.42,,,,,,,,
509/8-6-26,552,2026-06-03 00:00:00,KB,JAYHIND,PANDURANG WARE,MH14HU0837,28,6,85,98.21,8347.85,348010,347511,499,5.870588235294117,83.16666666666667,1.8333333333333286,180.0516666666662,,,,,,,,
509/8-6-26,553,2026-06-03 00:00:00,KB,JAYHIND,RAJU JAMADAR,MH14HG5617,28,6,80,98.21,7856.799999999999,406300,405900,400,5,66.66666666666667,13.333333333333329,1309.466666666666,,,,,,,,
509/8-6-26,554,2026-06-03 00:00:00,BA-VENDER,JAYHIND,DINESH,MH14LB9060,18,10,32.21,98.21,3163.3441,0,0,0,0,0,32.21,3163.3441,,,,,,,,
509/8-6-26,555,2026-06-03 00:00:00,BC,JAYHIND,DANAJI SAKUNDE,MH14LB3846,32,6,58.39,98.21,5734.4819,108558,108223,335,5.737283781469429,55.833333333333336,2.556666666666665,251.09023333333315,,,,,,,,
509/8-6-26,556,2026-06-03 00:00:00,JCB,JAYHIND,PRAMOD BARKUL,MH14LL4188,30,6,76,98.21,7463.959999999999,133864,133445,419,5.5131578947368425,69.83333333333333,6.166666666666671,605.6283333333338,,,,,,,,
509/8-6-26,557,2026-06-03 00:00:00,BA-VENDER,JAYHIND,SITARAM POL,MH14LB5428,18,12,34.77,98.21,3414.7617,0,0,0,0,0,34.77,3414.7617,,,,,,,,
509/8-6-26,558,2026-06-03 00:00:00,BC,JAYHIND,YOGESH GAWANDE,MH14LB4534,50,4,85,98.21,8347.85,72300,72184,116,1.3647058823529412,29,56,5499.759999999999,,,,,,,,
509/8-6-26,559,2026-06-03 00:00:00,BC,JAYHIND,ANKIT KAKODIYA,MH14LB3845,32,6,55,98.21,5401.549999999999,93108,92781,327,5.945454545454545,54.5,0.5,49.105,,,,,,,,
509/8-6-26,560,2026-06-03 00:00:00,BA-VENDER,JAYHIND,DATTA DOMBLE,MH14LB2783,36,6,64.84,98.21,6367.9364,0,0,0,0,0,64.84,6367.9364,,,,,,,,
509/8-6-26,561,2026-06-03 00:00:00,BA-VENDER,JAYHIND,VAIBHAV KAWADE,MH14LB8792,17,10,49.59,98.21,4870.2339,0,0,0,0,0,49.59,4870.2339,,,,,,,,
509/8-6-26,562,2026-06-03 00:00:00,JCB,JAYHIND,SACHIN WAGHMARE,MH14LL4187,30,6,85,98.21,8347.85,130630,130019,611,7.188235294117647,101.83333333333333,-16.83333333333333,-1653.2016666666661,,,,,,,,
509/8-6-26,563,2026-06-03 00:00:00,BA-VENDER,JAYHIND,,MH12ZE2777,30,6,51.85,98.21,5092.1885,0,0,0,0,0,51.85,5092.1885,,,,,,,,
509/8-6-26,564,2026-06-03 00:00:00,KWT,JAYHIND,GOVINDA CHAVAN,MH14GD9102,36,6,50,98.21,4910.5,291820,291543,277,5.54,46.166666666666664,3.8333333333333357,376.47166666666686,,,,,,,,
509/8-6-26,565,2026-06-03 00:00:00,BA-VENDER,JAYHIND,DEVDAS DEKHANE,MH12WR1918,17,10,50.47,98.21,4956.6587,0,0,0,0,0,50.47,4956.6587,,,,,,,,
509/8-6-26,566,2026-06-03 00:00:00,BA-VENDER,JAYHIND,VAIBHAV KAWADE,MH14LX8792,17,10,55,98.21,5401.549999999999,0,0,0,0,0,55,5401.549999999999,,,,,,,,
509/8-6-26,567,2026-06-03 00:00:00,KWT,JAYHIND,BHAIRU KAWADE,MH14GD9124,36,6,50,98.21,4910.5,325216,324970,246,4.92,41,9,883.89,,,,,,,,
509/8-6-26,568,2026-06-03 00:00:00,TML,JAYHIND,,MH14CW4802,41,5.3,100,98.21,9821,481311,480787,524,5.24,98.86792452830188,1.1320754716981156,111.18113207547192,,,,,,,,
509/8-6-26,569,2026-06-03 00:00:00,KB-VENDER,JAYHIND,,MH12ZE0337,,,40.25,98.21,3952.9525,0,0,0,0,#DIV/0!,#DIV/0!,#DIV/0!,,,,,,,,
509/8-6-26,570,2026-06-03 00:00:00,TML-VENDER,JAYHIND,BORASE,MH14KA9520,40,5.5,55.98,98.21,5497.795799999999,0,0,0,0,0,55.98,5497.795799999999,,,,,,,,
6454,571,2026-06-03 00:00:00,VW,YES,,MH14KA2557,40,5.5,30,98.41,2952.2999999999997,209467,209298,169,5.633333333333334,30.727272727272727,-0.7272727272727266,-71.57090909090903,,,,,,,,
6454,572,2026-06-03 00:00:00,VW,YES,,MH14KA2809,40,5.5,80,98.41,7872.799999999999,149467,149006,461,5.7625,83.81818181818181,-3.818181818181813,-375.7472727272722,,,,,,,,
6454,573,2026-06-03 00:00:00,VW,YES,,MH14KA1882,40,5.5,60,98.41,5904.599999999999,164313,164012,301,5.016666666666667,54.72727272727273,5.272727272727273,518.889090909091,,,,,,,,
6454,574,2026-06-03 00:00:00,VW,YES,,MH14KA1897,40,5.5,60,98.41,5904.599999999999,214777,214493,284,4.733333333333333,51.63636363636363,8.363636363636367,823.0654545454548,,,,,,,,
6454,575,2026-06-03 00:00:00,VW,YES,,MH14KA1898,40,5.5,70,98.41,6888.7,167471,167333,138,1.9714285714285715,25.09090909090909,44.90909090909091,4419.503636363636,,,,,,,,
6454,576,2026-06-03 00:00:00,VW,YES,,MH14KA1895,40,5.5,100,98.41,9841,174185,173853,332,3.32,60.36363636363637,39.63636363636363,3900.614545454545,,,,,,,,
6454,577,2026-06-03 00:00:00,VW,YES,,MH14KA1744,40,5.5,70,98.41,6888.7,165321,165130,191,2.7285714285714286,34.72727272727273,35.27272727272727,3471.1890909090907,,,,,,,,
6454,578,2026-06-03 00:00:00,VW,YES,,MH14KA3312,20,8,40,98.41,3936.3999999999996,227030,226735,295,7.375,36.875,3.125,307.53125,,,,,,,,
6454,579,2026-06-03 00:00:00,VW,YES,,MH14KA2469,40,5.5,50,98.41,4920.5,140272,140151,121,2.42,22,28,2755.48,,,,,,,,
6454,580,2026-06-03 00:00:00,BC-VENDER,YES,,MH14LX9897,17,10,58.5,98.41,5756.985,0,0,0,0,0,58.5,5756.985,,,,,,,,
6454,581,2026-06-03 00:00:00,VW,YES,,MH14KA1737,40,5.5,70,98.41,6888.7,162788,162266,522,7.457142857142857,94.9090909090909,-24.909090909090907,-2451.303636363636,,,,,,,,
6454,582,2026-06-03 00:00:00,VW,YES,,MH14KA1916,40,5.5,100,98.41,9841,136714,136528,186,1.86,33.81818181818182,66.18181818181819,6512.952727272727,,,,,,,,
6454,583,2026-06-03 00:00:00,VW,YES,,MH14KA1894,40,5.5,60,98.41,5904.599999999999,131536,131237,299,4.983333333333333,54.36363636363637,5.636363636363633,554.6745454545451,,,,,,,,
6454,584,2026-06-03 00:00:00,BC-VENDER,YES,,MH14LX9322,,,110,98.41,10825.1,0,0,0,0,#DIV/0!,#DIV/0!,#DIV/0!,,,,,,,,
6454,585,2026-06-03 00:00:00,VW,YES,,MH14KA2558,40,5.5,70,98.41,6888.7,218166,217810,356,5.085714285714285,64.72727272727273,5.272727272727266,518.8890909090902,,,,,,,,
6454,586,2026-06-03 00:00:00,BC-VENDER,YES,,MH14MH4066,,,56,98.41,5510.96,0,0,0,0,#DIV/0!,#DIV/0!,#DIV/0!,,,,,,,,
6454,587,2026-06-03 00:00:00,VW,YES,,MH14KA2563,40,5.5,70,98.41,6888.7,136216,135813,403,5.757142857142857,73.27272727272727,-3.2727272727272663,-322.0690909090903,,,,,,,,
6454,588,2026-06-03 00:00:00,BC,YES,RAJ KAMBLE,MH14LB4535,50,3.5,50,98.41,4920.5,110561,110366,195,3.9,55.714285714285715,-5.714285714285715,-562.3428571428573,,,,,,,,
6454,589,2026-06-03 00:00:00,VW,YES,,MH14KA1880,40,5.5,145,98.41,14269.449999999999,217617,216908,709,4.889655172413793,128.9090909090909,16.090909090909093,1583.5063636363639,,,,,,,,
6454,590,2026-06-03 00:00:00,BC-VENDER,YES,Prathmesh Tours & Travels,MH12VF1253,20,10,40,98.41,3936.3999999999996,0,0,0,0,0,40,3936.3999999999996,,,,,,,,
6454,591,2026-06-03 00:00:00,BC-VENDER,YES,Mukund Ramchandra Madvalkar,MH14LX9492,17,10,44,98.41,4330.04,0,0,0,0,0,44,4330.04,,,,,,,,
6454,592,2026-06-03 00:00:00,BC-VENDER,YES,Sudhakar Sharad Daptare,MH14KQ5693,20,10,52,98.41,5117.32,0,0,0,0,0,52,5117.32,,,,,,,,
6454,593,2026-06-03 00:00:00,VW,YES,,MH14KA2811,40,5.5,60,98.41,5904.599999999999,188247,187974,273,4.55,49.63636363636363,10.363636363636367,1019.8854545454549,,,,,,,,
6454,594,2026-06-03 00:00:00,VW,YES,,MH14KA2816,40,5.5,50,98.41,4920.5,119500,119277,223,4.46,40.54545454545455,9.454545454545453,930.421818181818,,,,,,,,
6454,595,2026-06-03 00:00:00,VW,YES,,MH14KA3310,40,5.5,40,98.41,3936.3999999999996,158670,157962,708,17.7,128.72727272727272,-88.72727272727272,-8731.650909090908,,,,,,,,
6454,596,2026-06-03 00:00:00,VW,YES,,MH14KQ1004,40,5.5,70,98.41,6888.7,83744,83514,230,3.2857142857142856,41.81818181818182,28.18181818181818,2773.372727272727,,,,,,,,
6454,597,2026-06-03 00:00:00,VW,YES,,MH14KA2923,40,5.5,50,98.41,4920.5,159881,159660,221,4.42,40.18181818181818,9.81818181818182,966.2072727272729,,,,,,,,
6454,598,2026-06-03 00:00:00,BC-VENDER,YES,,MH14HG3816,,,42.5,98.41,4182.425,0,0,0,0,#DIV/0!,#DIV/0!,#DIV/0!,,,,,,,,
6454,599,2026-06-03 00:00:00,VW,YES,,MH14KA2560,40,5.5,80,98.41,7872.799999999999,179339,179116,223,2.7875,40.54545454545455,39.45454545454545,3882.721818181818,,,,,,,,
6454,600,2026-06-03 00:00:00,VW,YES,,MH14KA2602,40,5.5,70,98.41,6888.7,166146,165805,341,4.871428571428571,62,8,787.28,,,,,,,,
6454,601,2026-06-03 00:00:00,VW,YES,,MH14KA1741,40,5.5,40,98.41,3936.3999999999996,136636,136469,167,4.175,30.363636363636363,9.636363636363637,948.3145454545455,,,,,,,,
6454,602,2026-06-03 00:00:00,VW,YES,,MH14KA1743,40,5.5,70,98.41,6888.7,94692,94239,453,6.4714285714285715,82.36363636363636,-12.36363636363636,-1216.7054545454541,,,,,,,,
6454,603,2026-06-03 00:00:00,VW,YES,,MH14KA2591,40,5.5,50,98.41,4920.5,138411,138199,212,4.24,38.54545454545455,11.454545454545453,1127.241818181818,,,,,,,,
6454,604,2026-06-03 00:00:00,VW,YES,,MH14KA1905,40,5.5,50,98.41,4920.5,211524,211284,240,4.8,43.63636363636363,6.363636363636367,626.2454545454549,,,,,,,,
146,605,2026-06-03 00:00:00,KB-VENDER,YES,AYUB JAMADAR,MH14HU5220,40,5.5,55,98.41,5412.55,0,0,0,0,0,55,5412.55,,,,,,,,
146,606,2026-06-03 00:00:00,TML,YES,DANRAJ KOLI,MH14CW2905,36,5.5,110,98.41,10825.1,553768,553319,449,4.081818181818182,81.63636363636364,28.36363636363636,2791.265454545454,,,,,,,,
146,607,2026-06-03 00:00:00,KB-VENDER,YES,AYUB JAMADAR,MH14KQ5220,40,5.5,95,98.41,9348.949999999999,0,0,0,0,0,95,9348.949999999999,,,,,,,,
146,608,2026-06-03 00:00:00,TML,YES,AMOL,MH14CW3581,36,5.5,80,98.41,7872.799999999999,82956,82505,451,5.6375,82,-2,-196.82,,,,,,,,
146,609,2026-06-03 00:00:00,TML-VENDER,YES,,MH14MT3575,40,5.5,100,98.41,9841,0,0,0,0,0,100,9841,,,,,,,,
146,610,2026-06-03 00:00:00,TML,YES,,MH14CW3260,36,5,122,98.41,12006.02,433096,432649,447,3.6639344262295084,89.4,32.599999999999994,3208.1659999999993,,,,,,,,
146,611,2026-06-03 00:00:00,KB,YES,AMOL PAIK,MH14CW3580,36,5.5,145,98.41,14269.449999999999,363724,362909,815,5.620689655172414,148.1818181818182,-3.181818181818187,-313.1227272727278,,,,,,,,
146,612,2026-06-03 00:00:00,TML,YES,SATISH PADWAL,MH14CW2904,36,5.5,50,98.41,4920.5,397751,397475,276,5.52,50.18181818181818,-0.18181818181817988,-17.892727272727083,,,,,,,,
146,613,2026-06-03 00:00:00,KB,YES,AMOL BANSODE,MH14GD4458,49,4,180,98.41,17713.8,452181,451584,597,3.316666666666667,149.25,30.75,3026.1075,,,,,,,,
146,614,2026-06-03 00:00:00,TML,YES,BALAJI JOGE,MH14CW4611,40,5.5,118,98.41,11612.38,444097,443546,551,4.669491525423729,100.18181818181819,17.818181818181813,1753.487272727272,,,,,,,,
146,615,2026-06-03 00:00:00,KB,YES,,MH14HG5612,28,6,152,98.41,14958.32,412206,412154,52,0.34210526315789475,8.666666666666666,143.33333333333334,14105.433333333334,,,,,,,,
146,616,2026-06-03 00:00:00,TML,YES,KISHOR SHINDE,MH14CW4823,40,5.3,81,98.41,7971.21,558141,557691,450,5.555555555555555,84.90566037735849,-3.905660377358487,-384.3560377358487,,,,,,,,
146,617,2026-06-03 00:00:00,KB-VENDER,YES,,MH14MT9394,,,137,98.41,13482.17,0,0,0,0,#DIV/0!,#DIV/0!,#DIV/0!,,,,,,,,
146,618,2026-06-03 00:00:00,TML,YES,,MH14CW3256,36,5,70.04,98.41,6892.6364,312615,312462,153,2.1844660194174756,30.6,39.440000000000005,3881.2904000000003,,,,,,,,
146,619,2026-06-03 00:00:00,TML-VENDER,YES,,MH14MT4480,,,147,98.41,14466.269999999999,0,0,0,0,#DIV/0!,#DIV/0!,#DIV/0!,,,,,,,,
146,620,2026-06-03 00:00:00,TML,YES,,MH14CW3867,,,80,98.41,7872.799999999999,100091,99667,424,5.3,#DIV/0!,#DIV/0!,#DIV/0!,,,,,,,,
146,621,2026-06-03 00:00:00,TML,YES,SACHIN KAMBLE,MH14CW3584,36,5.5,70,98.41,6888.7,505361,504942,419,5.985714285714286,76.18181818181819,-6.181818181818187,-608.3527272727277,,,,,,,,
146,622,2026-06-03 00:00:00,TML,YES,,MH14CW2896,36,5.5,100,98.41,9841,410738,410403,335,3.35,60.90909090909091,39.09090909090909,3846.9363636363637,,,,,,,,
146,623,2026-06-03 00:00:00,TML,YES,LAXMAN MAHARAJ,MH14CW3266,36,5,101,98.41,9939.41,170472,169957,515,5.099009900990099,103,-2,-196.82,,,,,,,,
146,624,2026-06-03 00:00:00,TML,YES,SOMNATH KALE,MH14CW2902,36,5.5,114,98.41,11218.74,394401,393979,422,3.7017543859649122,76.72727272727273,37.272727272727266,3668.00909090909,,,,,,,,
146,625,2026-06-03 00:00:00,TML,YES,RANGNATH,MH14CW4612,40,5.5,75,98.41,7380.75,260690,260418,272,3.6266666666666665,49.45454545454545,25.545454545454547,2513.9281818181817,,,,,,,,
146,626,2026-06-03 00:00:00,KB-VENDER,YES,AYUB JAMADAR,MH14LX5220,40,5.5,90,98.41,8856.9,0,0,0,0,0,90,8856.9,,,,,,,,
146,627,2026-06-03 00:00:00,TML,YES,SACHIN GAIKWAD,MH14CW4377,37,5,120,98.41,11809.199999999999,224433,224047,386,3.216666666666667,77.2,42.8,4211.947999999999,,,,,,,,
146,628,2026-06-03 00:00:00,KB-VENDER,YES,,MH14NE4959,,,85,98.41,8364.85,0,0,0,0,#DIV/0!,#DIV/0!,#DIV/0!,,,,,,,,
146,629,2026-06-03 00:00:00,KB,YES,SHIVANCHAL,MH14HG5614,28,6,110,98.41,10825.1,377852,377399,453,4.118181818181818,75.5,34.5,3395.145,,,,,,,,
146,630,2026-06-03 00:00:00,KB,YES,HANUMTRAO,MH14HG5615,28,6,58,98.41,5707.78,309713,309372,341,5.879310344827586,56.833333333333336,1.1666666666666643,114.81166666666643,,,,,,,,
146,631,2026-06-03 00:00:00,ADMIN,YES,BADADE/ SALVE/KAMBLE,MH14DM8003,6,12,42,98.41,4133.22,292440,292112,328,7.809523809523809,27.333333333333332,14.666666666666668,1443.3466666666668,,,,,,,,
2318/10-6-26,632,2026-06-03 00:00:00,HYUNDAI,SAIEE,YOGESH DALE,MH14LX2752,40,5.5,129.76,98.59,12793.0384,29720,29101,619,4.770345252774353,112.54545454545455,17.214545454545444,1697.1820363636355,,,,,,,,
2318/10-6-26,633,2026-06-03 00:00:00,JCB-VENDOR,SAIEE,,MH12YB9901,,,49.02,98.59,4832.8818,0,0,0,0,#DIV/0!,#DIV/0!,#DIV/0!,,,,,,,,
2318/10-6-26,634,2026-06-03 00:00:00,JCB,SAIEE,,MH14LL4138,30,6,93,98.59,9168.87,159949,159434,515,5.537634408602151,85.83333333333333,7.166666666666671,706.5616666666672,,,,,,,,
2318/10-6-26,635,2026-06-03 00:00:00,JCB,SAIEE,REVANATH LANDGE,MH14LL4194,30,6,74,98.59,7295.66,130052,129598,454,6.135135135135135,75.66666666666667,-1.6666666666666714,-164.31666666666715,,,,,,,,
2318/10-6-26,636,2026-06-03 00:00:00,JCB,SAIEE,CHANDRSHING WAGH,MH14LL4156,30,6,53,98.59,5225.27,158240,157921,319,6.018867924528302,53.166666666666664,-0.1666666666666643,-16.431666666666434,,,,,,,,
2318/10-6-26,637,2026-06-03 00:00:00,JCB,SAIEE,VIKAS CHAVAN,MH14LL4132,30,6,79.93,98.59,7880.298700000001,80888,80399,489,6.1178531214812955,81.5,-1.5699999999999932,-154.78629999999933,,,,,,,,
2318/10-6-26,638,2026-06-03 00:00:00,HYUNDAI,SAIEE,ANIL PAWAR,MH14LX7841,40,5.5,141,98.59,13901.19,42494,41721,773,5.4822695035460995,140.54545454545453,0.45454545454546746,44.81363636363764,,,,,,,,
2318/10-6-26,639,2026-06-03 00:00:00,JCB,SAIEE,DATTATRAY BIDAVE,MH14LL4128,30,6,94,98.59,9267.460000000001,85759,85193,566,6.0212765957446805,94.33333333333333,-0.3333333333333286,-32.86333333333287,,,,,,,,
2318/10-6-26,640,2026-06-03 00:00:00,JCB,SAIEE,SHIDESHWAR KORE,MH14LL4183,30,6,36,98.59,3549.2400000000002,91464,91214,250,6.944444444444445,41.666666666666664,-5.666666666666664,-558.6766666666665,,,,,,,,
2318/10-6-26,641,2026-06-03 00:00:00,JCB,SAIEE,ASHOK SUKALE,MH14LL4130,30,6,41.39,98.59,4080.6401,105120,104510,610,14.7378593863252,101.66666666666667,-60.27666666666667,-5942.676566666667,,,,,,,,
2318/10-6-26,642,2026-06-03 00:00:00,HYUNDAI,SAIEE,VILAS KAMBLE,MH14LX7484,30,6,49.2,98.59,4850.628000000001,37909,37670,239,4.857723577235772,39.833333333333336,9.366666666666667,923.4596666666667,,,,,,,,
2318/10-6-26,643,2026-06-03 00:00:00,JCB,SAIEE,SACHIN RAUT,MH14LL4205,18,10,55,98.59,5422.45,188535,188081,454,8.254545454545454,45.4,9.600000000000001,946.4640000000002,,,,,,,,
2318/10-6-26,644,2026-06-03 00:00:00,JCB,SAIEE,BALAJI RAWALE,MH14LL4199,18,10,41,98.59,4042.19,173845,173478,367,8.951219512195122,36.7,4.299999999999997,423.9369999999997,,,,,,,,
2318/10-6-26,645,2026-06-03 00:00:00,JCB-VENDOR,SAIEE,VENDOR,MH14HG7555,17,10,39.71,98.59,3915.0089000000003,0,0,0,0,0,39.71,3915.0089000000003,,,,,,,,
2318/10-6-26,646,2026-06-03 00:00:00,JCB,SAIEE,SWAPNIL BORATE,MH14MT5755,17,10,40.54,98.59,3996.8386,0,0,0,0,0,40.54,3996.8386,,,,,,,,
2318/10-6-26,647,2026-06-03 00:00:00,MITSUBISHI,SAIEE,AMIT KAMBLE,MH14LB2875,18,10,53,98.59,5225.27,112162,111656,506,9.547169811320755,50.6,2.3999999999999986,236.61599999999987,,,,,,,,
2318/10-6-26,648,2026-06-03 00:00:00,JCB,SAIEE,RAVI WAYKULE,MH14LL4123,30,6,104,98.59,10253.36,126666,125700,966,9.288461538461538,161,-57,-5619.63,,,,,,,,
2318/10-6-26,649,2026-06-03 00:00:00,JCB,SAIEE,,MH14LL4134,30,6,72,98.59,7098.4800000000005,44431,44258,173,2.4027777777777777,28.833333333333332,43.16666666666667,4255.801666666667,,,,,,,,
2318/10-6-26,650,2026-06-03 00:00:00,JCB,SAIEE,YOURAJ WAGH,MH14LL4179,30,6,125,98.59,12323.75,107181,106661,520,4.16,86.66666666666667,38.33333333333333,3779.283333333333,,,,,,,,
2318/10-6-26,651,2026-06-03 00:00:00,BA-VENDER,SAIEE,DATTA DOMBLE,MH14LB2873,36,6,80,98.59,7887.200000000001,0,0,0,0,0,80,7887.200000000001,,,,,,,,
,652,2026-06-03 00:00:00,KB,IOCL,TEJAS UNDRE,MH14MT2840,40,5.5,64,98.15,6281.6,37505,37196,309,4.828125,56.18181818181818,7.81818181818182,767.3545454545457,,,,,,,,
,653,2026-06-03 00:00:00,KB,HPCL,,MH14MT2843,40,5.5,90.12,98.17,8847.0804,22622,22183,439,4.871282734132268,79.81818181818181,10.301818181818192,1011.3294909090919,,,,,,,,
286/15-6-26,654,2026-06-03 00:00:00,MERCEDES,PRATIK,,MH14LX3725,32,4,50,98.57,4928.5,29890,29604,286,5.72,71.5,-21.5,-2119.2549999999997,,,,,,,,
,655,2026-06-03 00:00:00,JCB,BPCL,NITESH DONGARE,MH14LL4184,30,6,61.08,98.23,5999.8884,134878,134174,704,11.525867714472822,117.33333333333333,-56.25333333333333,-5525.764933333333,,,,,,,,
,656,2026-06-03 00:00:00,JCB,IOCL,BAPU VAMAN,MH14LL4159,30,6,47.8,98.3,4698.74,171820,171545,275,5.7531380753138075,45.833333333333336,1.9666666666666615,193.3233333333328,,,,,,,,
,657,2026-06-03 00:00:00,JCB,IOCL,HANUMANT GHOLAP,MH14LL4135,30,6,58,90.52,5250.16,127589,127237,352,6.068965517241379,58.666666666666664,-0.6666666666666643,-60.34666666666645,,,,,,,,
,658,2026-06-03 00:00:00,JCB,BPCL,JAGDISH PATIL,MH14LL4189,30,6,70,98.19,6873.3,205246,204861,385,5.5,64.16666666666667,5.833333333333329,572.7749999999995,,,,,,,,
,659,2026-06-03 00:00:00,LEAR-CHAKAN,BPCL,NIWAS RATHOD,MH14LB5919,18,12,40,98.18,3927.2000000000003,237002,236784,218,5.45,18.166666666666668,21.833333333333332,2143.596666666667,,,,,,,,
,660,2026-06-03 00:00:00,LEAR-CHAKAN,BPCL,VITTHALRAO,MH14LB5821,18,12,40,98.32,3932.7999999999997,75773,75434,339,8.475,28.25,11.75,1155.26,,,,,,,,
1284/10-6-26,661,2026-06-03 00:00:00,BC-VENDER,SHUBHAM,Mukund Ramchandra Madvalkar,MH14LX9492,17,10,27.32,98.44,2689.3808,0,0,0,0,0,27.32,2689.3808,,,,,,,,
,662,2026-06-03 00:00:00,KB,HPCL,,MH14GD4457,49,4,150,98.27,14740.5,327431,326916,515,3.433333333333333,128.75,21.25,2088.2374999999997,,,,,,,,
,663,2026-06-03 00:00:00,BAJAJ WALUJ,HPCL,ADHE,MH20GC8874,50,5,63.45,99.44,6309.468,99397,99000,397,6.2568951930654055,79.4,-15.950000000000003,-1586.0680000000002,,,,,,,,
,664,2026-06-03 00:00:00,BAJAJ WALUJ,HPCL,MANGESH,MH20GC8891,50,5,63,99.44,6264.72,87035,86685,350,5.555555555555555,70,-7,-696.0799999999999,,,,,,,,
,665,2026-06-03 00:00:00,BAJAJ WALUJ,HPCL,GAUTAM,MH14CW4813,40,5.5,48,99.44,4773.12,292677,292408,269,5.604166666666667,48.90909090909091,-0.9090909090909065,-90.39999999999974,,,,,,,,
,666,2026-06-03 00:00:00,BAJAJ WALUJ,HPCL,MADAN,MH14CW4821,40,5.5,62,99.44,6165.28,289265,288893,372,6,67.63636363636364,-5.63636363636364,-560.4800000000004,,,,,,,,
,667,2026-06-03 00:00:00,BAJAJ WALUJ,HPCL,GORAKH,MH14CW4805,40,5.5,51,99.44,5071.44,292451,292166,285,5.588235294117647,51.81818181818182,-0.8181818181818201,-81.36000000000018,,,,,,,,
,668,2026-06-03 00:00:00,BAJAJ WALUJ,HPCL,ABHIJEET,MH20GC5419,50,5,70,99.44,6960.8,16824,16461,363,5.185714285714286,72.6,-2.5999999999999943,-258.5439999999994,,,,,,,,
,669,2026-06-03 00:00:00,BAJAJ WALUJ,HPCL,SAGER,MH20GC8876,50,5,72,99.44,7159.68,120349,119945,404,5.611111111111111,80.8,-8.799999999999997,-875.0719999999997,,,,,,,,
,670,2026-06-03 00:00:00,BAJAJ WALUJ,HPCL,MOHSIN,MH20GC8890,50,5,80,99.44,7955.2,78477,78057,420,5.25,84,-4,-397.76,,,,,,,,
,671,2026-06-03 00:00:00,BAJAJ WALUJ,HPCL,ARVIND,MH14CW4615,40,5.5,61,99.44,6065.84,301311,300963,348,5.704918032786885,63.27272727272727,-2.2727272727272734,-226.00000000000006,,,,,,,,
,672,2026-06-03 00:00:00,BAJAJ WALUJ,HPCL,JABBAR,MH20GC8872,50,5,51,99.44,5071.44,103755,103460,295,5.784313725490196,59,-8,-795.52,,,,,,,,
,673,2026-06-03 00:00:00,BAJAJ WALUJ,HPCL,NARYAN,MH20GC5342,50,5,48,99.44,4773.12,108594,108330,264,5.5,52.8,-4.799999999999997,-477.3119999999997,,,,,,,,
,674,2026-06-03 00:00:00,BAJAJ WALUJ,HPCL,AJAY,MH14CW4485,50,3.5,55,99.44,5469.2,54681,54481,200,3.6363636363636362,57.142857142857146,-2.142857142857146,-213.08571428571457,,,,,,,,
,675,2026-06-03 00:00:00,BAJAJ WALUJ,HPCL,SANJAY,MH20GC8879,50,5,20,99.44,1988.8,132639,132366,273,13.65,54.6,-34.6,-3440.6240000000003,,,,,,,,
,676,2026-06-03 00:00:00,BAJAJ WALUJ,HPCL,SANJAY,MH20GC8879,50,5,55,99.44,5469.2,132716,132639,77,1.4,15.4,39.6,3937.824,,,,,,,,
,677,2026-06-03 00:00:00,BAJAJ WALUJ,HPCL,LATE,MH20GC8893,50,5,42,99.44,4176.48,99323,99308,15,0.35714285714285715,3,39,3878.16,,,,,,,,
,678,2026-06-03 00:00:00,BAJAJ WALUJ,HPCL,MALODE,MH20GC8878,50,5,52,99.44,5170.88,95932,95595,337,6.480769230769231,67.4,-15.400000000000006,-1531.3760000000004,,,,,,,,
,679,2026-06-03 00:00:00,BAJAJ WALUJ,HPCL,DADARAO,MH14CW4609,40,5.5,50,99.44,4972,293321,293057,264,5.28,48,2,198.88,,,,,,,,
,680,2026-06-03 00:00:00,BAJAJ WALUJ,HPCL,SUDAM,MH14HG5613,32,5.5,55,99.44,5469.2,72705,72380,325,5.909090909090909,59.09090909090909,-4.0909090909090935,-406.80000000000024,,,,,,,,
,681,2026-06-03 00:00:00,Skoda-vw,SFM,ABDUL,MH20GC2528,40,5,100,99.44,9944,64495,64383,112,1.12,22.4,77.6,7716.543999999999,,,,,,,,
,682,2026-06-03 00:00:00,Skoda-vw,SFM,DHRAM CHAND,MH20GC7988,20,9,40.4,99.44,4017.3759999999997,24900,24436,464,11.485148514851485,51.55555555555556,-11.155555555555559,-1109.3084444444448,,,,,,,,
,683,2026-06-03 00:00:00,BAJAJ WALUJ,HPCL,DAUD,MH14CW4820,40,5.5,45,99.44,4474.8,268903,268651,252,5.6,45.81818181818182,-0.8181818181818201,-81.36000000000018,,,,,,,,
,684,2026-06-03 00:00:00,BAJAJ WALUJ,HPCL,YOGESH,MH20GC5343,50,5,36,99.44,3579.84,117409,117226,183,5.083333333333333,36.6,-0.6000000000000014,-59.66400000000014,,,,,,,,
,685,2026-06-03 00:00:00,BAJAJ WALUJ,HPCL,ASLAM,MH20GC5308,40,5.5,52,99.44,5170.88,97119,96818,301,5.788461538461538,54.72727272727273,-2.7272727272727266,-271.19999999999993,,,,,,,,
,686,2026-06-03 00:00:00,BAJAJ WALUJ,HPCL,ASPAK,MH20GC8875,50,5,20,99.44,1988.8,77898,77610,288,14.4,57.6,-37.6,-3738.944,,,,,,,,
,687,2026-06-03 00:00:00,CITYFLOW MUMBAI,,,MH04MH3731,27,4,82,103.25,8466.5,48183,47874,309,3.768292682926829,77.25,4.75,490.4375,,,,,,,,
,688,2026-06-03 00:00:00,CITYFLOW MUMBAI,,,MH04MH3734,27,4,80,97.89,7831.2,24490,24204,286,3.575,71.5,8.5,832.065,,,,,,,,
,689,2026-06-03 00:00:00,CITYFLOW MUMBAI,,,MH04MH3735,27,4,80,97.89,7831.2,23544,23246,298,3.725,74.5,5.5,538.395,,,,,,,,
,690,2026-06-03 00:00:00,CITYFLOW MUMBAI,,,MH04MH3736,27,4,34,98.04,3333.36,31750,31489,261,7.676470588235294,65.25,-31.25,-3063.75,,,,,,,,
,691,2026-06-03 00:00:00,CITYFLOW MUMBAI,,,MH04MH3741,27,4,80,97.89,7831.2,21516,21490,26,0.325,6.5,73.5,7194.915,,,,,,,,
,692,2026-06-03 00:00:00,CITYFLOW MUMBAI,,,MH04MH3742,27,4,55,98,5390,35399,35177,222,4.036363636363636,55.5,-0.5,-49,,,,,,,,
,693,2026-06-03 00:00:00,CITYFLOW MUMBAI,,,MH04MH4722,27,4,40,98.04,3921.6000000000004,33413,33121,292,7.3,73,-33,-3235.32,,,,,,,,
,694,2026-06-03 00:00:00,CITYFLOW MUMBAI,,,MH04MH6308,27,4,80,98.04,7843.200000000001,32372,31957,415,5.1875,103.75,-23.75,-2328.4500000000003,,,,,,,,
,695,2026-06-03 00:00:00,CITYFLOW MUMBAI,,,MH04MH6311,27,4,60,98.04,5882.400000000001,28739,28526,213,3.55,53.25,6.75,661.7700000000001,,,,,,,,
,696,2026-06-03 00:00:00,CITYFLOW MUMBAI,,,MH04MH6313,27,4,45,98,4410,46968,46773,195,4.333333333333333,48.75,-3.75,-367.5,,,,,,,,
,697,2026-06-03 00:00:00,CITYFLOW MUMBAI,,,MH04MH6316,27,4,20,98,1960,8765,8610,155,7.75,38.75,-18.75,-1837.5,,,,,,,,
,698,2026-06-03 00:00:00,CITYFLOW MUMBAI,,,MH04MH6317,27,4,87,98.04,8529.480000000001,35325,34996,329,3.781609195402299,82.25,4.75,465.69000000000005,,,,,,,,
,699,2026-06-03 00:00:00,CITYFLOW MUMBAI,,,MH04MH6318,27,4,53,98.04,5196.12,33837,33523,314,5.9245283018867925,78.5,-25.5,-2500.02,,,,,,,,
,700,2026-06-03 00:00:00,CITYFLOW MUMBAI,,,MH04MR5597,27,4,72.96,97.83,7137.676799999999,9441,9108,333,4.564144736842105,83.25,-10.290000000000006,-1006.6707000000006,,,,,,,,
,701,2026-06-03 00:00:00,CITYFLOW MUMBAI,,,MH04MR5863,40,3.7,160.88,98.15,15790.372000000001,18601,18397,204,1.268025857782198,55.13513513513513,105.74486486486487,10378.858486486488,,,,,,,,
,702,2026-06-03 00:00:00,CITYFLOW MUMBAI,,,MH04MR5922,40,3.7,120,97.83,11739.6,18799,18586,213,1.775,57.567567567567565,62.432432432432435,6107.764864864865,,,,,,,,
,703,2026-06-03 00:00:00,CITYFLOW MUMBAI,,,MH46DC8448,40,3.7,65,98.04,6372.6,663,590,73,1.123076923076923,19.72972972972973,45.270270270270274,4438.2972972972975,,,,,,,,
,704,2026-06-03 00:00:00,CITYFLOW MUMBAI,,,MH14DC8528,27,4,15,98,1470,623,600,23,1.5333333333333334,5.75,9.25,906.5,,,,,,,,
,705,2026-06-03 00:00:00,LEAR-CHENNAI,,,TN87H2004,24,,92.03,100.03,9205.7609,73344,72564,780,8.475497120504183,#DIV/0!,#DIV/0!,#DIV/0!,,,,,,,,
,706,2026-06-03 00:00:00,LEAR-CHENNAI,,,TN87H1942,32,,80.2,100.03,8022.406,42332,41655,677,8.441396508728179,#DIV/0!,#DIV/0!,#DIV/0!,,,,,,,,
,707,2026-06-03 00:00:00,LEAR-CHENNAI,,,TN87H1931,32,,82.61,100.03,8263.4783,90092,89434,658,7.9651373925674855,#DIV/0!,#DIV/0!,#DIV/0!,,,,,,,,
,708,2026-06-03 00:00:00,LEAR-CHENNAI,,,TN87H1975,32,,71.29,100.03,7131.1387,122076,121532,544,7.630803759293028,#DIV/0!,#DIV/0!,#DIV/0!,,,,,,,,
,709,2026-06-03 00:00:00,LEAR-CHENNAI,,,TN87H1971,32,,83.47,100.03,8349.5041,71336,70717,619,7.415838025637954,#DIV/0!,#DIV/0!,#DIV/0!,,,,,,,,
,710,2026-06-03 00:00:00,LEAR-CHENNAI,,,TN87H1962,32,,78.32,100.25,7851.579999999999,54834,54211,623,7.954545454545455,#DIV/0!,#DIV/0!,#DIV/0!,,,,,,,,
,711,2026-06-03 00:00:00,LEAR-CHENNAI,,,TN87H2061,24,,75,100.25,7518.75,81911,81317,594,7.92,#DIV/0!,#DIV/0!,#DIV/0!,,,,,,,,
,712,2026-06-03 00:00:00,LEAR-CHENNAI,,,TN87H1956,14,,44.15,100.25,4426.037499999999,37691,37218,473,10.71347678369196,#DIV/0!,#DIV/0!,#DIV/0!,,,,,,,,
,713,2026-06-03 00:00:00,LEAR-CHENNAI,,,TN87H2083,24,,80.5,100.03,8052.415,148083,147416,667,8.285714285714286,#DIV/0!,#DIV/0!,#DIV/0!,,,,,,,,
,714,2026-06-03 00:00:00,LEAR-CHENNAI,,,TN87H2088,24,,73.91,100.03,7393.217299999999,51534,50945,589,7.969151670951157,#DIV/0!,#DIV/0!,#DIV/0!,,,,,,,,
,715,2026-06-03 00:00:00,LEAR-CHENNAI,,,TN87H1946,14,,54.08,100.03,5409.6224,47680,46977,703,12.999260355029586,#DIV/0!,#DIV/0!,#DIV/0!,,,,,,,,
,716,2026-06-03 00:00:00,LEAR-CHENNAI,,,TN87H1996,32,,88.6,100.03,8862.658,68200,67590,610,6.884875846501129,#DIV/0!,#DIV/0!,#DIV/0!,,,,,,,,
,717,2026-06-03 00:00:00,LEAR-CHENNAI,,,TN87H2018,24,,81.45,100.03,8147.4435,80799,80187,612,7.513812154696132,#DIV/0!,#DIV/0!,#DIV/0!,,,,,,,,
,718,2026-06-03 00:00:00,LEAR-CHENNAI,,,TN87H2067,24,,80,100.03,8002.4,71284,70668,616,7.7,#DIV/0!,#DIV/0!,#DIV/0!,,,,,,,,
,719,2026-06-03 00:00:00,LEAR-CHENNAI,,,TN87H1989,14,,55.05,100.03,5506.6515,26365,25719,646,11.734786557674841,#DIV/0!,#DIV/0!,#DIV/0!,,,,,,,,
,720,2026-06-03 00:00:00,LEAR-CHENNAI,,,TN87H2151,4,,27.09,108.23,2931.9507,80758,80333,425,15.68844592100406,#DIV/0!,#DIV/0!,#DIV/0!,,,,,,,,
,721,2026-06-03 00:00:00,LEAR-CHENNAI,,,TN87H2191,4,,26.93,100.42,2704.3106,65397,65100,297,11.028592647604901,#DIV/0!,#DIV/0!,#DIV/0!,,,,,,,,
1284/10-6-26,722,2026-06-04 00:00:00,BC,SHUBHAM,,MH14GD9106,36,6,20,98.44,1968.8,438099,437895,204,10.2,34,-14,-1378.1599999999999,,,,,,,,
1284/10-6-26,723,2026-06-04 00:00:00,LEAR-CHAKAN,SHUBHAM,,MH14LB3844,32,6,30,98.44,2953.2,95354,95179,175,5.833333333333333,29.166666666666668,0.8333333333333321,82.03333333333322,,,,,,,,
1284/10-6-26,724,2026-06-04 00:00:00,BC,SHUBHAM,HIMMAT MURADE,MH14LB8052,7,24,20,98.44,1968.8,102956,102796,160,8,6.666666666666667,13.333333333333332,1312.533333333333,,,,,,,,
1284/10-6-26,725,2026-06-04 00:00:00,BC,SHUBHAM,,MH14LB3848,40,5.5,25,98.44,2461,112625,112442,183,7.32,33.27272727272727,-8.272727272727273,-814.3672727272727,,,,,,,,
509/8-6-26,726,2026-06-04 00:00:00,JCB,JAYHIND,AYUB PATHAN,MH14LL4157,30,6,100,98.21,9821,140268,139756,512,5.12,85.33333333333333,14.666666666666671,1440.4133333333336,,,,,,,,
509/8-6-26,727,2026-06-04 00:00:00,JCB,JAYHIND,BALAJI THOBOLE,MH14LL4195,30,6,77,98.21,7562.169999999999,132738,132277,461,5.987012987012987,76.83333333333333,0.1666666666666714,16.368333333333798,,,,,,,,
509/8-6-26,728,2026-06-04 00:00:00,JCB,JAYHIND,MANOJ KAMBLE,MH14LL4153,30,6,86,98.21,8446.06,153035,152520,515,5.988372093023256,85.83333333333333,0.1666666666666714,16.368333333333798,,,,,,,,
509/8-6-26,729,2026-06-04 00:00:00,KB,JAYHIND,,MH14MT2841,40,5.5,84,98.21,8249.64,24215,23965,250,2.9761904761904763,45.45454545454545,38.54545454545455,3785.549090909091,,,,,,,,
509/8-6-26,730,2026-06-04 00:00:00,,JAYHIND,,MH14GD4456,40,5.5,213.1,98.21,20928.551,356200,356020,180,0.8446738620366026,32.72727272727273,180.37272727272727,17714.405545454545,,,,,,,,
509/8-6-26,731,2026-06-04 00:00:00,VW,JAYHIND,,MH14KA2558,40,5.5,50,98.21,4910.5,218622,218166,456,9.12,82.9090909090909,-32.90909090909091,-3232.0018181818177,,,,,,,,
401,732,2026-06-04 00:00:00,VW,YES,,MH14KA2559,40,5.5,60,98.41,5904.599999999999,147873,147503,370,6.166666666666667,67.27272727272727,-7.272727272727266,-715.7090909090903,,,,,,,,
401,733,2026-06-04 00:00:00,VW,YES,,MH14KA2557,40,5.5,90,98.41,8856.9,209841,209467,374,4.155555555555556,68,22,2165.02,,,,,,,,
401,734,2026-06-04 00:00:00,VW,YES,,MH14KA1742,40,5.5,50.24,98.41,4944.1184,155399,155137,262,5.214968152866242,47.63636363636363,2.603636363636369,256.223854545455,,,,,,,,
401,735,2026-06-04 00:00:00,VW,YES,,MH14KA2817,40,5.5,100,98.41,9841,150632,150085,547,5.47,99.45454545454545,0.5454545454545467,53.67818181818194,,,,,,,,
401,736,2026-06-04 00:00:00,VW,YES,,MH14KA1740,40,5.5,90,98.41,8856.9,178132,177665,467,5.188888888888889,84.9090909090909,5.0909090909090935,500.99636363636387,,,,,,,,
401,737,2026-06-04 00:00:00,VW,YES,,MH14KA2807,40,5.5,100,98.41,9841,177901,177585,316,3.16,57.45454545454545,42.54545454545455,4186.898181818182,,,,,,,,
401,738,2026-06-04 00:00:00,VW,YES,,MH14KA1894,40,5.5,60,98.41,5904.599999999999,131831,131536,295,4.916666666666667,53.63636363636363,6.363636363636367,626.2454545454549,,,,,,,,
401,739,2026-06-04 00:00:00,VW,YES,,MH14KA1910,40,5.5,110,98.41,10825.1,155294,154856,438,3.981818181818182,79.63636363636364,30.36363636363636,2988.085454545454,,,,,,,,
401,740,2026-06-04 00:00:00,VW,YES,,MH14KA2808,40,5.5,60,98.41,5904.599999999999,126273,125950,323,5.383333333333334,58.72727272727273,1.2727272727272734,125.24909090909097,,,,,,,,
401,741,2026-06-04 00:00:00,VW,YES,,MH14KA2815,40,5.5,50,98.41,4920.5,193977,193757,220,4.4,40,10,984.0999999999999,,,,,,,,
401,742,2026-06-04 00:00:00,VW,YES,,MH14KA1499,40,5.5,135,98.41,13285.35,234976,234316,660,4.888888888888889,120,15,1476.1499999999999,,,,,,,,
401,743,2026-06-04 00:00:00,VW,YES,,MH14KA1743,40,5.5,106,98.41,10431.46,94859,94692,167,1.5754716981132075,30.363636363636363,75.63636363636364,7443.374545454546,,,,,,,,
401,744,2026-06-04 00:00:00,VW,YES,,MH14KA1914,40,5.5,50,98.41,4920.5,126813,126667,146,2.92,26.545454545454547,23.454545454545453,2308.161818181818,,,,,,,,
401,745,2026-06-04 00:00:00,VW,YES,,MH14KA1915,40,5.5,60,98.41,5904.599999999999,258460,258114,346,5.766666666666667,62.90909090909091,-2.9090909090909065,-286.2836363636361,,,,,,,,
401,746,2026-06-04 00:00:00,VW,YES,,MH14KA1912,40,5.5,126,98.41,12399.66,221481,221123,358,2.8412698412698414,65.0909090909091,60.90909090909091,5994.063636363636,,,,,,,,
401,747,2026-06-04 00:00:00,VW,YES,,MH14KA1907,40,5.5,100,98.41,9841,201881,201514,367,3.67,66.72727272727273,33.272727272727266,3274.36909090909,,,,,,,,
401,748,2026-06-04 00:00:00,VW,YES,,MH14KA2923,40,5.5,90,98.41,8856.9,160201,159881,320,3.5555555555555554,58.18181818181818,31.81818181818182,3131.227272727273,,,,,,,,
401,749,2026-06-04 00:00:00,VW,YES,,MH14KA2925,40,5.5,130,98.41,12793.3,190453,190206,247,1.9,44.90909090909091,85.0909090909091,8373.796363636364,,,,,,,,
401,750,2026-06-04 00:00:00,VW,YES,,MH14KA3312,20,8,40,98.41,3936.3999999999996,227330,227030,300,7.5,37.5,2.5,246.02499999999998,,,,,,,,
401,751,2026-06-04 00:00:00,VW,YES,,MH14KA2816,40,5.5,50,98.41,4920.5,119726,119500,226,4.52,41.09090909090909,8.909090909090907,876.743636363636,,,,,,,,
401,752,2026-06-04 00:00:00,VW,YES,,MH14KA1890,40,5.5,40,98.41,3936.3999999999996,120696,120505,191,4.775,34.72727272727273,5.272727272727273,518.889090909091,,,,,,,,
401,753,2026-06-04 00:00:00,VW,YES,,MH14KA2819,40,5.5,100,98.41,9841,186557,186034,523,5.23,95.0909090909091,4.9090909090909065,483.1036363636361,,,,,,,,
401,754,2026-06-04 00:00:00,VW,YES,,MH14KA2563,40,5.5,40,98.41,3936.3999999999996,136405,136216,189,4.725,34.36363636363637,5.636363636363633,554.6745454545451,,,,,,,,
401,755,2026-06-04 00:00:00,BC-VENDER,YES,Mukund Ramchandra Madvalkar,MH12LB9492,17,10,38,98.41,3739.58,0,0,0,0,0,38,3739.58,,,,,,,,
401,756,2026-06-04 00:00:00,VW,YES,,MH14KA2820,40,5.5,100,98.41,9841,125186,124931,255,2.55,46.36363636363637,53.63636363636363,5278.354545454545,,,,,,,,
401,757,2026-06-04 00:00:00,BC,YES,,MH14LB3985,50,4,78,98.41,7675.98,83155,82910,245,3.141025641025641,61.25,16.75,1648.3674999999998,,,,,,,,
401,758,2026-06-04 00:00:00,BC-VENDER,YES,Prathmesh Tours & Travels,MH12VF1253,20,10,45.76,98.41,4503.241599999999,0,0,0,0,0,45.76,4503.241599999999,,,,,,,,
401,759,2026-06-04 00:00:00,BC-VENDER,YES,Sudhakar Sharad Daptare,MH14KQ5693,20,10,39,98.41,3837.99,0,0,0,0,0,39,3837.99,,,,,,,,
401,760,2026-06-04 00:00:00,BC-VENDER,YES,,MH14LQ1600,36,6,55,98.41,5412.55,0,0,0,0,0,55,5412.55,,,,,,,,
401,761,2026-06-04 00:00:00,VW,YES,,MH14KA3311,20,8,40,98.41,3936.3999999999996,166432,166195,237,5.925,29.625,10.375,1021.00375,,,,,,,,
401,762,2026-06-04 00:00:00,BC-VENDER,YES,,MH14MH1600,36,6,38,98.41,3739.58,0,0,0,0,0,38,3739.58,,,,,,,,
401,763,2026-06-04 00:00:00,BC,YES,BASVARAJ,MH14LL4204,18,10,50,98.41,4920.5,163925,163530,395,7.9,39.5,10.5,1033.305,,,,,,,,
401,764,2026-06-04 00:00:00,BC,YES,,MH14LB2877,18,10,48,98.41,4723.68,115070,114652,418,8.708333333333334,41.8,6.200000000000003,610.1420000000003,,,,,,,,
401,765,2026-06-04 00:00:00,BC-VENDER,YES,,MH12YQ7251,,,58,98.41,5707.78,0,0,0,0,#DIV/0!,#DIV/0!,#DIV/0!,,,,,,,,
401,766,2026-06-04 00:00:00,BC,YES,,MH14LB3990,50,4,65,98.41,6396.65,71607,71333,274,4.2153846153846155,68.5,-3.5,-344.435,,,,,,,,
401,767,2026-06-04 00:00:00,VW,YES,,MH14KA1913,40,5.5,100,98.41,9841,295891,295150,741,7.41,134.72727272727272,-34.72727272727272,-3417.510909090908,,,,,,,,
401,768,2026-06-04 00:00:00,VW,YES,,MH14KQ1004,40,5.5,50,98.41,4920.5,83915,83744,171,3.42,31.09090909090909,18.90909090909091,1860.8436363636365,,,,,,,,
401,769,2026-06-04 00:00:00,VW,YES,,MH14KA2935,40,5.5,70,98.41,6888.7,152129,151750,379,5.414285714285715,68.9090909090909,1.0909090909090935,107.35636363636388,,,,,,,,
401,770,2026-06-04 00:00:00,VW,YES,,MH14KA2464,40,5.5,60,98.41,5904.599999999999,144033,143693,340,5.666666666666667,61.81818181818182,-1.8181818181818201,-178.9272727272729,,,,,,,,
401,771,2026-06-04 00:00:00,VW,YES,,MH14KA2556,40,5.5,60,98.41,5904.599999999999,163007,162703,304,5.066666666666666,55.27272727272727,4.727272727272727,465.210909090909,,,,,,,,
401,772,2026-06-04 00:00:00,VW,YES,,MH14KA2569,40,5.5,90,98.41,8856.9,168026,167695,331,3.6777777777777776,60.18181818181818,29.81818181818182,2934.407272727273,,,,,,,,
401,773,2026-06-04 00:00:00,VW,YES,,MH14KA2731,40,5.5,100,98.41,9841,174671,174171,500,5,90.9090909090909,9.090909090909093,894.6363636363639,,,,,,,,
401,774,2026-06-04 00:00:00,VW,YES,,MH14KA1764,40,5.5,50,98.41,4920.5,147472,147245,227,4.54,41.27272727272727,8.727272727272727,858.850909090909,,,,,,,,
401,775,2026-06-04 00:00:00,VW,YES,,MH14KA1909,40,5.5,100,98.41,9841,153739,153604,135,1.35,24.545454545454547,75.45454545454545,7425.481818181818,,,,,,,,
401,776,2026-06-04 00:00:00,VW,YES,,MH14KA2554,40,5.5,100,98.41,9841,175429,175182,247,2.47,44.90909090909091,55.09090909090909,5421.496363636364,,,,,,,,
401,777,2026-06-04 00:00:00,VW,YES,,MH14KA2814,40,5.5,60,98.41,5904.599999999999,158087,157783,304,5.066666666666666,55.27272727272727,4.727272727272727,465.210909090909,,,,,,,,
401,778,2026-06-04 00:00:00,VW,YES,,MH14KA1765,40,5.5,80,98.41,7872.799999999999,158387,157936,451,5.6375,82,-2,-196.82,,,,,,,,
401,779,2026-06-04 00:00:00,VW,YES,,MH14KA1883,40,5.5,50,98.41,4920.5,197446,197421,25,0.5,4.545454545454546,45.45454545454545,4473.181818181818,,,,,,,,
401,780,2026-06-04 00:00:00,BC,YES,PAWALE,MH14LB3991,50,4,70,98.41,6888.7,95367,95023,344,4.914285714285715,86,-16,-1574.56,,,,,,,,
401,781,2026-06-04 00:00:00,VW,YES,,MH14KA2880,40,5.5,90,98.41,8856.9,149246,148773,473,5.2555555555555555,86,4,393.64,,,,,,,,
401,782,2026-06-04 00:00:00,VW,YES,,MH14KA1886,40,5.5,50,98.41,4920.5,197994,197486,508,10.16,92.36363636363636,-42.36363636363636,-4169.005454545454,,,,,,,,
2318/10-6-26,783,2026-06-04 00:00:00,JCB,SAIEE,VISHNU YADAV,MH14LL4126,30,6,70.88,98.59,6988.0592,60707,60293,414,5.840857787810384,69,1.8799999999999955,185.34919999999957,,,,,,,,
2318/10-6-26,784,2026-06-04 00:00:00,JCB,SAIEE,CHANDRAKANT PATTHAR,MH14LL4124,30,6,106,98.59,10450.54,87752,87113,639,6.028301886792453,106.5,-0.5,-49.295,,,,,,,,
2318/10-6-26,785,2026-06-04 00:00:00,JCB,SAIEE,SAINATH GOTAWALE,MH14LL4181,30,6,38,98.59,3746.42,79677,79024,653,17.18421052631579,108.83333333333333,-70.83333333333333,-6983.458333333333,,,,,,,,
2318/10-6-26,786,2026-06-04 00:00:00,JCB,SAIEE,SUSHIL INGALE,MH14LL4193,30,6,93,98.59,9168.87,84919,84362,557,5.989247311827957,92.83333333333333,0.1666666666666714,16.431666666667134,,,,,,,,
2318/10-6-26,787,2026-06-04 00:00:00,JCB,SAIEE,DATTATARY ZAMBHRE,MH14LL4186,30,6,106.45,98.59,10494.9055,75113,74535,578,5.42977923907938,96.33333333333333,10.116666666666674,997.4021666666674,,,,,,,,
2318/10-6-26,788,2026-06-04 00:00:00,JCB,SAIEE,SUSHANT SHELAR,MH14LL4145,30,6,82.03,98.59,8087.3377,110893,110403,490,5.973424356942582,81.66666666666667,0.36333333333332973,35.82103333333298,,,,,,,,
2318/10-6-26,789,2026-06-04 00:00:00,JCB,SAIEE,DASHRATH BHOITE,MH14LL4192,30,6,70,98.59,6901.3,77038,76651,387,5.5285714285714285,64.5,5.5,542.245,,,,,,,,
2318/10-6-26,790,2026-06-04 00:00:00,JCB,SAIEE,PANDURANG KADAM,MH14CW2890,36,5,79,98.59,7788.610000000001,465224,464789,435,5.506329113924051,87,-8,-788.72,,,,,,,,
2318/10-6-26,791,2026-06-04 00:00:00,HYUNDAI,SAIEE,DENIYAL MANKWANI,MH14LX7488,41,5.5,136,98.59,13408.24,47519,46771,748,5.5,136,0,0,,,,,,,,
2318/10-6-26,792,2026-06-04 00:00:00,JCB-VENDOR,SAIEE,,MH14LL4301,,,40.06,98.59,3949.5154,0,0,0,0,#DIV/0!,#DIV/0!,#DIV/0!,,,,,,,,
2318/10-6-26,793,2026-06-04 00:00:00,JCB,SAIEE,RAJU KHARAT,MH14LL4208,18,10,59.1,98.59,5826.669000000001,140885,140415,470,7.952622673434856,47,12.100000000000001,1192.939,,,,,,,,
2318/10-6-26,794,2026-06-04 00:00:00,JCB,SAIEE,BADE,MH14LL4191,30,6,70,98.59,6901.3,103928,103548,380,5.428571428571429,63.333333333333336,6.666666666666664,657.2666666666664,,,,,,,,
2318/10-6-26,795,2026-06-04 00:00:00,JCB,SAIEE,DATTA RAUT,MH14LL4121,30,6,60,98.59,5915.400000000001,145685,145424,261,4.35,43.5,16.5,1626.7350000000001,,,,,,,,
2318/10-6-26,796,2026-06-04 00:00:00,JCB,SAIEE,MAULI KHOLE,MH14LL4150,30,6,60,98.59,5915.400000000001,93800,93471,329,5.483333333333333,54.833333333333336,5.166666666666664,509.38166666666643,,,,,,,,
2318/10-6-26,797,2026-06-04 00:00:00,JCB,SAIEE,SACHIN RAUT,MH14LL4205,18,10,50,98.59,4929.5,188989,188535,454,9.08,45.4,4.600000000000001,453.5140000000002,,,,,,,,
2318/10-6-26,798,2026-06-04 00:00:00,JCB,SAIEE,BALAJI RAWALE,MH14LL4199,18,10,40,98.59,3943.6000000000004,174198,173845,353,8.825,35.3,4.700000000000003,463.3730000000003,,,,,,,,
2318/10-6-26,799,2026-06-04 00:00:00,JCB,SAIEE,SWAPNIL BORATE,MH14MT5755,17,10,37,98.59,3647.83,0,0,0,0,0,37,3647.83,,,,,,,,
2318/10-6-26,800,2026-06-04 00:00:00,JCB,SAIEE,PRAVIN SABLE,MH14LL4196,18,10,60,98.59,5915.400000000001,83866,83488,378,6.3,37.8,22.200000000000003,2188.6980000000003,,,,,,,,
2318/10-6-26,801,2026-06-04 00:00:00,JCB,SAIEE,LAHU VANVE,MH14LL4154,30,6,80,98.59,7887.200000000001,130464,130009,455,5.6875,75.83333333333333,4.166666666666671,410.79166666666714,,,,,,,,
2318/10-6-26,802,2026-06-04 00:00:00,JCB-VENDOR,SAIEE,VENDOR,MH14HG7555,17,10,45.43,98.59,4478.9437,0,0,0,0,0,45.43,4478.9437,,,,,,,,
2318/10-6-26,803,2026-06-04 00:00:00,JCB,SAIEE,RANGNATH KHODAVE,MH14LL4129,30,6,112.58,98.59,11099.262200000001,62156,61640,516,4.583407354769942,86,26.58,2620.5222,,,,,,,,
2318/10-6-26,804,2026-06-04 00:00:00,MITSUBISHI,SAIEE,SANTOSH CHAVAN,MH14LB2874,33,6,52,98.59,5126.68,73197,72887,310,5.961538461538462,51.666666666666664,0.3333333333333357,32.86333333333357,,,,,,,,
2318/10-6-26,805,2026-06-04 00:00:00,MITSUBISHI,SAIEE,,MH14LB2876,18,10,38,98.59,3746.42,100212,99871,341,8.973684210526315,34.1,3.8999999999999986,384.50099999999986,,,,,,,,
2318/10-6-26,806,2026-06-04 00:00:00,JCB,SAIEE,GAJANAN MARSHETTI,MH14LL4197,18,10,63,98.59,6211.17,104782,104215,567,9,56.7,6.299999999999997,621.1169999999997,,,,,,,,
2318/10-6-26,807,2026-06-04 00:00:00,JCB,SAIEE,SANTOSH SHINDE,MH14LL4125,30,6,117,98.59,11535.03,98280,97670,610,5.213675213675214,101.66666666666667,15.333333333333329,1511.713333333333,,,,,,,,
1284/10-6-26,808,2026-06-04 00:00:00,LEAR-CHAKAN,SHUBHAM,,MH14LB3844,32,6,30,98.44,2953.2,95491,95354,137,4.566666666666666,22.833333333333332,7.166666666666668,705.4866666666668,,,,,,,,
1284/10-6-26,809,2026-06-04 00:00:00,BC,SHUBHAM,SOURABHV BOABADE,MH14LB3989,50,4,30,98.44,2953.2,97363,96995,368,12.266666666666667,92,-62,-6103.28,,,,,,,,
1284/10-6-26,810,2026-06-04 00:00:00,BC,SHUBHAM,,MH14LB3984,50,4,30,98.44,2953.2,55610,55421,189,6.3,47.25,-17.25,-1698.09,,,,,,,,
1284/10-6-26,811,2026-06-04 00:00:00,BC,SHUBHAM,,MH14LL4207,18,10,30,98.44,2953.2,120331,119955,376,12.533333333333333,37.6,-7.600000000000001,-748.1440000000001,,,,,,,,
1284/10-6-26,812,2026-06-04 00:00:00,BC-VENDER,SHUBHAM,,MH14MT9600,18,10,30,98.44,2953.2,0,0,0,0,0,30,2953.2,,,,,,,,
1284/10-6-26,813,2026-06-04 00:00:00,BC,SHUBHAM,HIMMAT MURADE,MH14LB8052,7,24,30,98.44,2953.2,103123,102956,167,5.566666666666666,6.958333333333333,23.041666666666668,2268.221666666667,,,,,,,,
1284/10-6-26,814,2026-06-04 00:00:00,BC,SHUBHAM,,MH14GD9106,36,6,30,98.44,2953.2,438362,438099,263,8.766666666666667,43.833333333333336,-13.833333333333336,-1361.7533333333336,,,,,,,,
1284/10-6-26,815,2026-06-04 00:00:00,BC,SHUBHAM,,MH14GD9109,36,6,20,98.44,1968.8,308172,308047,125,6.25,20.833333333333332,-0.8333333333333321,-82.03333333333322,,,,,,,,
1284/10-6-26,816,2026-06-04 00:00:00,BC,SHUBHAM,SAWPNIL,MH14LB3987,50,4,50,98.44,4922,58934,58608,326,6.52,81.5,-31.5,-3100.86,,,,,,,,
286/15-6-26,817,2026-06-04 00:00:00,MERCEDES,PRATIK,,MH14HU3980,32,4,70,98.57,6899.9,233756,233367,389,5.557142857142857,97.25,-27.25,-2686.0325,,,,,,,,
286/15-6-26,818,2026-06-04 00:00:00,MERCEDES,PRATIK,,MH14LX4885,32,4,70,98.57,6899.9,37385,37096,289,4.128571428571429,72.25,-2.25,-221.78249999999997,,,,,,,,
286/15-6-26,819,2026-06-04 00:00:00,MERCEDES,PRATIK,YASHPAL KAMBLE,MH14HG3115,36,4,80,98.57,7885.599999999999,266234,265887,347,4.3375,86.75,-6.75,-665.3475,,,,,,,,
286/15-6-26,820,2026-06-04 00:00:00,MERCEDES,PRATIK,,MH14HG3112,32,4,115,98.57,11335.55,273324,272828,496,4.3130434782608695,124,-9,-887.1299999999999,,,,,,,,
286/15-6-26,821,2026-06-04 00:00:00,MERCEDES,PRATIK,,MH14HU3981,32,4,65,98.57,6407.049999999999,255916,255652,264,4.061538461538461,66,-1,-98.57,,,,,,,,
286/15-6-26,822,2026-06-04 00:00:00,MERCEDES,PRATIK,,MH14HG3116,32,4,75,98.57,7392.749999999999,285596,285282,314,4.1866666666666665,78.5,-3.5,-344.995,,,,,,,,
286/15-6-26,823,2026-06-04 00:00:00,MERCEDES,PRATIK,,MH14LX4888,32,4,92,98.57,9068.439999999999,35610,35215,395,4.293478260869565,98.75,-6.75,-665.3475,,,,,,,,
286/15-6-26,824,2026-06-04 00:00:00,MERCEDES,PRATIK,,MH14KA9148,32,4,95,98.57,9364.15,109631,109232,399,4.2,99.75,-4.75,-468.2075,,,,,,,,
286/15-6-26,825,2026-06-04 00:00:00,MERCEDES,PRATIK,,MH14KA9139,32,4,75,98.57,7392.749999999999,115153,114858,295,3.933333333333333,73.75,1.25,123.21249999999999,,,,,,,,
286/15-6-26,826,2026-06-04 00:00:00,MERCEDES,PRATIK,,MH14LX3714,32,4,46,98.57,4534.219999999999,38721,38533,188,4.086956521739131,47,-1,-98.57,,,,,,,,
286/15-6-26,827,2026-06-04 00:00:00,MERCEDES,PRATIK,,MH14LX3726,32,4,60,98.57,5914.2,33553,33297,256,4.266666666666667,64,-4,-394.28,,,,,,,,
286/15-6-26,828,2026-06-04 00:00:00,MERCEDES,PRATIK,,MH14KA9143,32,4,80,98.57,7885.599999999999,94600,94256,344,4.3,86,-6,-591.42,,,,,,,,
286/15-6-26,829,2026-06-04 00:00:00,MERCEDES,PRATIK,,MH14HU3979,32,4,78,98.57,7688.459999999999,205266,204946,320,4.102564102564102,80,-2,-197.14,,,,,,,,
286/15-6-26,830,2026-06-04 00:00:00,MERCEDES,PRATIK,,MH14KA9141,32,4,70,98.57,6899.9,101930,101527,403,5.757142857142857,100.75,-30.75,-3031.0274999999997,,,,,,,,
286/15-6-26,831,2026-06-04 00:00:00,MERCEDES,PRATIK,,MH14KA9150,32,4,100,98.57,9857,128552,128104,448,4.48,112,-12,-1182.84,,,,,,,,
286/15-6-26,832,2026-06-04 00:00:00,MERCEDES,PRATIK,BALIRAM MOHITE,MH14LX3721,32,4,45,98.57,4435.65,35433,35256,177,3.933333333333333,44.25,0.75,73.9275,,,,,,,,
286/15-6-26,833,2026-06-04 00:00:00,MERCEDES,PRATIK,,MH14LX3719,32,4,45,98.57,4435.65,37074,36901,173,3.8444444444444446,43.25,1.75,172.4975,,,,,,,,
286/15-6-26,834,2026-06-04 00:00:00,MERCEDES,PRATIK,,MH14HU3985,50,4,111,98.57,10941.269999999999,187274,186783,491,4.423423423423423,122.75,-11.75,-1158.1975,,,,,,,,
286/15-6-26,835,2026-06-04 00:00:00,MERCEDES,PRATIK,,MH14HU3983,32,4,105,98.57,10349.849999999999,186689,186239,450,4.285714285714286,112.5,-7.5,-739.275,,,,,,,,
286/15-6-26,836,2026-06-04 00:00:00,MERCEDES,PRATIK,,MH14KA9138,32,4,90,98.57,8871.3,115013,114625,388,4.311111111111111,97,-7,-689.99,,,,,,,,
286/15-6-26,837,2026-06-04 00:00:00,MERCEDES,PRATIK,,MH14LX3711,32,4,80,98.57,7885.599999999999,32112,31885,227,2.8375,56.75,23.25,2291.7525,,,,,,,,
286/15-6-26,838,2026-06-04 00:00:00,MERCEDES,PRATIK,,MH14LX3713,32,4,85,98.57,8378.449999999999,49705,49350,355,4.176470588235294,88.75,-3.75,-369.6375,,,,,,,,
286/15-6-26,839,2026-06-04 00:00:00,MERCEDES,PRATIK,,MH14KA9152,32,4,60,98.57,5914.2,116644,116392,252,4.2,63,-3,-295.71,,,,,,,,
,840,2026-06-04 00:00:00,CITY FLOW PUNE,HPCL,,MH14MT2474,26,4,75.05,98.19,7369.1595,8303,8111,192,2.558294470353098,48,27.049999999999997,2656.0395,,,,,,,,
,841,2026-06-04 00:00:00,JCB,IOCL,BAPU VAMAN,MH14LL4159,30,6,46,98.3,4521.8,172099,171820,279,6.065217391304348,46.5,-0.5,-49.15,,,,,,,,
,842,2026-06-04 00:00:00,JCB,BPCL,NITESH DONGARE,MH14LL4184,30,6,61.08,98.23,5999.8884,135235,134878,357,5.844793713163065,59.5,1.5799999999999983,155.20339999999985,,,,,,,,
,843,2026-06-04 00:00:00,JCB,BPCL,JAGDISH PATIL,MH14LL4189,30,6,66.01,98.19,6481.521900000001,205623,205246,377,5.711255870322678,62.833333333333336,3.1766666666666694,311.9169000000003,,,,,,,,
,844,2026-06-04 00:00:00,JCB,IOCL,HANUMANT GHOLAP,MH14LL4135,30,6,48,98.52,4728.96,127877,127589,288,6,48,0,0,,,,,,,,
,845,2026-06-04 00:00:00,LEAR-CHAKAN,BPCL,NIWAS RATHOD,MH14LB5919,18,12,40,98.18,3927.2000000000003,237347,237002,345,8.625,28.75,11.25,1104.525,,,,,,,,
,846,2026-06-04 00:00:00,LEAR-CHAKAN,BPCL,VITTHALRAO,MH14LB5821,18,12,40,98.32,3932.7999999999997,76113,75773,340,8.5,28.333333333333332,11.666666666666668,1147.0666666666666,,,,,,,,
509/8-6-26,847,2026-06-04 00:00:00,LEAR-CHAKAN,JAYHIND,,MH14LB5926,18,12,40,98.21,3928.3999999999996,127958,127734,224,5.6,18.666666666666668,21.333333333333332,2095.1466666666665,,,,,,,,
509/8-6-26,848,2026-06-04 00:00:00,LEAR-CHAKAN,JAYHIND,SWAGAT JADHAV,MH14LB5967,18,12,40,98.21,3928.3999999999996,83552,83232,320,8,26.666666666666668,13.333333333333332,1309.4666666666665,,,,,,,,
509/8-6-26,849,2026-06-04 00:00:00,LEAR-CHAKAN,JAYHIND,,MH14LB5917,18,12,50,98.21,4910.5,151621,151143,478,9.56,39.833333333333336,10.166666666666664,998.468333333333,,,,,,,,
509/8-6-26,850,2026-06-04 00:00:00,LEAR-CHAKAN,JAYHIND,SURESH,MH14LB6213,50,5,60,98.21,5892.599999999999,133215,132897,318,5.3,63.6,-3.6000000000000014,-353.5560000000001,,,,,,,,
509/8-6-26,851,2026-06-04 00:00:00,LEAR-CHAKAN,JAYHIND,,MH14LB6214,25,7,67,98.21,6580.07,199274,198766,508,7.582089552238806,72.57142857142857,-5.571428571428569,-547.1699999999997,,,,,,,,
509/8-6-26,852,2026-06-04 00:00:00,LEAR-CHAKAN,JAYHIND,SACHIN,MH14LB5914,18,12,50,98.21,4910.5,192307,191793,514,10.28,42.833333333333336,7.166666666666664,703.838333333333,,,,,,,,
509/8-6-26,853,2026-06-04 00:00:00,LEAR-CHAKAN,JAYHIND,GAIKWAD,MH14LB5814,33,6,65,98.21,6383.65,65597,65221,376,5.7846153846153845,62.666666666666664,2.3333333333333357,229.1566666666669,,,,,,,,
509/8-6-26,854,2026-06-04 00:00:00,LEAR-CHAKAN,JAYHIND,AMOL PATIL,MH14LB5925,18,12,47,98.21,4615.87,129873,129492,381,8.106382978723405,31.75,15.25,1497.7024999999999,,,,,,,,
509/8-6-26,855,2026-06-04 00:00:00,LEAR-CHAKAN,JAYHIND,SUDAM SHEJUL,MH14LB6211,25,7,50,98.21,4910.5,96545,96220,325,6.5,46.42857142857143,3.5714285714285694,350.7499999999998,,,,,,,,
509/8-6-26,856,2026-06-04 00:00:00,LEAR-CHAKAN,JAYHIND,,MH14LB5922,18,12,60,98.21,5892.599999999999,139383,138970,413,6.883333333333334,34.416666666666664,25.583333333333336,2512.539166666667,,,,,,,,
509/8-6-26,857,2026-06-04 00:00:00,LEAR-CHAKAN,JAYHIND,NAIKARE,MH14LB6270,40,6,69,98.21,6776.49,174802,174356,446,6.463768115942029,74.33333333333333,-5.333333333333329,-523.7866666666662,,,,,,,,
509/8-6-26,858,2026-06-04 00:00:00,LEAR-CHAKAN,JAYHIND,LAXMAN PATIL,MH14LB5915,18,12,36,98.21,3535.56,124327,124014,313,8.694444444444445,26.083333333333332,9.916666666666668,973.9158333333334,,,,,,,,
509/8-6-26,859,2026-06-04 00:00:00,LEAR-CHAKAN,JAYHIND,,MH14LB6096,18,12,30,98.21,2946.2999999999997,49288,49014,274,9.133333333333333,22.833333333333332,7.166666666666668,703.8383333333334,,,,,,,,
509/8-6-26,860,2026-06-04 00:00:00,LEAR-CHAKAN,JAYHIND,,MH14LB5923,18,12,42,98.21,4124.82,83172,82938,234,5.571428571428571,19.5,22.5,2209.725,,,,,,,,
286/15-6-26,861,2026-06-04 00:00:00,MERCEDES,PRATIK,,MH14HG3119,32,4,75,98.57,7392.749999999999,240238,239923,315,4.2,78.75,-3.75,-369.6375,,,,,,,,
286/15-6-26,862,2026-06-04 00:00:00,MERCEDES,PRATIK,,MH14LX4889,32,4,40,98.57,3942.7999999999997,24753,24591,162,4.05,40.5,-0.5,-49.285,,,,,,,,
286/15-6-26,863,2026-06-04 00:00:00,MERCEDES,PRATIK,,MH14HU3978,32,4,50,98.57,4928.5,194320,193952,368,7.36,92,-42,-4139.94,,,,,,,,
,864,2026-06-04 00:00:00,BAJAJ WALUJ,HPCL,RAJPUT,MH14CW4616,40,5.5,50,99.44,4972,294047,293767,280,5.6,50.90909090909091,-0.9090909090909065,-90.39999999999974,,,,,,,,
,865,2026-06-04 00:00:00,BAJAJ WALUJ,HPCL,NAGESH,MH20GC5309,50,5,56,99.44,5568.639999999999,152343,152030,313,5.589285714285714,62.6,-6.600000000000001,-656.3040000000001,,,,,,,,
,866,2026-06-04 00:00:00,BAJAJ WALUJ,HPCL,SHAIKH,MH14CW4816,40,5.5,54,99.44,5369.76,302245,301945,300,5.555555555555555,54.54545454545455,-0.5454545454545467,-54.24000000000013,,,,,,,,
,867,2026-06-04 00:00:00,BAJAJ WALUJ,HPCL,ASPAK,MH20GC8875,50,5,42,99.44,4176.48,77948,77898,50,1.1904761904761905,10,32,3182.08,,,,,,,,
,868,2026-06-04 00:00:00,BAJAJ WALUJ,HPCL,NIVRUTTI ,MH14KU2284,20,9,36.46,99.44,3625.5824,0,0,0,0,0,36.46,3625.5824,,,,,,,,
,869,2026-06-04 00:00:00,BAJAJ WALUJ,HPCL,RAMESHWAR,MH20GC5307,40,5.5,54,99.44,5369.76,93239,92926,313,5.796296296296297,56.90909090909091,-2.9090909090909065,-289.27999999999975,,,,,,,,
,870,2026-06-04 00:00:00,BAJAJ WALUJ,HPCL,BHAGWAN,MH20GC5417,50,5,47,99.44,4673.68,11476,11210,266,5.659574468085107,53.2,-6.200000000000003,-616.5280000000002,,,,,,,,
,871,2026-06-04 00:00:00,BAJAJ WALUJ,HPCL,NARYAN,MH20GC5342,50,5,25,99.44,2486,108694,108594,100,4,20,5,497.2,,,,,,,,
,872,2026-06-04 00:00:00,BAJAJ WALUJ,HPCL,JABBAR,MH20GC8872,50,5,56,99.44,5568.639999999999,104050,103755,295,5.267857142857143,59,-3,-298.32,,,,,,,,
,873,2026-06-04 00:00:00,BAJAJ WALUJ,HPCL,SAGER,MH20GC8876,50,5,48,99.44,4773.12,120617,120349,268,5.583333333333333,53.6,-5.600000000000001,-556.8640000000001,,,,,,,,
,874,2026-06-04 00:00:00,CITYFLOW MUMBAI,,,MH04MH3731,27,4,76.02,97.89,7441.5978,48420,48183,237,3.1176006314127864,59.25,16.769999999999996,1641.6152999999997,,,,,,,,
,875,2026-06-04 00:00:00,CITYFLOW MUMBAI,,,MH04MH3742,27,4,55,98,5390,35613,35399,214,3.890909090909091,53.5,1.5,147,,,,,,,,
,876,2026-06-04 00:00:00,CITYFLOW MUMBAI,,,MH04MH4081,27,4,55,98.04,5392.200000000001,41045,40722,323,5.872727272727273,80.75,-25.75,-2524.53,,,,,,,,
,877,2026-06-04 00:00:00,CITYFLOW MUMBAI,,,MH04MH5289,27,4,90.62,97.89,8870.7918,28304,27872,432,4.767159567424409,108,-17.379999999999995,-1701.3281999999995,,,,,,,,
,878,2026-06-04 00:00:00,CITYFLOW MUMBAI,,,MH04MH6309,27,4,55,98.04,5392.200000000001,31436,31175,261,4.745454545454545,65.25,-10.25,-1004.9100000000001,,,,,,,,
,879,2026-06-04 00:00:00,CITYFLOW MUMBAI,,,MH04MH6313,27,4,45,98,4410,47164,46968,196,4.355555555555555,49,-4,-392,,,,,,,,
,880,2026-06-04 00:00:00,CITYFLOW MUMBAI,,,MH04MH6315,27,4,18,98.04,1764.72,29166,28872,294,16.333333333333332,73.5,-55.5,-5441.22,,,,,,,,
,881,2026-06-04 00:00:00,CITYFLOW MUMBAI,,,MH04MR5860,40,3.7,130,97.83,12717.9,15500,14810,690,5.3076923076923075,186.48648648648648,-56.486486486486484,-5526.072972972973,,,,,,,,
,882,2026-06-04 00:00:00,CITYFLOW MUMBAI,,,MH46DC5138,40,3.7,140.51,97.89,13754.523899999998,2829,2521,308,2.192014803216853,83.24324324324324,57.26675675675675,5605.842818918918,,,,,,,,
,883,2026-06-04 00:00:00,LEAR-CHENNAI,,,TN87H2075,24,,87.2,100.03,8722.616,89741,89069,672,7.706422018348624,#DIV/0!,#DIV/0!,#DIV/0!,,,,,,,,
,884,2026-06-04 00:00:00,LEAR-CHENNAI,,,TN87H1960,32,,86.03,100.03,8605.5809,50167,49596,571,6.637219574567012,#DIV/0!,#DIV/0!,#DIV/0!,,,,,,,,
,885,2026-06-04 00:00:00,LEAR-CHENNAI,,,TN87H2091,24,,71.27,100.03,7129.1381,59024,58434,590,8.278377999158131,#DIV/0!,#DIV/0!,#DIV/0!,,,,,,,,
,886,2026-06-04 00:00:00,LEAR-CHENNAI,,,TN87H2089,24,,51.84,100.03,5185.555200000001,41720,41303,417,8.043981481481481,#DIV/0!,#DIV/0!,#DIV/0!,,,,,,,,
,887,2026-06-04 00:00:00,LEAR-CHENNAI,,,TN87H1975,32,,77.85,100.03,7787.335499999999,122635,122076,559,7.180475272960822,#DIV/0!,#DIV/0!,#DIV/0!,,,,,,,,
,888,2026-06-04 00:00:00,LEAR-CHENNAI,,,TN87H1962,32,,78.35,100.03,7837.3505,55479,54834,645,8.232291001914486,#DIV/0!,#DIV/0!,#DIV/0!,,,,,,,,
,889,2026-06-04 00:00:00,LEAR-CHENNAI,,,TN87H2088,24,,78.5,100.03,7852.3550000000005,52141,51534,607,7.732484076433121,#DIV/0!,#DIV/0!,#DIV/0!,,,,,,,,
,890,2026-06-04 00:00:00,LEAR-CHENNAI,,,TN87H2058,24,,84.1,100.03,8412.523,63237,62512,725,8.620689655172415,#DIV/0!,#DIV/0!,#DIV/0!,,,,,,,,
,891,2026-06-04 00:00:00,LEAR-CHENNAI,,,TN87H1913,32,,85.07,100.03,8509.552099999999,127955,127316,639,7.511461149641472,#DIV/0!,#DIV/0!,#DIV/0!,,,,,,,,
,892,2026-06-04 00:00:00,LEAR-CHENNAI,,,TN87H2065,24,,64.34,100.03,6435.930200000001,33005,32563,442,6.869754429592788,#DIV/0!,#DIV/0!,#DIV/0!,,,,,,,,
,893,2026-06-04 00:00:00,LEAR-CHENNAI,,,TN87H2083,24,,81.75,100.03,8177.4525,148754,148083,671,8.207951070336392,#DIV/0!,#DIV/0!,#DIV/0!,,,,,,,,
,894,2026-06-04 00:00:00,LEAR-CHENNAI,,,TN87H1905,32,,70.06,100.25,7023.515,77737,77190,547,7.807593491293177,#DIV/0!,#DIV/0!,#DIV/0!,,,,,,,,
,895,2026-06-04 00:00:00,TMBSL,JABBAR PUMP ,UMESH M AND AKASH ,KA25AB7980,40+1,5.5,114,98.63,11243.82,117416,116763,653,5.728070175438597,118.72727272727273,-4.727272727272734,-466.2509090909097,,,,,,,,
,896,2026-06-04 00:00:00,TML,JABBAR PUMP ,MANJUNATH GODSI,KA25AA1648,49+1,4.25,179.31,98.63,17685.3453,62382,61607,775,4.322123696391723,182.35294117647058,-3.0429411764705776,-300.12528823529306,,,,,,,,
,897,2026-06-04 00:00:00,TML,JABBAR PUMP ,NAGARJ NALPOOROSI,KA25AA7674,49+1,4.25,107,98.63,10553.41,321261,320804,457,4.271028037383178,107.52941176470588,-0.529411764705884,-52.21588235294134,,,,,,,,
,898,2026-06-04 00:00:00,TMBSL,JABBAR PUMP ,IRAPPA AND RUDRAYYA ,KA25AB7985,55+1,4.5,121,98.63,11934.23,116762,116185,577,4.768595041322314,128.22222222222223,-7.2222222222222285,-712.3277777777784,,,,,,,,
,899,2026-06-04 00:00:00,TML,JABBAR PUMP ,CHIDANAND BHANJANTRI,KA25AA1651,49+1,4.25,194.47,98.63,19180.5761,109905,109367,538,2.766493546562452,126.58823529411765,67.88176470588235,6695.178452941175,,,,,,,,
,900,2026-06-04 00:00:00,TMBSL,JABBAR PUMP ,MANJUNATH CHINDI AND MALLESH ,KA25AC0057,55+1,4.5,126,98.63,12427.38,91629,91026,603,4.785714285714286,134,-8,-789.04,,,,,,,,
509/8-6-26,901,2026-06-05 00:00:00,TML-VENDER,JAYHIND,BORASE,MH14KQ9520,40,5.5,74.92,98.21,7357.8931999999995,0,0,0,0,0,74.92,7357.8931999999995,,,,,,,,
509/8-6-26,902,2026-06-05 00:00:00,TML,JAYHIND,DILIP BARKAMBE,MH14CW4815,41,5,80,98.21,7856.799999999999,502149,501749,400,5,80,0,0,,,,,,,,
509/8-6-26,903,2026-06-05 00:00:00,TML,JAYHIND,DHIRAJ NAIK,MH14CW4812,41,5.5,90,98.21,8838.9,561775,561114,661,7.344444444444444,120.18181818181819,-30.181818181818187,-2964.156363636364,,,,,,,,
509/8-6-26,904,2026-06-05 00:00:00,KB,JAYHIND,RAJU JAMADAR,MH14HG5617,28,6,90,98.21,8838.9,406775,406300,475,5.277777777777778,79.16666666666667,10.833333333333329,1063.9416666666662,,,,,,,,
509/8-6-26,905,2026-06-05 00:00:00,,JAYHIND,,MH14KQ3557,,,97.87,98.21,9611.8127,0,0,0,0,#DIV/0!,#DIV/0!,#DIV/0!,,,,,,,,
509/8-6-26,906,2026-06-05 00:00:00,JCB,JAYHIND,SACHIN WAGHMARE,MH14LL4187,30,6,85,98.21,8347.85,130965,130630,335,3.9411764705882355,55.833333333333336,29.166666666666664,2864.458333333333,,,,,,,,
509/8-6-26,907,2026-06-05 00:00:00,TML,JAYHIND,MALLIKARJUN BODALE,MH12KQ0265,44,3.5,170,98.21,16695.7,441529,441020,509,2.9941176470588236,145.42857142857142,24.571428571428584,2413.160000000001,,,,,,,,
509/8-6-26,908,2026-06-05 00:00:00,TML,JAYHIND,RAMDAS MARANE,MH14CW4822,41,5.5,80,98.21,7856.799999999999,482260,481860,400,5,72.72727272727273,7.272727272727266,714.2545454545448,,,,,,,,
509/8-6-26,909,2026-06-05 00:00:00,BC,JAYHIND,LANDAGE,MH14LB3847,40,5.5,110.1,98.21,10812.920999999998,79781,79200,581,5.27702089009991,105.63636363636364,4.463636363636354,438.3737272727263,,,,,,,,
509/8-6-26,910,2026-06-05 00:00:00,JCB,JAYHIND,PRAMOD BARKUL,MH14LL4188,30,6,75,98.21,7365.749999999999,134284,133864,420,5.6,70,5,491.04999999999995,,,,,,,,
509/8-6-26,911,2026-06-05 00:00:00,KWT,JAYHIND,GOVINDA CHAVAN,MH14GD9102,36,6,50,98.21,4910.5,292098,291820,278,5.56,46.333333333333336,3.6666666666666643,360.10333333333307,,,,,,,,
509/8-6-26,912,2026-06-05 00:00:00,BC,JAYHIND,DANAJI SAKUNDE,MH14LB3846,32,6,60,98.21,5892.599999999999,109196,108558,638,10.633333333333333,106.33333333333333,-46.33333333333333,-4550.396666666666,,,,,,,,
509/8-6-26,913,2026-06-05 00:00:00,BA-VENDER,JAYHIND,DATTA DOMBLE,MH14LB2783,36,6,55.15,98.21,5416.281499999999,0,0,0,0,0,55.15,5416.281499999999,,,,,,,,
509/8-6-26,914,2026-06-05 00:00:00,BC,JAYHIND,YOGESH GAWANDE,MH14LB4534,50,4,90,98.21,8838.9,72643,72300,343,3.811111111111111,85.75,4.25,417.3925,,,,,,,,
509/8-6-26,915,2026-06-05 00:00:00,BC,JAYHIND,RAVI TANPURE,MH14LB3843,32,6,74.99,98.21,7364.767899999999,100859,100212,647,8.627817042272303,107.83333333333333,-32.843333333333334,-3225.5437666666667,,,,,,,,
509/8-6-26,916,2026-06-05 00:00:00,BA-VENDER,JAYHIND,VAIBHAV KAWADE,MH14LX8792,17,10,50.49,98.21,4958.6229,0,0,0,0,0,50.49,4958.6229,,,,,,,,
509/8-6-26,917,2026-06-05 00:00:00,BC,JAYHIND,,MH14GD9109,36,6,50,98.21,4910.5,308283,308172,111,2.22,18.5,31.5,3093.615,,,,,,,,
509/8-6-26,918,2026-06-05 00:00:00,BC,JAYHIND,ANKIT KAKODIYA,MH14LB3845,32,6,55,98.21,5401.549999999999,93436,93108,328,5.963636363636364,54.666666666666664,0.3333333333333357,32.7366666666669,,,,,,,,
509/8-6-26,919,2026-06-05 00:00:00,BA-VENDER,JAYHIND,SITARAM POL,MH14LB5428,18,12,34.62,98.21,3400.0301999999997,0,0,0,0,0,34.62,3400.0301999999997,,,,,,,,
509/8-6-26,920,2026-06-05 00:00:00,BA-VENDER,JAYHIND,DEVDAS DEKHANE,MH12WR1918,17,10,48.38,98.21,4751.3998,0,0,0,0,0,48.38,4751.3998,,,,,,,,
509/8-6-26,921,2026-06-05 00:00:00,KB-VENDER,JAYHIND,VIJAY GAWAI,MH14LB9489,40,5.5,53.43,98.21,5247.360299999999,0,0,0,0,0,53.43,5247.360299999999,,,,,,,,
509/8-6-26,922,2026-06-05 00:00:00,BA-VENDER,JAYHIND,VAIBHAV KAWADE,MH14LB8792,17,10,47.91,98.21,4705.241099999999,0,0,0,0,0,47.91,4705.241099999999,,,,,,,,
509/8-6-26,923,2026-06-05 00:00:00,TML,JAYHIND,,MH14CW4802,41,5.3,80,98.21,7856.799999999999,481765,481311,454,5.675,85.66037735849056,-5.660377358490564,-555.9056603773582,,,,,,,,
509/8-6-26,924,2026-06-05 00:00:00,KWT,JAYHIND,BHAIRU KAWADE,MH14GD9124,36,6,50,98.21,4910.5,325414,325216,198,3.96,33,17,1669.57,,,,,,,,
509/8-6-26,925,2026-06-05 00:00:00,KB,JAYHIND,,MH14CW4381,37,5,91.71,98.21,9006.8391,135787,135357,430,4.688692618035111,86,5.709999999999994,560.7790999999994,,,,,,,,
509/8-6-26,926,2026-06-05 00:00:00,KB,JAYHIND,DHARMRAJ LOKHANDE,MH14HG9379,33,5.8,50,98.21,4910.5,46366,46035,331,6.62,57.06896551724138,-7.068965517241381,-694.243103448276,,,,,,,,
509/8-6-26,927,2026-06-05 00:00:00,LEAR-HINJAWADI,JAYHIND,NAVNATH,MH14LB6268,18,12,30,98.21,2946.2999999999997,72325,72134,191,6.366666666666666,15.916666666666666,14.083333333333334,1383.1241666666667,,,,,,,,
509/8-6-26,928,2026-06-05 00:00:00,KWT,JAYHIND,ARUN,MH14HG6857,17,10,30,98.21,2946.2999999999997,353358,352903,455,15.166666666666666,45.5,-15.5,-1522.2549999999999,,,,,,,,
6457,929,2026-06-05 00:00:00,VW,YES,,MH14KA2557,40,5.5,60,98.41,5904.599999999999,210092,209841,251,4.183333333333334,45.63636363636363,14.363636363636367,1413.5254545454547,,,,,,,,
6457,930,2026-06-05 00:00:00,VW,YES,,MH14KA2561,40,5.5,70,98.41,6888.7,237548,237254,294,4.2,53.45454545454545,16.545454545454547,1628.2381818181818,,,,,,,,
6457,931,2026-06-05 00:00:00,VW,YES,,MH14KA1898,40,5.5,80,98.41,7872.799999999999,167779,167471,308,3.85,56,24,2361.84,,,,,,,,
6457,932,2026-06-05 00:00:00,VW,YES,,MH14KA1894,40,5.5,80,98.41,7872.799999999999,132126,131831,295,3.6875,53.63636363636363,26.363636363636367,2594.4454545454546,,,,,,,,
6457,933,2026-06-05 00:00:00,VW,YES,,MH14KA1882,40,5.5,60,98.41,5904.599999999999,164604,164313,291,4.85,52.90909090909091,7.0909090909090935,697.8163636363639,,,,,,,,
6457,934,2026-06-05 00:00:00,VW,YES,,MH14KA1914,40,5.5,50,98.41,4920.5,127017,126813,204,4.08,37.09090909090909,12.909090909090907,1270.383636363636,,,,,,,,
6457,935,2026-06-05 00:00:00,VW,YES,,MH14KA1741,40,5.5,145,98.41,14269.449999999999,136868,136636,232,1.6,42.18181818181818,102.81818181818181,10118.337272727273,,,,,,,,
6457,936,2026-06-05 00:00:00,VW,YES,,MH14KA2591,40,5.5,100,98.41,9841,138586,138411,175,1.75,31.818181818181817,68.18181818181819,6709.772727272728,,,,,,,,
6457,937,2026-06-05 00:00:00,VW,YES,,MH14KA2923,40,5.5,90,98.41,8856.9,160534,160201,333,3.7,60.54545454545455,29.454545454545453,2898.621818181818,,,,,,,,
6457,938,2026-06-05 00:00:00,VW,YES,,MH14KA2809,40,5.5,50,98.41,4920.5,149722,149467,255,5.1,46.36363636363637,3.636363636363633,357.85454545454513,,,,,,,,
6457,939,2026-06-05 00:00:00,VW,YES,,MH14KA3010,40,5.5,70,98.41,6888.7,194298,193909,389,5.557142857142857,70.72727272727273,-0.7272727272727337,-71.57090909090972,,,,,,,,
6457,940,2026-06-05 00:00:00,VW,YES,,MH14KA2558,40,5.5,70,98.41,6888.7,218761,218622,139,1.9857142857142858,25.272727272727273,44.72727272727273,4401.6109090909085,,,,,,,,
6457,941,2026-06-05 00:00:00,VW,YES,,MH14KA1744,40,5.5,70,98.41,6888.7,165701,165321,380,5.428571428571429,69.0909090909091,0.9090909090909065,89.46363636363611,,,,,,,,
6457,942,2026-06-05 00:00:00,VW,YES,,MH14KA1763,40,5.5,80,98.41,7872.799999999999,125310,124850,460,5.75,83.63636363636364,-3.6363636363636402,-357.8545454545458,,,,,,,,
6457,943,2026-06-05 00:00:00,VW,YES,,MH14KA3312,20,8,40,98.41,3936.3999999999996,227624,227330,294,7.35,36.75,3.25,319.8325,,,,,,,,
6457,944,2026-06-05 00:00:00,VW,YES,,MH14KA2563,40,5.5,40,98.41,3936.3999999999996,136596,136405,191,4.775,34.72727272727273,5.272727272727273,518.889090909091,,,,,,,,
6457,945,2026-06-05 00:00:00,VW,YES,,MH14KA1880,40,5.5,90,98.41,8856.9,218082,217617,465,5.166666666666667,84.54545454545455,5.454545454545453,536.781818181818,,,,,,,,
6457,946,2026-06-05 00:00:00,VW,YES,,MH14KA1893,40,5.5,100,98.41,9841,166474,166209,265,2.65,48.18181818181818,51.81818181818182,5099.427272727273,,,,,,,,
6457,947,2026-06-05 00:00:00,BC-VENDER,YES,,MH14LX9897,17,10,52,98.41,5117.32,0,0,0,0,0,52,5117.32,,,,,,,,
6457,948,2026-06-05 00:00:00,BC-VENDER,YES,Sudhakar Sharad Daptare,MH14KQ5693,20,10,22,98.41,2165.02,0,0,0,0,0,22,2165.02,,,,,,,,
6457,949,2026-06-05 00:00:00,VW,YES,,MH14KA2463,40,5.5,65,98.41,6396.65,136963,136649,314,4.8307692307692305,57.09090909090909,7.9090909090909065,778.3336363636361,,,,,,,,
6457,950,2026-06-05 00:00:00,BC,YES,RAJ KAMBLE,MH14LB4535,50,3.5,60,98.41,5904.599999999999,110864,110561,303,5.05,86.57142857142857,-26.57142857142857,-2614.8942857142856,,,,,,,,
6457,951,2026-06-05 00:00:00,BC-VENDER,YES,,MH14MH4066,,,60,98.41,5904.599999999999,0,0,0,0,#DIV/0!,#DIV/0!,#DIV/0!,,,,,,,,
6457,952,2026-06-05 00:00:00,BC-VENDER,YES,Mukund Ramchandra Madvalkar,MH12LB9492,17,10,35,98.41,3444.35,0,0,0,0,0,35,3444.35,,,,,,,,
6457,953,2026-06-05 00:00:00,BC-VENDER,YES,Prathmesh Tours & Travels,MH12VF1253,20,10,40,98.41,3936.3999999999996,0,0,0,0,0,40,3936.3999999999996,,,,,,,,
6457,954,2026-06-05 00:00:00,VW,YES,,MH14KA1897,40,5.5,60,98.41,5904.599999999999,215070,214777,293,4.883333333333334,53.27272727272727,6.727272727272727,662.030909090909,,,,,,,,
6457,955,2026-06-05 00:00:00,VW,YES,,MH14KA2562,40,5.5,87,98.41,8561.67,147311,146867,444,5.103448275862069,80.72727272727273,6.272727272727266,617.2990909090903,,,,,,,,
6457,956,2026-06-05 00:00:00,VW,YES,,MH14KA1737,40,5.5,70,98.41,6888.7,163201,162788,413,5.9,75.0909090909091,-5.0909090909090935,-500.99636363636387,,,,,,,,
6457,957,2026-06-05 00:00:00,VW,YES,,MH14KA2810,40,5.5,60,98.41,5904.599999999999,168472,168147,325,5.416666666666667,59.09090909090909,0.9090909090909065,89.46363636363611,,,,,,,,
6457,958,2026-06-05 00:00:00,VW,YES,,MH14KA2467,40,5.5,50,98.41,4920.5,150086,149790,296,5.92,53.81818181818182,-3.81818181818182,-375.7472727272729,,,,,,,,
6457,959,2026-06-05 00:00:00,VW,YES,,MH14KA2602,40,5.5,80,98.41,7872.799999999999,166547,166146,401,5.0125,72.9090909090909,7.0909090909090935,697.8163636363639,,,,,,,,
6457,960,2026-06-05 00:00:00,VW,YES,,MH14KA2924,40,5.5,100,98.41,9841,119104,118638,466,4.66,84.72727272727273,15.272727272727266,1502.9890909090902,,,,,,,,
6457,961,2026-06-05 00:00:00,VW,YES,,MH14KQ1004,40,5.5,50,98.41,4920.5,84028,83915,113,2.26,20.545454545454547,29.454545454545453,2898.621818181818,,,,,,,,
6457,962,2026-06-05 00:00:00,VW,YES,,MH14KA2816,40,5.5,50,98.41,4920.5,119967,119726,241,4.82,43.81818181818182,6.18181818181818,608.3527272727271,,,,,,,,
6457,963,2026-06-05 00:00:00,VW,YES,,MH14KA3310,40,5.5,40,98.41,3936.3999999999996,158932,158670,262,6.55,47.63636363636363,-7.636363636363633,-751.4945454545451,,,,,,,,
6457,964,2026-06-05 00:00:00,VW,YES,,MH14KA1904,40,5.5,100,98.41,9841,150207,149772,435,4.35,79.0909090909091,20.909090909090907,2057.663636363636,,,,,,,,
6457,965,2026-06-05 00:00:00,VW,YES,,MH14KA2560,40,5.5,80,98.41,7872.799999999999,179776,179339,437,5.4625,79.45454545454545,0.5454545454545467,53.67818181818194,,,,,,,,
6457,966,2026-06-05 00:00:00,VW,YES,,MH14KA1742,40,5.5,30,98.41,2952.2999999999997,155597,155399,198,6.6,36,-6,-590.46,,,,,,,,
6457,967,2026-06-05 00:00:00,VW,YES,,MH14KA2557,40,5.5,20,98.41,1968.1999999999998,210095,210092,3,0.15,0.5454545454545454,19.454545454545453,1914.521818181818,,,,,,,,
20,968,2026-06-05 00:00:00,KB-VENDER,YES,AYUB JAMADAR,MH14HU5220,40,5.5,101,98.41,9939.41,0,0,0,0,0,101,9939.41,,,,,,,,
20,969,2026-06-05 00:00:00,KB-VENDER,YES,NILESH TATHE,MH14LL4886,40,5.5,82,98.41,8069.62,0,0,0,0,0,82,8069.62,,,,,,,,
20,970,2026-06-05 00:00:00,KB-VENDER,YES,AYUB JAMADAR,MH14KQ5220,40,5.5,87,98.41,8561.67,0,0,0,0,0,87,8561.67,,,,,,,,
20,971,2026-06-05 00:00:00,TML,YES,AMOL,MH14CW3581,36,5.5,90,98.41,8856.9,83407,82956,451,5.011111111111111,82,8,787.28,,,,,,,,
20,972,2026-06-05 00:00:00,TML,YES,DANRAJ KOLI,MH14CW2905,36,5.5,90,98.41,8856.9,554214,553768,446,4.955555555555556,81.0909090909091,8.909090909090907,876.743636363636,,,,,,,,
20,973,2026-06-05 00:00:00,TML,YES,BALAJI JOGE,MH14CW4611,40,5.5,90,98.41,8856.9,444479,444097,382,4.2444444444444445,69.45454545454545,20.545454545454547,2021.878181818182,,,,,,,,
20,974,2026-06-05 00:00:00,TML,YES,GANSHAM RAM,MH14CW4610,40,5.5,60,98.41,5904.599999999999,396458,396014,444,7.4,80.72727272727273,-20.727272727272734,-2039.7709090909098,,,,,,,,
20,975,2026-06-05 00:00:00,TML,YES,SATISH PADWAL,MH14CW2904,36,5.5,60,98.41,5904.599999999999,398063,397751,312,5.2,56.72727272727273,3.2727272727272734,322.06909090909096,,,,,,,,
20,976,2026-06-05 00:00:00,KB,YES,,MH14CW4614,40,5.5,97,98.41,9545.77,282751,282154,597,6.154639175257732,108.54545454545455,-11.545454545454547,-1136.1881818181819,,,,,,,,
20,977,2026-06-05 00:00:00,TML,YES,MANGESH WARKE,MH14CW2906,36,5.5,77,98.41,7577.57,379542,379006,536,6.961038961038961,97.45454545454545,-20.454545454545453,-2012.931818181818,,,,,,,,
20,978,2026-06-05 00:00:00,TML-VENDER,YES,,MH14LL9502,,,76,98.41,7479.16,0,0,0,0,#DIV/0!,#DIV/0!,#DIV/0!,,,,,,,,
20,979,2026-06-05 00:00:00,TML-VENDER,YES,,MH14MH2897,40,5.5,105,98.41,10333.05,0,0,0,0,0,105,10333.05,,,,,,,,
20,980,2026-06-05 00:00:00,KB,YES,,MH14MT2842,40,5.5,90,98.41,8856.9,33570,33036,534,5.933333333333334,97.0909090909091,-7.0909090909090935,-697.8163636363639,,,,,,,,
20,981,2026-06-05 00:00:00,TML,YES,,MH14CW2893,36,5.5,100,98.41,9841,372743,372249,494,4.94,89.81818181818181,10.181818181818187,1001.9927272727277,,,,,,,,
20,982,2026-06-05 00:00:00,TML,YES,KISHOR SHINDE,MH14CW4823,40,5.3,81,98.41,7971.21,558541,558141,400,4.938271604938271,75.47169811320755,5.528301886792448,544.0401886792448,,,,,,,,
20,983,2026-06-05 00:00:00,TML,YES,,MH14CW3867,,,60,98.41,5904.599999999999,100404,100091,313,5.216666666666667,#DIV/0!,#DIV/0!,#DIV/0!,,,,,,,,
20,984,2026-06-05 00:00:00,TML,YES,,MH14CW3260,36,5,60,98.41,5904.599999999999,433475,433096,379,6.316666666666666,75.8,-15.799999999999997,-1554.8779999999997,,,,,,,,
20,985,2026-06-05 00:00:00,TML-VENDER,YES,,MH12KQ7263,49,4,175,98.41,17221.75,0,0,0,0,0,175,17221.75,,,,,,,,
20,986,2026-06-05 00:00:00,TML,YES,VISHNU KALE,MH14CW4613,41,5.5,112,98.41,11021.92,25613,25020,593,5.294642857142857,107.81818181818181,4.181818181818187,411.53272727272775,,,,,,,,
20,987,2026-06-05 00:00:00,TML,YES,SACHIN KAMBLE,MH14CW3584,36,5.5,55,98.41,5412.55,505780,505361,419,7.618181818181818,76.18181818181819,-21.181818181818187,-2084.5027272727275,,,,,,,,
20,988,2026-06-05 00:00:00,KB-VENDER,YES,NILESH,MH14LL9848,40,5.5,85,98.41,8364.85,0,0,0,0,0,85,8364.85,,,,,,,,
20,989,2026-06-05 00:00:00,TML,YES,GAJANAN PATIL,MH14CW2895,36,5.5,90,98.41,8856.9,423771,423211,560,6.222222222222222,101.81818181818181,-11.818181818181813,-1163.0272727272722,,,,,,,,
20,990,2026-06-05 00:00:00,TML,YES,SHIVAJI SAWANT,MH14CW4852,39,4.5,40,98.41,3936.3999999999996,87553,87366,187,4.675,41.55555555555556,-1.5555555555555571,-153.08222222222238,,,,,,,,
20,991,2026-06-05 00:00:00,LEAR-BHOSARI,YES,VITTHAL,MH14LB5820,18,12,51,98.41,5018.91,41221,40704,517,10.137254901960784,43.083333333333336,7.916666666666664,779.0791666666664,,,,,,,,
20,992,2026-06-05 00:00:00,LEAR-BHOSARI,YES,DINKAR,MH14LB5817,18,12,46,98.41,4526.86,74026,73585,441,9.58695652173913,36.75,9.25,910.2925,,,,,,,,
20,993,2026-06-05 00:00:00,KB,YES,SHIVANCHAL,MH14HG5614,28,6,120,98.41,11809.199999999999,378373,377852,521,4.341666666666667,86.83333333333333,33.16666666666667,3263.931666666667,,,,,,,,
20,994,2026-06-05 00:00:00,LEAR-BHOSARI,YES,GOPAL PATIL,MH14LB5818,33,6,90,98.41,8856.9,31453,30857,596,6.622222222222222,99.33333333333333,-9.333333333333329,-918.4933333333329,,,,,,,,
20,995,2026-06-05 00:00:00,TML,YES,LAXMAN MAHARAJ,MH14CW3266,36,5,84,98.41,8266.44,170880,170472,408,4.857142857142857,81.6,2.4000000000000057,236.18400000000054,,,,,,,,
20,996,2026-06-05 00:00:00,KB-VENDER,YES,,MH14HG8154,,,95,98.41,9348.949999999999,0,0,0,0,#DIV/0!,#DIV/0!,#DIV/0!,,,,,,,,
20,997,2026-06-05 00:00:00,TML,YES,CHATURBHUJ CHAVAN,MH14CW4062,36,5.5,102,98.41,10037.82,398179,397629,550,5.392156862745098,100,2,196.82,,,,,,,,
20,998,2026-06-05 00:00:00,TML,YES,,MH14CW3256,36,5,100,98.41,9841,312732,312615,117,1.17,23.4,76.6,7538.205999999999,,,,,,,,
20,999,2026-06-05 00:00:00,KB,YES,,MH14HG5612,28,6,132,98.41,12990.119999999999,412560,412206,354,2.6818181818181817,59,73,7183.929999999999,,,,,,,,
20,1000,2026-06-05 00:00:00,KB,YES,HANUMTRAO,MH14HG5615,28,6,76,98.41,7479.16,310058,309713,345,4.5394736842105265,57.5,18.5,1820.585,,,,,,,,
20,1001,2026-06-05 00:00:00,KB,YES,KESHV PAWADE,MH14GD4460,49,4,130,98.41,12793.3,470973,470311,662,5.092307692307692,165.5,-35.5,-3493.555,,,,,,,,
2318/10-6-26,1002,2026-06-05 00:00:00,JCB-VENDOR,SAIEE,,MH12YB9901,,,35.95,98.59,3544.3105000000005,0,0,0,0,#DIV/0!,#DIV/0!,#DIV/0!,,,,,,,,
2318/10-6-26,1003,2026-06-05 00:00:00,JCB,SAIEE,SHIDESHWAR KORE,MH14LL4183,30,6,40,98.59,3943.6000000000004,91895,91464,431,10.775,71.83333333333333,-31.83333333333333,-3138.448333333333,,,,,,,,
2318/10-6-26,1004,2026-06-05 00:00:00,JCB,SAIEE,,MH14LL4138,30,6,96,98.59,9464.64,160478,159949,529,5.510416666666667,88.16666666666667,7.833333333333329,772.2883333333328,,,,,,,,
2318/10-6-26,1005,2026-06-05 00:00:00,JCB,SAIEE,VIKAS CHAVAN,MH14LL4132,30,6,86,98.59,8478.74,81368,80888,480,5.5813953488372094,80,6,591.54,,,,,,,,
2318/10-6-26,1006,2026-06-05 00:00:00,JCB,SAIEE,PRALHAD VANAVE,MH14LL4148,30,6,61,98.59,6013.99,85848,85496,352,5.770491803278689,58.666666666666664,2.3333333333333357,230.04333333333358,,,,,,,,
2318/10-6-26,1007,2026-06-05 00:00:00,JCB,SAIEE,KETAN POTE,MH14LL4137,30,6,90,98.59,8873.1,90323,89751,572,6.355555555555555,95.33333333333333,-5.333333333333329,-525.8133333333329,,,,,,,,
2318/10-6-26,1008,2026-06-05 00:00:00,HYUNDAI,SAIEE,VISHMBER MUNDE,MH14LX7487,30,6,111,98.59,10943.49,35058,34449,609,5.486486486486487,101.5,9.5,936.605,,,,,,,,
2318/10-6-26,1009,2026-06-05 00:00:00,JCB,SAIEE,DASHRATH BHOITE,MH14LL4192,30,6,68.74,98.59,6777.076599999999,77220,77038,182,2.64765784114053,30.333333333333332,38.406666666666666,3786.513266666667,,,,,,,,
2318/10-6-26,1010,2026-06-05 00:00:00,JCB,SAIEE,HANUMANT GHOLAP,MH14LL4135,30,6,57.17,98.59,5636.3903,127975,127877,98,1.7141857617631624,16.333333333333332,40.83666666666667,4026.0869666666676,,,,,,,,
2318/10-6-26,1011,2026-06-05 00:00:00,JCB,SAIEE,ATUL KHARAT,MH14LL4143,30,6,78,98.59,7690.02,73079,72561,518,6.641025641025641,86.33333333333333,-8.333333333333329,-821.5833333333329,,,,,,,,
2318/10-6-26,1012,2026-06-05 00:00:00,JCB-VENDOR,SAIEE,,MH14LL4301,,,39.48,98.59,3892.3332,0,0,0,0,#DIV/0!,#DIV/0!,#DIV/0!,,,,,,,,
2318/10-6-26,1013,2026-06-05 00:00:00,JCB,SAIEE,GANESH MORE,MH14LL4182,30,6,100,98.59,9859,53278,52743,535,5.35,89.16666666666667,10.833333333333329,1068.058333333333,,,,,,,,
2318/10-6-26,1014,2026-06-05 00:00:00,JCB,SAIEE,GAJANAN MARSHETTI,MH14LL4197,18,10,30,98.59,2957.7000000000003,105055,104782,273,9.1,27.3,2.6999999999999993,266.1929999999999,,,,,,,,
2318/10-6-26,1015,2026-06-05 00:00:00,JCB,SAIEE,CHANDRAKANT PATTHAR,MH14LL4124,30,6,47.63,98.59,4695.841700000001,87995,87752,243,5.101826579886626,40.5,7.130000000000003,702.9467000000003,,,,,,,,
2318/10-6-26,1016,2026-06-05 00:00:00,JCB,SAIEE,SACHIN RAUT,MH14LL4205,18,10,50,98.59,4929.5,189444,188989,455,9.1,45.5,4.5,443.65500000000003,,,,,,,,
2318/10-6-26,1017,2026-06-05 00:00:00,JCB,SAIEE,BALAJI RAWALE,MH14LL4199,18,10,41,98.59,4042.19,174557,174198,359,8.75609756097561,35.9,5.100000000000001,502.80900000000014,,,,,,,,
2318/10-6-26,1018,2026-06-05 00:00:00,JCB,SAIEE,RAVI WAYKULE,MH14LL4123,30,6,95,98.59,9366.050000000001,127191,126666,525,5.526315789473684,87.5,7.5,739.4250000000001,,,,,,,,
2318/10-6-26,1019,2026-06-05 00:00:00,JCB-VENDOR,SAIEE,VENDOR,MH14HG7555,17,10,31.92,98.59,3146.9928000000004,0,0,0,0,0,31.92,3146.9928000000004,,,,,,,,
2318/10-6-26,1020,2026-06-05 00:00:00,JCB,SAIEE,SWAPNIL BORATE,MH14MT5755,17,10,38,98.59,3746.42,0,0,0,0,0,38,3746.42,,,,,,,,
2318/10-6-26,1021,2026-06-05 00:00:00,JCB,SAIEE,RAJU KHARAT,MH14LL4208,18,10,31,98.59,3056.29,141164,140885,279,9,27.9,3.1000000000000014,305.62900000000013,,,,,,,,
2318/10-6-26,1022,2026-06-05 00:00:00,JCB,SAIEE,DATTATRAY BIDAVE,MH14LL4128,30,6,110,98.59,10844.9,86422,85759,663,6.027272727272727,110.5,-0.5,-49.295,,,,,,,,
2318/10-6-26,1023,2026-06-05 00:00:00,JCB,SAIEE,SAINATH GOTAWALE,MH14LL4181,30,6,119,98.59,11732.210000000001,79738,79677,61,0.5126050420168067,10.166666666666666,108.83333333333333,10729.878333333334,,,,,,,,
2318/10-6-26,1024,2026-06-05 00:00:00,JCB,SAIEE,BHAGWAT FHAPAL,MH14LL4198,18,10,60,98.59,5915.400000000001,165461,164870,591,9.85,59.1,0.8999999999999986,88.73099999999987,,,,,,,,
2318/10-6-26,1025,2026-06-05 00:00:00,MITSUBISHI,SAIEE,RAMDAS DATE,MH14LB2872,33,6,20,98.59,1971.8000000000002,71593,71135,458,22.9,76.33333333333333,-56.33333333333333,-5553.903333333333,,,,,,,,
2318/10-6-26,1026,2026-06-05 00:00:00,JCB,SAIEE,YOURAJ WAGH,MH14LL4179,30,6,100,98.59,9859,107781,107181,600,6,100,0,0,,,,,,,,
2318/10-6-26,1027,2026-06-05 00:00:00,JCB,SAIEE,SWAPNIL BORATE,MH14NE5755,17,10,60,98.59,5915.400000000001,0,0,0,0,0,60,5915.400000000001,,,,,,,,
,1028,2026-06-05 00:00:00,KB,IOCL,TEJAS UNDRE,MH14MT2840,40,5.5,96,98.15,9422.400000000001,38058,37505,553,5.760416666666667,100.54545454545455,-4.545454545454547,-446.1363636363638,,,,,,,,
,1029,2026-06-05 00:00:00,KB,HPCL,,MH14MT2843,40,5.5,106.13,98.17,10418.7821,23179,22622,557,5.248280410816923,101.27272727272727,4.857272727272729,476.8384636363638,,,,,,,,
1284/10-6-26,1030,2026-06-05 00:00:00,LEAR-CHAKAN,SHUBHAM,,MH14LB3844,32,6,40,98.44,3937.6,95624,95491,133,3.325,22.166666666666668,17.833333333333332,1755.513333333333,,,,,,,,
1284/10-6-26,1031,2026-06-05 00:00:00,BC-VENDER,SHUBHAM,,MH14HG3816,,,40,98.44,3937.6,0,0,0,0,#DIV/0!,#DIV/0!,#DIV/0!,,,,,,,,
1284/10-6-26,1032,2026-06-05 00:00:00,BC,SHUBHAM,,MH14LB5344,5,22,10,111.79,1117.9,104506,104069,437,43.7,19.863636363636363,-9.863636363636363,-1102.655909090909,,,,,,,,
1284/10-6-26,1033,2026-06-05 00:00:00,BC-VENDER,SHUBHAM,Mukund Ramchandra Madvalkar,MH14LX9492,17,10,40,98.44,3937.6,0,0,0,0,0,40,3937.6,,,,,,,,
,1034,2026-06-05 00:00:00,CITY FLOW PUNE,HPCL,,MH14MT2475,17,10,97.38,98.19,9561.742199999999,13551,13180,371,3.8098172109262682,37.1,60.279999999999994,5918.8931999999995,,,,,,,,
,1035,2026-06-05 00:00:00,CITY FLOW PUNE,HPCL,,MH14MT2476,26,4,86.74,98.19,8517.0006,10624,10292,332,3.82753055107217,83,3.739999999999995,367.23059999999947,,,,,,,,
,1036,2026-06-05 00:00:00,JCB,IOCL,BAPU VAMAN,MH14LL4159,30,6,47,98.3,4620.099999999999,172379,172099,280,5.957446808510638,46.666666666666664,0.3333333333333357,32.7666666666669,,,,,,,,
,1037,2026-06-05 00:00:00,JCB,BPCL,JAGDISH PATIL,MH14LL4189,30,6,76.38,98.19,7499.752199999999,206002,205623,379,4.962031945535481,63.166666666666664,13.213333333333331,1297.4171999999999,,,,,,,,
,1038,2026-06-05 00:00:00,JCB,IOCL,VIKAS HEMADE,MH14LL4140,30,6,50,98.52,4926,171371,171041,330,6.6,55,-5,-492.59999999999997,,,,,,,,
,1039,2026-06-05 00:00:00,LEAR-CHAKAN,BPCL,NIWAS RATHOD,MH14LB5919,18,12,40,98.18,3927.2000000000003,237665,237347,318,7.95,26.5,13.5,1325.43,,,,,,,,
,1040,2026-06-05 00:00:00,LEAR-CHAKAN,BPCL,VITTHALRAO,MH14LB5821,18,12,40,98.32,3932.7999999999997,76460,76113,347,8.675,28.916666666666668,11.083333333333332,1089.7133333333331,,,,,,,,
286/15-6-26,1041,2026-06-05 00:00:00,MERCEDES,PRATIK,,MH14LX3725,32,4,50,98.57,4928.5,29965,29890,75,1.5,18.75,31.25,3080.3125,,,,,,,,
286/15-6-26,1042,2026-06-05 00:00:00,MERCEDES,PRATIK,,MH14HG3119,32,4,50,98.57,4928.5,240443,240238,205,4.1,51.25,-1.25,-123.21249999999999,,,,,,,,
,1043,2026-06-05 00:00:00,VW,BPCL,SITARAM BHOR,MH14KA2465,40,5.5,124.4,98.63,12269.572,250619,249808,811,6.519292604501607,147.45454545454547,-23.054545454545462,-2273.8698181818186,,,,,,,,
,1044,2026-06-05 00:00:00,BAJAJ WALUJ,HPCL,LATE,MH20GC8893,50,5,53,99.44,5270.32,98617,98202,415,7.830188679245283,83,-30,-2983.2,,,,,,,,
,1045,2026-06-05 00:00:00,BAJAJ WALUJ,HPCL,AJAY,MH14CW4485,50,3.5,50,99.44,4972,54861,54681,180,3.6,51.42857142857143,-1.4285714285714306,-142.05714285714305,,,,,,,,
,1046,2026-06-05 00:00:00,BAJAJ WALUJ,HPCL,ADHE,MH20GC8874,50,5,63.96,99.44,6360.1824,99793,99397,396,6.191369606003752,79.2,-15.240000000000002,-1515.4656000000002,,,,,,,,
,1047,2026-06-05 00:00:00,BAJAJ WALUJ,HPCL,GAUTAM,MH14CW4813,40,5.5,40,99.44,3977.6,292901,292677,224,5.6,40.72727272727273,-0.7272727272727266,-72.31999999999994,,,,,,,,
,1048,2026-06-05 00:00:00,BAJAJ WALUJ,HPCL,GORAKH,MH14CW4805,40,5.5,51,99.44,5071.44,292737,292451,286,5.607843137254902,52,-1,-99.44,,,,,,,,
,1049,2026-06-05 00:00:00,BAJAJ WALUJ,HPCL,ARVIND,MH14CW4615,40,5.5,61,99.44,6065.84,301658,301311,347,5.688524590163935,63.09090909090909,-2.0909090909090935,-207.92000000000024,,,,,,,,
,1050,2026-06-05 00:00:00,BAJAJ WALUJ,HPCL,NARYAN,MH20GC5342,50,5,23,99.44,2287.12,108850,108694,156,6.782608695652174,31.2,-8.2,-815.4079999999999,,,,,,,,
,1051,2026-06-05 00:00:00,BAJAJ WALUJ,HPCL,SOPAN,MH20GZ5418,50,5,36,99.44,3579.84,8305,8105,200,5.555555555555555,40,-4,-397.76,,,,,,,,
,1052,2026-06-05 00:00:00,BAJAJ WALUJ,HPCL,YOGESH,MH20GC5343,50,5,20,99.44,1988.8,117600,117409,191,9.55,38.2,-18.200000000000003,-1809.8080000000002,,,,,,,,
,1053,2026-06-05 00:00:00,BAJAJ WALUJ,HPCL,YOGESH,MH20GC5343,50,5,30,99.44,2983.2,117630,117600,30,1,6,24,2386.56,,,,,,,,
,1054,2026-06-05 00:00:00,BAJAJ WALUJ,HPCL,JABBAR,MH20GC8872,50,5,56,99.44,5568.639999999999,104260,104050,210,3.75,42,14,1392.1599999999999,,,,,,,,
,1055,2026-06-05 00:00:00,BAJAJ WALUJ,HPCL,SANJAY,MH20GC8879,50,5,12,99.44,1193.28,133130,132716,414,34.5,82.8,-70.8,-7040.352,,,,,,,,
,1056,2026-06-05 00:00:00,BAJAJ WALUJ,HPCL,SANJAY,MH20GC8879,50,5,70,99.44,6960.8,133205,133130,75,1.0714285714285714,15,55,5469.2,,,,,,,,
,1057,2026-06-05 00:00:00,BAJAJ WALUJ,HPCL,DADARAO,MH14CW4609,40,5.5,43,99.44,4275.92,293579,293321,258,6,46.90909090909091,-3.9090909090909065,-388.71999999999974,,,,,,,,
,1058,2026-06-05 00:00:00,BAJAJ WALUJ,HPCL,DAUD,MH14CW4820,40,5.5,45,99.44,4474.8,269155,268903,252,5.6,45.81818181818182,-0.8181818181818201,-81.36000000000018,,,,,,,,
,1059,2026-06-05 00:00:00,BAJAJ WALUJ,HPCL,MANGESH,MH20GC8891,50,5,63,99.44,6264.72,87395,87035,360,5.714285714285714,72,-9,-894.96,,,,,,,,
,1060,2026-06-05 00:00:00,BAJAJ WALUJ,HPCL,ASPAK,MH20GC8875,50,5,20,99.44,1988.8,78210,77948,262,13.1,52.4,-32.4,-3221.8559999999998,,,,,,,,
,1061,2026-06-05 00:00:00,BAJAJ WALUJ,HPCL,SANJAY,MH20GC8879,50,5,12,99.44,1193.28,133407,133205,202,16.833333333333332,40.4,-28.4,-2824.096,,,,,,,,
,1062,2026-06-05 00:00:00,BAJAJ WALUJ,HPCL,SUDAM,MH14HG5613,32,5.5,62,99.44,6165.28,73088,72705,383,6.17741935483871,69.63636363636364,-7.63636363636364,-759.3600000000004,,,,,,,,
,1063,2026-06-05 00:00:00,BAJAJ WALUJ,HPCL,GUNJAL,MH14CW4824,40,5.5,70,99.44,6960.8,299831,299436,395,5.642857142857143,71.81818181818181,-1.818181818181813,-180.79999999999947,,,,,,,,
,1064,2026-06-05 00:00:00,BAJAJ WALUJ,HPCL,SANTOSH,MH20DD0957,20,9,57.47,99.44,5714.8168,0,0,0,0,0,57.47,5714.8168,,,,,,,,
,1065,2026-06-05 00:00:00,BAJAJ WALUJ,HPCL,DIVTE,MH20GC8873,50,5,70,99.44,6960.8,106465,106080,385,5.5,77,-7,-696.0799999999999,,,,,,,,
,1066,2026-06-05 00:00:00,BAJAJ WALUJ,HPCL,MALODE,MH20GC8878,50,5,50,99.44,4972,96206,95932,274,5.48,54.8,-4.799999999999997,-477.3119999999997,,,,,,,,
,1067,2026-06-05 00:00:00,BAJAJ WALUJ,HPCL,NAZIR,MH14CW4456,40,5.5,60,99.44,5966.4,291678,291336,342,5.7,62.18181818181818,-2.18181818181818,-216.9599999999998,,,,,,,,
,1068,2026-06-05 00:00:00,BAJAJ WALUJ,HPCL,ABHIJEET,MH20GC5419,50,5,70,99.44,6960.8,17179,16824,355,5.071428571428571,71,-1,-99.44,,,,,,,,
,1069,2026-06-05 00:00:00,BAJAJ WALUJ HK,HPCL,SHINDE,Road sweeper,50,5,32.01,99.44,3183.0743999999995,0,,0,0,0,32.01,3183.0743999999995,,,,,,,,
,1070,2026-06-05 00:00:00,CITYFLOW MUMBAI,,,MH04MH3734,27,4,80,97.89,7831.2,24707,24490,217,2.7125,54.25,25.75,2520.6675,,,,,,,,
,1071,2026-06-05 00:00:00,CITYFLOW MUMBAI,,,MH04MH3742,27,4,55,98,5390,35831,35613,218,3.963636363636364,54.5,0.5,49,,,,,,,,
,1072,2026-06-05 00:00:00,CITYFLOW MUMBAI,,,MH04MH5107,27,4,84.42,97.89,8263.8738,29101,28571,530,6.278133143804785,132.5,-48.08,-4706.5512,,,,,,,,
,1073,2026-06-05 00:00:00,CITYFLOW MUMBAI,,,MH04MH6313,27,4,45,98,4410,47357,47164,193,4.288888888888889,48.25,-3.25,-318.5,,,,,,,,
,1074,2026-06-05 00:00:00,CITYFLOW MUMBAI,,,MH04MH6317,27,4,85,98.04,8333.4,35635,35325,310,3.6470588235294117,77.5,7.5,735.3000000000001,,,,,,,,
,1075,2026-06-05 00:00:00,CITYFLOW MUMBAI,,,MH04MH6318,27,4,83,98.04,8137.320000000001,34035,33837,198,2.3855421686746987,49.5,33.5,3284.34,,,,,,,,
,1076,2026-06-05 00:00:00,CITYFLOW MUMBAI,,,MH04MR5863,40,3.7,145,98.15,14231.75,19079,18601,478,3.296551724137931,129.1891891891892,15.810810810810807,1551.8310810810808,,,,,,,,
,1077,2026-06-05 00:00:00,CITYFLOW MUMBAI,,,MH04MR5864,40,3.7,130,98.04,12745.2,16005,15625,380,2.923076923076923,102.7027027027027,27.297297297297305,2676.227027027028,,,,,,,,
,1078,2026-06-05 00:00:00,LEAR-CHENNAI,,,TN87H1931,32,,85.34,100.03,8536.5602,90745,90092,653,7.651745957347082,#DIV/0!,#DIV/0!,#DIV/0!,,,,,,,,
,1079,2026-06-05 00:00:00,LEAR-CHENNAI,,,TN87H2151,4,,26.61,108.23,2880.0003,81209,80758,451,16.948515595640735,#DIV/0!,#DIV/0!,#DIV/0!,,,,,,,,
,1080,2026-06-05 00:00:00,LEAR-CHENNAI,,,TN87H2075,24,,88.08,100.03,8810.6424,90413,89741,672,7.629427792915531,#DIV/0!,#DIV/0!,#DIV/0!,,,,,,,,
,1081,2026-06-05 00:00:00,LEAR-CHENNAI,,,TN87H2004,24,,88.79,100.03,8881.663700000001,74044,73344,700,7.8837706948980735,#DIV/0!,#DIV/0!,#DIV/0!,,,,,,,,
,1082,2026-06-05 00:00:00,LEAR-CHENNAI,,,TN87H1960,32,,79.58,100.03,7960.3874,50747,50167,580,7.288263382759488,#DIV/0!,#DIV/0!,#DIV/0!,,,,,,,,
,1083,2026-06-05 00:00:00,LEAR-CHENNAI,,,TN87H2067,24,,80.03,100.03,8005.400900000001,71899,71284,615,7.6846182681494435,#DIV/0!,#DIV/0!,#DIV/0!,,,,,,,,
,1084,2026-06-05 00:00:00,LEAR-CHENNAI,,,TN87H1946,14,,55.38,100.03,5539.6614,48346,47680,666,12.026002166847237,#DIV/0!,#DIV/0!,#DIV/0!,,,,,,,,
,1085,2026-06-05 00:00:00,LEAR-CHENNAI,,,TN87H1971,32,,81.32,100.03,8134.4396,71951,71336,615,7.562715199212986,#DIV/0!,#DIV/0!,#DIV/0!,,,,,,,,
,1086,2026-06-05 00:00:00,LEAR-CHENNAI,,,TN87H2018,24,,81.38,100.03,8140.4414,81398,80799,599,7.360530842958958,#DIV/0!,#DIV/0!,#DIV/0!,,,,,,,,
,1087,2026-06-05 00:00:00,LEAR-CHENNAI,,,TN87H2191,4,,26.24,108.42,2844.9408,65785,65397,388,14.786585365853659,#DIV/0!,#DIV/0!,#DIV/0!,,,,,,,,
,1088,2026-06-05 00:00:00,LEAR-CHENNAI,,,TN87H1962,32,,76.67,100.25,7686.1675000000005,56077,55479,598,7.799660884309378,#DIV/0!,#DIV/0!,#DIV/0!,,,,,,,,
,1089,2026-06-05 00:00:00,LEAR-CHENNAI,,,TN87H1975,32,,76.89,100.03,7691.3067,123190,122635,555,7.21810378462739,#DIV/0!,#DIV/0!,#DIV/0!,,,,,,,,
,1090,2026-06-05 00:00:00,TMBSL,JABBAR PUMP ,MAHANTESH AND SACHIN ,KA25AC0453,55+1,4.5,123.67,98.63,12197.5721,76645,76037,608,4.916309533435756,135.11111111111111,-11.441111111111113,-1128.436788888889,,,,,,,,
,1091,2026-06-05 00:00:00,TMBSL,JABBAR PUMP ,SACHIN AND GANESH ,KA25AB7989,40+1,5.5,105,98.63,10356.15,132554,131935,619,5.895238095238096,112.54545454545455,-7.545454545454547,-744.2081818181819,,,,,,,,
,1092,2026-06-05 00:00:00,TML,JABBAR PUMP ,VINOD T,KA25AA1647,49+1,4.25,111,98.63,10947.93,126433,125960,473,4.261261261261262,111.29411764705883,-0.29411764705882604,-29.008823529412012,,,,,,,,
,1093,2026-06-05 00:00:00,TMBSL,JABBAR PUMP ,SAGAR AND HANUMANTH ,KA25AC0058,55+1,4.5,113,98.63,11145.189999999999,106772,106223,549,4.8584070796460175,122,-9,-887.67,,,,,,,,
,1094,2026-06-05 00:00:00,TMBSL,JABBAR PUMP ,SHIVARAJ AND NINGARAJ GUTAL,KA25AB7988,55+1,4.5,112,98.63,11046.56,140085,139555,530,4.732142857142857,117.77777777777777,-5.7777777777777715,-569.8622222222216,,,,,,,,
,1095,2026-06-05 00:00:00,TML,JABBAR PUMP ,MAHESH KARGI,KA25AA1646,49+1,4.25,168.06,98.63,16575.7578,306448,305693,755,4.492443175056527,177.64705882352942,-9.587058823529418,-945.5716117647064,,,,,,,,
,1096,2026-06-05 00:00:00,TMBSL,JABBAR PUMP ,BASAVARJ KITTUR AND IRANNA D,KA25AB7986,55+1,4.5,112,98.63,11046.56,120671,120140,531,4.741071428571429,118,-6,-591.78,,,,,,,,
,1097,2026-06-05 00:00:00,TML,JABBAR PUMP ,BASAVARAJ KUNDAGOL,KA25AA1649,49+1,4.25,98,98.63,9665.74,310092,309675,417,4.255102040816326,98.11764705882354,-0.1176470588235361,-11.603529411765365,,,,,,,,
,1098,2026-06-05 00:00:00,TMBSL,JABBAR PUMP ,BASAVARAJ S AND NAGU M ,KA25AB7981,40+1,5.5,104,98.63,10257.52,128843,128260,583,5.605769230769231,106,-2,-197.26,,,,,,,,
509/8-6-26,1099,2026-06-06 00:00:00,KB,JAYHIND,,MH14MT2841,40,5.5,105,98.21,10312.05,24595,24215,380,3.619047619047619,69.0909090909091,35.90909090909091,3526.631818181818,,,,,,,,
509/8-6-26,1100,2026-06-06 00:00:00,TML,JAYHIND,SATISH SHINDE,MH14CW4061,36,5.5,140,98.21,13749.4,435556,434833,723,5.164285714285715,131.45454545454547,8.545454545454533,839.2490909090895,,,,,,,,
509/8-6-26,1101,2026-06-06 00:00:00,LEAR-CHAKAN,JAYHIND,AMOL PATIL,MH14LB5925,18,12,10,98.21,982.0999999999999,130297,129873,424,42.4,35.333333333333336,-25.333333333333336,-2487.9866666666667,,,,,,,,
509/8-6-26,1102,2026-06-06 00:00:00,LEAR-CHAKAN,JAYHIND,,MH14LB5922,18,12,10,98.21,982.0999999999999,139838,139383,455,45.5,37.916666666666664,-27.916666666666664,-2741.6958333333328,,,,,,,,
509/8-6-26,1103,2026-06-06 00:00:00,JCB,JAYHIND,DANAJI WAIDANDE,MH14LL4201,18,10,46.07,98.21,4524.5347,134250,133769,481,10.440633818102887,48.1,-2.030000000000001,-199.3663000000001,,,,,,,,
509/8-6-26,1104,2026-06-06 00:00:00,JCB,JAYHIND,BALAJI THOBOLE,MH14LL4195,30,6,75,98.21,7365.749999999999,133182,132738,444,5.92,74,1,98.21,,,,,,,,
509/8-6-26,1105,2026-06-06 00:00:00,JCB,JAYHIND,AYUB PATHAN,MH14LL4157,30,6,95,98.21,9329.949999999999,140778,140268,510,5.368421052631579,85,10,982.0999999999999,,,,,,,,
509/8-6-26,1106,2026-06-06 00:00:00,JCB,JAYHIND,MANOJ KAMBLE,MH14LL4153,30,6,86,98.21,8446.06,153552,153035,517,6.011627906976744,86.16666666666667,-0.1666666666666714,-16.368333333333798,,,,,,,,
509/8-6-26,1107,2026-06-06 00:00:00,LEAR-CHAKAN,JAYHIND,LAXMAN PATIL,MH14LB5915,18,12,10,98.21,982.0999999999999,124669,124327,342,34.2,28.5,-18.5,-1816.885,,,,,,,,
509/8-6-26,1108,2026-06-06 00:00:00,LEAR-CHAKAN,JAYHIND,,MH14LB5917,18,12,10,98.21,982.0999999999999,152143,151621,522,52.2,43.5,-33.5,-3290.035,,,,,,,,
509/8-6-26,1109,2026-06-06 00:00:00,JCB,JAYHIND,,MH14LL4134,30,6,70,98.21,6874.7,44765,44431,334,4.771428571428571,55.666666666666664,14.333333333333336,1407.6766666666667,,,,,,,,
509/8-6-26,1110,2026-06-06 00:00:00,KB,JAYHIND,,MH14GD4457,49,4,148.6,98.21,14594.006,327826,327431,395,2.6581426648721402,98.75,49.849999999999994,4895.768499999999,,,,,,,,
509/8-6-26,1111,2026-06-06 00:00:00,TML,JAYHIND,,MH14CW4806,41,5.5,25,98.21,2455.25,404248,404054,194,7.76,35.27272727272727,-10.272727272727273,-1008.8845454545454,,,,,,,,
509/8-6-26,1112,2026-06-06 00:00:00,VW,JAYHIND,,MH14KA1890,40,5.5,50,98.21,4910.5,120880,120696,184,3.68,33.45454545454545,16.545454545454547,1624.929090909091,,,,,,,,
74,1113,2026-06-06 00:00:00,VW,YES,,MH14KA1905,40,5.5,70,98.41,6888.7,211899,211524,375,5.357142857142857,68.18181818181819,1.818181818181813,178.92727272727222,,,,,,,,
74,1114,2026-06-06 00:00:00,VW,YES,,MH14KA1879,40,5.5,100,98.41,9841,195369,195086,283,2.83,51.45454545454545,48.54545454545455,4777.358181818182,,,,,,,,
74,1115,2026-06-06 00:00:00,VW,YES,,MH14KA2879,40,5.5,113,98.41,11120.33,193703,193097,606,5.3628318584070795,110.18181818181819,2.818181818181813,277.3372727272722,,,,,,,,
74,1116,2026-06-06 00:00:00,VW,YES,,MH14KA1740,40,5.5,60,98.41,5904.599999999999,178449,178132,317,5.283333333333333,57.63636363636363,2.363636363636367,232.60545454545485,,,,,,,,
74,1117,2026-06-06 00:00:00,VW,YES,,MH14KA1882,40,5.5,50,98.41,4920.5,164786,164604,182,3.64,33.09090909090909,16.909090909090907,1664.0236363636361,,,,,,,,
74,1118,2026-06-06 00:00:00,VW,YES,,MH14KA1888,40,5.5,80,98.41,7872.799999999999,170451,170040,411,5.1375,74.72727272727273,5.272727272727266,518.8890909090902,,,,,,,,
74,1119,2026-06-06 00:00:00,VW,YES,,MH14KA2815,40,5.5,40,98.41,3936.3999999999996,194195,193977,218,5.45,39.63636363636363,0.36363636363636687,35.78545454545486,,,,,,,,
74,1120,2026-06-06 00:00:00,VW,YES,,MH14KA1880,40,5.5,57,98.41,5609.37,218414,218082,332,5.824561403508772,60.36363636363637,-3.363636363636367,-331.0154545454549,,,,,,,,
74,1121,2026-06-06 00:00:00,VW,YES,,MH14KA1499,40,5.5,80,98.41,7872.799999999999,235411,234976,435,5.4375,79.0909090909091,0.9090909090909065,89.46363636363611,,,,,,,,
74,1122,2026-06-06 00:00:00,VW,YES,,MH14KA1906,40,5.5,110,98.41,10825.1,168496,167752,744,6.763636363636364,135.27272727272728,-25.27272727272728,-2487.0890909090917,,,,,,,,
74,1123,2026-06-06 00:00:00,VW,YES,,MH14KA1894,40,5.5,60,98.41,5904.599999999999,132421,132126,295,4.916666666666667,53.63636363636363,6.363636363636367,626.2454545454549,,,,,,,,
74,1124,2026-06-06 00:00:00,VW,YES,,MH14KA2808,40,5.5,60,98.41,5904.599999999999,126570,126273,297,4.95,54,6,590.46,,,,,,,,
74,1125,2026-06-06 00:00:00,VW,YES,,MH14KA2923,40,5.5,115,98.41,11317.15,160854,160534,320,2.782608695652174,58.18181818181818,56.81818181818182,5591.477272727273,,,,,,,,
74,1126,2026-06-06 00:00:00,VW,YES,,MH14KA1912,40,5.5,118,98.41,11612.38,222012,221481,531,4.5,96.54545454545455,21.454545454545453,2111.341818181818,,,,,,,,
74,1127,2026-06-06 00:00:00,VW,YES,,MH14KA2463,40,5.5,50,98.41,4920.5,137258,136963,295,5.9,53.63636363636363,-3.636363636363633,-357.85454545454513,,,,,,,,
74,1128,2026-06-06 00:00:00,VW,YES,,MH14KA2812,40,5.5,70,98.41,6888.7,128571,128479,92,1.3142857142857143,16.727272727272727,53.27272727272727,5242.569090909091,,,,,,,,
74,1129,2026-06-06 00:00:00,VW,YES,,MH14KA2554,40,5.5,125,98.41,12301.25,175850,175429,421,3.368,76.54545454545455,48.45454545454545,4768.411818181818,,,,,,,,
74,1130,2026-06-06 00:00:00,VW,YES,,MH14KA2464,40,5.5,60,98.41,5904.599999999999,144326,144033,293,4.883333333333334,53.27272727272727,6.727272727272727,662.030909090909,,,,,,,,
74,1131,2026-06-06 00:00:00,VW,YES,,MH14KA1901,40,5.5,142,98.41,13974.22,189528,189004,524,3.6901408450704225,95.27272727272727,46.727272727272734,4598.430909090909,,,,,,,,
74,1132,2026-06-06 00:00:00,BC,YES,,MH14LB3984,50,4,89,98.41,8758.49,55801,55610,191,2.146067415730337,47.75,41.25,4059.4125,,,,,,,,
74,1133,2026-06-06 00:00:00,VW,YES,,MH14KA3312,20,8,53,98.41,5215.73,227912,227624,288,5.433962264150943,36,17,1672.97,,,,,,,,
74,1134,2026-06-06 00:00:00,VW,YES,,MH14KA2806,40,5.5,80,98.41,7872.799999999999,121873,121460,413,5.1625,75.0909090909091,4.9090909090909065,483.1036363636361,,,,,,,,
74,1135,2026-06-06 00:00:00,VW,YES,,MH14KA2563,40,5.5,60,98.41,5904.599999999999,136789,136596,193,3.216666666666667,35.09090909090909,24.909090909090907,2451.303636363636,,,,,,,,
74,1136,2026-06-06 00:00:00,VW,YES,,MH14KA2817,40,5.5,70,98.41,6888.7,151005,150632,373,5.328571428571428,67.81818181818181,2.181818181818187,214.71272727272776,,,,,,,,
74,1137,2026-06-06 00:00:00,BC-VENDER,YES,,MH14LX9322,,,114,98.41,11218.74,0,0,0,0,#DIV/0!,#DIV/0!,#DIV/0!,,,,,,,,
74,1138,2026-06-06 00:00:00,VW,YES,,MH14KA1739,40,5.5,125,98.41,12301.25,162413,161732,681,5.448,123.81818181818181,1.181818181818187,116.30272727272778,,,,,,,,
74,1139,2026-06-06 00:00:00,VW,YES,,MH14KA1883,40,5.5,60,98.41,5904.599999999999,197734,197446,288,4.8,52.36363636363637,7.636363636363633,751.4945454545451,,,,,,,,
74,1140,2026-06-06 00:00:00,BC-VENDER,YES,,MH14LQ1600,36,6,40,98.41,3936.3999999999996,0,0,0,0,0,40,3936.3999999999996,,,,,,,,
74,1141,2026-06-06 00:00:00,BC-VENDER,YES,Sudhakar Sharad Daptare,MH14KQ5693,20,10,42,98.41,4133.22,0,0,0,0,0,42,4133.22,,,,,,,,
74,1142,2026-06-06 00:00:00,LEAR-CHAKAN,YES,SACHIN,MH14LB5914,18,12,20,98.41,1968.1999999999998,192826,192307,519,25.95,43.25,-23.25,-2288.0325,,,,,,,,
74,1143,2026-06-06 00:00:00,BC-VENDER,YES,Mukund Ramchandra Madvalkar,MH12LB9492,17,10,31,98.41,3050.71,0,0,0,0,0,31,3050.71,,,,,,,,
74,1144,2026-06-06 00:00:00,BC,YES,,MH14LB3985,50,4,69,98.41,6790.29,83308,83155,153,2.217391304347826,38.25,30.75,3026.1075,,,,,,,,
74,1145,2026-06-06 00:00:00,VW,YES,,MH14KA2469,40,5.5,60,98.41,5904.599999999999,140596,140272,324,5.4,58.90909090909091,1.0909090909090935,107.35636363636388,,,,,,,,
74,1146,2026-06-06 00:00:00,BC,YES,BASVARAJ,MH14LL4204,18,10,37,98.41,3641.17,164253,163925,328,8.864864864864865,32.8,4.200000000000003,413.3220000000003,,,,,,,,
74,1147,2026-06-06 00:00:00,BC,YES,,MH14LB3848,40,5.5,125,98.41,12301.25,112990,112625,365,2.92,66.36363636363636,58.63636363636364,5770.404545454546,,,,,,,,
74,1148,2026-06-06 00:00:00,BC,YES,,MH14LB2877,18,10,33,98.41,3247.5299999999997,115389,115070,319,9.666666666666666,31.9,1.1000000000000014,108.25100000000013,,,,,,,,
74,1149,2026-06-06 00:00:00,BC-VENDER,YES,Prathmesh Tours & Travels,MH12VF1253,20,10,46.38,98.41,4564.2558,0,0,0,0,0,46.38,4564.2558,,,,,,,,
74,1150,2026-06-06 00:00:00,BC,YES,,MH14LL4207,18,10,40,98.41,3936.3999999999996,120634,120331,303,7.575,30.3,9.7,954.5769999999999,,,,,,,,
74,1151,2026-06-06 00:00:00,BC,YES,,MH14GD9106,36,6,67.7,98.41,6662.357,438467,438362,105,1.5509601181683899,17.5,50.2,4940.182,,,,,,,,
74,1152,2026-06-06 00:00:00,BC,YES,SAWPNIL,MH14LB3987,50,4,58,98.41,5707.78,59053,58934,119,2.0517241379310347,29.75,28.25,2780.0825,,,,,,,,
74,1153,2026-06-06 00:00:00,BC,YES,,MH14LB3990,50,4,64,98.41,6298.24,71891,71607,284,4.4375,71,-7,-688.87,,,,,,,,
74,1154,2026-06-06 00:00:00,BC,YES,,MH14LB3986,50,4,65,98.41,6396.65,106837,106525,312,4.8,78,-13,-1279.33,,,,,,,,
74,1155,2026-06-06 00:00:00,BC,YES,,MH14HG2520,40,5,98,98.41,9644.18,212717,212240,477,4.86734693877551,95.4,2.5999999999999943,255.86599999999945,,,,,,,,
74,1156,2026-06-06 00:00:00,BC,YES,PAWALE,MH14LB3991,50,4,69,98.41,6790.29,95709,95367,342,4.956521739130435,85.5,-16.5,-1623.7649999999999,,,,,,,,
,1157,2026-06-06 00:00:00,JCB,BPCL,BADE,MH14LL4191,30,6,80,98.39,7871.2,104357,103928,429,5.3625,71.5,8.5,836.315,,,,,,,,
2318/10-6-26,1158,2026-06-06 00:00:00,JCB,SAIEE,,MH14LL4138,30,6,48,98.59,4732.32,160743,160478,265,5.520833333333333,44.166666666666664,3.8333333333333357,377.92833333333357,,,,,,,,
2318/10-6-26,1159,2026-06-06 00:00:00,JCB,SAIEE,REVANATH LANDGE,MH14LL4194,30,6,54,98.59,5323.860000000001,130376,130052,324,6,54,0,0,,,,,,,,
2318/10-6-26,1160,2026-06-06 00:00:00,JCB,SAIEE,ABDUL SHAIKH,MH14LL4278,30,6,86,98.59,8478.74,47758,47242,516,6,86,0,0,,,,,,,,
2318/10-6-26,1161,2026-06-06 00:00:00,JCB,SAIEE,SUSHANT SHELAR,MH14LL4145,30,6,72.08,98.59,7106.3672,111327,110893,434,6.021087680355161,72.33333333333333,-0.2533333333333303,-24.976133333333035,,,,,,,,
2318/10-6-26,1162,2026-06-06 00:00:00,JCB,SAIEE,PANDURANG KADAM,MH14CW2890,36,5,53,98.59,5225.27,465514,465224,290,5.471698113207547,58,-5,-492.95000000000005,,,,,,,,
2318/10-6-26,1163,2026-06-06 00:00:00,JCB,SAIEE,GANESH KALOKHE,MH14LL4180,30,6,103,98.59,10154.77,79905,79284,621,6.029126213592233,103.5,-0.5,-49.295,,,,,,,,
2318/10-6-26,1164,2026-06-06 00:00:00,HYUNDAI,SAIEE,SUYOG KANWADE,MH14LX2601,40,5.5,144.29,98.59,14225.5511,52555,51901,654,4.532538637466214,118.9090909090909,25.380909090909086,2502.3038272727267,,,,,,,,
2318/10-6-26,1165,2026-06-06 00:00:00,HYUNDAI,SAIEE,KARTIK WAYSE,MH14LL6273,41,5.5,137.36,98.59,13542.322400000001,64476,63709,767,5.583867210250436,139.45454545454547,-2.094545454545454,-206.5012363636363,,,,,,,,
2318/10-6-26,1166,2026-06-06 00:00:00,JCB,SAIEE,MAULI KHOLE,MH14LL4150,30,6,58,98.59,5718.22,94151,93800,351,6.051724137931035,58.5,-0.5,-49.295,,,,,,,,
2318/10-6-26,1167,2026-06-06 00:00:00,JCB,SAIEE,LAHU VANVE,MH14LL4154,30,6,80,98.59,7887.200000000001,130898,130464,434,5.425,72.33333333333333,7.666666666666671,755.8566666666671,,,,,,,,
,1168,2026-06-06 00:00:00,KB,HPCL,,MH14MT2843,40,5.5,86.08,98.17,8450.4736,23626,23179,447,5.192843866171004,81.27272727272727,4.807272727272732,471.9299636363641,,,,,,,,
1284/10-6-26,1169,2026-06-06 00:00:00,BC,SHUBHAM,SOURABHV BOABADE,MH14LB3989,50,4,30,98.44,2953.2,97464,97363,101,3.3666666666666667,25.25,4.75,467.59,,,,,,,,
1284/10-6-26,1170,2026-06-06 00:00:00,BC-VENDER,SHUBHAM,,MH14MT9600,18,10,30,98.44,2953.2,0,0,0,0,0,30,2953.2,,,,,,,,
1284/10-6-26,1171,2026-06-06 00:00:00,BC,SHUBHAM,,MH14GD9109,36,6,30,98.44,2953.2,308428,308283,145,4.833333333333333,24.166666666666668,5.833333333333332,574.2333333333332,,,,,,,,
,1172,2026-06-06 00:00:00,JCB,BPCL,NITESH DONGARE,MH14LL4184,30,6,61.08,98.23,5999.8884,135954,135235,719,11.771447282252783,119.83333333333333,-58.75333333333333,-5771.339933333334,,,,,,,,
,1173,2026-06-06 00:00:00,JCB,IOCL,BAPU VAMAN,MH14LL4159,30,6,46,98.3,4521.8,172657,172379,278,6.043478260869565,46.333333333333336,-0.3333333333333357,-32.7666666666669,,,,,,,,
,1174,2026-06-06 00:00:00,JCB,BPCL,JAGDISH PATIL,MH14LL4189,30,6,69.11,98.19,6785.9109,206381,206002,379,5.484010996961366,63.166666666666664,5.943333333333335,583.5759000000002,,,,,,,,
,1175,2026-06-06 00:00:00,JCB,IOCL,VIKAS HEMADE,MH14LL4140,30,6,48,98.52,4728.96,171659,171371,288,6,48,0,0,,,,,,,,
,1176,2026-06-06 00:00:00,LEAR-CHAKAN,BPCL,NIWAS RATHOD,MH14LB5919,18,12,40,98.18,3927.2000000000003,237968,237665,303,7.575,25.25,14.75,1448.1550000000002,,,,,,,,
,1177,2026-06-06 00:00:00,LEAR-CHAKAN,BPCL,VITTHALRAO,MH14LB5821,18,12,40,98.32,3932.7999999999997,76798,76460,338,8.45,28.166666666666668,11.833333333333332,1163.4533333333331,,,,,,,,
286/15-6-26,1178,2026-06-06 00:00:00,LEAR-CHAKAN,PRATIK,GAIKWAD,MH14LB5814,33,6,106,98.57,10448.42,65974,65597,377,3.556603773584906,62.833333333333336,43.166666666666664,4254.938333333333,,,,,,,,
,1179,2026-06-06 00:00:00,LEAR-CHAKAN,HPCL,SWAGAT JADHAV,MH14LB5967,18,12,50,98.57,4928.5,83913,83552,361,7.22,30.083333333333332,19.916666666666668,1963.1858333333332,,,,,,,,
,1180,2026-06-06 00:00:00,LEAR-CHAKAN,HPCL,,MH14LB4966,17,10,40,98.57,3942.7999999999997,117729,117397,332,8.3,33.2,6.799999999999997,670.2759999999997,,,,,,,,
,1181,2026-06-06 00:00:00,LEAR-CHAKAN,HPCL,,MH14LB5916,18,12,40,98.57,3942.7999999999997,96907,96689,218,5.45,18.166666666666668,21.833333333333332,2152.111666666666,,,,,,,,
,1182,2026-06-06 00:00:00,LEAR-CHAKAN,HPCL,,MH14LB5918,18,12,63,98.57,6209.91,118841,118226,615,9.761904761904763,51.25,11.75,1158.1975,,,,,,,,
,1183,2026-06-06 00:00:00,LEAR-CHAKAN,HPCL,NAIKARE,MH14LB6270,40,6,75,98.57,7392.749999999999,175322,174802,520,6.933333333333334,86.66666666666667,-11.666666666666671,-1149.9833333333338,,,,,,,,
,1184,2026-06-06 00:00:00,LEAR-CHAKAN,HPCL,,MH14LB6214,25,7,79,98.57,7787.03,199878,199274,604,7.6455696202531644,86.28571428571429,-7.285714285714292,-718.1528571428577,,,,,,,,
,1185,2026-06-06 00:00:00,LEAR-CHAKAN,HPCL,,MH14LB5922,18,12,51,98.57,5027.07,139879,139838,41,0.803921568627451,3.4166666666666665,47.583333333333336,4690.2891666666665,,,,,,,,
,1186,2026-06-06 00:00:00,LEAR-CHAKAN,HPCL,SUDAM SHEJUL,MH14LB6211,25,7,69,98.57,6801.33,96936,96545,391,5.666666666666667,55.857142857142854,13.142857142857146,1295.4914285714287,,,,,,,,
,1187,2026-06-06 00:00:00,LEAR-CHAKAN,HPCL,,MH14LB5924,18,12,52,98.57,5125.639999999999,89464,89181,283,5.4423076923076925,23.583333333333332,28.416666666666668,2801.0308333333332,,,,,,,,
,1188,2026-06-06 00:00:00,LEAR-CHAKAN,HPCL,AMOL PATIL,MH14LB5925,18,12,44,98.57,4337.08,130341,130297,44,1,3.6666666666666665,40.333333333333336,3975.6566666666668,,,,,,,,
,1189,2026-06-06 00:00:00,LEAR-CHAKAN,HPCL,,MH14LB5917,18,12,63.6,98.57,6269.052,152182,152143,39,0.6132075471698113,3.25,60.35,5948.6995,,,,,,,,
,1190,2026-06-06 00:00:00,LEAR-CHAKAN,HPCL,LAXMAN PATIL,MH14LB5915,18,12,47,98.57,4632.79,124835,124669,166,3.5319148936170213,13.833333333333334,33.166666666666664,3269.238333333333,,,,,,,,
,1191,2026-06-06 00:00:00,LEAR-CHAKAN,HPCL,SACHIN,MH14LB5914,18,12,39,98.57,3844.2299999999996,192913,192826,87,2.230769230769231,7.25,31.75,3129.5975,,,,,,,,
,1192,2026-06-06 00:00:00,LEAR-CHAKAN,HPCL,SUNIL PATHARE,MH14LB6210,25,7,85,98.57,8378.449999999999,74914,74570,344,4.047058823529412,49.142857142857146,35.857142857142854,3534.438571428571,,,,,,,,
,1193,2026-06-06 00:00:00,LEAR-CHAKAN,HPCL,SURESH,MH14LB6213,50,5,80,98.57,7885.599999999999,133567,133215,352,4.4,70.4,9.599999999999994,946.2719999999994,,,,,,,,
,1194,2026-06-06 00:00:00,LEAR-CHAKAN,HPCL,,MH14LB5923,18,12,37.02,98.57,3649.0614,83400,83172,228,6.158833063209076,19,18.020000000000003,1776.2314000000001,,,,,,,,
,1195,2026-06-06 00:00:00,LEAR-CHAKAN,HPCL,,MH14LB5926,18,12,35,98.57,3449.95,128410,127958,452,12.914285714285715,37.666666666666664,-2.6666666666666643,-262.85333333333307,,,,,,,,
509/8-6-26,1196,2026-06-06 00:00:00,KB,JAYHIND,PANDURANG WARE,MH14HU0837,28,6,129,98.21,12669.089999999998,348661,348010,651,5.046511627906977,108.5,20.5,2013.3049999999998,,,,,,,,
286/15-6-26,1197,2026-06-06 00:00:00,MERCEDES,PRATIK,,MH14LX4885,32,4,35,98.57,3449.95,37498,37385,113,3.2285714285714286,28.25,6.75,665.3475,,,,,,,,
286/15-6-26,1198,2026-06-06 00:00:00,MERCEDES,PRATIK,,MH14HU3978,32,4,40,98.57,3942.7999999999997,194535,194320,215,5.375,53.75,-13.75,-1355.3374999999999,,,,,,,,
286/15-6-26,1199,2026-06-06 00:00:00,MERCEDES,PRATIK,,MH14HU3980,32,4,40,98.57,3942.7999999999997,233954,233756,198,4.95,49.5,-9.5,-936.415,,,,,,,,
286/15-6-26,1200,2026-06-06 00:00:00,MERCEDES,PRATIK,,MH14HG3112,32,4,25,98.57,2464.25,273456,273324,132,5.28,33,-8,-788.56,,,,,,,,
,1201,2026-06-06 00:00:00,BAJAJ WALUJ,HPCL,MADAN,MH14CW4821,40,5.5,62,99.44,6165.28,289637,289265,372,6,67.63636363636364,-5.63636363636364,-560.4800000000004,,,,,,,,
,1202,2026-06-06 00:00:00,BAJAJ WALUJ,HPCL,SAGER,MH20GC8876,50,5,68,99.44,6761.92,121005,120617,388,5.705882352941177,77.6,-9.599999999999994,-954.6239999999995,,,,,,,,
,1203,2026-06-06 00:00:00,BAJAJ WALUJ,HPCL,NAGESH,MH20GC5309,50,5,56,99.44,5568.639999999999,152651,152343,308,5.5,61.6,-5.600000000000001,-556.8640000000001,,,,,,,,
,1204,2026-06-06 00:00:00,BAJAJ WALUJ,HPCL,MALODE,MH20GC8878,50,5,51,99.44,5071.44,96490,96206,284,5.568627450980392,56.8,-5.799999999999997,-576.7519999999997,,,,,,,,
,1205,2026-06-06 00:00:00,BAJAJ WALUJ,HPCL,ASPAK,MH20GC8875,50,5,37,99.44,3679.2799999999997,78726,78600,126,3.4054054054054053,25.2,11.8,1173.392,,,,,,,,
,1206,2026-06-06 00:00:00,BAJAJ WALUJ,HPCL,SOPAN,MH20GZ5418,50,5,41,99.44,4077.04,8370,8305,65,1.5853658536585367,13,28,2784.3199999999997,,,,,,,,
,1207,2026-06-06 00:00:00,BAJAJ WALUJ,HPCL,SHAIKH,MH14CW4816,40,5.5,55,99.44,5469.2,302563,302245,318,5.781818181818182,57.81818181818182,-2.81818181818182,-280.2400000000002,,,,,,,,
,1208,2026-06-06 00:00:00,BAJAJ WALUJ,HPCL,NARYAN,MH20GC5342,50,5,24,99.44,2386.56,108983,108850,133,5.541666666666667,26.6,-2.6000000000000014,-258.54400000000015,,,,,,,,
,1209,2026-06-06 00:00:00,BAJAJ WALUJ,HPCL,AJAY,MH14HU0836,32,5.5,33,99.44,3281.52,318876,318685,191,5.787878787878788,34.72727272727273,-1.7272727272727266,-171.75999999999993,,,,,,,,
,1210,2026-06-06 00:00:00,BAJAJ WALUJ,HPCL,BHAGWAN,MH20GC5417,50,5,49,99.44,4872.5599999999995,11774,11476,298,6.081632653061225,59.6,-10.600000000000001,-1054.064,,,,,,,,
,1211,2026-06-06 00:00:00,BAJAJ WALUJ,HPCL,JABBAR,MH20GC8872,50,5,51,99.44,5071.44,104556,104260,296,5.803921568627451,59.2,-8.200000000000003,-815.4080000000002,,,,,,,,
,1212,2026-06-06 00:00:00,BAJAJ WALUJ,HPCL,MOHSIN,MH20GC8890,50,5,80,99.44,7955.2,78902,78477,425,5.3125,85,-5,-497.2,,,,,,,,
,1213,2026-06-06 00:00:00,CITYFLOW MUMBAI,,,MH04MH3742,27,4,55,98,5390,36051,35831,220,4,55,0,0,,,,,,,,
,1214,2026-06-06 00:00:00,CITYFLOW MUMBAI,,,MH04MH6313,27,4,45,98,4410,47552,47357,195,4.333333333333333,48.75,-3.75,-367.5,,,,,,,,
,1215,2026-06-06 00:00:00,LEAR-CHENNAI,,,TN87H2083,24,,81,100.03,8102.43,149438,148754,684,8.444444444444445,#DIV/0!,#DIV/0!,#DIV/0!,,,,,,,,
,1216,2026-06-06 00:00:00,LEAR-CHENNAI,,,TN87H5485,36,,77.58,100.03,7760.3274,284336,283870,466,6.006702758442898,#DIV/0!,#DIV/0!,#DIV/0!,,,,,,,,
,1217,2026-06-06 00:00:00,LEAR-CHENNAI,,,TN87H6859,16,,60.87,100.03,6088.8261,66130,65697,433,7.113520617709874,#DIV/0!,#DIV/0!,#DIV/0!,,,,,,,,
,1218,2026-06-06 00:00:00,LEAR-CHENNAI,,,TN87H2091,24,,71.42,100.03,7144.1426,59604,59024,580,8.120974516942033,#DIV/0!,#DIV/0!,#DIV/0!,,,,,,,,
,1219,2026-06-06 00:00:00,LEAR-CHENNAI,,,TN87H1996,32,,88.27,100.03,8829.6481,68755,68200,555,6.287526906083607,#DIV/0!,#DIV/0!,#DIV/0!,,,,,,,,
,1220,2026-06-06 00:00:00,LEAR-CHENNAI,,,TN87H1913,32,,79.66,100.03,7968.3898,128551,127955,596,7.481797639969872,#DIV/0!,#DIV/0!,#DIV/0!,,,,,,,,
,1221,2026-06-06 00:00:00,LEAR-CHENNAI,,,TN87H2088,24,,78.3,100.03,7832.349,52810,52141,669,8.544061302681992,#DIV/0!,#DIV/0!,#DIV/0!,,,,,,,,
,1222,2026-06-06 00:00:00,TML,JABBAR PUMP ,BASAVARAJ KURRATI ,KA25AA1644,49+1,4.25,147,98.63,14498.609999999999,210000,209375,625,4.2517006802721085,147.05882352941177,-0.05882352941176805,-5.8017647058826824,,,,,,,,
,1223,2026-06-06 00:00:00,TML,JABBAR PUMP ,FAKIRAYYA HIREMATH ,KA25AA1641,49+1,4.25,138,98.63,13610.939999999999,231397,230810,587,4.253623188405797,138.11764705882354,-0.1176470588235361,-11.603529411765365,,,,,,,,
,1224,2026-06-06 00:00:00,TMBSL,JABBAR PUMP ,SHANKAR AND MAILARI ,KA25AB7982,55+1,4.5,118,98.63,11638.34,137602,137052,550,4.661016949152542,122.22222222222223,-4.2222222222222285,-416.43777777777836,,,,,,,,
,1225,2026-06-06 00:00:00,TMBSL,JABBAR PUMP ,LOKESH PATIL,KA25AC0452,55+1,4.5,124,98.63,12230.119999999999,114361,113760,601,4.846774193548387,133.55555555555554,-9.555555555555543,-942.4644444444432,,,,,,,,
,1226,2026-06-06 00:00:00,TMBSL,JABBAR PUMP ,ANNAPPA  AND RACHAYYA ,KA25AB7983,55+1,4.5,120,98.63,11835.599999999999,133443,132873,570,4.75,126.66666666666667,-6.666666666666671,-657.5333333333338,,,,,,,,
1284/10-6-26,1227,2026-06-07 00:00:00,BC-VENDER,SHUBHAM,Sudhakar Sharad Daptare,MH14KQ5693,20,10,25.49,98.44,2509.2356,0,0,0,0,0,25.49,2509.2356,,,,,,,,
509/8-6-26,1228,2026-06-07 00:00:00,KB,JAYHIND,RAJU JAMADAR,MH14HG5617,28,6,80.01,98.21,7857.7821,407193,406775,418,5.224346956630421,69.66666666666667,10.343333333333334,1015.8187666666666,,,,,,,,
509/8-6-26,1229,2026-06-07 00:00:00,KB,JAYHIND,SHIVANCHAL,MH14HG5614,28,6,50,98.21,4910.5,378998,378373,625,12.5,104.16666666666667,-54.16666666666667,-5319.708333333333,,,,,,,,
509/8-6-26,1230,2026-06-07 00:00:00,JCB,JAYHIND,PRAMOD BARKUL,MH14LL4188,30,6,76,98.21,7463.959999999999,134715,134284,431,5.671052631578948,71.83333333333333,4.166666666666671,409.20833333333377,,,,,,,,
2318/10-6-26,1231,2026-06-07 00:00:00,JCB,SAIEE,DAYNESHWAR GAVALI,MH14LL4139,30,6,92,98.59,9070.28,128966,128427,539,5.858695652173913,89.83333333333333,2.1666666666666714,213.61166666666713,,,,,,,,
2318/10-6-26,1232,2026-06-07 00:00:00,JCB,SAIEE,RAJU KHARAT,MH14LL4208,18,10,49,98.59,4830.91,141606,141164,442,9.020408163265307,44.2,4.799999999999997,473.23199999999974,,,,,,,,
,1233,2026-06-07 00:00:00,KB,IOCL,TEJAS UNDRE,MH14MT2840,40,5.5,96,98.15,9422.400000000001,38524,38058,466,4.854166666666667,84.72727272727273,11.272727272727266,1106.4181818181812,,,,,,,,
1284/10-6-26,1234,2026-06-07 00:00:00,BC,SHUBHAM,DANAJI SAKUNDE,MH14LB3846,32,6,20,98.44,1968.8,109328,109196,132,6.6,22,-2,-196.88,,,,,,,,
,1235,2026-06-07 00:00:00,JCB,BPCL,NITESH DONGARE,MH14LL4184,30,6,61.08,98.23,5999.8884,136302,135954,348,5.697445972495089,58,3.0799999999999983,302.54839999999984,,,,,,,,
,1236,2026-06-07 00:00:00,JCB,IOCL,BAPU VAMAN,MH14LL4159,30,6,46,98.3,4521.8,172937,172657,280,6.086956521739131,46.666666666666664,-0.6666666666666643,-65.5333333333331,,,,,,,,
,1237,2026-06-07 00:00:00,LEAR-CHAKAN,BPCL,NIWAS RATHOD,MH14LB5919,18,12,40,98.18,3927.2000000000003,238309,237968,341,8.525,28.416666666666668,11.583333333333332,1137.2516666666666,,,,,,,,
,1238,2026-06-07 00:00:00,LEAR-CHAKAN,BPCL,VITTHALRAO,MH14LB5821,18,12,40,98.32,3932.7999999999997,77102,76798,304,7.6,25.333333333333332,14.666666666666668,1442.0266666666666,,,,,,,,
1284/10-6-26,1239,2026-06-07 00:00:00,VW,SHUBHAM,MAHADEV MASKE,MH14KA3316,20,8,20,98.44,1968.8,168745,168359,386,19.3,48.25,-28.25,-2780.93,,,,,,,,
509/8-6-26,1240,2026-06-07 00:00:00,VW,JAYHIND,,MH14KA1897,40,5.5,20,98.21,1964.1999999999998,215362,215070,292,14.6,53.09090909090909,-33.09090909090909,-3249.858181818182,,,,,,,,
509/8-6-26,1241,2026-06-07 00:00:00,BA-VENDER,JAYHIND,DINESH,MH14LB9060,18,10,51.83,98.21,5090.2243,0,0,0,0,0,51.83,5090.2243,,,,,,,,
509/8-6-26,1242,2026-06-07 00:00:00,BA-VENDER,JAYHIND,VAIBHAV KAWADE,MH14LB8792,17,10,51.68,98.21,5075.4928,0,0,0,0,0,51.68,5075.4928,,,,,,,,
,1243,2026-06-07 00:00:00,CITYFLOW MUMBAI,,,MH04MH3731,27,4,82.44,103.25,8511.93,48760,48420,340,4.124211547792334,85,-2.5600000000000023,-264.3200000000002,,,,,,,,
,1244,2026-06-07 00:00:00,CITYFLOW MUMBAI,,,MH04MH3732,27,4,160,98,15680,22325,21822,503,3.14375,125.75,34.25,3356.5,,,,,,,,
,1245,2026-06-07 00:00:00,CITYFLOW MUMBAI,,,MH04MH3736,27,4,70,98.04,6862.8,31920,31750,170,2.4285714285714284,42.5,27.5,2696.1000000000004,,,,,,,,
,1246,2026-06-07 00:00:00,CITYFLOW MUMBAI,,,MH04MH3740,27,4,140,98,13720,38562,38084,478,3.414285714285714,119.5,20.5,2009,,,,,,,,
,1247,2026-06-07 00:00:00,CITYFLOW MUMBAI,,,MH04MH3742,27,4,55,98,5390,36268,36051,217,3.9454545454545453,54.25,0.75,73.5,,,,,,,,
,1248,2026-06-07 00:00:00,CITYFLOW MUMBAI,,,MH04MH4081,27,4,85,98.04,8333.4,41268,41045,223,2.623529411764706,55.75,29.25,2867.67,,,,,,,,
,1249,2026-06-07 00:00:00,CITYFLOW MUMBAI,,,MH04MH4719,27,4,80,98.04,7843.200000000001,38271,37857,414,5.175,103.5,-23.5,-2303.94,,,,,,,,
,1250,2026-06-07 00:00:00,CITYFLOW MUMBAI,,,MH04MH4720,27,4,140,98,13720,32220,31782,438,3.1285714285714286,109.5,30.5,2989,,,,,,,,
,1251,2026-06-07 00:00:00,CITYFLOW MUMBAI,,,MH04MH4721,27,4,125,98,12250,33057,32547,510,4.08,127.5,-2.5,-245,,,,,,,,
,1252,2026-06-07 00:00:00,CITYFLOW MUMBAI,,,MH04MH4722,27,4,80,98.04,7843.200000000001,33615,33413,202,2.525,50.5,29.5,2892.1800000000003,,,,,,,,
,1253,2026-06-07 00:00:00,CITYFLOW MUMBAI,,,MH04MH4723,27,4,92.01,97.89,9006.858900000001,27313,26971,342,3.7169872839908704,85.5,6.510000000000005,637.2639000000005,,,,,,,,
,1254,2026-06-07 00:00:00,CITYFLOW MUMBAI,,,MH04MH4724,27,4,56.57,97.89,5537.6373,31088,30885,203,3.588474456425667,50.75,5.82,569.7198000000001,,,,,,,,
,1255,2026-06-07 00:00:00,CITYFLOW MUMBAI,,,MH04MH5108,27,4,110,98,10780,38780,38344,436,3.963636363636364,109,1,98,,,,,,,,
,1256,2026-06-07 00:00:00,CITYFLOW MUMBAI,,,MH04MH5287,27,4,60,98,5880,42689,42297,392,6.533333333333333,98,-38,-3724,,,,,,,,
,1257,2026-06-07 00:00:00,CITYFLOW MUMBAI,,,MH04MH5288,27,4,140,98,13720,28063,27543,520,3.7142857142857144,130,10,980,,,,,,,,
,1258,2026-06-07 00:00:00,CITYFLOW MUMBAI,,,MH04MH5376,27,4,135,98,13230,17069,16592,477,3.533333333333333,119.25,15.75,1543.5,,,,,,,,
,1259,2026-06-07 00:00:00,CITYFLOW MUMBAI,,,MH04MH5570,27,4,120,98,11760,25237,24824,413,3.441666666666667,103.25,16.75,1641.5,,,,,,,,
,1260,2026-06-07 00:00:00,CITYFLOW MUMBAI,,,MH04MH5572,27,4,100,98,9800,31231,30706,525,5.25,131.25,-31.25,-3062.5,,,,,,,,
,1261,2026-06-07 00:00:00,CITYFLOW MUMBAI,,,MH04MH5573,27,4,151,98,14798,32337,31746,591,3.9139072847682117,147.75,3.25,318.5,,,,,,,,
,1262,2026-06-07 00:00:00,CITYFLOW MUMBAI,,,MH04MH5664,27,4,170,98,16660,39236,38576,660,3.8823529411764706,165,5,490,,,,,,,,
,1263,2026-06-07 00:00:00,CITYFLOW MUMBAI,,,MH04MH5667,27,4,200,98,19600,34925,34318,607,3.035,151.75,48.25,4728.5,,,,,,,,
,1264,2026-06-07 00:00:00,CITYFLOW MUMBAI,,,MH04MH6301,27,4,220,98,21560,25115,24373,742,3.3727272727272726,185.5,34.5,3381,,,,,,,,
,1265,2026-06-07 00:00:00,CITYFLOW MUMBAI,,,MH04MH6306,27,4,135,98,13230,30756,30240,516,3.8222222222222224,129,6,588,,,,,,,,
,1266,2026-06-07 00:00:00,CITYFLOW MUMBAI,,,MH04MH6307,27,4,210,98,20580,36091,35385,706,3.361904761904762,176.5,33.5,3283,,,,,,,,
,1267,2026-06-07 00:00:00,CITYFLOW MUMBAI,,,MH04MH6308,27,4,80,98.04,7843.200000000001,32565,32372,193,2.4125,48.25,31.75,3112.77,,,,,,,,
,1268,2026-06-07 00:00:00,CITYFLOW MUMBAI,,,MH04MH6309,27,4,85,98.04,8333.4,31836,31436,400,4.705882352941177,100,-15,-1470.6000000000001,,,,,,,,
,1269,2026-06-07 00:00:00,CITYFLOW MUMBAI,,,MH04MH6311,27,4,85,98.04,8333.4,29057,28739,318,3.7411764705882353,79.5,5.5,539.22,,,,,,,,
,1270,2026-06-07 00:00:00,CITYFLOW MUMBAI,,,MH04MH6313,27,4,65,98,6370,47751,47552,199,3.0615384615384613,49.75,15.25,1494.5,,,,,,,,
,1271,2026-06-07 00:00:00,CITYFLOW MUMBAI,,,MH04MH6315,27,4,80,98.04,7843.200000000001,29267,29166,101,1.2625,25.25,54.75,5367.6900000000005,,,,,,,,
,1272,2026-06-07 00:00:00,CITYFLOW MUMBAI,,,MH04MH6655,27,4,165,98,16170,36982,36318,664,4.024242424242424,166,-1,-98,,,,,,,,
,1273,2026-06-07 00:00:00,CITYFLOW MUMBAI,,,MH04MR5861,40,3.7,140,98,13720,13615,13205,410,2.9285714285714284,110.8108108108108,29.189189189189193,2860.540540540541,,,,,,,,
,1274,2026-06-07 00:00:00,CITYFLOW MUMBAI,,,MH46DC5010,40,3.7,200,98,19600,4730,3881,849,4.245,229.45945945945945,-29.459459459459453,-2887.027027027026,,,,,,,,
,1275,2026-06-07 00:00:00,CITYFLOW MUMBAI,,,MH46DC5012,40,3.7,180,98,17640,3755,3208,547,3.0388888888888888,147.83783783783784,32.16216216216216,3151.8918918918916,,,,,,,,
,1276,2026-06-07 00:00:00,CITYFLOW MUMBAI,,,MH46DC5193,40,3.7,180,98,17640,5310,4775,535,2.9722222222222223,144.59459459459458,35.40540540540542,3469.729729729731,,,,,,,,
,1277,2026-06-07 00:00:00,CITYFLOW MUMBAI,,,MH46DC5195,40,3.7,191,98,18718,3548,3012,536,2.806282722513089,144.86486486486487,46.13513513513513,4521.243243243242,,,,,,,,
,1278,2026-06-07 00:00:00,CITYFLOW MUMBAI,,,MH46DC5196,40,3.7,220,98,21560,5698,5041,657,2.9863636363636363,177.56756756756755,42.43243243243245,4158.37837837838,,,,,,,,
,1279,2026-06-07 00:00:00,CITYFLOW MUMBAI,,,MH46DC5197,40,3.7,180,98,17640,5176,4415,761,4.227777777777778,205.67567567567568,-25.675675675675677,-2516.2162162162163,,,,,,,,
,1280,2026-06-07 00:00:00,CITYFLOW MUMBAI,,,MH46DC5198,40,3.7,260,98,25480,6897,5695,1202,4.623076923076923,324.86486486486484,-64.86486486486484,-6356.756756756755,,,,,,,,
,1281,2026-06-07 00:00:00,CITYFLOW MUMBAI,,,MH46DC5201,40,3.7,130,98,12740,6448,5897,551,4.2384615384615385,148.9189189189189,-18.918918918918905,-1854.0540540540528,,,,,,,,
,1282,2026-06-07 00:00:00,CITYFLOW MUMBAI,,,MH46DC5204,40,3.7,160,98,15680,3353,2932,421,2.63125,113.78378378378378,46.216216216216225,4529.18918918919,,,,,,,,
,1283,2026-06-07 00:00:00,CITYFLOW MUMBAI,,,MH46DC6068,40,3.7,195,98,19110,3713,3070,643,3.2974358974358973,173.78378378378378,21.216216216216225,2079.18918918919,,,,,,,,
,1284,2026-06-07 00:00:00,CITYFLOW MUMBAI,,,MH46DC6069,40,3.7,175,98,17150,2663,2155,508,2.902857142857143,137.2972972972973,37.70270270270271,3694.8648648648655,,,,,,,,
,1285,2026-06-07 00:00:00,CITYFLOW MUMBAI,,,MH46DC6073,40,3.7,170,98,16660,2133,1727,406,2.388235294117647,109.72972972972973,60.270270270270274,5906.486486486487,,,,,,,,
,1286,2026-06-07 00:00:00,CITYFLOW MUMBAI,,,MH46DC6074,40,3.7,150,98,14700,3298,2897,401,2.6733333333333333,108.37837837837837,41.62162162162163,4078.9189189189196,,,,,,,,
,1287,2026-06-07 00:00:00,CITYFLOW MUMBAI,,,MH46DC6075,40,3.7,170,98,16660,3793,3252,541,3.1823529411764704,146.2162162162162,23.783783783783804,2330.8108108108127,,,,,,,,
,1288,2026-06-07 00:00:00,CITYFLOW MUMBAI,,,MH46DC6076,40,3.7,155,98,15190,2178,1713,465,3,125.67567567567566,29.324324324324337,2873.783783783785,,,,,,,,
,1289,2026-06-07 00:00:00,CITYFLOW MUMBAI,,,MH46DC6167,40,3.7,150,98,14700,1780,1441,339,2.26,91.62162162162161,58.378378378378386,5721.081081081082,,,,,,,,
,1290,2026-06-07 00:00:00,CITYFLOW MUMBAI,,,MH46DC6332,40,3.7,150.66,98,14764.68,2121,1669,452,3.000132749236692,122.16216216216216,28.497837837837835,2792.7881081081077,,,,,,,,
,1291,2026-06-07 00:00:00,CITYFLOW MUMBAI,,,MH46DC6334,40,3.7,140,98,13720,2046,1634,412,2.942857142857143,111.35135135135134,28.64864864864866,2807.567567567569,,,,,,,,
,1292,2026-06-07 00:00:00,CITYFLOW MUMBAI,,,MH46DC6335,40,3.7,123,98,12054,1313,1002,311,2.5284552845528454,84.05405405405405,38.94594594594595,3816.7027027027034,,,,,,,,
,1293,2026-06-07 00:00:00,CITYFLOW MUMBAI,,,MH46DC6359,40,3.7,152,98,14896,1739,1266,473,3.111842105263158,127.83783783783784,24.16216216216216,2367.8918918918916,,,,,,,,
,1294,2026-06-07 00:00:00,LEAR-CHENNAI,,,TN87H2089,24,,65.87,100.03,6588.976100000001,42257,41720,537,8.152421436162136,#DIV/0!,#DIV/0!,#DIV/0!,,,,,,,,
,1295,2026-06-07 00:00:00,LEAR-CHENNAI,,,TN87H1931,32,,80.1,100.03,8012.402999999999,91377,90745,632,7.890137328339576,#DIV/0!,#DIV/0!,#DIV/0!,,,,,,,,
,1296,2026-06-07 00:00:00,LEAR-CHENNAI,,,TN87H2067,24,,83.48,100.03,8350.5044,72521,71899,622,7.450886439865836,#DIV/0!,#DIV/0!,#DIV/0!,,,,,,,,
,1297,2026-06-07 00:00:00,LEAR-CHENNAI,,,TN87H1975,32,,75.95,100.03,7597.2785,123734,123190,544,7.162606978275181,#DIV/0!,#DIV/0!,#DIV/0!,,,,,,,,
,1298,2026-06-07 00:00:00,LEAR-CHENNAI,,,TN87H2151,4,,37.49,108.23,4057.5427000000004,81764,81209,555,14.803947719391838,#DIV/0!,#DIV/0!,#DIV/0!,,,,,,,,
,1299,2026-06-07 00:00:00,LEAR-CHENNAI,,,TN87H2191,4,,27.37,108.23,2962.2551000000003,66204,65785,419,15.308732188527584,#DIV/0!,#DIV/0!,#DIV/0!,,,,,,,,
,1300,2026-06-07 00:00:00,LEAR-CHENNAI,,,TN87H2083,24,,78.42,100.03,7844.3526,150115,149438,677,8.633001785258863,#DIV/0!,#DIV/0!,#DIV/0!,,,,,,,,
,1301,2026-06-07 00:00:00,LEAR-CHENNAI,,,TN87H2075,24,,90.28,100.03,9030.7084,91081,90413,668,7.399202481169694,#DIV/0!,#DIV/0!,#DIV/0!,,,,,,,,
,1302,2026-06-07 00:00:00,LEAR-CHENNAI,,,TN87H2018,24,,80.83,100.03,8085.4249,82000,81398,602,7.447729803290858,#DIV/0!,#DIV/0!,#DIV/0!,,,,,,,,
,1303,2026-06-07 00:00:00,LEAR-CHENNAI,,,TN87H1962,32,,75.02,100.25,7520.754999999999,56678,56077,601,8.011197014129566,#DIV/0!,#DIV/0!,#DIV/0!,,,,,,,,
,1304,2026-06-07 00:00:00,LEAR-CHENNAI,,,TN87H1913,32,,80.35,100.03,8037.4105,129150,128551,599,7.454884878655881,#DIV/0!,#DIV/0!,#DIV/0!,,,,,,,,
,1305,2026-06-07 00:00:00,LEAR-CHENNAI,,,TN87H2065,24,,59.81,100.03,5982.7943000000005,33338,33005,333,5.567630830964721,#DIV/0!,#DIV/0!,#DIV/0!,,,,,,,,
,1306,2026-06-07 00:00:00,LEAR-CHENNAI,,,TN87H1971,32,,81.17,100.03,8119.435100000001,72556,71951,605,7.453492669705556,#DIV/0!,#DIV/0!,#DIV/0!,,,,,,,,
,1307,2026-06-07 00:00:00,LEAR-CHENNAI,,,TN87H1960,32,,58.25,100.03,5826.7475,51079,50747,332,5.6995708154506435,#DIV/0!,#DIV/0!,#DIV/0!,,,,,,,,
,1308,2026-06-07 00:00:00,TMBSL,JABBAR PUMP ,SHIVARAJ AND NINGARAJ GUTAL,KA25AB7988,55+1,4.5,98,98.63,9665.74,140552,140085,467,4.76530612244898,103.77777777777777,-5.7777777777777715,-569.8622222222216,,,,,,,,
,1309,2026-06-07 00:00:00,TMBSL,JABBAR PUMP ,UMESH M AND AKASH ,KA25AB7980,40+1,5.5,90,98.63,8876.699999999999,117898,117416,482,5.355555555555555,87.63636363636364,2.3636363636363598,233.12545454545415,,,,,,,,
,1310,2026-06-08 00:00:00,CITY FLOW PUNE,HPCL,,MH14MT2472,26,4,75,98.19,7364.25,7632,7382,250,3.3333333333333335,62.5,12.5,1227.375,,,,,,,,
509/8-6-26,1311,2026-06-08 00:00:00,TML-VENDER,JAYHIND,BORASE,MH14KQ9520,40,5.5,50.18,98.21,4928.1777999999995,0,0,0,0,0,50.18,4928.1777999999995,,,,,,,,
509/8-6-26,1312,2026-06-08 00:00:00,TML-VENDER,JAYHIND,BORASE,MH14KA9520,40,5.5,91.33,98.21,8969.5193,0,0,0,0,0,91.33,8969.5193,,,,,,,,
509/8-6-26,1313,2026-06-08 00:00:00,TML-VENDER,JAYHIND,BORASE,MH14KA9502,40,5.5,101.48,98.21,9966.3508,0,0,0,0,0,101.48,9966.3508,,,,,,,,
509/8-6-26,1314,2026-06-08 00:00:00,BA-VENDER,JAYHIND,VAIBHAV KAWADE,MH14LX8792,17,10,55.1,98.21,5411.371,0,0,0,0,0,55.1,5411.371,,,,,,,,
509/8-6-26,1315,2026-06-08 00:00:00,JCB,JAYHIND,MANOJ KAMBLE,MH14LL4153,30,6,60,98.21,5892.599999999999,153907,153552,355,5.916666666666667,59.166666666666664,0.8333333333333357,81.8416666666669,,,,,,,,
509/8-6-26,1316,2026-06-08 00:00:00,JCB,JAYHIND,AYUB PATHAN,MH14LL4157,30,6,55,98.21,5401.549999999999,141048,140778,270,4.909090909090909,45,10,982.0999999999999,,,,,,,,
509/8-6-26,1317,2026-06-08 00:00:00,BA-VENDER,JAYHIND,ABHAY HANDE,MH14LL1494,17,10,19.42,98.21,1907.2382,0,0,0,0,0,19.42,1907.2382,,,,,,,,
509/8-6-26,1318,2026-06-08 00:00:00,BC,JAYHIND,SOURABHV BOABADE,MH14LB3989,50,4,61.31,98.21,6021.255099999999,97581,97464,117,1.9083346925460773,29.25,32.06,3148.6126,,,,,,,,
509/8-6-26,1319,2026-06-08 00:00:00,JCB,JAYHIND,SACHIN WAGHMARE,MH14LL4187,30,6,85,98.21,8347.85,131195,130965,230,2.7058823529411766,38.333333333333336,46.666666666666664,4583.133333333333,,,,,,,,
509/8-6-26,1320,2026-06-08 00:00:00,BC,JAYHIND,YOGESH GAWANDE,MH14LB4534,50,4,63.03,98.21,6190.1763,72946,72643,303,4.8072346501665875,75.75,-12.719999999999999,-1249.2311999999997,,,,,,,,
509/8-6-26,1321,2026-06-08 00:00:00,BA-VENDER,JAYHIND,DEVDAS DEKHANE,MH12WR1918,17,10,31.28,98.21,3072.0088,0,0,0,0,0,31.28,3072.0088,,,,,,,,
509/8-6-26,1322,2026-06-08 00:00:00,BA-VENDER,JAYHIND,DATTA DOMBLE,MH14LB2783,36,6,30.53,98.21,2998.3513,0,0,0,0,0,30.53,2998.3513,,,,,,,,
509/8-6-26,1323,2026-06-08 00:00:00,BC,JAYHIND,DANAJI SAKUNDE,MH14LB3846,32,6,56,98.21,5499.759999999999,109697,109328,369,6.589285714285714,61.5,-5.5,-540.155,,,,,,,,
509/8-6-26,1324,2026-06-08 00:00:00,BA-VENDER,JAYHIND,SITARAM POL,MH14LB5428,18,12,27.06,98.21,2657.5625999999997,0,0,0,0,0,27.06,2657.5625999999997,,,,,,,,
509/8-6-26,1325,2026-06-08 00:00:00,KB-VENDER,JAYHIND,,MH12ZE0337,,,50.52,98.21,4961.5692,0,0,0,0,#DIV/0!,#DIV/0!,#DIV/0!,,,,,,,,
509/8-6-26,1326,2026-06-08 00:00:00,KB-VENDER,JAYHIND,,MH12ZE6744,,,152,98.21,14927.919999999998,0,0,0,0,#DIV/0!,#DIV/0!,#DIV/0!,,,,,,,,
509/8-6-26,1327,2026-06-08 00:00:00,TML,JAYHIND,,MH14CW4802,41,5.3,90,98.21,8838.9,482198,481765,433,4.811111111111111,81.69811320754717,8.301886792452834,815.3283018867927,,,,,,,,
509/8-6-26,1328,2026-06-08 00:00:00,BC,JAYHIND,ANKIT KAKODIYA,MH14LB3845,32,6,55,98.21,5401.549999999999,93765,93436,329,5.9818181818181815,54.833333333333336,0.1666666666666643,16.3683333333331,,,,,,,,
509/8-6-26,1329,2026-06-08 00:00:00,,JAYHIND,,MH14GD4456,40,5.5,200,98.21,19642,356776,356200,576,2.88,104.72727272727273,95.27272727272727,9356.734545454545,,,,,,,,
509/8-6-26,1330,2026-06-08 00:00:00,KB-VENDER,JAYHIND,,MH14WX3358,,,77.56,98.21,7617.1676,0,0,0,0,#DIV/0!,#DIV/0!,#DIV/0!,,,,,,,,
509/8-6-26,1331,2026-06-08 00:00:00,KWT,JAYHIND,ARUN,MH14HG6857,17,10,33.31,98.21,3271.3751,353711,353358,353,10.597418192734914,35.3,-1.9899999999999949,-195.43789999999947,,,,,,,,
6459,1332,2026-06-08 00:00:00,VW,YES,,MH14KA2557,40,5.5,80,98.41,7872.799999999999,210491,210095,396,4.95,72,8,787.28,,,,,,,,
6459,1333,2026-06-08 00:00:00,VW,YES,,MH14KA2561,40,5.5,50,98.41,4920.5,237744,237548,196,3.92,35.63636363636363,14.363636363636367,1413.5254545454547,,,,,,,,
6459,1334,2026-06-08 00:00:00,VW,YES,,MH14KA1882,40,5.5,50,98.41,4920.5,165045,164786,259,5.18,47.09090909090909,2.9090909090909065,286.2836363636361,,,,,,,,
6459,1335,2026-06-08 00:00:00,VW,YES,,MH14KA1744,40,5.5,60,98.41,5904.599999999999,165999,165701,298,4.966666666666667,54.18181818181818,5.81818181818182,572.5672727272729,,,,,,,,
6459,1336,2026-06-08 00:00:00,VW,YES,,MH14KA1898,40,5.5,60,98.41,5904.599999999999,168066,167779,287,4.783333333333333,52.18181818181818,7.81818181818182,769.387272727273,,,,,,,,
6459,1337,2026-06-08 00:00:00,VW,YES,,MH14KA1737,40,5.5,50,98.41,4920.5,163471,163201,270,5.4,49.09090909090909,0.9090909090909065,89.46363636363611,,,,,,,,
6459,1338,2026-06-08 00:00:00,VW,YES,,MH14KA1902,40,5.5,100,98.41,9841,168966,168292,674,6.74,122.54545454545455,-22.545454545454547,-2218.698181818182,,,,,,,,
6459,1339,2026-06-08 00:00:00,VW,YES,,MH14KA1915,40,5.5,60,98.41,5904.599999999999,258758,258460,298,4.966666666666667,54.18181818181818,5.81818181818182,572.5672727272729,,,,,,,,
6459,1340,2026-06-08 00:00:00,VW,YES,,MH14KA1880,40,5.5,60,98.41,5904.599999999999,219083,218414,669,11.15,121.63636363636364,-61.63636363636364,-6065.634545454545,,,,,,,,
6459,1341,2026-06-08 00:00:00,VW,YES,,MH14KA2923,40,5.5,70,98.41,6888.7,161416,160854,562,8.028571428571428,102.18181818181819,-32.18181818181819,-3167.0127272727277,,,,,,,,
6459,1342,2026-06-08 00:00:00,VW,YES,,MH14KA1913,40,5.5,90,98.41,8856.9,296339,295891,448,4.977777777777778,81.45454545454545,8.545454545454547,840.958181818182,,,,,,,,
6459,1343,2026-06-08 00:00:00,VW,YES,,MH14KA1912,40,5.5,70,98.41,6888.7,222409,222012,397,5.671428571428572,72.18181818181819,-2.181818181818187,-214.71272727272776,,,,,,,,
6459,1344,2026-06-08 00:00:00,VW,YES,,MH14KA2815,40,5.5,50,98.41,4920.5,194376,194195,181,3.62,32.90909090909091,17.090909090909093,1681.916363636364,,,,,,,,
6459,1345,2026-06-08 00:00:00,VW,YES,,MH14KA2817,40,5.5,65,98.41,6396.65,151364,151005,359,5.523076923076923,65.27272727272727,-0.27272727272726627,-26.839090909090274,,,,,,,,
6459,1346,2026-06-08 00:00:00,VW,YES,,MH14KA1916,40,5.5,50,98.41,4920.5,137095,136714,381,7.62,69.27272727272727,-19.272727272727266,-1896.62909090909,,,,,,,,
6459,1347,2026-06-08 00:00:00,VW,YES,,MH14KA1910,40,5.5,90,98.41,8856.9,155818,155294,524,5.822222222222222,95.27272727272727,-5.272727272727266,-518.8890909090902,,,,,,,,
6459,1348,2026-06-08 00:00:00,VW,YES,,MH14KA1764,40,5.5,70,98.41,6888.7,147776,147472,304,4.3428571428571425,55.27272727272727,14.727272727272727,1449.310909090909,,,,,,,,
6459,1349,2026-06-08 00:00:00,VW,YES,,MH14KA2569,40,5.5,100,98.41,9841,168452,168026,426,4.26,77.45454545454545,22.545454545454547,2218.698181818182,,,,,,,,
6459,1350,2026-06-08 00:00:00,VW,YES,,MH14KA2554,40,5.5,80,98.41,7872.799999999999,176427,175850,577,7.2125,104.9090909090909,-24.909090909090907,-2451.303636363636,,,,,,,,
6459,1351,2026-06-08 00:00:00,VW,YES,,MH14KA2463,40,5.5,80,98.41,7872.799999999999,137742,137258,484,6.05,88,-8,-787.28,,,,,,,,
6459,1352,2026-06-08 00:00:00,VW,YES,,MH14KA3312,20,8,40,98.41,3936.3999999999996,228400,227912,488,12.2,61,-21,-2066.61,,,,,,,,
6459,1353,2026-06-08 00:00:00,VW,YES,,MH14KA2563,40,5.5,40,98.41,3936.3999999999996,137024,136789,235,5.875,42.72727272727273,-2.7272727272727266,-268.390909090909,,,,,,,,
6459,1354,2026-06-08 00:00:00,VW,YES,,MH14KA2570,40,5.5,100,98.41,9841,179125,178573,552,5.52,100.36363636363636,-0.36363636363635976,-35.785454545454165,,,,,,,,
6459,1355,2026-06-08 00:00:00,BC,YES,,MH14LB3849,40,5.5,50,98.41,4920.5,97731,97178,553,11.06,100.54545454545455,-50.54545454545455,-4974.178181818182,,,,,,,,
6459,1356,2026-06-08 00:00:00,LEAR-CHAKAN,YES,AMOL PATIL,MH14LB5925,18,12,15,98.41,1476.1499999999999,130519,130341,178,11.866666666666667,14.833333333333334,0.16666666666666607,16.401666666666607,,,,,,,,
6459,1357,2026-06-08 00:00:00,LEAR-CHAKAN,YES,SACHIN,MH14LB5914,18,12,20,98.41,1968.1999999999998,193261,192913,348,17.4,29,-9,-885.6899999999999,,,,,,,,
6459,1358,2026-06-08 00:00:00,LEAR-CHAKAN,YES,,MH14LB5922,18,12,30,98.41,2952.2999999999997,140147,139879,268,8.933333333333334,22.333333333333332,7.666666666666668,754.4766666666668,,,,,,,,
6459,1359,2026-06-08 00:00:00,LEAR-CHAKAN,YES,,MH14LB6214,25,7,30,98.41,2952.2999999999997,200299,199878,421,14.033333333333333,60.142857142857146,-30.142857142857146,-2966.358571428572,,,,,,,,
6459,1360,2026-06-08 00:00:00,BC,YES,RAJ KAMBLE,MH14LB4535,50,3.5,60,98.41,5904.599999999999,111157,110864,293,4.883333333333334,83.71428571428571,-23.714285714285708,-2333.7228571428564,,,,,,,,
6459,1361,2026-06-08 00:00:00,BC-VENDER,YES,Sudhakar Sharad Daptare,MH14KQ5693,20,10,34,98.41,3345.94,0,0,0,0,0,34,3345.94,,,,,,,,
6459,1362,2026-06-08 00:00:00,LEAR-CHAKAN,YES,,MH14LB5917,18,12,15,98.41,1476.1499999999999,152528,152182,346,23.066666666666666,28.833333333333332,-13.833333333333332,-1361.3383333333331,,,,,,,,
6459,1363,2026-06-08 00:00:00,VW,YES,,MH14KA2810,40,5.5,40,98.41,3936.3999999999996,168665,168472,193,4.825,35.09090909090909,4.9090909090909065,483.1036363636361,,,,,,,,
6459,1364,2026-06-08 00:00:00,VW,YES,,MH14KA2809,40,5.5,60,98.41,5904.599999999999,150084,149722,362,6.033333333333333,65.81818181818181,-5.818181818181813,-572.5672727272722,,,,,,,,
6459,1365,2026-06-08 00:00:00,VW,YES,,MH14KA2467,40,5.5,50,98.41,4920.5,150385,150086,299,5.98,54.36363636363637,-4.363636363636367,-429.42545454545484,,,,,,,,
6459,1366,2026-06-08 00:00:00,VW,YES,,MH14KA3311,20,8,30,98.41,2952.2999999999997,166654,166432,222,7.4,27.75,2.25,221.42249999999999,,,,,,,,
6459,1367,2026-06-08 00:00:00,VW,YES,,MH14KA2811,40,5.5,50,98.41,4920.5,188499,188247,252,5.04,45.81818181818182,4.18181818181818,411.5327272727271,,,,,,,,
6459,1368,2026-06-08 00:00:00,VW,YES,,MH14KA2469,40,5.5,40,98.41,3936.3999999999996,140816,140596,220,5.5,40,0,0,,,,,,,,
6459,1369,2026-06-08 00:00:00,VW,YES,,MH14KA1765,40,5.5,60,98.41,5904.599999999999,158708,158387,321,5.35,58.36363636363637,1.6363636363636331,161.03454545454514,,,,,,,,
6459,1370,2026-06-08 00:00:00,VW,YES,,MH14KA1894,40,5.5,70,98.41,6888.7,132703,132421,282,4.0285714285714285,51.27272727272727,18.727272727272727,1842.950909090909,,,,,,,,
6459,1371,2026-06-08 00:00:00,VW,YES,,MH14KA2556,40,5.5,50,98.41,4920.5,163245,163007,238,4.76,43.27272727272727,6.727272727272727,662.030909090909,,,,,,,,
6459,1372,2026-06-08 00:00:00,VW,YES,,MH14KA2560,40,5.5,40,98.41,3936.3999999999996,180003,179776,227,5.675,41.27272727272727,-1.2727272727272734,-125.24909090909097,,,,,,,,
6459,1373,2026-06-08 00:00:00,VW,YES,,MH14KA2731,40,5.5,70,98.41,6888.7,175046,174671,375,5.357142857142857,68.18181818181819,1.818181818181813,178.92727272727222,,,,,,,,
6459,1374,2026-06-08 00:00:00,VW,YES,,MH14KA1909,40,5.5,70,98.41,6888.7,154122,153739,383,5.4714285714285715,69.63636363636364,0.36363636363635976,35.785454545454165,,,,,,,,
6459,1375,2026-06-08 00:00:00,VW,YES,,MH14KA2814,40,5.5,50,98.41,4920.5,158323,158087,236,4.72,42.90909090909091,7.0909090909090935,697.8163636363639,,,,,,,,
6459,1376,2026-06-08 00:00:00,VW,YES,,MH14KA2558,40,5.5,40,98.41,3936.3999999999996,219170,218761,409,10.225,74.36363636363636,-34.36363636363636,-3381.725454545454,,,,,,,,
6459,1377,2026-06-08 00:00:00,VW,YES,,MH14KQ1004,40,5.5,100,98.41,9841,84350,84028,322,3.22,58.54545454545455,41.45454545454545,4079.5418181818177,,,,,,,,
6459,1378,2026-06-08 00:00:00,VW,YES,,MH14KA1890,40,5.5,30,98.41,2952.2999999999997,120995,120880,115,3.8333333333333335,20.90909090909091,9.09090909090909,894.6363636363635,,,,,,,,
6459,1379,2026-06-08 00:00:00,VW,YES,,MH14KA1897,40,5.5,60,98.41,5904.599999999999,215394,215362,32,0.5333333333333333,5.818181818181818,54.18181818181818,5332.032727272727,,,,,,,,
6459,1380,2026-06-08 00:00:00,VW,YES,,MH14KA2935,40,5.5,60,98.41,5904.599999999999,152449,152129,320,5.333333333333333,58.18181818181818,1.8181818181818201,178.9272727272729,,,,,,,,
6459,1381,2026-06-08 00:00:00,VW,YES,,MH14KA1895,40,5.5,50,98.41,4920.5,174634,174185,449,8.98,81.63636363636364,-31.63636363636364,-3113.3345454545456,,,,,,,,
6459,1382,2026-06-08 00:00:00,BC-VENDER,YES,,MH14HG3816,,,40,98.41,3936.3999999999996,0,0,0,0,#DIV/0!,#DIV/0!,#DIV/0!,,,,,,,,
359,1383,2026-06-08 00:00:00,KB-VENDER,YES,AYUB JAMADAR,MH14HU5220,40,5.5,104,98.41,10234.64,0,0,0,0,0,104,10234.64,,,,,,,,
359,1384,2026-06-08 00:00:00,TML,YES,AMOL,MH14CW3581,36,5.5,80,98.41,7872.799999999999,83860,83407,453,5.6625,82.36363636363636,-2.3636363636363598,-232.60545454545417,,,,,,,,
359,1385,2026-06-08 00:00:00,KB,YES,AMOL BANSODE,MH14GD4458,49,4,170,98.41,16729.7,452753,452181,572,3.364705882352941,143,27,2657.0699999999997,,,,,,,,
359,1386,2026-06-08 00:00:00,TML,YES,RAMDAS MARANE,MH14CW4822,41,5.5,50,98.41,4920.5,482672,482260,412,8.24,74.9090909090909,-24.909090909090907,-2451.303636363636,,,,,,,,
359,1387,2026-06-08 00:00:00,TML,YES,,MH14CW3260,36,5,106,98.41,10431.46,433861,433475,386,3.641509433962264,77.2,28.799999999999997,2834.2079999999996,,,,,,,,
359,1388,2026-06-08 00:00:00,TML,YES,BALAJI JOGE,MH14CW4611,40,5.5,102,98.41,10037.82,445012,444479,533,5.2254901960784315,96.9090909090909,5.0909090909090935,500.99636363636387,,,,,,,,
359,1389,2026-06-08 00:00:00,KB,YES,,MH14MT2842,40,5.5,97,98.41,9545.77,33943,33570,373,3.845360824742268,67.81818181818181,29.181818181818187,2871.7827272727277,,,,,,,,
359,1390,2026-06-08 00:00:00,TML-VENDER,YES,,MH14MH2897,40,5.5,71,98.41,6987.11,0,0,0,0,0,71,6987.11,,,,,,,,
359,1391,2026-06-08 00:00:00,KB,YES,,MH14CW4614,40,5.5,126,98.41,12399.66,283253,282751,502,3.984126984126984,91.27272727272727,34.727272727272734,3417.5109090909095,,,,,,,,
359,1392,2026-06-08 00:00:00,TML,YES,SATISH PADWAL,MH14CW2904,36,5.5,100,98.41,9841,398522,398063,459,4.59,83.45454545454545,16.545454545454547,1628.2381818181818,,,,,,,,
359,1393,2026-06-08 00:00:00,KB,YES,AMOL PAIK,MH14CW3580,36,5.5,100,98.41,9841,364242,363724,518,5.18,94.18181818181819,5.818181818181813,572.5672727272722,,,,,,,,
359,1394,2026-06-08 00:00:00,KB,YES,,MH14CW4381,37,5,100,98.41,9841,136300,135787,513,5.13,102.6,-2.5999999999999943,-255.86599999999945,,,,,,,,
359,1395,2026-06-08 00:00:00,TML,YES,KISHOR SHINDE,MH14CW4823,40,5.3,81,98.41,7971.21,559003,558541,462,5.703703703703703,87.16981132075472,-6.169811320754718,-607.1711320754717,,,,,,,,
359,1396,2026-06-08 00:00:00,TML,YES,GANSHAM RAM,MH14CW4610,40,5.5,60,98.41,5904.599999999999,396805,396458,347,5.783333333333333,63.09090909090909,-3.0909090909090935,-304.1763636363639,,,,,,,,
359,1397,2026-06-08 00:00:00,TML,YES,DILIP BARKAMBE,MH14CW4815,41,5,80,98.41,7872.799999999999,502548,502149,399,4.9875,79.8,0.20000000000000284,19.68200000000028,,,,,,,,
359,1398,2026-06-08 00:00:00,TML,YES,DANRAJ KOLI,MH14CW2905,36,5.5,85,98.41,8364.85,554705,554214,491,5.776470588235294,89.27272727272727,-4.272727272727266,-420.47909090909025,,,,,,,,
359,1399,2026-06-08 00:00:00,KB,YES,DHARMA LOKHANDE,MH14HG9380,33,6,65,98.41,6396.65,288881,288612,269,4.138461538461539,44.833333333333336,20.166666666666664,1984.6016666666665,,,,,,,,
359,1400,2026-06-08 00:00:00,TML,YES,MALLIKARJUN BODALE,MH12KQ0265,44,3.5,140,98.41,13777.4,442119,441529,590,4.214285714285714,168.57142857142858,-28.571428571428584,-2811.7142857142867,,,,,,,,
359,1401,2026-06-08 00:00:00,TML,YES,,MH14CW2897,36,5.5,130,98.41,12793.3,387319,386580,739,5.684615384615385,134.36363636363637,-4.363636363636374,-429.4254545454555,,,,,,,,
359,1402,2026-06-08 00:00:00,TML,YES,SHIVAJI SAWANT,MH14CW4852,39,4.5,60,98.41,5904.599999999999,87820,87553,267,4.45,59.333333333333336,0.6666666666666643,65.60666666666643,,,,,,,,
359,1403,2026-06-08 00:00:00,TML,YES,,MH14CW3867,,,40,98.41,3936.3999999999996,100603,100404,199,4.975,#DIV/0!,#DIV/0!,#DIV/0!,,,,,,,,
359,1404,2026-06-08 00:00:00,TML,YES,DHIRAJ NAIK,MH14CW4812,41,5.5,90,98.41,8856.9,562196,561775,421,4.677777777777778,76.54545454545455,13.454545454545453,1324.061818181818,,,,,,,,
359,1405,2026-06-08 00:00:00,TML,YES,SOMNATH KALE,MH14CW2902,36,5.5,80,98.41,7872.799999999999,394972,394401,571,7.1375,103.81818181818181,-23.818181818181813,-2343.9472727272723,,,,,,,,
359,1406,2026-06-08 00:00:00,LEAR-BHOSARI,YES,TEJAS,MH14LB6269,18,12,54,98.41,5314.139999999999,53500,53006,494,9.148148148148149,41.166666666666664,12.833333333333336,1262.9283333333335,,,,,,,,
359,1407,2026-06-08 00:00:00,TML,YES,SACHIN GAIKWAD,MH14CW4377,37,5,50,98.41,4920.5,224804,224433,371,7.42,74.2,-24.200000000000003,-2381.5220000000004,,,,,,,,
359,1408,2026-06-08 00:00:00,TML,YES,LAXMAN MAHARAJ,MH14CW3266,36,5,70,98.41,6888.7,171358,170880,478,6.828571428571428,95.6,-25.599999999999994,-2519.2959999999994,,,,,,,,
359,1409,2026-06-08 00:00:00,KB,YES,,MH14HG5612,28,6,70,98.41,6888.7,412915,412560,355,5.071428571428571,59.166666666666664,10.833333333333336,1066.1083333333336,,,,,,,,
359,1410,2026-06-08 00:00:00,LEAR-BHOSARI,YES,NIMBHALKAR,MH14LB6092,18,12,48,98.41,4723.68,48263,47850,413,8.604166666666666,34.416666666666664,13.583333333333336,1336.7358333333336,,,,,,,,
359,1411,2026-06-08 00:00:00,KB-VENDER,YES,AYUB JAMADAR,MH14LX5220,40,5.5,96,98.41,9447.36,0,0,0,0,0,96,9447.36,,,,,,,,
359,1412,2026-06-08 00:00:00,KB,YES,HANUMTRAO,MH14HG5615,28,6,70,98.41,6888.7,310408,310058,350,5,58.333333333333336,11.666666666666664,1148.1166666666663,,,,,,,,
359,1413,2026-06-08 00:00:00,LEAR-BHOSARI,YES,AKBAR SHAIKH,MH14LB5815,18,12,50,98.41,4920.5,46017,45561,456,9.12,38,12,1180.92,,,,,,,,
359,1414,2026-06-08 00:00:00,LEAR-BHOSARI,YES,APPA,MH14LB6095,18,12,55,98.41,5412.55,49001,48758,243,4.418181818181818,20.25,34.75,3419.7475,,,,,,,,
359,1415,2026-06-08 00:00:00,TML,YES,,MH14CW4806,41,5.5,116,98.41,11415.56,404348,404248,100,0.8620689655172413,18.181818181818183,97.81818181818181,9626.287272727272,,,,,,,,
359,1416,2026-06-08 00:00:00,TML,YES,SACHIN KAMBLE,MH14CW3584,36,5.5,80,98.41,7872.799999999999,506072,505780,292,3.65,53.09090909090909,26.909090909090907,2648.123636363636,,,,,,,,
359,1417,2026-06-08 00:00:00,TML,YES,RANGNATH,MH14CW4612,40,5.5,85,98.41,8364.85,261094,260690,404,4.752941176470588,73.45454545454545,11.545454545454547,1136.1881818181819,,,,,,,,
359,1418,2026-06-08 00:00:00,KB,YES,SHIVANCHAL,MH14HG5614,28,6,104,98.41,10234.64,379288,378998,290,2.7884615384615383,48.333333333333336,55.666666666666664,5478.156666666666,,,,,,,,
359,1419,2026-06-08 00:00:00,KB,YES,KESHV PAWADE,MH14GD4460,49,4,123,98.41,12104.43,471414,470973,441,3.5853658536585367,110.25,12.75,1254.7275,,,,,,,,
359,1420,2026-06-08 00:00:00,KB-VENDER,YES,,MH14NE4959,,,115,98.41,11317.15,0,0,0,0,#DIV/0!,#DIV/0!,#DIV/0!,,,,,,,,
359,1421,2026-06-08 00:00:00,KB-VENDER,YES,AYUB JAMADAR,MH14KQ5220,40,5.5,73,98.41,7183.929999999999,0,0,0,0,0,73,7183.929999999999,,,,,,,,
,1422,2026-06-08 00:00:00,JCB,BPCL,BADE,MH14LL4191,30,6,80,98.39,7871.2,104702,104357,345,4.3125,57.5,22.5,2213.775,,,,,,,,
2318/10-6-26,1423,2026-06-08 00:00:00,JCB,SAIEE,ASHOK SUKALE,MH14LL4130,30,6,102,98.59,10056.18,105354,105120,234,2.2941176470588234,39,63,6211.17,,,,,,,,
2318/10-6-26,1424,2026-06-08 00:00:00,JCB,SAIEE,CHANDRSHING WAGH,MH14LL4156,30,6,70,98.59,6901.3,158730,158240,490,7,81.66666666666667,-11.666666666666671,-1150.2166666666672,,,,,,,,
2318/10-6-26,1425,2026-06-08 00:00:00,HYUNDAI,SAIEE,PRASHANT PARGE,MH14LL6274,41,5.5,107,98.59,10549.130000000001,76086,75499,587,5.485981308411215,106.72727272727273,0.27272727272726627,26.88818181818118,,,,,,,,
2318/10-6-26,1426,2026-06-08 00:00:00,JCB,SAIEE,VIKAS CHAVAN,MH14LL4132,30,6,86.54,98.59,8531.9786,81855,81368,487,5.62745551190201,81.16666666666667,5.373333333333335,529.7569333333334,,,,,,,,
2318/10-6-26,1427,2026-06-08 00:00:00,JCB,SAIEE,SHANKAR JANORKAR,MH14LX2753,40,5.5,132,98.59,13013.880000000001,63830,63096,734,5.5606060606060606,133.45454545454547,-1.4545454545454675,-143.40363636363764,,,,,,,,
2318/10-6-26,1428,2026-06-08 00:00:00,JCB,SAIEE,KETAN POTE,MH14LL4137,30,6,56,98.59,5521.04,90542,90323,219,3.9107142857142856,36.5,19.5,1922.505,,,,,,,,
2318/10-6-26,1429,2026-06-08 00:00:00,ADMIN,SAIEE,BADADE/ SALVE/KAMBLE,MH14DM8003,6,12,41.01,98.59,4043.1758999999997,292759,292440,319,7.778590587661546,26.583333333333332,14.426666666666666,1422.3250666666665,,,,,,,,
2318/10-6-26,1430,2026-06-08 00:00:00,LEAR-CHAKAN,SAIEE,,MH14LB3844,32,6,61.01,98.59,6014.9759,95992,95624,368,6.031798065890838,61.333333333333336,-0.3233333333333377,-31.877433333333766,,,,,,,,
2318/10-6-26,1431,2026-06-08 00:00:00,JCB-VENDOR,SAIEE,,MH12YB9901,,,40.59,98.59,4001.7681000000007,0,0,0,0,#DIV/0!,#DIV/0!,#DIV/0!,,,,,,,,
2318/10-6-26,1432,2026-06-08 00:00:00,JCB-VENDOR,SAIEE,,MH14LL4301,,,41.06,98.59,4048.1054000000004,0,0,0,0,#DIV/0!,#DIV/0!,#DIV/0!,,,,,,,,
2318/10-6-26,1433,2026-06-08 00:00:00,JCB,SAIEE,,MH14LL4138,30,6,77,98.59,7591.43,161167,160743,424,5.5064935064935066,70.66666666666667,6.333333333333329,624.4033333333329,,,,,,,,
2318/10-6-26,1434,2026-06-08 00:00:00,JCB,SAIEE,SUNIL BARMUKH,MH14LL4209,30,6,96,98.59,9464.64,78497,77919,578,6.020833333333333,96.33333333333333,-0.3333333333333286,-32.86333333333287,,,,,,,,
2318/10-6-26,1435,2026-06-08 00:00:00,JCB,SAIEE,SHIDESHWAR KORE,MH14LL4183,30,6,56,98.59,5521.04,92204,91895,309,5.517857142857143,51.5,4.5,443.65500000000003,,,,,,,,
2318/10-6-26,1436,2026-06-08 00:00:00,JCB,SAIEE,SACHIN RAUT,MH14LL4205,18,10,52,98.59,5126.68,189914,189444,470,9.038461538461538,47,5,492.95000000000005,,,,,,,,
2318/10-6-26,1437,2026-06-08 00:00:00,JCB,SAIEE,SWAPNIL BORATE,MH14MT5755,17,10,38.23,98.59,3769.0957,0,0,0,0,0,38.23,3769.0957,,,,,,,,
2318/10-6-26,1438,2026-06-08 00:00:00,JCB,SAIEE,BALAJI RAWALE,MH14LL4199,18,10,41,98.59,4042.19,174926,174557,369,9,36.9,4.100000000000001,404.21900000000016,,,,,,,,
2318/10-6-26,1439,2026-06-08 00:00:00,JCB-VENDOR,SAIEE,VENDOR,MH14HG7555,17,10,45.9,98.59,4525.281,0,0,0,0,0,45.9,4525.281,,,,,,,,
2318/10-6-26,1440,2026-06-08 00:00:00,JCB,SAIEE,YOURAJ WAGH,MH14LL4179,30,6,124,98.59,12225.16,108524,107781,743,5.991935483870968,123.83333333333333,0.1666666666666714,16.431666666667134,,,,,,,,
2318/10-6-26,1441,2026-06-08 00:00:00,JCB,SAIEE,DATTATRAY BIDAVE,MH14LL4128,30,6,131,98.59,12915.29,87210,86422,788,6.015267175572519,131.33333333333334,-0.3333333333333428,-32.86333333333427,,,,,,,,
2318/10-6-26,1442,2026-06-08 00:00:00,MITSUBISHI,SAIEE,AMIT KAMBLE,MH14LB2875,18,10,53,98.59,5225.27,112662,112162,500,9.433962264150944,50,3,295.77,,,,,,,,
2318/10-6-26,1443,2026-06-08 00:00:00,MITSUBISHI,SAIEE,RAMDAS DATE,MH14LB2872,33,6,68.22,98.59,6725.8098,71689,71593,96,1.4072119613016711,16,52.22,5148.3698,,,,,,,,
2318/10-6-26,1444,2026-06-08 00:00:00,MITSUBISHI,SAIEE,,MH14LB2876,18,10,41,98.59,4042.19,100585,100212,373,9.097560975609756,37.3,3.700000000000003,364.7830000000003,,,,,,,,
2318/10-6-26,1445,2026-06-08 00:00:00,BA-VENDER,SAIEE,DATTA DOMBLE,MH14LB2873,36,6,76.58,98.59,7550.0222,0,0,0,0,0,76.58,7550.0222,,,,,,,,
2318/10-6-26,1446,2026-06-08 00:00:00,JCB,SAIEE,GAJANAN MARSHETTI,MH14LL4197,18,10,44,98.59,4337.96,105449,105055,394,8.954545454545455,39.4,4.600000000000001,453.5140000000002,,,,,,,,
2318/10-6-26,1447,2026-06-08 00:00:00,HYUNDAI,SAIEE,NAVNATH BHANUSE,MH14LL6272,41,5.5,153,98.59,15084.27,80058,79214,844,5.516339869281046,153.45454545454547,-0.45454545454546746,-44.81363636363764,,,,,,,,
2318/10-6-26,1448,2026-06-08 00:00:00,JCB,SAIEE,DATTA RAUT,MH14LL4121,30,6,80,98.59,7887.200000000001,145862,145685,177,2.2125,29.5,50.5,4978.795,,,,,,,,
2318/10-6-26,1449,2026-06-08 00:00:00,JCB,SAIEE,FALKE,MH14LL4149,30,6,110,98.59,10844.9,145423,144836,587,5.336363636363636,97.83333333333333,12.166666666666671,1199.5116666666672,,,,,,,,
2318/10-6-26,1450,2026-06-08 00:00:00,JCB,SAIEE,HANUMANT GHOLAP,MH14LL4135,30,6,86,98.59,8478.74,128452,127975,477,5.546511627906977,79.5,6.5,640.835,,,,,,,,
,1451,2026-06-08 00:00:00,KB,IOCL,TEJAS UNDRE,MH14MT2840,40,5.5,96,98.15,9422.400000000001,38807,38524,283,2.9479166666666665,51.45454545454545,44.54545454545455,4372.136363636364,,,,,,,,
,1452,2026-06-08 00:00:00,KB,HPCL,,MH14MT2843,40,5.5,104.61,98.17,10269.5637,24173,23626,547,5.228945607494503,99.45454545454545,5.155454545454546,506.1109727272728,,,,,,,,
1284/10-6-26,1453,2026-06-08 00:00:00,BC,SHUBHAM,AJINKYA KAMBLE,MH14LB3879,32,6,30,98.44,2953.2,104621,104226,395,13.166666666666666,65.83333333333333,-35.83333333333333,-3527.433333333333,,,,,,,,
1284/10-6-26,1454,2026-06-08 00:00:00,BC-VENDER,SHUBHAM,Mukund Ramchandra Madvalkar,MH12LB9492,17,10,30,98.44,2953.2,0,0,0,0,0,30,2953.2,,,,,,,,
1284/10-6-26,1455,2026-06-08 00:00:00,BC-VENDER,SHUBHAM,Prathmesh Tours & Travels,MH12VF1253,20,10,30,98.44,2953.2,0,0,0,0,0,30,2953.2,,,,,,,,
1284/10-6-26,1456,2026-06-08 00:00:00,BC-VENDER,SHUBHAM,,MH14LX9897,17,10,30,98.44,2953.2,0,0,0,0,0,30,2953.2,,,,,,,,
1284/10-6-26,1457,2026-06-08 00:00:00,BC-VENDER,SHUBHAM,,MH14MH1600,36,6,30,98.44,2953.2,0,0,0,0,0,30,2953.2,,,,,,,,
1284/10-6-26,1458,2026-06-08 00:00:00,BC,SHUBHAM,HIMMAT MURADE,MH14LB8052,7,24,25,98.44,2461,103558,103123,435,17.4,18.125,6.875,676.775,,,,,,,,
1284/10-6-26,1459,2026-06-08 00:00:00,BC-VENDER,SHUBHAM,Mukund Ramchandra Madvalkar,MH14LX9492,17,10,30,98.44,2953.2,0,0,0,0,0,30,2953.2,,,,,,,,
1284/10-6-26,1460,2026-06-08 00:00:00,BC-VENDER,SHUBHAM,,MH14HG7929,,,30,98.44,2953.2,0,0,0,0,#DIV/0!,#DIV/0!,#DIV/0!,,,,,,,,
,1461,2026-06-08 00:00:00,CITY FLOW PUNE,HPCL,,MH14MT2064,17,10,61.56,98.19,6044.5764,9890,9602,288,4.678362573099415,28.8,32.760000000000005,3216.7044000000005,,,,,,,,
,1462,2026-06-08 00:00:00,CITY FLOW PUNE,HPCL,,MH14MT2065,17,10,49.78,98.19,4887.8982,7985,7713,272,5.464041783848935,27.2,22.580000000000002,2217.1302,,,,,,,,
,1463,2026-06-08 00:00:00,CITY FLOW PUNE,HPCL,,MH14MT2066,17,10,56.46,98.19,5543.8074,9974,9658,316,5.596882748848742,31.6,24.86,2441.0034,,,,,,,,
,1464,2026-06-08 00:00:00,CITY FLOW PUNE,HPCL,,MH14MT2067,17,10,60.15,98.19,5906.1285,10822,10501,321,5.3366583541147135,32.1,28.049999999999997,2754.2294999999995,,,,,,,,
,1465,2026-06-08 00:00:00,CITY FLOW PUNE,HPCL,,MH14MT2473,28,4.75,84.32,98.19,8279.380799999999,9697,9376,321,3.8069259962049338,67.57894736842105,16.74105263157894,1643.803957894736,,,,,,,,
,1466,2026-06-08 00:00:00,CITY FLOW PUNE,HPCL,,MH14MT2475,17,10,91.65,98.19,8999.1135,13896,13551,345,3.764320785597381,34.5,57.150000000000006,5611.5585,,,,,,,,
,1467,2026-06-08 00:00:00,CITY FLOW PUNE,HPCL,,MH14MT2477,26,4,71.18,98.19,6989.1642,7470,7256,214,3.006462489463332,53.5,17.680000000000007,1735.9992000000007,,,,,,,,
,1468,2026-06-08 00:00:00,JCB,BPCL,NITESH DONGARE,MH14LL4184,30,6,35.71,98.23,3507.7933000000003,136418,136302,116,3.2483898067768133,19.333333333333332,16.37666666666667,1608.679966666667,,,,,,,,
,1469,2026-06-08 00:00:00,JCB,IOCL,VIKAS HEMADE,MH14LL4140,30,6,62,98.52,6108.24,172031,171659,372,6,62,0,0,,,,,,,,
,1470,2026-06-08 00:00:00,JCB,BPCL,JAGDISH PATIL,MH14LL4189,30,6,52,98.19,5105.88,206666,206381,285,5.480769230769231,47.5,4.5,441.855,,,,,,,,
,1471,2026-06-08 00:00:00,LEAR-CHAKAN,BPCL,NIWAS RATHOD,MH14LB5919,18,12,40,98.27,3930.7999999999997,238589,238309,280,7,23.333333333333332,16.666666666666668,1637.8333333333335,,,,,,,,
,1472,2026-06-08 00:00:00,LEAR-CHAKAN,BPCL,VITTHALRAO,MH14LB5821,18,12,40,98.32,3932.7999999999997,77329,77102,227,5.675,18.916666666666668,21.083333333333332,2072.913333333333,,,,,,,,
286/15-6-26,1473,2026-06-08 00:00:00,MERCEDES,PRATIK,,MH14LX3712,32,4,80,98.57,7885.599999999999,35256,34975,281,3.5125,70.25,9.75,961.0574999999999,,,,,,,,
286/15-6-26,1474,2026-06-08 00:00:00,MERCEDES,PRATIK,,MH14HG3117,32,4,65,98.57,6407.049999999999,243107,242850,257,3.953846153846154,64.25,0.75,73.9275,,,,,,,,
286/15-6-26,1475,2026-06-08 00:00:00,MERCEDES,PRATIK,,MH14HU3981,32,4,60,98.57,5914.2,256097,255916,181,3.0166666666666666,45.25,14.75,1453.9074999999998,,,,,,,,
286/15-6-26,1476,2026-06-08 00:00:00,MERCEDES,PRATIK,,MH14LX3719,32,4,60,98.57,5914.2,37245,37074,171,2.85,42.75,17.25,1700.3325,,,,,,,,
286/15-6-26,1477,2026-06-08 00:00:00,MERCEDES,PRATIK,,MH14HG3114,32,4,50,98.57,4928.5,233320,233021,299,5.98,74.75,-24.75,-2439.6074999999996,,,,,,,,
286/15-6-26,1478,2026-06-08 00:00:00,MERCEDES,PRATIK,,MH14HU3979,32,4,100,98.57,9857,205473,205266,207,2.07,51.75,48.25,4756.0025,,,,,,,,
286/15-6-26,1479,2026-06-08 00:00:00,MERCEDES,PRATIK,,MH14KA9152,32,4,70,98.57,6899.9,116899,116644,255,3.642857142857143,63.75,6.25,616.0625,,,,,,,,
286/15-6-26,1480,2026-06-08 00:00:00,MERCEDES,PRATIK,BALIRAM MOHITE,MH14LX3721,32,4,55,98.57,5421.349999999999,35613,35433,180,3.272727272727273,45,10,985.6999999999999,,,,,,,,
286/15-6-26,1481,2026-06-08 00:00:00,MERCEDES,PRATIK,,MH14HU3978,32,4,110,98.57,10842.699999999999,194591,194535,56,0.509090909090909,14,96,9462.72,,,,,,,,
286/15-6-26,1482,2026-06-08 00:00:00,MERCEDES,PRATIK,,MH14LX3726,32,4,65,98.57,6407.049999999999,33809,33553,256,3.9384615384615387,64,1,98.57,,,,,,,,
286/15-6-26,1483,2026-06-08 00:00:00,MERCEDES,PRATIK,,MH14LX3720,32,4,120,98.57,11828.4,35225,34850,375,3.125,93.75,26.25,2587.4624999999996,,,,,,,,
286/15-6-26,1484,2026-06-08 00:00:00,MERCEDES,PRATIK,,MH14HU3984,32,4,140,98.57,13799.8,227271,226812,459,3.2785714285714285,114.75,25.25,2488.8925,,,,,,,,
286/15-6-26,1485,2026-06-08 00:00:00,MERCEDES,PRATIK,,MH14LX4885,32,4,120,98.57,11828.4,37668,37498,170,1.4166666666666667,42.5,77.5,7639.174999999999,,,,,,,,
286/15-6-26,1486,2026-06-08 00:00:00,MERCEDES,PRATIK,,MH14LX4888,32,4,55,98.57,5421.349999999999,35826,35610,216,3.9272727272727272,54,1,98.57,,,,,,,,
286/15-6-26,1487,2026-06-08 00:00:00,MERCEDES,PRATIK,,MH14HU3980,32,4,100,98.57,9857,234132,233954,178,1.78,44.5,55.5,5470.634999999999,,,,,,,,
286/15-6-26,1488,2026-06-08 00:00:00,MERCEDES,PRATIK,,MH14HU3982,32,4,135,98.57,13306.949999999999,234370,233868,502,3.7185185185185183,125.5,9.5,936.415,,,,,,,,
286/15-6-26,1489,2026-06-08 00:00:00,MERCEDES,PRATIK,,MH14LX3714,32,4,65,98.57,6407.049999999999,38926,38721,205,3.1538461538461537,51.25,13.75,1355.3374999999999,,,,,,,,
286/15-6-26,1490,2026-06-08 00:00:00,MERCEDES,PRATIK,,MH14KA9139,32,4,151,98.57,14884.07,115563,115153,410,2.7152317880794703,102.5,48.5,4780.6449999999995,,,,,,,,
286/15-6-26,1491,2026-06-08 00:00:00,MERCEDES,PRATIK,,MH14KA9148,32,4,130,98.57,12814.099999999999,109938,109631,307,2.3615384615384616,76.75,53.25,5248.8525,,,,,,,,
286/15-6-26,1492,2026-06-08 00:00:00,MERCEDES,PRATIK,,MH14HG3112,32,4,125,98.57,12321.25,273809,273456,353,2.824,88.25,36.75,3622.4474999999998,,,,,,,,
286/15-6-26,1493,2026-06-08 00:00:00,MERCEDES,PRATIK,,MH14LX3723,32,4,120,98.57,11828.4,30246,29902,344,2.8666666666666667,86,34,3351.3799999999997,,,,,,,,
286/15-6-26,1494,2026-06-08 00:00:00,MERCEDES,PRATIK,,MH14LX3718,32,4,60,98.57,5914.2,31545,31154,391,6.516666666666667,97.75,-37.75,-3721.0175,,,,,,,,
286/15-6-26,1495,2026-06-08 00:00:00,MERCEDES,PRATIK,,MH14LX3713,32,4,90,98.57,8871.3,49944,49705,239,2.6555555555555554,59.75,30.25,2981.7425,,,,,,,,
286/15-6-26,1496,2026-06-08 00:00:00,MERCEDES,PRATIK,,MH14LX3710,32,4,112,98.57,11039.84,38080,37788,292,2.607142857142857,73,39,3844.2299999999996,,,,,,,,
286/15-6-26,1497,2026-06-08 00:00:00,MERCEDES,PRATIK,,MH14KA9138,32,4,100,98.57,9857,115205,115013,192,1.92,48,52,5125.639999999999,,,,,,,,
286/15-6-26,1498,2026-06-08 00:00:00,MERCEDES,PRATIK,,MH14HG3116,32,4,100,98.57,9857,285903,285596,307,3.07,76.75,23.25,2291.7525,,,,,,,,
286/15-6-26,1499,2026-06-08 00:00:00,MERCEDES,PRATIK,YASHPAL KAMBLE,MH14HG3115,36,4,70,98.57,6899.9,266378,266234,144,2.057142857142857,36,34,3351.3799999999997,,,,,,,,
286/15-6-26,1500,2026-06-08 00:00:00,MERCEDES,PRATIK,,MH14LX4889,32,4,40,98.57,3942.7999999999997,24910,24753,157,3.925,39.25,0.75,73.9275,,,,,,,,
286/15-6-26,1501,2026-06-08 00:00:00,MERCEDES,PRATIK,,MH14HU3985,50,4,120,98.57,11828.4,187552,187274,278,2.316666666666667,69.5,50.5,4977.785,,,,,,,,
286/15-6-26,1502,2026-06-08 00:00:00,MERCEDES,PRATIK,,MH14KA9150,32,4,130,98.57,12814.099999999999,128901,128552,349,2.6846153846153844,87.25,42.75,4213.867499999999,,,,,,,,
286/15-6-26,1503,2026-06-08 00:00:00,MERCEDES,PRATIK,,MH14LX3711,32,4,96,98.57,9462.72,32342,32112,230,2.3958333333333335,57.5,38.5,3794.9449999999997,,,,,,,,
286/15-6-26,1504,2026-06-08 00:00:00,MERCEDES,PRATIK,,MH14KA9143,32,4,97,98.57,9561.289999999999,94871,94600,271,2.7938144329896906,67.75,29.25,2883.1724999999997,,,,,,,,
286/15-6-26,1505,2026-06-08 00:00:00,MERCEDES,PRATIK,,MH14LX3716,32,4,100,98.57,9857,34142,33876,266,2.66,66.5,33.5,3302.095,,,,,,,,
286/15-6-26,1506,2026-06-08 00:00:00,MERCEDES,PRATIK,,MH14KA9141,32,4,137,98.57,13504.089999999998,102257,101930,327,2.386861313868613,81.75,55.25,5445.992499999999,,,,,,,,
286/15-6-26,1507,2026-06-08 00:00:00,MERCEDES,PRATIK,,MH14HU3983,32,4,120,98.57,11828.4,186977,186689,288,2.4,72,48,4731.36,,,,,,,,
286/15-6-26,1508,2026-06-08 00:00:00,MERCEDES,PRATIK,,MH14HG3119,32,4,50,98.57,4928.5,240564,240443,121,2.42,30.25,19.75,1946.7575,,,,,,,,
,1509,2026-06-08 00:00:00,BAJAJ WALUJ,HPCL,LATE,MH20GC8893,50,5,61,99.44,6065.84,98966,98617,349,5.721311475409836,69.8,-8.799999999999997,-875.0719999999997,,,,,,,,
,1510,2026-06-08 00:00:00,BAJAJ WALUJ,HPCL,DIVTE,MH20GC8873,50,5,70,99.44,6960.8,106850,106465,385,5.5,77,-7,-696.0799999999999,,,,,,,,
,1511,2026-06-08 00:00:00,BAJAJ WALUJ,HPCL,ADHE,MH20GC8874,50,5,75,99.44,7458,100251,99793,458,6.1066666666666665,91.6,-16.599999999999994,-1650.7039999999995,,,,,,,,
,1512,2026-06-08 00:00:00,BAJAJ WALUJ,HPCL,GAUTAM,MH14CW4813,40,5.5,47,99.44,4673.68,293164,292901,263,5.595744680851064,47.81818181818182,-0.8181818181818201,-81.36000000000018,,,,,,,,
,1513,2026-06-08 00:00:00,BAJAJ WALUJ,HPCL,JABBAR,MH20GC8872,50,5,51,99.44,5071.44,104852,104556,296,5.803921568627451,59.2,-8.200000000000003,-815.4080000000002,,,,,,,,
,1514,2026-06-08 00:00:00,BAJAJ WALUJ,HPCL,ARVIND,MH14CW4615,40,5.5,57,99.44,5668.08,301983,301658,325,5.701754385964913,59.09090909090909,-2.0909090909090935,-207.92000000000024,,,,,,,,
,1515,2026-06-08 00:00:00,BAJAJ WALUJ,HPCL,ASLAM,MH20GC5308,40,5.5,56,99.44,5568.639999999999,97444,97119,325,5.803571428571429,59.09090909090909,-3.0909090909090935,-307.36000000000024,,,,,,,,
,1516,2026-06-08 00:00:00,BAJAJ WALUJ,HPCL,SOPAN,MH20GZ5418,50,5,33,99.44,3281.52,8484,8370,114,3.4545454545454546,22.8,10.2,1014.2879999999999,,,,,,,,
,1517,2026-06-08 00:00:00,BAJAJ WALUJ,HPCL,DADARAO,MH14CW4609,40,5.5,48,99.44,4773.12,293843,293579,264,5.5,48,0,0,,,,,,,,
,1518,2026-06-08 00:00:00,BAJAJ WALUJ,HPCL,SAGER,MH20GC8876,50,5,36,99.44,3579.84,121247,121005,242,6.722222222222222,48.4,-12.399999999999999,-1233.0559999999998,,,,,,,,
,1519,2026-06-08 00:00:00,BAJAJ WALUJ,HPCL,NARYAN,MH20GC5342,50,5,40,99.44,3977.6,109115,108983,132,3.3,26.4,13.600000000000001,1352.384,,,,,,,,
,1520,2026-06-08 00:00:00,BAJAJ WALUJ,HPCL,SANJAY,MH20GC8879,50,5,25,99.44,2486,133651,133407,244,9.76,48.8,-23.799999999999997,-2366.6719999999996,,,,,,,,
,1521,2026-06-08 00:00:00,BAJAJ WALUJ,HPCL,SANJAY,MH20GC8879,50,5,67.15,99.44,6677.396000000001,133794,133651,143,2.129560685033507,28.6,38.550000000000004,3833.4120000000003,,,,,,,,
,1522,2026-06-08 00:00:00,BAJAJ WALUJ,HPCL,AJAY,MH14CW4485,50,3.5,50,99.44,4972,55041,54861,180,3.6,51.42857142857143,-1.4285714285714306,-142.05714285714305,,,,,,,,
,1523,2026-06-08 00:00:00,BAJAJ WALUJ,HPCL,ABHIJEET,MH20GC5419,50,5,60,99.44,5966.4,17480,17179,301,5.016666666666667,60.2,-0.20000000000000284,-19.888000000000282,,,,,,,,
,1524,2026-06-08 00:00:00,BAJAJ WALUJ,HPCL,RAJPUT,MH14CW4616,40,5.5,40,99.44,3977.6,294272,294047,225,5.625,40.90909090909091,-0.9090909090909065,-90.39999999999974,,,,,,,,
,1525,2026-06-08 00:00:00,BAJAJ WALUJ,HPCL,NIVRUTTI ,MH14KU2284,20,9,41.58,99.44,4134.7152,0,0,0,0,0,41.58,4134.7152,,,,,,,,
,1526,2026-06-08 00:00:00,BAJAJ WALUJ,HPCL,ARVIND,MH14CW4615,40,5.5,40,99.44,3977.6,302099,301983,116,2.9,21.09090909090909,18.90909090909091,1880.3200000000002,,,,,,,,
,1527,2026-06-08 00:00:00,BAJAJ WALUJ,HPCL,GUNJAL,MH14CW4824,40,5.5,56,99.44,5568.639999999999,300145,299831,314,5.607142857142857,57.09090909090909,-1.0909090909090935,-108.48000000000026,,,,,,,,
,1528,2026-06-08 00:00:00,BAJAJ WALUJ,HPCL,YOGESH,MH20GC5343,50,5,42,99.44,4176.48,117851,117630,221,5.261904761904762,44.2,-2.200000000000003,-218.76800000000028,,,,,,,,
,1529,2026-06-08 00:00:00,CITYFLOW MUMBAI,,,581332,40,3.7,50,98.04,4902,779,701,78,1.56,21.08108108108108,28.91891891891892,2835.210810810811,,,,,,,,
,1530,2026-06-08 00:00:00,CITYFLOW MUMBAI,,,MH04MH3742,27,4,55,98,5390,36485,36268,217,3.9454545454545453,54.25,0.75,73.5,,,,,,,,
,1531,2026-06-08 00:00:00,CITYFLOW MUMBAI,,,MH04MH6304,27,4,80,97.89,7831.2,22557,22246,311,3.8875,77.75,2.25,220.2525,,,,,,,,
,1532,2026-06-08 00:00:00,CITYFLOW MUMBAI,,,MH04MH6313,27,4,45,98,4410,48034,47751,283,6.288888888888889,70.75,-25.75,-2523.5,,,,,,,,
,1533,2026-06-08 00:00:00,CITYFLOW MUMBAI,,,MH04MH6316,27,4,20,98,1960,8802,8765,37,1.85,9.25,10.75,1053.5,,,,,,,,
,1534,2026-06-08 00:00:00,CITYFLOW MUMBAI,,,MH04MH6320,27,4,94.45,97.89,9245.710500000001,24144,23768,376,3.980942297511911,94,0.45000000000000284,44.05050000000028,,,,,,,,
,1535,2026-06-08 00:00:00,CITYFLOW MUMBAI,,,MH04MR5597,27,4,85.02,97.83,8317.506599999999,9751,9441,310,3.646200893907316,77.5,7.519999999999996,735.6815999999995,,,,,,,,
,1536,2026-06-08 00:00:00,CITYFLOW MUMBAI,,,MH04MR5922,40,3.7,120,97.83,11739.6,19274,18799,475,3.9583333333333335,128.3783783783784,-8.378378378378386,-819.6567567567575,,,,,,,,
,1537,2026-06-08 00:00:00,CITYFLOW MUMBAI,,,MH46DC8236,40,3.7,50,98,4900,680,602,78,1.56,21.08108108108108,28.91891891891892,2834.054054054054,,,,,,,,
,1538,2026-06-08 00:00:00,CITYFLOW MUMBAI,,,MH46DC8237,40,3.7,15,98,1470,709,628,81,5.4,21.89189189189189,-6.891891891891891,-675.4054054054053,,,,,,,,
,1539,2026-06-08 00:00:00,CITYFLOW MUMBAI,,,MH46DC8238,40,3.7,15,98,1470,642,560,82,5.466666666666667,22.16216216216216,-7.162162162162161,-701.8918918918919,,,,,,,,
,1540,2026-06-08 00:00:00,CITYFLOW MUMBAI,,,MH46DC8238,40,3.7,20,98.07,1961.3999999999999,667,642,25,1.25,6.756756756756756,13.243243243243244,1298.7648648648649,,,,,,,,
,1541,2026-06-08 00:00:00,CITYFLOW MUMBAI,,,MH46DC8238,40,3.7,127.5,98.04,12500.1,679,667,12,0.09411764705882353,3.243243243243243,124.25675675675676,12182.132432432434,,,,,,,,
,1542,2026-06-08 00:00:00,CITYFLOW MUMBAI,,,MH46DC8239,40,3.7,15,98,1470,669,590,79,5.266666666666667,21.35135135135135,-6.351351351351351,-622.4324324324324,,,,,,,,
,1543,2026-06-08 00:00:00,CITYFLOW MUMBAI,,,MH46DC8240,40,3.7,50,98,4900,667,582,85,1.7,22.972972972972972,27.027027027027028,2648.6486486486488,,,,,,,,
,1544,2026-06-08 00:00:00,CITYFLOW MUMBAI,,,MH46DC8240,40,3.7,150,98.15,14722.5,693,667,26,0.17333333333333334,7.027027027027026,142.97297297297297,14032.797297297298,,,,,,,,
,1545,2026-06-08 00:00:00,LEAR-CHENNAI,,,TN87H2004,24,,71.86,100.03,7188.1558,74649,74044,605,8.419148344002227,#DIV/0!,#DIV/0!,#DIV/0!,,,,,,,,
,1546,2026-06-08 00:00:00,LEAR-CHENNAI,,,TN87H1964,32,,67.06,100.25,6722.765,42139,41629,510,7.60512973456606,#DIV/0!,#DIV/0!,#DIV/0!,,,,,,,,
,1547,2026-06-08 00:00:00,LEAR-CHENNAI,,,TN87H2061,24,,45.33,100.03,4534.3598999999995,82239,81911,328,7.235826163688507,#DIV/0!,#DIV/0!,#DIV/0!,,,,,,,,
,1548,2026-06-08 00:00:00,LEAR-CHENNAI,,,TN87H2059,24,,82.15,100.25,8235.5375,49457,48791,666,8.107121119902617,#DIV/0!,#DIV/0!,#DIV/0!,,,,,,,,
,1549,2026-06-08 00:00:00,LEAR-CHENNAI,,,TN87H1956,14,,42.35,100.03,4236.2705000000005,38136,37691,445,10.50767414403778,#DIV/0!,#DIV/0!,#DIV/0!,,,,,,,,
,1550,2026-06-08 00:00:00,LEAR-CHENNAI,,,TN87H2058,24,,71.07,100.03,7109.1321,63803,63237,566,7.963979175460814,#DIV/0!,#DIV/0!,#DIV/0!,,,,,,,,
,1551,2026-06-08 00:00:00,LEAR-CHENNAI,,,TN87H1975,32,,71.32,100.03,7134.1395999999995,124265,123734,531,7.4453168816601245,#DIV/0!,#DIV/0!,#DIV/0!,,,,,,,,
,1552,2026-06-08 00:00:00,LEAR-CHENNAI,,,TN87H2151,4,,20,108.23,2164.6,82326,81764,562,28.1,#DIV/0!,#DIV/0!,#DIV/0!,,,,,,,,
,1553,2026-06-08 00:00:00,LEAR-CHENNAI,,,TN87H2191,4,,28.91,108.42,3134.4222,66607,66204,403,13.939813213420962,#DIV/0!,#DIV/0!,#DIV/0!,,,,,,,,
,1554,2026-06-08 00:00:00,LEAR-CHENNAI,,,TN87H2075,24,,77.2,100.03,7722.316000000001,91613,91081,532,6.891191709844559,#DIV/0!,#DIV/0!,#DIV/0!,,,,,,,,
,1555,2026-06-08 00:00:00,LEAR-CHENNAI,,,TN87H1905,32,,78.9,100.25,7909.725,78279,77737,542,6.869455006337135,#DIV/0!,#DIV/0!,#DIV/0!,,,,,,,,
,1556,2026-06-08 00:00:00,LEAR-CHENNAI,,,TN87H1913,32,,81.92,100.03,8194.4576,129760,129150,610,7.4462890625,#DIV/0!,#DIV/0!,#DIV/0!,,,,,,,,
,1557,2026-06-08 00:00:00,TMBSL,JABBAR PUMP ,NINGARAJ BANKAPUR AND HANUMANTH ,KA25AB7987,55+1,4.5,106,98.63,10454.779999999999,142153,141650,503,4.745283018867925,111.77777777777777,-5.7777777777777715,-569.8622222222216,,,,,,,,
,1558,2026-06-08 00:00:00,TML,JABBAR PUMP ,MANJUNATH NEMNNAVAR,KA25AA1643,49+1,4.25,173,98.63,17062.989999999998,264650,263913,737,4.2601156069364166,173.41176470588235,-0.4117647058823479,-40.61235294117597,,,,,,,,
,1559,2026-06-08 00:00:00,TMBSL,JABBAR PUMP ,MANJUNATH CHINDI AND MALLESH ,KA25AC0057,55+1,4.5,124,98.63,12230.119999999999,92225,91629,596,4.806451612903226,132.44444444444446,-8.444444444444457,-832.8755555555567,,,,,,,,
,1560,2026-06-08 00:00:00,TML,JABBAR PUMP ,NINGARAJ DODDAMANI,KA25AA1756,40+1,5.5,131,98.63,12920.529999999999,306454,305743,711,5.427480916030534,129.27272727272728,1.7272727272727195,170.3609090909083,,,,,,,,
,1561,2026-06-08 00:00:00,TMBSL,JABBAR PUMP ,MAHANTESH AND SACHIN ,KA25AC0453,55+1,4.5,131.24,98.63,12944.2012,77289,76645,644,4.907040536421822,143.11111111111111,-11.871111111111105,-1170.8476888888883,,,,,,,,
1284/10-6-26,1562,2026-06-09 00:00:00,BC,SHUBHAM,DANAJI SAKUNDE,MH14LB3846,32,6,20,98.44,1968.8,109512,109697,-185,-9.25,-30.833333333333332,50.83333333333333,5004.033333333333,,,,,,,,
286/15-6-26,1563,2026-06-09 00:00:00,VW,PRATIK,,MH14KA2816,40,5.5,50,98.57,4928.5,120302,119967,335,6.7,60.90909090909091,-10.909090909090907,-1075.3090909090906,,,,,,,,
1284/10-6-26,1564,2026-06-09 00:00:00,VW,SHUBHAM,,MH14KA3311,20,8,30,98.44,2953.2,166763,166654,109,3.6333333333333333,13.625,16.375,1611.955,,,,,,,,
,1565,2026-06-09 00:00:00,LEAR-CHAKAN,JAYHIND,,MH14LB5922,18,12,38,98.21,3731.9799999999996,140356,140147,209,5.5,17.416666666666668,20.583333333333332,2021.4891666666665,,,,,,,,
,1566,2026-06-09 00:00:00,LEAR-CHAKAN,JAYHIND,AMOL PATIL,MH14LB5925,18,12,47.7,98.21,4684.617,130861,130519,342,7.169811320754716,28.5,19.200000000000003,1885.632,,,,,,,,
,1567,2026-06-09 00:00:00,LEAR-CHAKAN,JAYHIND,SURESH,MH14LB6213,50,5,70,98.21,6874.7,133865,133567,298,4.257142857142857,59.6,10.399999999999999,1021.3839999999998,,,,,,,,
,1568,2026-06-09 00:00:00,JCB,JAYHIND,PRAMOD BARKUL,MH14LL4188,30,6,50,98.21,4910.5,134993,134715,278,5.56,46.333333333333336,3.6666666666666643,360.10333333333307,,,,,,,,
,1569,2026-06-09 00:00:00,JCB,JAYHIND,BALAJI THOBOLE,MH14LL4195,30,6,87,98.21,8544.269999999999,133704,133182,522,6,87,0,0,,,,,,,,
,1570,2026-06-09 00:00:00,KWT,JAYHIND,GOVINDA CHAVAN,MH14GD9102,36,6,50,98.21,4910.5,292376,292098,278,5.56,46.333333333333336,3.6666666666666643,360.10333333333307,,,,,,,,
,1571,2026-06-09 00:00:00,LEAR-CHAKAN,JAYHIND,SHIVAJI SHINDE,MH14LB5921,18,12,51.61,98.21,5068.6181,212107,211988,119,2.305754698701802,9.916666666666666,41.693333333333335,4094.7022666666667,,,,,,,,
403,1572,2026-06-09 00:00:00,VW,YES,,MH14KA2559,40,5.5,55,98.41,5412.55,148213,147873,340,6.181818181818182,61.81818181818182,-6.81818181818182,-670.9772727272729,,,,,,,,
403,1573,2026-06-09 00:00:00,VW,YES,,MH14KA1745,40,5.5,100,98.41,9841,97703,97300,403,4.03,73.27272727272727,26.727272727272734,2630.23090909091,,,,,,,,
403,1574,2026-06-09 00:00:00,VW,YES,,MH14KA2925,40,5.5,120,98.41,11809.199999999999,191255,190453,802,6.683333333333334,145.8181818181818,-25.818181818181813,-2540.767272727272,,,,,,,,
403,1575,2026-06-09 00:00:00,VW,YES,,MH14KA2807,40,5.5,100,98.41,9841,178445,177901,544,5.44,98.9090909090909,1.0909090909090935,107.35636363636388,,,,,,,,
403,1576,2026-06-09 00:00:00,VW,YES,,MH14KA1499,40,5.5,102,98.41,10037.82,235942,235411,531,5.205882352941177,96.54545454545455,5.454545454545453,536.781818181818,,,,,,,,
403,1577,2026-06-09 00:00:00,VW,YES,,MH14KA2557,40,5.5,80,98.41,7872.799999999999,210856,210491,365,4.5625,66.36363636363636,13.63636363636364,1341.9545454545457,,,,,,,,
403,1578,2026-06-09 00:00:00,VW,YES,,MH14KA3312,20,8,40,98.41,3936.3999999999996,228683,228400,283,7.075,35.375,4.625,455.14625,,,,,,,,
403,1579,2026-06-09 00:00:00,VW,YES,,MH14KA1883,40,5.5,60,98.41,5904.599999999999,197952,197734,218,3.6333333333333333,39.63636363636363,20.363636363636367,2003.9854545454548,,,,,,,,
403,1580,2026-06-09 00:00:00,VW,YES,,MH14KA2591,40,5.5,80,98.41,7872.799999999999,138963,138586,377,4.7125,68.54545454545455,11.454545454545453,1127.241818181818,,,,,,,,
403,1581,2026-06-09 00:00:00,VW,YES,,MH14KA2819,40,5.5,100,98.41,9841,187109,186557,552,5.52,100.36363636363636,-0.36363636363635976,-35.785454545454165,,,,,,,,
403,1582,2026-06-09 00:00:00,VW,YES,,MH14KA1880,40,5.5,99,98.41,9742.59,219417,219083,334,3.3737373737373737,60.72727272727273,38.27272727272727,3766.4190909090908,,,,,,,,
403,1583,2026-06-09 00:00:00,VW,YES,,MH14KA1907,40,5.5,100,98.41,9841,202443,201881,562,5.62,102.18181818181819,-2.181818181818187,-214.71272727272776,,,,,,,,
403,1584,2026-06-09 00:00:00,VW,YES,,MH14KA2808,40,5.5,60,98.41,5904.599999999999,126905,126570,335,5.583333333333333,60.90909090909091,-0.9090909090909065,-89.46363636363611,,,,,,,,
403,1585,2026-06-09 00:00:00,VW,YES,,MH14KA3010,40,5.5,60,98.41,5904.599999999999,194601,194298,303,5.05,55.09090909090909,4.9090909090909065,483.1036363636361,,,,,,,,
403,1586,2026-06-09 00:00:00,VW,YES,,MH14KA1894,40,5.5,60,98.41,5904.599999999999,133002,132703,299,4.983333333333333,54.36363636363637,5.636363636363633,554.6745454545451,,,,,,,,
403,1587,2026-06-09 00:00:00,VW,YES,,MH14KA2563,40,5.5,40,98.41,3936.3999999999996,137202,137024,178,4.45,32.36363636363637,7.636363636363633,751.4945454545451,,,,,,,,
403,1588,2026-06-09 00:00:00,VW,YES,,MH14KA2554,40,5.5,70,98.41,6888.7,176785,176427,358,5.114285714285714,65.0909090909091,4.9090909090909065,483.1036363636361,,,,,,,,
403,1589,2026-06-09 00:00:00,VW,YES,,MH14KA1914,40,5.5,40,98.41,3936.3999999999996,127228,127017,211,5.275,38.36363636363637,1.6363636363636331,161.03454545454514,,,,,,,,
403,1590,2026-06-09 00:00:00,VW,YES,,MH14KA1763,40,5.5,65,98.41,6396.65,125649,125310,339,5.2153846153846155,61.63636363636363,3.363636363636367,331.0154545454549,,,,,,,,
403,1591,2026-06-09 00:00:00,BC-VENDER,YES,,MH14LX9897,17,10,58,98.41,5707.78,0,0,0,0,0,58,5707.78,,,,,,,,
403,1592,2026-06-09 00:00:00,VW,YES,,MH14KA1905,40,5.5,50,98.41,4920.5,212174,211899,275,5.5,50,0,0,,,,,,,,
403,1593,2026-06-09 00:00:00,VW,YES,,MH14KA1893,40,5.5,60,98.41,5904.599999999999,166848,166474,374,6.233333333333333,68,-8,-787.28,,,,,,,,
403,1594,2026-06-09 00:00:00,BC-VENDER,YES,,MH14MH4066,,,54,98.41,5314.139999999999,0,0,0,0,#DIV/0!,#DIV/0!,#DIV/0!,,,,,,,,
403,1595,2026-06-09 00:00:00,BC,YES,,MH14LB3985,50,4,74,98.41,7282.34,83668,83308,360,4.864864864864865,90,-16,-1574.56,,,,,,,,
403,1596,2026-06-09 00:00:00,BC-VENDER,YES,Prathmesh Tours & Travels,MH12VF1253,20,10,55,98.41,5412.55,0,0,0,0,0,55,5412.55,,,,,,,,
403,1597,2026-06-09 00:00:00,BC-VENDER,YES,Sudhakar Sharad Daptare,MH14KQ5693,20,10,40,98.41,3936.3999999999996,0,0,0,0,0,40,3936.3999999999996,,,,,,,,
403,1598,2026-06-09 00:00:00,BC-VENDER,YES,,MH14LQ1600,36,6,40,98.41,3936.3999999999996,0,0,0,0,0,40,3936.3999999999996,,,,,,,,
403,1599,2026-06-09 00:00:00,VW,YES,,MH14KA1890,40,5.5,30,98.41,2952.2999999999997,121108,120995,113,3.7666666666666666,20.545454545454547,9.454545454545453,930.421818181818,,,,,,,,
403,1600,2026-06-09 00:00:00,BC,YES,,MH14LB3986,50,4,53,98.41,5215.73,106983,106837,146,2.7547169811320753,36.5,16.5,1623.7649999999999,,,,,,,,
403,1601,2026-06-09 00:00:00,BC,YES,,MH14LB3990,50,4,59,98.41,5806.19,72136,71891,245,4.1525423728813555,61.25,-2.25,-221.42249999999999,,,,,,,,
403,1602,2026-06-09 00:00:00,VW,YES,,MH14KA2467,40,5.5,40,98.41,3936.3999999999996,150562,150385,177,4.425,32.18181818181818,7.81818181818182,769.387272727273,,,,,,,,
403,1603,2026-06-09 00:00:00,BC,YES,BASVARAJ,MH14LL4204,18,10,53,98.41,5215.73,164741,164253,488,9.20754716981132,48.8,4.200000000000003,413.3220000000003,,,,,,,,
403,1604,2026-06-09 00:00:00,VW,YES,,MH14KA2562,40,5.5,100,98.41,9841,147701,147311,390,3.9,70.9090909090909,29.090909090909093,2862.836363636364,,,,,,,,
403,1605,2026-06-09 00:00:00,VW,YES,,MH14KA2814,40,5.5,35,98.41,3444.35,158436,158323,113,3.2285714285714286,20.545454545454547,14.454545454545453,1422.471818181818,,,,,,,,
403,1606,2026-06-09 00:00:00,VW,YES,,MH14KA2464,40,5.5,50,98.41,4920.5,144603,144326,277,5.54,50.36363636363637,-0.36363636363636687,-35.78545454545486,,,,,,,,
403,1607,2026-06-09 00:00:00,VW,YES,,MH14KA2880,40,5.5,100,98.41,9841,149764,149246,518,5.18,94.18181818181819,5.818181818181813,572.5672727272722,,,,,,,,
403,1608,2026-06-09 00:00:00,BC,YES,PAWALE,MH14LB3991,50,4,65,98.41,6396.65,96022,95709,313,4.815384615384615,78.25,-13.25,-1303.9325,,,,,,,,
403,1609,2026-06-09 00:00:00,VW,YES,,MH14KA1904,40,5.5,70,98.41,6888.7,150579,150207,372,5.314285714285714,67.63636363636364,2.3636363636363598,232.60545454545417,,,,,,,,
403,1610,2026-06-09 00:00:00,VW,YES,,MH14KA2924,40,5.5,70,98.41,6888.7,119487,119104,383,5.4714285714285715,69.63636363636364,0.36363636363635976,35.785454545454165,,,,,,,,
403,1611,2026-06-09 00:00:00,VW,YES,,MH14KA2809,40,5.5,30,98.41,2952.2999999999997,150248,150084,164,5.466666666666667,29.818181818181817,0.18181818181818343,17.89272727272743,,,,,,,,
403,1612,2026-06-09 00:00:00,VW,YES,,MH14KA2560,40,5.5,65,98.41,6396.65,180135,180003,132,2.0307692307692307,24,41,4034.81,,,,,,,,
403,1613,2026-06-09 00:00:00,VW,YES,MAHADEV MASKE,MH14KA3316,20,8,40,98.41,3936.3999999999996,168888,168745,143,3.575,17.875,22.125,2177.32125,,,,,,,,
403,1614,2026-06-09 00:00:00,VW,YES,,MH14KA1742,40,5.5,40,98.41,3936.3999999999996,155741,155597,144,3.6,26.181818181818183,13.818181818181817,1359.8472727272724,,,,,,,,
,1615,2026-06-09 00:00:00,JCB,BPCL,LAHU VANVE,MH14LL4154,30,6,80,98.39,7871.2,131343,130898,445,5.5625,74.16666666666667,5.833333333333329,573.9416666666662,,,,,,,,
2318/10-6-26,1616,2026-06-09 00:00:00,JCB,SAIEE,,MH14LL4146,30,6,83,98.59,8182.97,134749,134250,499,6.0120481927710845,83.16666666666667,-0.1666666666666714,-16.431666666667134,,,,,,,,
2318/10-6-26,1617,2026-06-09 00:00:00,JCB,SAIEE,DATTA RAUT,MH14LL4121,30,6,70,98.59,6901.3,146027,145862,165,2.357142857142857,27.5,42.5,4190.075,,,,,,,,
2318/10-6-26,1618,2026-06-09 00:00:00,JCB,SAIEE,SUSHANT SHELAR,MH14LL4145,30,6,65,98.59,6408.35,111748,111327,421,6.476923076923077,70.16666666666667,-5.166666666666671,-509.3816666666672,,,,,,,,
2318/10-6-26,1619,2026-06-09 00:00:00,JCB,SAIEE,GANESH KALOKHE,MH14LL4180,30,6,60,98.59,5915.400000000001,80262,79905,357,5.95,59.5,0.5,49.295,,,,,,,,
2318/10-6-26,1620,2026-06-09 00:00:00,JCB,SAIEE,PANDURANG KADAM,MH14CW2890,36,5,84,98.59,8281.56,465977,465514,463,5.511904761904762,92.6,-8.599999999999994,-847.8739999999995,,,,,,,,
2318/10-6-26,1621,2026-06-09 00:00:00,HYUNDAI,SAIEE,RAJU RATHOD,MH14LX7485,41,5.5,131,98.59,12915.29,38223,37597,626,4.778625954198473,113.81818181818181,17.181818181818187,1693.955454545455,,,,,,,,
2318/10-6-26,1622,2026-06-09 00:00:00,JCB-VENDOR,SAIEE,,MH14LL4301,,,41.25,98.59,4066.8375,0,0,0,0,#DIV/0!,#DIV/0!,#DIV/0!,,,,,,,,
2318/10-6-26,1623,2026-06-09 00:00:00,JCB,SAIEE,DATTATARY ZAMBHRE,MH14LL4186,30,6,93,98.59,9168.87,75606,75113,493,5.301075268817204,82.16666666666667,10.833333333333329,1068.058333333333,,,,,,,,
2318/10-6-26,1624,2026-06-09 00:00:00,JCB,SAIEE,BHAGWAT FHAPAL,MH14LL4198,18,10,37,98.59,3647.83,165802,165461,341,9.216216216216216,34.1,2.8999999999999986,285.9109999999999,,,,,,,,
2318/10-6-26,1625,2026-06-09 00:00:00,JCB-VENDOR,SAIEE,,MH12YB9901,,,35,98.59,3450.65,0,0,0,0,#DIV/0!,#DIV/0!,#DIV/0!,,,,,,,,
2318/10-6-26,1626,2026-06-09 00:00:00,JCB,SAIEE,SUSHIL INGALE,MH14LL4193,30,6,92,98.59,9070.28,85473,84919,554,6.021739130434782,92.33333333333333,-0.3333333333333286,-32.86333333333287,,,,,,,,
2318/10-6-26,1627,2026-06-09 00:00:00,JCB,SAIEE,GAJANAN MARSHETTI,MH14LL4197,18,10,31,98.59,3056.29,105724,105449,275,8.870967741935484,27.5,3.5,345.065,,,,,,,,
2318/10-6-26,1628,2026-06-09 00:00:00,JCB,SAIEE,SHIDESHWAR KORE,MH14LL4183,30,6,31,98.59,3056.29,92377,92204,173,5.580645161290323,28.833333333333332,2.166666666666668,213.6116666666668,,,,,,,,
2318/10-6-26,1629,2026-06-09 00:00:00,JCB,SAIEE,PRAVIN SABLE,MH14LL4196,18,10,27,98.59,2661.9300000000003,84107,83866,241,8.925925925925926,24.1,2.8999999999999986,285.9109999999999,,,,,,,,
2318/10-6-26,1630,2026-06-09 00:00:00,HYUNDAI,SAIEE,GANESH SHELAR,MH14LX7842,40,5.5,125,98.59,12323.75,34907,34220,687,5.496,124.9090909090909,0.09090909090909349,8.962727272727527,,,,,,,,
2318/10-6-26,1631,2026-06-09 00:00:00,JCB,SAIEE,SACHIN RAUT,MH14LL4205,18,10,43,98.59,4239.37,190300,189914,386,8.976744186046512,38.6,4.399999999999999,433.7959999999999,,,,,,,,
2318/10-6-26,1632,2026-06-09 00:00:00,JCB,SAIEE,SWAPNIL BORATE,MH14MT5755,17,10,35.52,98.59,3501.9168000000004,0,0,0,0,0,35.52,3501.9168000000004,,,,,,,,
2318/10-6-26,1633,2026-06-09 00:00:00,JCB,SAIEE,BALAJI RAWALE,MH14LL4199,18,10,45,98.59,4436.55,175286,174926,360,8,36,9,887.3100000000001,,,,,,,,
2318/10-6-26,1634,2026-06-09 00:00:00,JCB,SAIEE,RAVI WAYKULE,MH14LL4123,30,6,113,98.59,11140.67,127813,127191,622,5.504424778761062,103.66666666666667,9.333333333333329,920.173333333333,,,,,,,,
2318/10-6-26,1635,2026-06-09 00:00:00,JCB,SAIEE,RAJU KHARAT,MH14LL4208,18,10,40,98.59,3943.6000000000004,141958,141606,352,8.8,35.2,4.799999999999997,473.23199999999974,,,,,,,,
2318/10-6-26,1636,2026-06-09 00:00:00,JCB,SAIEE,CHANDRAKANT PATTHAR,MH14LL4124,30,6,110,98.59,10844.9,88656,87995,661,6.009090909090909,110.16666666666667,-0.1666666666666714,-16.431666666667134,,,,,,,,
2318/10-6-26,1637,2026-06-09 00:00:00,MITSUBISHI,SAIEE,SANTOSH CHAVAN,MH14LB2874,33,6,52,98.59,5126.68,73510,73197,313,6.019230769230769,52.166666666666664,-0.1666666666666643,-16.431666666666434,,,,,,,,
2318/10-6-26,1638,2026-06-09 00:00:00,JCB,SAIEE,SANTOSH SHINDE,MH14LL4125,30,6,115,98.59,11337.85,98970,98280,690,6,115,0,0,,,,,,,,
2319/10-6-26,1639,2026-06-09 00:00:00,HYUNDAI-IFM,SAIEE,,HYUNDAI-IFM,,,35,111.94,3917.9,0,0,0,0,#DIV/0!,#DIV/0!,#DIV/0!,,,,,,,,
1284/10-6-26,1640,2026-06-09 00:00:00,BC,SHUBHAM,AJINKYA KAMBLE,MH14LB3879,32,6,40,98.44,3937.6,104664,104621,43,1.075,7.166666666666667,32.833333333333336,3232.1133333333337,,,,,,,,
1284/10-6-26,1641,2026-06-09 00:00:00,BC,SHUBHAM,,MH14GD9106,36,6,40,98.44,3937.6,438623,438467,156,3.9,26,14,1378.1599999999999,,,,,,,,
1284/10-6-26,1642,2026-06-09 00:00:00,LEAR-CHAKAN,SHUBHAM,GAIKWAD,MH14LB5814,33,6,30,98.44,2953.2,66265,65974,291,9.7,48.5,-18.5,-1821.1399999999999,,,,,,,,
1284/10-6-26,1643,2026-06-09 00:00:00,BC-VENDER,SHUBHAM,,MH14MH1600,36,6,35,98.44,3445.4,0,0,0,0,0,35,3445.4,,,,,,,,
1284/10-6-26,1644,2026-06-09 00:00:00,BC-VENDER,SHUBHAM,,MH12YQ7251,,,30,98.44,2953.2,0,0,0,0,#DIV/0!,#DIV/0!,#DIV/0!,,,,,,,,
1284/10-6-26,1645,2026-06-09 00:00:00,BC,SHUBHAM,,MH14LB2877,18,10,31.88,98.44,3138.2672,115655,115389,266,8.343789209535759,26.6,5.279999999999998,519.7631999999998,,,,,,,,
1284/10-6-26,1646,2026-06-09 00:00:00,BC-VENDER,SHUBHAM,,MH14MT9600,18,10,30.77,98.44,3028.9988,0,0,0,0,0,30.77,3028.9988,,,,,,,,
1284/10-6-26,1647,2026-06-09 00:00:00,BC,SHUBHAM,,MH14GD9109,36,6,40,98.44,3937.6,308572,308428,144,3.6,24,16,1575.04,,,,,,,,
1284/10-6-26,1648,2026-06-09 00:00:00,BC-VENDER,SHUBHAM,Mukund Ramchandra Madvalkar,MH12LB9492,17,10,30,98.44,2953.2,0,0,0,0,0,30,2953.2,,,,,,,,
,1649,2026-06-09 00:00:00,JCB,BPCL,NITESH DONGARE,MH14LL4184,30,6,61.08,98.23,5999.8884,136768,136418,350,5.73018991486575,58.333333333333336,2.7466666666666626,269.8050666666663,,,,,,,,
,1650,2026-06-09 00:00:00,JCB,IOCL,BAPU VAMAN,MH14LL4159,30,6,46,98.3,4521.8,173308,172937,371,8.065217391304348,61.833333333333336,-15.833333333333336,-1556.4166666666667,,,,,,,,
,1651,2026-06-09 00:00:00,JCB,IOCL,VIKAS HEMADE,MH14LL4140,30,6,47.5,98.52,4679.7,172316,172031,285,6,47.5,0,0,,,,,,,,
,1652,2026-06-09 00:00:00,JCB,BPCL,JAGDISH PATIL,MH14LL4189,30,6,49,98.19,4811.3099999999995,206935,206666,269,5.489795918367347,44.833333333333336,4.166666666666664,409.1249999999998,,,,,,,,
,1653,2026-06-09 00:00:00,LEAR-CHAKAN,BPCL,NIWAS RATHOD,MH14LB5919,18,12,40,98.18,3927.2000000000003,238856,238589,267,6.675,22.25,17.75,1742.6950000000002,,,,,,,,
,1654,2026-06-09 00:00:00,LEAR-CHAKAN,HPCL,,MH14LB6214,25,7,61.71,98.57,6082.7546999999995,200552,200299,253,4.09982174688057,36.142857142857146,25.567142857142855,2520.153271428571,,,,,,,,
,1655,2026-06-09 00:00:00,LEAR-CHAKAN,HPCL,NAIKARE,MH14LB6270,40,6,94.73,98.57,9337.5361,175758,175322,436,4.602554628945423,72.66666666666667,22.063333333333333,2174.7827666666662,,,,,,,,
,1656,2026-06-09 00:00:00,LEAR-CHAKAN,HPCL,,MH14LB5926,18,12,55,98.57,5421.349999999999,128741,128410,331,6.0181818181818185,27.583333333333332,27.416666666666668,2702.460833333333,,,,,,,,
,1657,2026-06-09 00:00:00,LEAR-CHAKAN,HPCL,LAXMAN PATIL,MH14LB5915,18,12,50,98.57,4928.5,125059,124835,224,4.48,18.666666666666668,31.333333333333332,3088.526666666666,,,,,,,,
,1658,2026-06-09 00:00:00,LEAR-CHAKAN,HPCL,,MH14LB5917,18,12,50,98.57,4928.5,152739,152528,211,4.22,17.583333333333332,32.41666666666667,3195.3108333333334,,,,,,,,
,1659,2026-06-09 00:00:00,LEAR-CHAKAN,HPCL,,MH14LB5918,18,12,20,98.57,1971.3999999999999,119018,118841,177,8.85,14.75,5.25,517.4925,,,,,,,,
,1660,2026-06-09 00:00:00,LEAR-CHAKAN,HPCL,SWAGAT JADHAV,MH14LB5967,18,12,40,98.57,3942.7999999999997,84301,83913,388,9.7,32.333333333333336,7.666666666666664,755.703333333333,,,,,,,,
,1661,2026-06-09 00:00:00,LEAR-CHAKAN,HPCL,,MH14LB5923,18,12,30,98.57,2957.1,83617,83400,217,7.233333333333333,18.083333333333332,11.916666666666668,1174.6258333333333,,,,,,,,
,1662,2026-06-09 00:00:00,LEAR-CHAKAN,HPCL,,MH14LB5916,18,12,30,98.57,2957.1,97152,96907,245,8.166666666666666,20.416666666666668,9.583333333333332,944.6291666666665,,,,,,,,
286/15-6-26,1663,2026-06-09 00:00:00,MERCEDES,PRATIK,,MH14LX3725,32,4,100,98.57,9857,30163,29965,198,1.98,49.5,50.5,4977.785,,,,,,,,
,1664,2026-06-09 00:00:00,KB,HPCL,,MH14GD4457,49,4,170,98.27,16705.899999999998,328408,327826,582,3.4235294117647057,145.5,24.5,2407.615,,,,,,,,
,1665,2026-06-09 00:00:00,VW,BPCL,SITARAM BHOR,MH14KA2465,40,5.5,123,98.63,12131.49,251342,250619,723,5.878048780487805,131.45454545454547,-8.454545454545467,-833.8718181818194,,,,,,,,
,1666,2026-06-09 00:00:00,BAJAJ WALUJ,HPCL,ASPAK,MH20GC8875,50,5,65,99.44,6463.599999999999,78600,78210,390,6,78,-13,-1292.72,,,,,,,,
,1667,2026-06-09 00:00:00,BAJAJ WALUJ,HPCL,GORAKH,MH14CW4805,40,5.5,51,99.44,5071.44,293023,292737,286,5.607843137254902,52,-1,-99.44,,,,,,,,
,1668,2026-06-09 00:00:00,BAJAJ WALUJ,HPCL,SHAIKH,MH14CW4816,40,5.5,63,99.44,6264.72,302911,302563,348,5.523809523809524,63.27272727272727,-0.2727272727272734,-27.120000000000065,,,,,,,,
,1669,2026-06-09 00:00:00,BAJAJ WALUJ,HPCL,AJAY,MH14HU0836,32,5.5,32,99.44,3182.08,319062,318876,186,5.8125,33.81818181818182,-1.8181818181818201,-180.80000000000018,,,,,,,,
,1670,2026-06-09 00:00:00,BAJAJ WALUJ,HPCL,YOGESH,MH20GC5343,50,5,33,99.44,3281.52,118021,117851,170,5.151515151515151,34,-1,-99.44,,,,,,,,
,1671,2026-06-09 00:00:00,BAJAJ WALUJ,HPCL,JABBAR,MH20GC8872,50,5,63,99.44,6264.72,105215,104852,363,5.761904761904762,72.6,-9.599999999999994,-954.6239999999995,,,,,,,,
,1672,2026-06-09 00:00:00,BAJAJ WALUJ,HPCL,ASLAM,MH20GC5308,40,5.5,60,99.44,5966.4,97734,97444,290,4.833333333333333,52.72727272727273,7.272727272727273,723.2,,,,,,,,
,1673,2026-06-09 00:00:00,BAJAJ WALUJ,HPCL,NAZIR,MH14CW4456,40,5.5,53,99.44,5270.32,291973,291678,295,5.566037735849057,53.63636363636363,-0.6363636363636331,-63.279999999999674,,,,,,,,
,1674,2026-06-09 00:00:00,BAJAJ WALUJ,HPCL,SANJAY,MH20GC8879,50,5,12,99.44,1193.28,134601,134290,311,25.916666666666668,62.2,-50.2,-4991.888,,,,,,,,
,1675,2026-06-09 00:00:00,BAJAJ WALUJ,HPCL,MANGESH,MH20GC8891,50,5,55,99.44,5469.2,87704,87395,309,5.618181818181818,61.8,-6.799999999999997,-676.1919999999997,,,,,,,,
,1676,2026-06-09 00:00:00,BAJAJ WALUJ,HPCL,MALODE,MH20GC8878,50,5,50,99.44,4972,96768,96490,278,5.56,55.6,-5.600000000000001,-556.8640000000001,,,,,,,,
,1677,2026-06-09 00:00:00,BAJAJ WALUJ,HPCL,NAGESH,MH20GC5309,50,5,58,99.44,5767.5199999999995,152967,152651,316,5.448275862068965,63.2,-5.200000000000003,-517.0880000000003,,,,,,,,
,1678,2026-06-09 00:00:00,BAJAJ WALUJ,HPCL,GUNJAL,MH14CW4824,40,5.5,66,99.44,6563.04,300519,300145,374,5.666666666666667,68,-2,-198.88,,,,,,,,
,1679,2026-06-09 00:00:00,BAJAJ WALUJ,HPCL,ABHIJEET,MH20GC5419,50,5,60,99.44,5966.4,17786,17480,306,5.1,61.2,-1.2000000000000028,-119.32800000000027,,,,,,,,
,1680,2026-06-09 00:00:00,BAJAJ WALUJ,HPCL,NAZIR,MH14CW4456,40,5.5,54,99.44,5369.76,292270,291973,297,5.5,54,0,0,,,,,,,,
,1681,2026-06-09 00:00:00,BAJAJ WALUJ,HPCL,DIVTE,MH20GC8873,50,5,60,99.44,5966.4,107150,106850,300,5,60,0,0,,,,,,,,
,1682,2026-06-09 00:00:00,BAJAJ WALUJ,HPCL,SUDAM,MH14HG5613,32,5.5,50,99.44,4972,73318,73088,230,4.6,41.81818181818182,8.18181818181818,813.5999999999998,,,,,,,,
,1683,2026-06-09 00:00:00,BAJAJ WALUJ,HPCL,MAJID,MH20EG5161,20,9,45,99.44,4474.8,0,0,0,0,0,45,4474.8,,,,,,,,
,1684,2026-06-09 00:00:00,BAJAJ WALUJ,HPCL,ADHE,MH20GC8874,50,5,50,99.44,4972,100537,100251,286,5.72,57.2,-7.200000000000003,-715.9680000000003,,,,,,,,
,1685,2026-06-09 00:00:00,BAJAJ WALUJ,HPCL,SAGER,MH20GC8876,50,5,20,99.44,1988.8,121500,121247,253,12.65,50.6,-30.6,-3042.864,,,,,,,,
,1686,2026-06-09 00:00:00,BAJAJ WALUJ,HPCL,DAUD,MH14CW4820,40,5.5,40,99.44,3977.6,269382,269155,227,5.675,41.27272727272727,-1.2727272727272734,-126.56000000000006,,,,,,,,
,1687,2026-06-09 00:00:00,CITYFLOW MUMBAI,,,MH04MH3731,27,4,75.16,97.89,7357.4124,49025,48760,265,3.5258116019159127,66.25,8.909999999999997,872.1998999999996,,,,,,,,
,1688,2026-06-09 00:00:00,CITYFLOW MUMBAI,,,MH04MH3734,27,4,80,97.89,7831.2,24926,24707,219,2.7375,54.75,25.25,2471.7225,,,,,,,,
,1689,2026-06-09 00:00:00,CITYFLOW MUMBAI,,,MH04MH3735,27,4,80,97.89,7831.2,23850,23544,306,3.825,76.5,3.5,342.615,,,,,,,,
,1690,2026-06-09 00:00:00,CITYFLOW MUMBAI,,,MH04MH3741,27,4,80,97.89,7831.2,21824,21516,308,3.85,77,3,293.67,,,,,,,,
,1691,2026-06-09 00:00:00,CITYFLOW MUMBAI,,,MH04MH3742,27,4,55,98,5390,36706,36485,221,4.0181818181818185,55.25,-0.25,-24.5,,,,,,,,
,1692,2026-06-09 00:00:00,CITYFLOW MUMBAI,,,MH04MH5287,27,4,65,97.83,6358.95,42858,42689,169,2.6,42.25,22.75,2225.6325,,,,,,,,
,1693,2026-06-09 00:00:00,CITYFLOW MUMBAI,,,MH04MH5289,27,4,90.66,97.89,8874.7074,28716,28304,412,4.544451797926318,103,-12.340000000000003,-1207.9626000000003,,,,,,,,
,1694,2026-06-09 00:00:00,CITYFLOW MUMBAI,,,MH04MH6313,27,4,45,98,4410,48230,48034,196,4.355555555555555,49,-4,-392,,,,,,,,
,1695,2026-06-09 00:00:00,CITYFLOW MUMBAI,,,MH04MH6317,27,4,85,98.04,8333.4,35974,35635,339,3.988235294117647,84.75,0.25,24.51,,,,,,,,
,1696,2026-06-09 00:00:00,CITYFLOW MUMBAI,,,MH04MH6318,27,4,80,98.04,7843.200000000001,34354,34035,319,3.9875,79.75,0.25,24.51,,,,,,,,
,1697,2026-06-09 00:00:00,LEAR-CHENNAI,,,TN87H2083,24,,80.8,100.03,8082.424,150789,150115,674,8.341584158415841,#DIV/0!,#DIV/0!,#DIV/0!,,,,,,,,
,1698,2026-06-09 00:00:00,LEAR-CHENNAI,,,TN87H1942,32,,71.41,100.03,7143.1422999999995,42916,42332,584,8.17812631284134,#DIV/0!,#DIV/0!,#DIV/0!,,,,,,,,
,1699,2026-06-09 00:00:00,LEAR-CHENNAI,,,TN87H1996,32,,71.25,100.03,7127.1375,69241,68755,486,6.821052631578947,#DIV/0!,#DIV/0!,#DIV/0!,,,,,,,,
,1700,2026-06-09 00:00:00,LEAR-CHENNAI,,,TN87H1946,14,,50.57,100.03,5058.5171,48947,48346,601,11.884516511765868,#DIV/0!,#DIV/0!,#DIV/0!,,,,,,,,
,1701,2026-06-09 00:00:00,LEAR-CHENNAI,,,TN87H1975,32,,74.33,100.03,7435.2299,124809,124265,544,7.31871384367012,#DIV/0!,#DIV/0!,#DIV/0!,,,,,,,,
,1702,2026-06-09 00:00:00,LEAR-CHENNAI,,,TN87H1962,32,,76.94,100.25,7713.235,57277,56678,599,7.7852872368079025,#DIV/0!,#DIV/0!,#DIV/0!,,,,,,,,
,1703,2026-06-09 00:00:00,LEAR-CHENNAI,,,TN87H1960,32,,76.8,100.03,7682.304,51620,51079,541,7.044270833333334,#DIV/0!,#DIV/0!,#DIV/0!,,,,,,,,
,1704,2026-06-09 00:00:00,LEAR-CHENNAI,,,TN87H2018,24,,79.93,100.03,7995.397900000001,82597,82000,597,7.469035405980232,#DIV/0!,#DIV/0!,#DIV/0!,,,,,,,,
,1705,2026-06-09 00:00:00,LEAR-CHENNAI,,,TN87H1931,32,,79.87,100.03,7989.396100000001,91995,91377,618,7.737573557030173,#DIV/0!,#DIV/0!,#DIV/0!,,,,,,,,
,1706,2026-06-09 00:00:00,LEAR-CHENNAI,,,TN87H2088,24,,60.74,100.03,6075.8222000000005,53313,52810,503,8.281198551201843,#DIV/0!,#DIV/0!,#DIV/0!,,,,,,,,
,1707,2026-06-09 00:00:00,TMBSL,JABBAR PUMP ,NAGAPPA GIDAMUDI AND ATMANAND ,KA25AB7984,55+1,4.5,114,98.63,11243.82,144997,144448,549,4.815789473684211,122,-8,-789.04,,,,,,,,
,1708,2026-06-09 00:00:00,TMBSL,JABBAR PUMP ,BASAVARJ KITTUR AND IRANNA D,KA25AB7986,55+1,4.5,115,98.63,11342.449999999999,121222,120671,551,4.791304347826087,122.44444444444444,-7.444444444444443,-734.2455555555554,,,,,,,,
,1709,2026-06-09 00:00:00,TMBSL,JABBAR PUMP ,SACHIN AND GANESH ,KA25AB7989,40+1,5.5,101,98.63,9961.63,133127,132554,573,5.673267326732673,104.18181818181819,-3.181818181818187,-313.8227272727278,,,,,,,,
,1710,2026-06-09 00:00:00,TML,JABBAR PUMP ,ANAND NANDIHALLI,KA25AA7672,49+1,4.25,100,98.63,9863,135758,135561,197,1.97,46.35294117647059,53.64705882352941,5291.209411764706,,,,,,,,
,1711,2026-06-09 00:00:00,TML,JABBAR PUMP ,NAGAPPA KARKOPPA ,KA25AA1650,49+1,4.25,117,98.63,11539.71,243762,243261,501,4.282051282051282,117.88235294117646,-0.8823529411764639,-87.02647058823463,,,,,,,,
,1712,2026-06-09 00:00:00,TMBSL,JABBAR PUMP ,IRAPPA AND RUDRAYYA ,KA25AB7985,55+1,4.5,104,98.63,10257.52,117255,116762,493,4.740384615384615,109.55555555555556,-5.555555555555557,-547.9444444444446,,,,,,,,
,1713,2026-06-09 00:00:00,TMBSL,JABBAR PUMP ,MANJUNATH CHINDI AND MALLESH ,KA25AC0057,55+1,4.5,114,98.63,11243.82,92776,92225,551,4.833333333333333,122.44444444444444,-8.444444444444443,-832.8755555555554,,,,,,,,
,1714,2026-06-09 00:00:00,TML,JABBAR PUMP ,MAHESH KARGI,KA25AA1646,49+1,4.25,179.5,98.63,17704.085,307226,306448,778,4.334261838440112,183.05882352941177,-3.558823529411768,-351.0067647058827,,,,,,,,
,1715,2026-06-09 00:00:00,TML,JABBAR PUMP ,NAGARJ NALPOOROSI,KA25AA7674,49+1,4.25,92,98.63,9073.96,321652,321261,391,4.25,92,0,0,,,,,,,,
,1716,2026-06-09 00:00:00,TML,JABBAR PUMP ,VINOD T,KA25AA1647,49+1,4.25,164,98.63,16175.32,127132,126433,699,4.262195121951219,164.47058823529412,-0.470588235294116,-46.41411764705865,,,,,,,,
,1717,2026-06-09 00:00:00,TML,JABBAR PUMP ,MUTTU TALVAR,KA25AA1757,40+1,5.5,85,98.63,8383.55,516135,515770,365,4.294117647058823,66.36363636363636,18.63636363636364,1838.1045454545458,,,,,,,,
,1718,2026-06-09 00:00:00,TML,JABBAR PUMP ,SHARIF NADAF,KA25AA1642,49+1,4.25,188,98.63,18542.44,292595,291793,802,4.26595744680851,188.7058823529412,-0.7058823529411882,-69.62117647058939,,,,,,,,
,1719,2026-06-09 00:00:00,TML,JABBAR PUMP ,SUBASH AND TAMMANNA ,KA25AA1645,49+1,4.25,200,98.63,19726,359241,358356,885,4.425,208.23529411764707,-8.235294117647072,-812.2470588235307,,,,,,,,
,1720,2026-06-09 00:00:00,TMBSL,JABBAR PUMP ,LOKESH PATIL,KA25AC0452,55+1,4.5,126,98.63,12427.38,114967,114361,606,4.809523809523809,134.66666666666666,-8.666666666666657,-854.7933333333324,,,,,,,,
361,1721,2026-06-10 00:00:00,KB-VENDER,YES,AYUB JAMADAR,MH14HU5220,40,5.5,91,98.41,8955.31,0,0,0,0,0,91,8955.31,,,,,,,,
361,1722,2026-06-10 00:00:00,KB-VENDER,YES,AYUB JAMADAR,MH14HU5220,40,5.5,68,98.41,6691.88,0,0,0,0,0,68,6691.88,,,,,,,,
361,1723,2026-06-10 00:00:00,KB-VENDER,YES,AYUB JAMADAR,MH14KQ5220,40,5.5,78,98.41,7675.98,0,0,0,0,0,78,7675.98,,,,,,,,
361,1724,2026-06-10 00:00:00,TML,YES,DANRAJ KOLI,MH14CW2905,36,5.5,106,98.41,10431.46,555164,554705,459,4.330188679245283,83.45454545454545,22.545454545454547,2218.698181818182,,,,,,,,
361,1725,2026-06-10 00:00:00,TML,YES,SACHIN KAMBLE,MH14CW3584,36,5.5,60,98.41,5904.599999999999,506426,506072,354,5.9,64.36363636363636,-4.36363636363636,-429.42545454545416,,,,,,,,
361,1726,2026-06-10 00:00:00,TML,YES,,MH14CW3260,36,5,73,98.41,7183.929999999999,434296,433861,435,5.958904109589041,87,-14,-1377.74,,,,,,,,
361,1727,2026-06-10 00:00:00,TML,YES,SATISH PADWAL,MH14CW2904,36,5.5,80,98.41,7872.799999999999,398966,398522,444,5.55,80.72727272727273,-0.7272727272727337,-71.57090909090972,,,,,,,,
361,1728,2026-06-10 00:00:00,KB,YES,,MH14CW4614,40,5.5,96,98.41,9447.36,283613,283253,360,3.75,65.45454545454545,30.545454545454547,3005.978181818182,,,,,,,,
361,1729,2026-06-10 00:00:00,TML,YES,MANGESH WARKE,MH14CW2906,36,5.5,94,98.41,9250.539999999999,379946,379542,404,4.297872340425532,73.45454545454545,20.545454545454547,2021.878181818182,,,,,,,,
361,1730,2026-06-10 00:00:00,TML,YES,,MH14CW2893,36,5.5,90,98.41,8856.9,373261,372743,518,5.7555555555555555,94.18181818181819,-4.181818181818187,-411.53272727272775,,,,,,,,
361,1731,2026-06-10 00:00:00,TML,YES,BALAJI JOGE,MH14CW4611,40,5.5,90,98.41,8856.9,445468,445012,456,5.066666666666666,82.9090909090909,7.0909090909090935,697.8163636363639,,,,,,,,
361,1732,2026-06-10 00:00:00,TML,YES,KISHOR SHINDE,MH14CW4823,40,5.3,81,98.41,7971.21,559448,559003,445,5.493827160493828,83.9622641509434,-2.9622641509433976,-291.5164150943397,,,,,,,,
361,1733,2026-06-10 00:00:00,KB-VENDER,YES,NILESH TATHE,MH14LL4886,40,5.5,90,98.41,8856.9,0,0,0,0,0,90,8856.9,,,,,,,,
361,1734,2026-06-10 00:00:00,KB-VENDER,YES,,MH14MT9394,,,140,98.41,13777.4,0,0,0,0,#DIV/0!,#DIV/0!,#DIV/0!,,,,,,,,
361,1735,2026-06-10 00:00:00,TML,YES,AKASH UNDRE,MH14CW3071,36,5.5,115,98.41,11317.15,88493,87878,615,5.3478260869565215,111.81818181818181,3.181818181818187,313.1227272727278,,,,,,,,
361,1736,2026-06-10 00:00:00,TML-VENDER,YES,,MH12KQ7263,49,4,25,98.41,2460.25,0,0,0,0,0,25,2460.25,,,,,,,,
361,1737,2026-06-10 00:00:00,KB-VENDER,YES,NILESH,MH14LL9848,40,5.5,90,98.41,8856.9,0,0,0,0,0,90,8856.9,,,,,,,,
361,1738,2026-06-10 00:00:00,TML,YES,SHIVAJI SAWANT,MH14CW4852,39,4.5,71,98.41,6987.11,88060,87820,240,3.380281690140845,53.333333333333336,17.666666666666664,1738.5766666666664,,,,,,,,
361,1739,2026-06-10 00:00:00,KB-VENDER,YES,,MH14HG8154,,,108,98.41,10628.279999999999,0,0,0,0,#DIV/0!,#DIV/0!,#DIV/0!,,,,,,,,
361,1740,2026-06-10 00:00:00,TML,YES,VISHNU KALE,MH14CW4613,41,5.5,71,98.41,6987.11,25985,25613,372,5.23943661971831,67.63636363636364,3.3636363636363598,331.01545454545413,,,,,,,,
361,1741,2026-06-10 00:00:00,LEAR-BHOSARI,YES,VITTHAL,MH14LB5820,18,12,44,98.41,4330.04,41544,41221,323,7.340909090909091,26.916666666666668,17.083333333333332,1681.1708333333331,,,,,,,,
361,1742,2026-06-10 00:00:00,TML,YES,GAJANAN PATIL,MH14CW2895,36,5.5,80,98.41,7872.799999999999,424231,423771,460,5.75,83.63636363636364,-3.6363636363636402,-357.8545454545458,,,,,,,,
361,1743,2026-06-10 00:00:00,TML,YES,RANGNATH,MH14CW4612,40,5.5,85,98.41,8364.85,261379,261094,285,3.3529411764705883,51.81818181818182,33.18181818181818,3265.422727272727,,,,,,,,
361,1744,2026-06-10 00:00:00,TML-VENDER,YES,,MH14MT3575,40,5.5,84,98.41,8266.44,0,0,0,0,0,84,8266.44,,,,,,,,
361,1745,2026-06-10 00:00:00,TML,YES,,MH14CW4806,41,5.5,40,98.41,3936.3999999999996,404650,404348,302,7.55,54.90909090909091,-14.909090909090907,-1467.203636363636,,,,,,,,
361,1746,2026-06-10 00:00:00,KB,YES,HANUMTRAO,MH14HG5615,28,6,68.3,98.41,6721.402999999999,310762,310408,354,5.183016105417277,59,9.299999999999997,915.2129999999997,,,,,,,,
361,1747,2026-06-10 00:00:00,LEAR-BHOSARI,YES,DINKAR,MH14LB5817,18,12,49,98.41,4822.09,74382,74026,356,7.26530612244898,29.666666666666668,19.333333333333332,1902.5933333333332,,,,,,,,
361,1748,2026-06-10 00:00:00,KB,YES,DHARMRAJ LOKHANDE,MH14HG9379,33,5.8,70,98.41,6888.7,46499,46366,133,1.9,22.931034482758623,47.06896551724138,4632.056896551724,,,,,,,,
361,1749,2026-06-10 00:00:00,TML,YES,LAXMAN MAHARAJ,MH14CW3266,36,5,74,98.41,7282.34,171766,171358,408,5.513513513513513,81.6,-7.599999999999994,-747.9159999999994,,,,,,,,
361,1750,2026-06-10 00:00:00,KB,YES,SHIVANCHAL,MH14HG5614,28,6,120,98.41,11809.199999999999,379927,379288,639,5.325,106.5,13.5,1328.5349999999999,,,,,,,,
361,1751,2026-06-10 00:00:00,KB,YES,,MH14HG5612,28,6,80,98.41,7872.799999999999,413331,412915,416,5.2,69.33333333333333,10.666666666666671,1049.7066666666672,,,,,,,,
361,1752,2026-06-10 00:00:00,TML,YES,,MH14CW3256,36,5,125,98.41,12301.25,313006,312732,274,2.192,54.8,70.2,6908.382,,,,,,,,
,1753,2026-06-10 00:00:00,TML,JAYHIND,DILIP BARKAMBE,MH14CW4815,41,5,80,98.21,7856.799999999999,502945,502548,397,4.9625,79.4,0.5999999999999943,58.92599999999944,,,,,,,,
,1754,2026-06-10 00:00:00,TML,JAYHIND,AMOL,MH14CW3581,36,5.5,90,98.21,8838.9,84107,83860,247,2.7444444444444445,44.90909090909091,45.09090909090909,4428.3781818181815,,,,,,,,
,1755,2026-06-10 00:00:00,TML-VENDER,JAYHIND,BORASE,MH14KQ9520,40,5.5,59.05,98.21,5799.300499999999,0,0,0,0,0,59.05,5799.300499999999,,,,,,,,
,1756,2026-06-10 00:00:00,BA-VENDER,JAYHIND,SITARAM POL,MH14LB5428,18,12,35.33,98.21,3469.7592999999997,0,0,0,0,0,35.33,3469.7592999999997,,,,,,,,
,1757,2026-06-10 00:00:00,TML-VENDER,JAYHIND,BORASE,MH14KA9520,40,5.5,59.89,98.21,5881.796899999999,0,0,0,0,0,59.89,5881.796899999999,,,,,,,,
,1758,2026-06-10 00:00:00,KB,JAYHIND,DHARMA LOKHANDE,MH14HG9380,33,6,102,98.21,10017.42,289357,288881,476,4.666666666666667,79.33333333333333,22.66666666666667,2226.0933333333337,,,,,,,,
,1759,2026-06-10 00:00:00,KB,JAYHIND,PANDURANG WARE,MH14HU0837,28,6,80,98.21,7856.799999999999,349163,348661,502,6.275,83.66666666666667,-3.6666666666666714,-360.10333333333375,,,,,,,,
,1760,2026-06-10 00:00:00,TML,JAYHIND,MALLIKARJUN BODALE,MH12KQ0265,44,3.5,150,98.21,14731.499999999998,442634,442119,515,3.433333333333333,147.14285714285714,2.857142857142861,280.60000000000036,,,,,,,,
,1761,2026-06-10 00:00:00,BC,JAYHIND,LANDAGE,MH14LB3847,40,5.5,70,98.21,6874.7,80327,79781,546,7.8,99.27272727272727,-29.272727272727266,-2874.8745454545447,,,,,,,,
,1762,2026-06-10 00:00:00,BC,JAYHIND,RAVI TANPURE,MH14LB3843,32,6,68.16,98.21,6693.993599999999,101328,100859,469,6.880868544600939,78.16666666666667,-10.006666666666675,-982.7547333333341,,,,,,,,
,1763,2026-06-10 00:00:00,BA-VENDER,JAYHIND,DINESH,MH14LB9060,18,10,38.72,98.21,3802.6911999999998,0,0,0,0,0,38.72,3802.6911999999998,,,,,,,,
,1764,2026-06-10 00:00:00,BC,JAYHIND,,MH14LL4207,18,10,52.32,98.21,5138.347199999999,120965,120634,331,6.32645259938838,33.1,19.22,1887.5961999999997,,,,,,,,
,1765,2026-06-10 00:00:00,BC,JAYHIND,ANKIT KAKODIYA,MH14LB3845,32,6,50,98.21,4910.5,93912,93765,147,2.94,24.5,25.5,2504.355,,,,,,,,
,1766,2026-06-10 00:00:00,KB,JAYHIND,RAJU JAMADAR,MH14HG5617,28,6,105,98.21,10312.05,407750,407193,557,5.304761904761905,92.83333333333333,12.166666666666671,1194.8883333333338,,,,,,,,
,1767,2026-06-10 00:00:00,BC,JAYHIND,DANAJI SAKUNDE,MH14LB3846,32,6,60,98.21,5892.599999999999,110079,109512,567,9.45,94.5,-34.5,-3388.245,,,,,,,,
,1768,2026-06-10 00:00:00,BA-VENDER,JAYHIND,VAIBHAV KAWADE,MH14LX8792,17,10,34.41,98.21,3379.4060999999992,0,0,0,0,0,34.41,3379.4060999999992,,,,,,,,
,1769,2026-06-10 00:00:00,JCB,JAYHIND,DANAJI WAIDANDE,MH14LL4201,18,10,46.83,98.21,4599.1743,134738,134250,488,10.42067051035661,48.8,-1.9699999999999989,-193.47369999999987,,,,,,,,
,1770,2026-06-10 00:00:00,BC,JAYHIND,YOGESH GAWANDE,MH14LB4534,50,4,87,98.21,8544.269999999999,73386,72946,440,5.057471264367816,110,-23,-2258.83,,,,,,,,
,1771,2026-06-10 00:00:00,BC,JAYHIND,SOURABHV BOABADE,MH14LB3989,50,4,59.86,98.21,5878.8506,97870,97581,289,4.827931840962245,72.25,-12.39,-1216.8219,,,,,,,,
,1772,2026-06-10 00:00:00,BA-VENDER,JAYHIND,DEVDAS DEKHANE,MH12WR1918,17,10,52.99,98.21,5204.1479,0,0,0,0,0,52.99,5204.1479,,,,,,,,
,1773,2026-06-10 00:00:00,BA-VENDER,JAYHIND,,MH12ZE2777,30,6,55.89,98.21,5488.9569,0,0,0,0,0,55.89,5488.9569,,,,,,,,
,1774,2026-06-10 00:00:00,BA-VENDER,JAYHIND,HEMANT,MH12WF5993,17,10,58.4,98.21,5735.464,0,0,0,0,0,58.4,5735.464,,,,,,,,
,1775,2026-06-10 00:00:00,BA-VENDER,JAYHIND,MARAL,MH12UM9865,17,10,56.97,98.21,5595.0237,0,0,0,0,0,56.97,5595.0237,,,,,,,,
,1776,2026-06-10 00:00:00,BA-VENDER,JAYHIND,ABHAY HANDE,MH14LL1494,17,10,45.26,98.21,4444.9846,0,0,0,0,0,45.26,4444.9846,,,,,,,,
,1777,2026-06-10 00:00:00,JCB,JAYHIND,AYUB PATHAN,MH14LL4157,30,6,90,98.21,8838.9,141533,141048,485,5.388888888888889,80.83333333333333,9.166666666666671,900.2583333333338,,,,,,,,
,1778,2026-06-10 00:00:00,JCB,JAYHIND,MANOJ KAMBLE,MH14LL4153,30,6,86,98.21,8446.06,154423,153907,516,6,86,0,0,,,,,,,,
,1779,2026-06-10 00:00:00,BA-VENDER,JAYHIND,DATTA DOMBLE,MH14LB2783,36,6,49.85,98.21,4895.7685,0,0,0,0,0,49.85,4895.7685,,,,,,,,
,1780,2026-06-10 00:00:00,VW,JAYHIND,,MH14KA2815,40,5.5,100,98.21,9821,194621,194376,245,2.45,44.54545454545455,55.45454545454545,5446.1909090909085,,,,,,,,
,1781,2026-06-10 00:00:00,KB-VENDER,JAYHIND,VIJAY GAWAI,MH14LB9489,40,5.5,39.52,98.21,3881.2592,0,0,0,0,0,39.52,3881.2592,,,,,,,,
,1782,2026-06-10 00:00:00,TML,JAYHIND,DHIRAJ NAIK,MH14CW4812,41,5.5,90,98.21,8838.9,562710,562196,514,5.711111111111111,93.45454545454545,-3.4545454545454533,-339.27090909090896,,,,,,,,
,1783,2026-06-10 00:00:00,TML,JAYHIND,,MH14CW4802,41,5.3,90,98.21,8838.9,482742,482198,544,6.044444444444444,102.64150943396227,-12.64150943396227,-1241.5226415094344,,,,,,,,
,1784,2026-06-10 00:00:00,KB,JAYHIND,,MH14CW4381,37,5,110,98.21,10803.099999999999,136893,136300,593,5.390909090909091,118.6,-8.599999999999994,-844.6059999999994,,,,,,,,
,1785,2026-06-10 00:00:00,KWT,JAYHIND,BHAIRU KAWADE,MH14GD9124,36,6,50,98.21,4910.5,325649,325414,235,4.7,39.166666666666664,10.833333333333336,1063.9416666666668,,,,,,,,
6461,1786,2026-06-10 00:00:00,VW,YES,,MH14KA2557,40,5.5,80,98.41,7872.799999999999,211222,210856,366,4.575,66.54545454545455,13.454545454545453,1324.061818181818,,,,,,,,
6461,1787,2026-06-10 00:00:00,VW,YES,,MH14KA1912,40,5.5,126,98.41,12399.66,222929,222409,520,4.126984126984127,94.54545454545455,31.454545454545453,3095.441818181818,,,,,,,,
6461,1788,2026-06-10 00:00:00,VW,YES,,MH14KA1882,40,5.5,50,98.41,4920.5,165329,165045,284,5.68,51.63636363636363,-1.6363636363636331,-161.03454545454514,,,,,,,,
6461,1789,2026-06-10 00:00:00,VW,YES,,MH14KA1740,40,5.5,80,98.41,7872.799999999999,178888,178449,439,5.4875,79.81818181818181,0.18181818181818699,17.892727272727782,,,,,,,,
6461,1790,2026-06-10 00:00:00,VW,YES,,MH14KA1916,40,5.5,50,98.41,4920.5,137327,137095,232,4.64,42.18181818181818,7.81818181818182,769.387272727273,,,,,,,,
6461,1791,2026-06-10 00:00:00,VW,YES,,MH14KA1910,40,5.5,60,98.41,5904.599999999999,156107,155818,289,4.816666666666666,52.54545454545455,7.454545454545453,733.601818181818,,,,,,,,
6461,1792,2026-06-10 00:00:00,VW,YES,,MH14KA2817,40,5.5,70,98.41,6888.7,151728,151364,364,5.2,66.18181818181819,3.818181818181813,375.7472727272722,,,,,,,,
6461,1793,2026-06-10 00:00:00,VW,YES,,MH14KA2812,40,5.5,60,98.41,5904.599999999999,129178,128571,607,10.116666666666667,110.36363636363636,-50.36363636363636,-4956.285454545454,,,,,,,,
6461,1794,2026-06-10 00:00:00,VW,YES,,MH14KA1883,40,5.5,40,98.41,3936.3999999999996,198143,197952,191,4.775,34.72727272727273,5.272727272727273,518.889090909091,,,,,,,,
6461,1795,2026-06-10 00:00:00,VW,YES,,MH14KA1894,40,5.5,60,98.41,5904.599999999999,133312,133002,310,5.166666666666667,56.36363636363637,3.636363636363633,357.85454545454513,,,,,,,,
6461,1796,2026-06-10 00:00:00,VW,YES,,MH14KA2469,40,5.5,40,98.41,3936.3999999999996,141021,140816,205,5.125,37.27272727272727,2.7272727272727266,268.390909090909,,,,,,,,
6461,1797,2026-06-10 00:00:00,VW,YES,,MH14KA2563,40,5.5,50,98.41,4920.5,137423,137202,221,4.42,40.18181818181818,9.81818181818182,966.2072727272729,,,,,,,,
6461,1798,2026-06-10 00:00:00,VW,YES,,MH14KA3312,20,8,22,98.41,2165.02,228846,228683,163,7.409090909090909,20.375,1.625,159.91625,,,,,,,,
6461,1799,2026-06-10 00:00:00,VW,YES,,MH14KA1886,40,5.5,70,98.41,6888.7,198212,197994,218,3.1142857142857143,39.63636363636363,30.363636363636367,2988.085454545455,,,,,,,,
6461,1800,2026-06-10 00:00:00,VW,YES,,MH14KA2554,40,5.5,70,98.41,6888.7,177148,176785,363,5.185714285714286,66,4,393.64,,,,,,,,
6461,1801,2026-06-10 00:00:00,VW,YES,,MH14KA1913,40,5.5,120,98.41,11809.199999999999,296934,296339,595,4.958333333333333,108.18181818181819,11.818181818181813,1163.0272727272722,,,,,,,,
6461,1802,2026-06-10 00:00:00,VW,YES,,MH14KA1905,40,5.5,40,98.41,3936.3999999999996,212391,212174,217,5.425,39.45454545454545,0.5454545454545467,53.67818181818194,,,,,,,,
6461,1803,2026-06-10 00:00:00,VW,YES,,MH14KA1915,40,5.5,50,98.41,4920.5,258985,258758,227,4.54,41.27272727272727,8.727272727272727,858.850909090909,,,,,,,,
6461,1804,2026-06-10 00:00:00,VW,YES,,MH14KA2731,40,5.5,60,98.41,5904.599999999999,175371,175046,325,5.416666666666667,59.09090909090909,0.9090909090909065,89.46363636363611,,,,,,,,
6461,1805,2026-06-10 00:00:00,VW,YES,,MH14KA2820,40,5.5,90,98.41,8856.9,125664,125186,478,5.311111111111111,86.9090909090909,3.0909090909090935,304.1763636363639,,,,,,,,
6461,1806,2026-06-10 00:00:00,BC,YES,RAJ KAMBLE,MH14LB4535,50,3.5,60,98.41,5904.599999999999,111453,111157,296,4.933333333333334,84.57142857142857,-24.57142857142857,-2418.0742857142855,,,,,,,,
6461,1807,2026-06-10 00:00:00,VW,YES,,MH14KA1739,40,5.5,80,98.41,7872.799999999999,162886,162413,473,5.9125,86,-6,-590.46,,,,,,,,
6461,1808,2026-06-10 00:00:00,BC-VENDER,YES,Prathmesh Tours & Travels,MH12VF1253,20,10,75,98.41,7380.75,0,0,0,0,0,75,7380.75,,,,,,,,
6461,1809,2026-06-10 00:00:00,LEAR-CHAKAN,YES,SUDAM SHEJUL,MH14LB6211,25,7,40,98.41,3936.3999999999996,97431,96936,495,12.375,70.71428571428571,-30.714285714285708,-3022.5928571428562,,,,,,,,
6461,1810,2026-06-10 00:00:00,BC-VENDER,YES,,MH14MH1600,36,6,29,98.41,2853.89,0,0,0,0,0,29,2853.89,,,,,,,,
6461,1811,2026-06-10 00:00:00,VW,YES,,MH14KA2935,40,5.5,50,98.41,4920.5,152727,152449,278,5.56,50.54545454545455,-0.5454545454545467,-53.67818181818194,,,,,,,,
6461,1812,2026-06-10 00:00:00,BC-VENDER,YES,Mukund Ramchandra Madvalkar,MH12LB9492,17,10,34,98.41,3345.94,0,0,0,0,0,34,3345.94,,,,,,,,
6461,1813,2026-06-10 00:00:00,BC,YES,SAWPNIL,MH14LB3987,50,4,53,98.41,5215.73,59308,59053,255,4.811320754716981,63.75,-10.75,-1057.9075,,,,,,,,
6461,1814,2026-06-10 00:00:00,VW,YES,,MH14KA1890,40,5.5,30,98.41,2952.2999999999997,121200,121108,92,3.066666666666667,16.727272727272727,13.272727272727273,1306.169090909091,,,,,,,,
6461,1815,2026-06-10 00:00:00,BC-VENDER,YES,Sudhakar Sharad Daptare,MH14KQ5693,20,10,44,98.41,4330.04,0,0,0,0,0,44,4330.04,,,,,,,,
6461,1816,2026-06-10 00:00:00,VW,YES,,MH14KA2810,40,5.5,50,98.41,4920.5,168888,168665,223,4.46,40.54545454545455,9.454545454545453,930.421818181818,,,,,,,,
6461,1817,2026-06-10 00:00:00,VW,YES,,MH14KA1895,40,5.5,50,98.41,4920.5,174831,174634,197,3.94,35.81818181818182,14.18181818181818,1395.632727272727,,,,,,,,
6461,1818,2026-06-10 00:00:00,VW,YES,,MH14KA1765,40,5.5,50,98.41,4920.5,158986,158708,278,5.56,50.54545454545455,-0.5454545454545467,-53.67818181818194,,,,,,,,
6461,1819,2026-06-10 00:00:00,VW,YES,,MH14KA1898,40,5.5,60,98.41,5904.599999999999,168364,168066,298,4.966666666666667,54.18181818181818,5.81818181818182,572.5672727272729,,,,,,,,
6461,1820,2026-06-10 00:00:00,VW,YES,,MH14KA1903,40,5.5,90,98.41,8856.9,149796,149190,606,6.733333333333333,110.18181818181819,-20.181818181818187,-1986.0927272727276,,,,,,,,
6461,1821,2026-06-10 00:00:00,VW,YES,,MH14KA1737,40,5.5,50,98.41,4920.5,163724,163471,253,5.06,46,4,393.64,,,,,,,,
6461,1822,2026-06-10 00:00:00,VW,YES,,MH14KA2811,40,5.5,40,98.41,3936.3999999999996,188743,188499,244,6.1,44.36363636363637,-4.363636363636367,-429.42545454545484,,,,,,,,
6461,1823,2026-06-10 00:00:00,VW,YES,,MH14KA1738,40,5.5,60,98.41,5904.599999999999,153969,153605,364,6.066666666666666,66.18181818181819,-6.181818181818187,-608.3527272727277,,,,,,,,
6461,1824,2026-06-10 00:00:00,VW,YES,,MH14KA1764,40,5.5,50,98.41,4920.5,148037,147776,261,5.22,47.45454545454545,2.5454545454545467,250.49818181818193,,,,,,,,
6461,1825,2026-06-10 00:00:00,VW,YES,,MH14KA2816,40,5.5,70,98.41,6888.7,120469,120302,167,2.3857142857142857,30.363636363636363,39.63636363636364,3900.614545454546,,,,,,,,
6461,1826,2026-06-10 00:00:00,VW,YES,,MH14KA1897,40,5.5,50,98.41,4920.5,215662,215394,268,5.36,48.72727272727273,1.2727272727272734,125.24909090909097,,,,,,,,
6461,1827,2026-06-10 00:00:00,VW,YES,,MH14KA2463,40,5.5,40,98.41,3936.3999999999996,137978,137742,236,5.9,42.90909090909091,-2.9090909090909065,-286.2836363636361,,,,,,,,
6461,1828,2026-06-10 00:00:00,VW,YES,,MH14KA2467,40,5.5,30,98.41,2952.2999999999997,150749,150562,187,6.233333333333333,34,-4,-393.64,,,,,,,,
6461,1829,2026-06-10 00:00:00,VW,YES,,MH14KA2814,40,5.5,35,98.41,3444.35,158553,158436,117,3.342857142857143,21.272727272727273,13.727272727272727,1350.900909090909,,,,,,,,
6461,1830,2026-06-10 00:00:00,VW,YES,,MH14KA2809,40,5.5,50,98.41,4920.5,150462,150248,214,4.28,38.90909090909091,11.090909090909093,1091.456363636364,,,,,,,,
6461,1831,2026-06-10 00:00:00,VW,YES,,MH14KA2602,40,5.5,90,98.41,8856.9,167068,166547,521,5.788888888888889,94.72727272727273,-4.727272727272734,-465.2109090909097,,,,,,,,
6461,1832,2026-06-10 00:00:00,VW,YES,,MH14KA3311,20,8,40,98.41,3936.3999999999996,167021,166763,258,6.45,32.25,7.75,762.6775,,,,,,,,
6461,1833,2026-06-10 00:00:00,VW,YES,,MH14KA1893,40,5.5,80,98.41,7872.799999999999,167182,166848,334,4.175,60.72727272727273,19.272727272727273,1896.629090909091,,,,,,,,
6461,1834,2026-06-10 00:00:00,VW,YES,,MH14KA2560,40,5.5,40,98.41,3936.3999999999996,180374,180135,239,5.975,43.45454545454545,-3.4545454545454533,-339.96181818181805,,,,,,,,
6461,1835,2026-06-10 00:00:00,VW,YES,,MH14KA1744,40,5.5,50,98.41,4920.5,166246,165999,247,4.94,44.90909090909091,5.0909090909090935,500.99636363636387,,,,,,,,
6461,1836,2026-06-10 00:00:00,VW,YES,,MH14KA2923,40,5.5,60,98.41,5904.599999999999,161789,161416,373,6.216666666666667,67.81818181818181,-7.818181818181813,-769.3872727272721,,,,,,,,
2318/10-6-26,1837,2026-06-10 00:00:00,HYUNDAI,SAIEE,,MH14LX2568,40,5.5,127.49,98.59,12569.2391,53168,52427,741,5.812220566318927,134.72727272727272,-7.237272727272725,-713.5227181818179,,,,,,,,
2318/10-6-26,1838,2026-06-10 00:00:00,HYUNDAI,SAIEE,SANJAY ROUNDHAL,MH14LX2894,40,5.5,125.45,98.59,12368.1155,56325,55635,690,5.500199282582702,125.45454545454545,-0.004545454545450411,-0.44813636363595605,,,,,,,,
2318/10-6-26,1839,2026-06-10 00:00:00,JCB,SAIEE,,MH14LL4138,30,6,65,98.59,6408.35,161535,161167,368,5.661538461538462,61.333333333333336,3.6666666666666643,361.49666666666644,,,,,,,,
2318/10-6-26,1840,2026-06-10 00:00:00,JCB,SAIEE,SUNIL WAGH,MH14LL4136,30,6,83,98.59,8182.97,91501,91003,498,6,83,0,0,,,,,,,,
2318/10-6-26,1841,2026-06-10 00:00:00,JCB,SAIEE,SHIDESHWAR KORE,MH14LL4183,30,6,47,98.59,4633.7300000000005,92638,92377,261,5.553191489361702,43.5,3.5,345.065,,,,,,,,
2318/10-6-26,1842,2026-06-10 00:00:00,JCB,SAIEE,REVANATH LANDGE,MH14LL4194,30,6,78,98.59,7690.02,130845,130376,469,6.012820512820513,78.16666666666667,-0.1666666666666714,-16.431666666667134,,,,,,,,
2318/10-6-26,1843,2026-06-10 00:00:00,JCB,SAIEE,DAYNESHWAR GAVALI,MH14LL4139,30,6,87,98.59,8577.33,129445,128966,479,5.505747126436781,79.83333333333333,7.166666666666671,706.5616666666672,,,,,,,,
2318/10-6-26,1844,2026-06-10 00:00:00,JCB,SAIEE,JAGDISH PATIL,MH14LL4189,30,6,60,98.59,5915.400000000001,207264,206935,329,5.483333333333333,54.833333333333336,5.166666666666664,509.38166666666643,,,,,,,,
2318/10-6-26,1845,2026-06-10 00:00:00,JCB,SAIEE,CHANDRSHING WAGH,MH14LL4156,30,6,74,98.59,7295.66,159140,158730,410,5.54054054054054,68.33333333333333,5.666666666666671,558.6766666666672,,,,,,,,
2318/10-6-26,1846,2026-06-10 00:00:00,JCB,SAIEE,PRALHAD VANAVE,MH14LL4148,30,6,50,98.59,4929.5,86173,85848,325,6.5,54.166666666666664,-4.166666666666664,-410.79166666666646,,,,,,,,
2318/10-6-26,1847,2026-06-10 00:00:00,JCB,SAIEE,VIKAS CHAVAN,MH14LL4132,30,6,77,98.59,7591.43,82293,81855,438,5.688311688311688,73,4,394.36,,,,,,,,
2318/10-6-26,1848,2026-06-10 00:00:00,JCB,SAIEE,KETAN POTE,MH14LL4137,30,6,64,98.59,6309.76,90897,90542,355,5.546875,59.166666666666664,4.833333333333336,476.5183333333336,,,,,,,,
2318/10-6-26,1849,2026-06-10 00:00:00,JCB,SAIEE,CHANDRAKANT PATTHAR,MH14LL4124,30,6,41.01,98.59,4043.1758999999997,88905,88656,249,6.071689831748355,41.5,-0.490000000000002,-48.3091000000002,,,,,,,,
2318/10-6-26,1850,2026-06-10 00:00:00,JCB-VENDOR,SAIEE,,MH12YB9901,,,36.61,98.59,3609.3799,0,0,0,0,#DIV/0!,#DIV/0!,#DIV/0!,,,,,,,,
2318/10-6-26,1851,2026-06-10 00:00:00,JCB-VENDOR,SAIEE,,MH14LL4301,,,42.49,98.59,4189.0891,0,0,0,0,#DIV/0!,#DIV/0!,#DIV/0!,,,,,,,,
2318/10-6-26,1852,2026-06-10 00:00:00,JCB,SAIEE,BALAJI RAWALE,MH14LL4199,18,10,45,98.59,4436.55,175688,175286,402,8.933333333333334,40.2,4.799999999999997,473.23199999999974,,,,,,,,
2318/10-6-26,1853,2026-06-10 00:00:00,JCB-VENDOR,SAIEE,,MH12KQ3233,,,25.36,98.59,2500.2424,0,0,0,0,#DIV/0!,#DIV/0!,#DIV/0!,,,,,,,,
2318/10-6-26,1854,2026-06-10 00:00:00,JCB-VENDOR,SAIEE,VENDOR,MH14HG7555,17,10,55.33,98.59,5454.9847,0,0,0,0,0,55.33,5454.9847,,,,,,,,
2318/10-6-26,1855,2026-06-10 00:00:00,JCB,SAIEE,RAJU KHARAT,MH14LL4208,18,10,33,98.59,3253.4700000000003,142257,141958,299,9.06060606060606,29.9,3.1000000000000014,305.62900000000013,,,,,,,,
2318/10-6-26,1856,2026-06-10 00:00:00,JCB,SAIEE,DATTATRAY BIDAVE,MH14LL4128,30,6,95,98.59,9366.050000000001,87778,87210,568,5.978947368421053,94.66666666666667,0.3333333333333286,32.86333333333287,,,,,,,,
2318/10-6-26,1857,2026-06-10 00:00:00,JCB,SAIEE,SWAPNIL BORATE,MH14NE5755,17,10,60,98.59,5915.400000000001,0,0,0,0,0,60,5915.400000000001,,,,,,,,
2318/10-6-26,1858,2026-06-10 00:00:00,JCB,SAIEE,SAINATH GOTAWALE,MH14LL4181,30,6,126,98.59,12422.34,80494,79738,756,6,126,0,0,,,,,,,,
2318/10-6-26,1859,2026-06-10 00:00:00,JCB,SAIEE,YOURAJ WAGH,MH14LL4179,30,6,108,98.59,10647.720000000001,109174,108524,650,6.018518518518518,108.33333333333333,-0.3333333333333286,-32.86333333333287,,,,,,,,
2318/10-6-26,1860,2026-06-10 00:00:00,JCB,SAIEE,ATUL KHARAT,MH14LL4143,30,6,80,98.59,7887.200000000001,73562,73079,483,6.0375,80.5,-0.5,-49.295,,,,,,,,
2318/10-6-26,1861,2026-06-10 00:00:00,MITSUBISHI,SAIEE,,MH14LB2876,18,10,41,98.59,4042.19,100950,100585,365,8.902439024390244,36.5,4.5,443.65500000000003,,,,,,,,
2318/10-6-26,1862,2026-06-10 00:00:00,JCB,SAIEE,,MH14LL4134,30,6,100,98.59,9859,45127,44765,362,3.62,60.333333333333336,39.666666666666664,3910.7366666666667,,,,,,,,
2318/10-6-26,1863,2026-06-10 00:00:00,JCB,SAIEE,VISHNU YADAV,MH14LL4126,30,6,82,98.59,8084.38,61159,60707,452,5.512195121951219,75.33333333333333,6.666666666666671,657.2666666666671,,,,,,,,
,1864,2026-06-10 00:00:00,TML,JAYHIND,AMOL,MH14CW3581,36,5.5,90,98.41,8856.9,84326,84107,219,2.433333333333333,39.81818181818182,50.18181818181818,4938.392727272727,,,,,,,,
,1865,2026-06-10 00:00:00,TML,JAYHIND,RAMDAS MARANE,MH14CW4822,41,5.5,90,98.21,8838.9,483068,482672,396,4.4,72,18,1767.78,,,,,,,,
,1866,2026-06-10 00:00:00,KB,IOCL,TEJAS UNDRE,MH14MT2840,40,5.5,96,98.15,9422.400000000001,39365,38807,558,5.8125,101.45454545454545,-5.454545454545453,-535.3636363636363,,,,,,,,
,1867,2026-06-10 00:00:00,,HPCL,,MH14GD4456,40,5.5,180.45,98.17,17714.7765,357341,356776,565,3.1310612357993906,102.72727272727273,77.72272727272725,7630.040136363635,,,,,,,,
1284/10-6-26,1868,2026-06-10 00:00:00,BC,SHUBHAM,HIMMAT MURADE,MH14LB8052,7,24,30,98.44,2953.2,103852,103558,294,9.8,12.25,17.75,1747.31,,,,,,,,
1284/10-6-26,1869,2026-06-10 00:00:00,BC,SHUBHAM,,MH14HG2520,40,5,30,98.44,2953.2,213171,212717,454,15.133333333333333,90.8,-60.8,-5985.151999999999,,,,,,,,
1284/10-6-26,1870,2026-06-10 00:00:00,LEAR-CHAKAN,SHUBHAM,,MH14LB6096,18,12,40,98.44,3937.6,49536,49288,248,6.2,20.666666666666668,19.333333333333332,1903.1733333333332,,,,,,,,
1284/10-6-26,1871,2026-06-10 00:00:00,LEAR-CHAKAN,SHUBHAM,,MH14LB3844,32,6,20,98.44,1968.8,96336,95992,344,17.2,57.333333333333336,-37.333333333333336,-3675.0933333333337,,,,,,,,
,1872,2026-06-10 00:00:00,JCB,BPCL,NITESH DONGARE,MH14LL4184,30,6,61.08,98.23,5999.8884,137114,136768,346,5.6647020301244275,57.666666666666664,3.413333333333334,335.2917333333334,,,,,,,,
,1873,2026-06-10 00:00:00,JCB,IOCL,BAPU VAMAN,MH14LL4159,30,6,50,98.32,4916,173608,173308,300,6,50,0,0,,,,,,,,
,1874,2026-06-10 00:00:00,JCB,IOCL,VIKAS HEMADE,MH14LL4140,30,6,47,98.52,4630.44,172598,172316,282,6,47,0,0,,,,,,,,
,1875,2026-06-10 00:00:00,LEAR-CHAKAN,BPCL,VITTHALRAO,MH14LB5821,18,12,40,98.32,3932.7999999999997,78020,77329,691,17.275,57.583333333333336,-17.583333333333336,-1728.7933333333335,,,,,,,,
,1876,2026-06-10 00:00:00,LEAR-CHAKAN,BPCL,NIWAS RATHOD,MH14LB5919,18,12,40,98.18,3927.2000000000003,239131,238856,275,6.875,22.916666666666668,17.083333333333332,1677.2416666666666,,,,,,,,
286/15-6-26,1877,2026-06-10 00:00:00,MERCEDES,PRATIK,,MH14HU3985,50,4,100,98.57,9857,187932,187552,380,3.8,95,5,492.84999999999997,,,,,,,,
286/15-6-26,1878,2026-06-10 00:00:00,MERCEDES,PRATIK,,MH14HU3980,32,4,30,98.57,2957.1,234285,234132,153,5.1,38.25,-8.25,-813.2025,,,,,,,,
286/15-6-26,1879,2026-06-10 00:00:00,MERCEDES,PRATIK,,MH14HG3119,32,4,67,98.57,6604.19,240684,240564,120,1.791044776119403,30,37,3647.0899999999997,,,,,,,,
,1880,2026-06-10 00:00:00,BAJAJ WALUJ,HPCL,LATE,MH20GC8893,50,5,60,99.44,5966.4,99308,98966,342,5.7,68.4,-8.400000000000006,-835.2960000000005,,,,,,,,
,1881,2026-06-10 00:00:00,BAJAJ WALUJ,HPCL,SANJAY,MH20GC8879,50,5,70,99.44,6960.8,134290,133794,496,7.085714285714285,99.2,-29.200000000000003,-2903.648,,,,,,,,
,1882,2026-06-10 00:00:00,Skoda-vw,SFM,PARDESHI,MH20GC2534,40,5,70,99.65,6975.5,45378,44997,381,5.442857142857143,76.2,-6.200000000000003,-617.8300000000003,,,,,,,,
,1883,2026-06-10 00:00:00,Skoda-vw,SFM,BHARAT,MH20GC2523,40,5,80,99.65,7972,61298,60848,450,5.625,90,-10,-996.5,,,,,,,,
,1884,2026-06-10 00:00:00,Skoda-vw,SFM,JAGTAP,MH20GC2524,40,5,65,99.65,6477.25,42572,42236,336,5.1692307692307695,67.2,-2.200000000000003,-219.2300000000003,,,,,,,,
,1885,2026-06-10 00:00:00,Skoda-vw,SFM,KHANEDEKAR,MH14KA1878,40,5,70,99.65,6975.5,58027,57703,324,4.628571428571429,64.8,5.200000000000003,518.1800000000003,,,,,,,,
,1886,2026-06-10 00:00:00,Skoda-vw,SFM,THAIR,MH14KA1887,40,5,20,99.65,1993,62954,62672,282,14.1,56.4,-36.4,-3627.26,,,,,,,,
,1887,2026-06-10 00:00:00,Skoda-vw,SFM,SACHIN,MH20GC2532,40,5,60,99.65,5979,48141,47770,371,6.183333333333334,74.2,-14.200000000000003,-1415.0300000000004,,,,,,,,
,1888,2026-06-10 00:00:00,Skoda-vw,SFM,FEROZ,MH14KA1889,40,5,68,99.65,6776.200000000001,64687,64291,396,5.823529411764706,79.2,-11.200000000000003,-1116.0800000000004,,,,,,,,
,1889,2026-06-10 00:00:00,Skoda-vw,SFM,GIRI,MH20GC2530,40,5,73.5,99.65,7324.275000000001,55822,55415,407,5.537414965986395,81.4,-7.900000000000006,-787.2350000000006,,,,,,,,
,1890,2026-06-10 00:00:00,Skoda-vw,SFM,BALKRISHNA,MH20GC2531,40,5,65,99.65,6477.25,44688,44340,348,5.3538461538461535,69.6,-4.599999999999994,-458.3899999999995,,,,,,,,
,1891,2026-06-10 00:00:00,Skoda-vw,SFM,SACHIN,MH14KA1891,40,5,70,99.65,6975.5,62218,61815,403,5.757142857142857,80.6,-10.599999999999994,-1056.2899999999995,,,,,,,,
,1892,2026-06-10 00:00:00,Skoda-vw,SFM,ZUBAIR,MH14KA1892,40,5,58,99.65,5779.700000000001,62030,61685,345,5.948275862068965,69,-11,-1096.15,,,,,,,,
,1893,2026-06-10 00:00:00,Skoda-vw,SFM,MUSTAK,MH20GC2529,40,5,55,99.65,5480.75,42840,42493,347,6.3090909090909095,69.4,-14.400000000000006,-1434.9600000000007,,,,,,,,
,1894,2026-06-10 00:00:00,Skoda-vw,SFM,WAHULE,MH20GC2527,40,5,75,99.65,7473.75,60675,60199,476,6.346666666666667,95.2,-20.200000000000003,-2012.9300000000003,,,,,,,,
,1895,2026-06-10 00:00:00,Skoda-vw,SFM,MHAINDRA,MH20GC2533,40,5,75,99.65,7473.75,46979,46539,440,5.866666666666666,88,-13,-1295.45,,,,,,,,
,1896,2026-06-10 00:00:00,Skoda-vw,SFM,ABDUL,MH20GC2528,40,5,90,99.65,8968.5,65008,64495,513,5.7,102.6,-12.599999999999994,-1255.5899999999995,,,,,,,,
,1897,2026-06-10 00:00:00,Skoda-vw,SFM,AMIR,MH20GC2544,40,5,64.74,99.65,6451.340999999999,41953,41628,325,5.020080321285141,65,-0.2600000000000051,-25.90900000000051,,,,,,,,
,1898,2026-06-10 00:00:00,Skoda-vw,SFM,RAHIM,MH20GC7987,20,9,52.64,99.65,5245.576,38525,38046,479,9.099544072948328,53.22222222222222,-0.5822222222222209,-58.01844444444431,,,,,,,,
,1899,2026-06-10 00:00:00,Skoda-vw,SFM,DHRAM CHAND,MH20GC7988,20,9,38.93,99.65,3879.3745000000004,25323,24900,423,10.865656306190598,47,-8.07,-804.1755,,,,,,,,
,1900,2026-06-10 00:00:00,Skoda-vw,SFM,ABDUL,MH20GC7986,20,9,48.81,99.65,4863.9165,28372,27868,504,10.325752919483712,56,-7.189999999999998,-716.4834999999998,,,,,,,,
,1901,2026-06-10 00:00:00,BAJAJ WALUJ,HPCL,SAGER,MH20GC8876,50,5,52,99.44,5170.88,121651,121500,151,2.9038461538461537,30.2,21.8,2167.792,,,,,,,,
,1902,2026-06-10 00:00:00,BAJAJ WALUJ,HPCL,MADAN,MH14CW4821,40,5.5,62,99.44,6165.28,290009,289637,372,6,67.63636363636364,-5.63636363636364,-560.4800000000004,,,,,,,,
,1903,2026-06-10 00:00:00,BAJAJ WALUJ,HPCL,JABBAR,MH20GC8872,50,5,51,99.44,5071.44,105519,105215,304,5.96078431372549,60.8,-9.799999999999997,-974.5119999999997,,,,,,,,
,1904,2026-06-10 00:00:00,BAJAJ WALUJ,HPCL,SOPAN,MH20GZ5418,50,5,30,99.44,2983.2,8631,8484,147,4.9,29.4,0.6000000000000014,59.66400000000014,,,,,,,,
,1905,2026-06-10 00:00:00,BAJAJ WALUJ,HPCL,GAUTAM,MH14CW4813,40,5.5,47,99.44,4673.68,293428,293164,264,5.617021276595745,48,-1,-99.44,,,,,,,,
,1906,2026-06-10 00:00:00,BAJAJ WALUJ,HPCL,ARVIND,MH14CW4615,40,5.5,61,99.44,6065.84,302447,302099,348,5.704918032786885,63.27272727272727,-2.2727272727272734,-226.00000000000006,,,,,,,,
,1907,2026-06-10 00:00:00,BAJAJ WALUJ,HPCL,MALODE,MH20GC8878,50,5,50,99.44,4972,97050,96768,282,5.64,56.4,-6.399999999999999,-636.4159999999998,,,,,,,,
,1908,2026-06-10 00:00:00,BAJAJ WALUJ,HPCL,MOHSIN,MH20GC8890,50,5,80,99.44,7955.2,79328,78902,426,5.325,85.2,-5.200000000000003,-517.0880000000003,,,,,,,,
,1909,2026-06-10 00:00:00,BAJAJ WALUJ,HPCL,NARYAN,MH20GC5342,50,5,48,99.44,4773.12,109377,109115,262,5.458333333333333,52.4,-4.399999999999999,-437.53599999999983,,,,,,,,
,1910,2026-06-10 00:00:00,BAJAJ WALUJ,HPCL,BHAGWAN,MH20GC5417,50,5,46,99.44,4574.24,12029,11774,255,5.543478260869565,51,-5,-497.2,,,,,,,,
,1911,2026-06-10 00:00:00,BAJAJ WALUJ,HPCL,NIVRUTTI ,MH14KU2284,20,9,45.64,99.44,4538.4416,0,0,0,0,0,45.64,4538.4416,,,,,,,,
,1912,2026-06-10 00:00:00,BAJAJ WALUJ,HPCL,DADARAO,MH14CW4609,40,5.5,48,99.44,4773.12,294107,293843,264,5.5,48,0,0,,,,,,,,
,1913,2026-06-10 00:00:00,BAJAJ WALUJ,HPCL,AJAY,MH14CW4485,50,3.5,50,99.44,4972,55221,55041,180,3.6,51.42857142857143,-1.4285714285714306,-142.05714285714305,,,,,,,,
,1914,2026-06-10 00:00:00,BAJAJ WALUJ,HPCL,ABHIJEET,MH20GC5419,50,5,60,99.44,5966.4,18093,17786,307,5.116666666666666,61.4,-1.3999999999999986,-139.21599999999987,,,,,,,,
,1915,2026-06-10 00:00:00,BAJAJ WALUJ HK,HPCL,SHINDE,Road sweeper,50,5,32.43,99.44,3224.8392,0,,0,0,0,32.43,3224.8392,,,,,,,,
,1916,2026-06-10 00:00:00,CITYFLOW MUMBAI,,,MH04MH3736,27,4,35,98.04,3431.4,32183,31920,263,7.514285714285714,65.75,-30.75,-3014.73,,,,,,,,
,1917,2026-06-10 00:00:00,CITYFLOW MUMBAI,,,MH04MH3742,27,4,55,98,5390,36933,36706,227,4.127272727272727,56.75,-1.75,-171.5,,,,,,,,
,1918,2026-06-10 00:00:00,CITYFLOW MUMBAI,,,MH04MH4081,27,4,85,98.04,8333.4,41594,41268,326,3.835294117647059,81.5,3.5,343.14000000000004,,,,,,,,
,1919,2026-06-10 00:00:00,CITYFLOW MUMBAI,,,MH04MH4722,27,4,50,98.04,4902,33908,33615,293,5.86,73.25,-23.25,-2279.4300000000003,,,,,,,,
,1920,2026-06-10 00:00:00,CITYFLOW MUMBAI,,,MH04MH6308,27,4,50,98.04,4902,32855,32565,290,5.8,72.5,-22.5,-2205.9,,,,,,,,
,1921,2026-06-10 00:00:00,CITYFLOW MUMBAI,,,MH04MH6313,27,4,45,98,4410,48413,48230,183,4.066666666666666,45.75,-0.75,-73.5,,,,,,,,
,1922,2026-06-10 00:00:00,CITYFLOW MUMBAI,,,MH04MH6315,27,4,40,98.04,3921.6000000000004,29575,29267,308,7.7,77,-37,-3627.48,,,,,,,,
,1923,2026-06-10 00:00:00,CITYFLOW MUMBAI,,,MH04MR5860,40,3.7,130,97.83,12717.9,15889,15500,389,2.9923076923076923,105.13513513513513,24.86486486486487,2432.52972972973,,,,,,,,
,1924,2026-06-10 00:00:00,CITYFLOW MUMBAI,,,MH04MR5863,40,3.7,146,98.15,14329.900000000001,19558,19079,479,3.280821917808219,129.45945945945945,16.540540540540547,1623.4540540540547,,,,,,,,
,1925,2026-06-10 00:00:00,CITYFLOW MUMBAI,,,MH04MR5922,40,3.7,21,98,2058,19601,19274,327,15.571428571428571,88.37837837837837,-67.37837837837837,-6603.081081081081,,,,,,,,
,1926,2026-06-10 00:00:00,CITYFLOW MUMBAI,,,MH04MH4725,27,4,80,97.89,7831.2,14720,14381,339,4.2375,84.75,-4.75,-464.9775,,,,,,,,
,1927,2026-06-10 00:00:00,LEAR-CHENNAI,,,TN87H2083,24,,81,100.03,8102.43,151460,150789,671,8.283950617283951,#DIV/0!,#DIV/0!,#DIV/0!,,,,,,,,
,1928,2026-06-10 00:00:00,LEAR-CHENNAI,,,TN87H1956,14,,37.54,100.03,3755.1262,38576,38136,440,11.720831113478956,#DIV/0!,#DIV/0!,#DIV/0!,,,,,,,,
,1929,2026-06-10 00:00:00,LEAR-CHENNAI,,,TN87H2091,24,,68.57,100.03,6859.057099999999,60086,59604,482,7.029313110689807,#DIV/0!,#DIV/0!,#DIV/0!,,,,,,,,
,1930,2026-06-10 00:00:00,LEAR-CHENNAI,,,TN87H2067,24,,64.2,100.03,6421.926,73038,72521,517,8.052959501557632,#DIV/0!,#DIV/0!,#DIV/0!,,,,,,,,
,1931,2026-06-10 00:00:00,LEAR-CHENNAI,,,TN87H1913,32,,78.29,100.03,7831.3487000000005,130353,129760,593,7.574402861157235,#DIV/0!,#DIV/0!,#DIV/0!,,,,,,,,
,1932,2026-06-10 00:00:00,LEAR-CHENNAI,,,TN87H1989,14,,57.09,100.03,5710.7127,27024,26365,659,11.543177439131195,#DIV/0!,#DIV/0!,#DIV/0!,,,,,,,,
,1933,2026-06-10 00:00:00,LEAR-CHENNAI,,,TN87H2089,24,,66.93,100.03,6695.0079000000005,42862,42257,605,9.03929478559689,#DIV/0!,#DIV/0!,#DIV/0!,,,,,,,,
,1934,2026-06-10 00:00:00,LEAR-CHENNAI,,,TN87H1962,32,,74.64,100.25,7482.66,57877,57277,600,8.038585209003216,#DIV/0!,#DIV/0!,#DIV/0!,,,,,,,,
,1935,2026-06-10 00:00:00,LEAR-CHENNAI,,,TN87H2004,24,,87.13,100.03,8715.6139,75341,74649,692,7.942155399977046,#DIV/0!,#DIV/0!,#DIV/0!,,,,,,,,
,1936,2026-06-10 00:00:00,LEAR-CHENNAI,,,TN87H2191,4,,27.15,108.42,2943.603,66977,66607,370,13.627992633517495,#DIV/0!,#DIV/0!,#DIV/0!,,,,,,,,
,1937,2026-06-10 00:00:00,LEAR-CHENNAI,,,TN87H1971,32,,82.5,100.03,8252.475,73174,72556,618,7.490909090909091,#DIV/0!,#DIV/0!,#DIV/0!,,,,,,,,
,1938,2026-06-10 00:00:00,LEAR-CHENNAI,,,TN87H2058,24,,74.31,100.03,7433.2293,64443,63803,640,8.612568967837438,#DIV/0!,#DIV/0!,#DIV/0!,,,,,,,,
,1939,2026-06-10 00:00:00,LEAR-CHENNAI,,,TN87H2151,4,,31.91,108.23,3453.6193000000003,82642,82326,316,9.902851770604826,#DIV/0!,#DIV/0!,#DIV/0!,,,,,,,,
,1940,2026-06-10 00:00:00,TMBSL,JABBAR PUMP ,ANNAPPA  AND RACHAYYA ,KA25AB7983,55+1,4.5,104,98.63,10257.52,133946,133443,503,4.836538461538462,111.77777777777777,-7.7777777777777715,-767.1222222222216,,,,,,,,
,1941,2026-06-10 00:00:00,TML,JABBAR PUMP ,BASAYYA BHANAVI,KA25AC3423,24+1,6.5,112.83,98.63,11128.4229,11922,11153,769,6.8155632367278205,118.3076923076923,-5.477692307692308,-540.2647923076923,,,,,,,,
,1942,2026-06-10 00:00:00,TML,JABBAR PUMP ,FAKIRAYYA HIREMATH ,KA25AA1641,49+1,4.25,156,98.63,15386.279999999999,232061,231397,664,4.256410256410256,156.23529411764707,-0.2352941176470722,-23.20705882353073,,,,,,,,
,1943,2026-06-11 00:00:00,JCB,BPCL,BADE,MH14LL4191,30,6,80.06,98.39,7877.1034,105087,104702,385,4.808893330002498,64.16666666666667,15.89333333333333,1563.7450666666664,,,,,,,,
,1944,2026-06-11 00:00:00,JCB,JAYHIND,SACHIN WAGHMARE,MH14LL4187,30,6,60,98.21,5892.599999999999,131488,131195,293,4.883333333333334,48.833333333333336,11.166666666666664,1096.678333333333,,,,,,,,
,1945,2026-06-11 00:00:00,JCB,JAYHIND,PRAMOD BARKUL,MH14LL4188,30,6,75,98.21,7365.749999999999,135413,134993,420,5.6,70,5,491.04999999999995,,,,,,,,
,1946,2026-06-11 00:00:00,JCB,JAYHIND,BALAJI THOBOLE,MH14LL4195,30,6,74,98.21,7267.54,134146,133704,442,5.972972972972973,73.66666666666667,0.3333333333333286,32.7366666666662,,,,,,,,
,1947,2026-06-11 00:00:00,KWT,JAYHIND,GOVINDA CHAVAN,MH14GD9102,36,6,50,98.21,4910.5,292654,292376,278,5.56,46.333333333333336,3.6666666666666643,360.10333333333307,,,,,,,,
,1948,2026-06-11 00:00:00,JCB,JAYHIND,PRAVIN SABLE,MH14LL4196,18,10,30,98.21,2946.2999999999997,84336,84107,229,7.633333333333334,22.9,7.100000000000001,697.291,,,,,,,,
,1949,2026-06-11 00:00:00,JCB,BPCL,LAHU VANVE,MH14LL4154,30,6,80,98.39,7871.2,131785,131343,442,5.525,73.66666666666667,6.333333333333329,623.1366666666662,,,,,,,,
,1950,2026-06-11 00:00:00,KB,HPCL,,MH14GD4457,49,4,176.92,98.17,17368.236399999998,329024,328408,616,3.4817996834727563,154,22.919999999999987,2250.056399999999,,,,,,,,
1482/20-6-26,1951,2026-06-11 00:00:00,BC,SHUBHAM,,MH14LB3848,40,5.5,30,98.44,2953.2,113417,112990,427,14.233333333333333,77.63636363636364,-47.63636363636364,-4689.323636363637,,,,,,,,
1482/20-6-26,1952,2026-06-11 00:00:00,BC,SHUBHAM,,MH14GD9106,36,6,30,98.44,2953.2,438858,438623,235,7.833333333333333,39.166666666666664,-9.166666666666664,-902.3666666666664,,,,,,,,
1482/20-6-26,1953,2026-06-11 00:00:00,BC,SHUBHAM,,MH14LB3984,50,4,40,98.44,3937.6,56177,55801,376,9.4,94,-54,-5315.76,,,,,,,,
1482/20-6-26,1954,2026-06-11 00:00:00,BC-VENDER,SHUBHAM,Mukund Ramchandra Madvalkar,MH12LB9492,17,10,30,98.44,2953.2,0,0,0,0,0,30,2953.2,,,,,,,,
1482/20-6-26,1955,2026-06-11 00:00:00,BC,SHUBHAM,,MH14GD9109,36,6,40,98.44,3937.6,308730,308572,158,3.95,26.333333333333332,13.666666666666668,1345.3466666666668,,,,,,,,
1482/20-6-26,1956,2026-06-11 00:00:00,BC,SHUBHAM,,MH14LB3990,50,4,40,98.44,3937.6,72420,72136,284,7.1,71,-31,-3051.64,,,,,,,,
1482/20-6-26,1957,2026-06-11 00:00:00,BC,SHUBHAM,,MH14LB2877,18,10,30.31,98.44,2983.7164,115926,115655,271,8.940943582975915,27.1,3.2099999999999973,315.99239999999975,,,,,,,,
1482/20-6-26,1958,2026-06-11 00:00:00,BC,SHUBHAM,RAM SHINDE,MH14LB3988,50,4,20,98.44,1968.8,67745,67619,126,6.3,31.5,-11.5,-1132.06,,,,,,,,
1482/20-6-26,1959,2026-06-11 00:00:00,BC-VENDER,SHUBHAM,Mukund Ramchandra Madvalkar,MH14LX9492,17,10,30,98.44,2953.2,0,0,0,0,0,30,2953.2,,,,,,,,
,1960,2026-06-11 00:00:00,CITY FLOW PUNE,HPCL,,MH14MT2476,26,4,87.26,98.19,8568.0594,10979,10624,355,4.0683016273206505,88.75,-1.4899999999999949,-146.3030999999995,,,,,,,,
,1961,2026-06-11 00:00:00,JCB,IOCL,BAPU VAMAN,MH14LL4159,30,6,46,98.3,4521.8,173886,173608,278,6.043478260869565,46.333333333333336,-0.3333333333333357,-32.7666666666669,,,,,,,,
,1962,2026-06-11 00:00:00,JCB,IOCL,VIKAS HEMADE,MH14LL4140,30,6,53,98.52,5221.5599999999995,172916,172598,318,6,53,0,0,,,,,,,,
,1963,2026-06-11 00:00:00,JCB,BPCL,NITESH DONGARE,MH14LL4184,30,6,61.08,98.23,5999.8884,137463,137114,349,5.713817943680419,58.166666666666664,2.913333333333334,286.1767333333334,,,,,,,,
,1964,2026-06-11 00:00:00,JCB,BPCL,JAGDISH PATIL,MH14LL4189,30,6,76.41,98.15,7499.6415,207704,207264,440,5.758408585263709,73.33333333333333,3.076666666666668,301.9748333333335,,,,,,,,
,1965,2026-06-11 00:00:00,LEAR-CHAKAN,BPCL,NIWAS RATHOD,MH14LB5919,18,12,40,98.18,3927.2000000000003,239458,239131,327,8.175,27.25,12.75,1251.795,,,,,,,,
,1966,2026-06-11 00:00:00,LEAR-CHAKAN,BPCL,VITTHALRAO,MH14LB5821,18,12,40,98.32,3932.7999999999997,78367,78020,347,8.675,28.916666666666668,11.083333333333332,1089.7133333333331,,,,,,,,
,1967,2026-06-11 00:00:00,LEAR-CHAKAN,HPCL,NAIKARE,MH14LB6270,40,6,71,98.57,6998.469999999999,176343,175758,585,8.23943661971831,97.5,-26.5,-2612.105,,,,,,,,
,1968,2026-06-11 00:00:00,LEAR-CHAKAN,HPCL,,MH14LB6214,25,7,68.48,98.57,6750.0736,201066,200552,514,7.505841121495327,73.42857142857143,-4.948571428571427,-487.7806857142855,,,,,,,,
,1969,2026-06-11 00:00:00,LEAR-CHAKAN,HPCL,LAXMAN PATIL,MH14LB5915,18,12,40,98.57,3942.7999999999997,125368,125059,309,7.725,25.75,14.25,1404.6225,,,,,,,,
,1970,2026-06-11 00:00:00,LEAR-CHAKAN,HPCL,,MH14LB5917,18,12,40,98.57,3942.7999999999997,152961,152739,222,5.55,18.5,21.5,2119.2549999999997,,,,,,,,
,1971,2026-06-11 00:00:00,LEAR-CHAKAN,HPCL,SUDAM SHEJUL,MH14LB6211,25,7,27,98.57,2661.39,97595,97431,164,6.074074074074074,23.428571428571427,3.571428571428573,352.0357142857144,,,,,,,,
,1972,2026-06-11 00:00:00,LEAR-CHAKAN,HPCL,,MH14LB5916,18,12,42.05,98.57,4144.8685,97445,97152,293,6.967895362663496,24.416666666666668,17.63333333333333,1738.117666666666,,,,,,,,
,1973,2026-06-11 00:00:00,LEAR-CHAKAN,HPCL,AMOL PATIL,MH14LB5925,18,12,41.83,98.57,4123.183099999999,131087,130861,226,5.402820941907722,18.833333333333332,22.996666666666666,2266.781433333333,,,,,,,,
,1974,2026-06-11 00:00:00,LEAR-CHAKAN,HPCL,,MH14LB5922,18,12,50,98.57,4928.5,140744,140356,388,7.76,32.333333333333336,17.666666666666664,1741.403333333333,,,,,,,,
,1975,2026-06-11 00:00:00,LEAR-CHAKAN,HPCL,SACHIN,MH14LB5914,18,12,47.19,98.57,4651.5183,194041,193261,780,16.528925619834713,65,-17.810000000000002,-1755.5317,,,,,,,,
,1976,2026-06-11 00:00:00,LEAR-CHAKAN,HPCL,SURESH,MH14LB6213,50,5,60,98.57,5914.2,134223,133865,358,5.966666666666667,71.6,-11.599999999999994,-1143.4119999999994,,,,,,,,
,1977,2026-06-11 00:00:00,LEAR-CHAKAN,HPCL,SWAGAT JADHAV,MH14LB5967,18,12,30,98.57,2957.1,84579,84301,278,9.266666666666667,23.166666666666668,6.833333333333332,673.5616666666665,,,,,,,,
,1978,2026-06-11 00:00:00,LEAR-CHAKAN,HPCL,,MH14LB5923,18,12,40,98.57,3942.7999999999997,83835,83617,218,5.45,18.166666666666668,21.833333333333332,2152.111666666666,,,,,,,,
,1979,2026-06-11 00:00:00,LEAR-CHAKAN,HPCL,,MH14LB5924,18,12,40,98.57,3942.7999999999997,89887,89464,423,10.575,35.25,4.75,468.2075,,,,,,,,
,1980,2026-06-11 00:00:00,LEAR-CHAKAN,HPCL,GANPAT,MH14LB6215,25,7,60,98.57,5914.2,123135,122849,286,4.766666666666667,40.857142857142854,19.142857142857146,1886.9114285714288,,,,,,,,
,1981,2026-06-11 00:00:00,LEAR-CHAKAN,HPCL,,MH14LB5926,18,12,50,98.57,4928.5,129242,128741,501,10.02,41.75,8.25,813.2025,,,,,,,,
286/15-6-26,1982,2026-06-11 00:00:00,VW,PRATIK,,MH14KA2560,40,5.5,50,98.57,4928.5,180629,180374,255,5.1,46.36363636363637,3.636363636363633,358.4363636363633,,,,,,,,
286/15-6-26,1983,2026-06-11 00:00:00,MERCEDES,PRATIK,,MH14HG3119,32,4,50,98.57,4928.5,240732,240684,48,0.96,12,38,3745.66,,,,,,,,
286/15-6-26,1984,2026-06-11 00:00:00,MERCEDES,PRATIK,,MH14LX4889,32,4,50,98.57,4928.5,25116,24910,206,4.12,51.5,-1.5,-147.855,,,,,,,,
286/15-6-26,1985,2026-06-11 00:00:00,MERCEDES,PRATIK,,MH14LX3712,32,4,60,98.57,5914.2,35408,35256,152,2.533333333333333,38,22,2168.54,,,,,,,,
286/15-6-26,1986,2026-06-11 00:00:00,VW,PRATIK,,MH14KA1916,40,5.5,50,98.57,4928.5,137472,137327,145,2.9,26.363636363636363,23.636363636363637,2329.8363636363633,,,,,,,,
286/15-6-26,1987,2026-06-11 00:00:00,MERCEDES,PRATIK,,MH14LX3726,32,4,60,98.57,5914.2,34071,33809,262,4.366666666666666,65.5,-5.5,-542.135,,,,,,,,
286/15-6-26,1988,2026-06-11 00:00:00,MERCEDES,PRATIK,,MH14LX3718,32,4,65,98.57,6407.049999999999,31725,31545,180,2.769230769230769,45,20,1971.3999999999999,,,,,,,,
286/15-6-26,1989,2026-06-11 00:00:00,MERCEDES,PRATIK,,MH14LX3719,32,4,50,98.57,4928.5,37425,37245,180,3.6,45,5,492.84999999999997,,,,,,,,
286/15-6-26,1990,2026-06-11 00:00:00,MERCEDES,PRATIK,,MH14KA9141,32,4,70,98.57,6899.9,102655,102257,398,5.685714285714286,99.5,-29.5,-2907.8149999999996,,,,,,,,
286/15-6-26,1991,2026-06-11 00:00:00,MERCEDES,PRATIK,,MH14HU3978,32,4,100,98.57,9857,194910,194591,319,3.19,79.75,20.25,1996.0424999999998,,,,,,,,
286/15-6-26,1992,2026-06-11 00:00:00,MERCEDES,PRATIK,,MH14HU3982,32,4,40,98.57,3942.7999999999997,234678,234370,308,7.7,77,-37,-3647.0899999999997,,,,,,,,
286/15-6-26,1993,2026-06-11 00:00:00,MERCEDES,PRATIK,,MH14LX4885,32,4,100,98.57,9857,37933,37668,265,2.65,66.25,33.75,3326.7374999999997,,,,,,,,
286/15-6-26,1994,2026-06-11 00:00:00,MERCEDES,PRATIK,,MH14KA9150,32,4,90,98.57,8871.3,129306,128901,405,4.5,101.25,-11.25,-1108.9125,,,,,,,,
286/15-6-26,1995,2026-06-11 00:00:00,MERCEDES,PRATIK,,MH14HG3117,32,4,45,98.57,4435.65,243237,243107,130,2.888888888888889,32.5,12.5,1232.125,,,,,,,,
286/15-6-26,1996,2026-06-11 00:00:00,MERCEDES,PRATIK,,MH14HG3116,32,4,75,98.57,7392.749999999999,286214,285903,311,4.1466666666666665,77.75,-2.75,-271.0675,,,,,,,,
286/15-6-26,1997,2026-06-11 00:00:00,MERCEDES,PRATIK,,MH14LX3723,32,4,40,98.57,3942.7999999999997,30395,30246,149,3.725,37.25,2.75,271.0675,,,,,,,,
286/15-6-26,1998,2026-06-11 00:00:00,MERCEDES,PRATIK,,MH14HU3979,32,4,75,98.57,7392.749999999999,205790,205473,317,4.226666666666667,79.25,-4.25,-418.92249999999996,,,,,,,,
286/15-6-26,1999,2026-06-11 00:00:00,MERCEDES,PRATIK,YASHPAL KAMBLE,MH14HG3115,36,4,70,98.57,6899.9,266686,266378,308,4.4,77,-7,-689.99,,,,,,,,
286/15-6-26,2000,2026-06-11 00:00:00,MERCEDES,PRATIK,,MH14LX3714,32,4,55,98.57,5421.349999999999,39135,38926,209,3.8,52.25,2.75,271.0675,,,,,,,,
286/15-6-26,2001,2026-06-11 00:00:00,MERCEDES,PRATIK,,MH14KA9143,32,4,80,98.57,7885.599999999999,95272,94871,401,5.0125,100.25,-20.25,-1996.0424999999998,,,,,,,,
286/15-6-26,2002,2026-06-11 00:00:00,MERCEDES,PRATIK,,MH14KA9152,32,4,56,98.57,5519.92,117146,116899,247,4.410714285714286,61.75,-5.75,-566.7774999999999,,,,,,,,
286/15-6-26,2003,2026-06-11 00:00:00,MERCEDES,PRATIK,,MH14KA9138,32,4,85,98.57,8378.449999999999,115527,115205,322,3.788235294117647,80.5,4.5,443.56499999999994,,,,,,,,
286/15-6-26,2004,2026-06-11 00:00:00,MERCEDES,PRATIK,,MH14HG3112,32,4,100,98.57,9857,274290,273809,481,4.81,120.25,-20.25,-1996.0424999999998,,,,,,,,
286/15-6-26,2005,2026-06-11 00:00:00,MERCEDES,PRATIK,,MH14HU3985,50,4,100,98.57,9857,187937,187932,5,0.05,1.25,98.75,9733.787499999999,,,,,,,,
286/15-6-26,2006,2026-06-11 00:00:00,MERCEDES,PRATIK,,MH14HU3983,32,4,100,98.57,9857,187426,186977,449,4.49,112.25,-12.25,-1207.4824999999998,,,,,,,,
286/15-6-26,2007,2026-06-11 00:00:00,MERCEDES,PRATIK,,MH14LX3713,32,4,80,98.57,7885.599999999999,50281,49944,337,4.2125,84.25,-4.25,-418.92249999999996,,,,,,,,
286/15-6-26,2008,2026-06-11 00:00:00,MERCEDES,PRATIK,,MH14LX4888,32,4,60,98.57,5914.2,35942,35826,116,1.9333333333333333,29,31,3055.6699999999996,,,,,,,,
286/15-6-26,2009,2026-06-11 00:00:00,MERCEDES,PRATIK,,MH14KA9148,32,4,95,98.57,9364.15,110327,109938,389,4.094736842105263,97.25,-2.25,-221.78249999999997,,,,,,,,
286/15-6-26,2010,2026-06-11 00:00:00,MERCEDES,PRATIK,,MH14HU3980,32,4,92,98.57,9068.439999999999,234568,234285,283,3.0760869565217392,70.75,21.25,2094.6124999999997,,,,,,,,
2411/20-6-26,2011,2026-06-11 00:00:00,HYUNDAI,SAIEE,PREM SOLANKHI,MH14LX2599,40,5.5,98,98.59,9661.82,40223,39683,540,5.510204081632653,98.18181818181819,-0.18181818181818699,-17.925454545455054,,,,,,,,
2411/20-6-26,2012,2026-06-11 00:00:00,JCB,SAIEE,RAJU KHARAT,MH14LL4208,18,10,33,98.59,3253.4700000000003,142553,142257,296,8.969696969696969,29.6,3.3999999999999986,335.20599999999985,,,,,,,,
2411/20-6-26,2013,2026-06-11 00:00:00,JCB,SAIEE,,MH14LL4146,30,6,50,98.59,4929.5,135050,134749,301,6.02,50.166666666666664,-0.1666666666666643,-16.431666666666434,,,,,,,,
2411/20-6-26,2014,2026-06-11 00:00:00,HYUNDAI,SAIEE,ANIL PAWAR,MH14LX7841,40,5.5,128.66,98.59,12684.5894,43213,42494,719,5.588372454531323,130.72727272727272,-2.067272727272723,-203.81241818181775,,,,,,,,
2411/20-6-26,2015,2026-06-11 00:00:00,HYUNDAI,SAIEE,DENIYAL MANKWANI,MH14LX7488,41,5.5,133,98.59,13112.470000000001,48186,47519,667,5.015037593984962,121.27272727272727,11.727272727272734,1156.191818181819,,,,,,,,
2411/20-6-26,2016,2026-06-11 00:00:00,JCB,SAIEE,,MH14LX1060,50,4,96,98.59,9464.64,32122,31594,528,5.5,132,-36,-3549.2400000000002,,,,,,,,
2411/20-6-26,2017,2026-06-11 00:00:00,JCB,SAIEE,SHIDESHWAR KORE,MH14LL4183,30,6,46,98.59,4535.14,92889,92638,251,5.456521739130435,41.833333333333336,4.166666666666664,410.79166666666646,,,,,,,,
2411/20-6-26,2018,2026-06-11 00:00:00,JCB,SAIEE,DASHRATH BHOITE,MH14LL4192,30,6,90,98.59,8873.1,77758,77220,538,5.977777777777778,89.66666666666667,0.3333333333333286,32.86333333333287,,,,,,,,
2411/20-6-26,2019,2026-06-11 00:00:00,LEAR-CHAKAN,SAIEE,,MH14LB3844,32,6,55.26,98.59,5448.0834,96468,96336,132,2.3887079261672097,22,33.26,3279.1034,,,,,,,,
2411/20-6-26,2020,2026-06-11 00:00:00,JCB-VENDOR,SAIEE,,MH14LL4301,,,39.03,98.59,3847.9677,0,0,0,0,#DIV/0!,#DIV/0!,#DIV/0!,,,,,,,,
2411/20-6-26,2021,2026-06-11 00:00:00,JCB,SAIEE,BALU FALAKE,MH14LL4144,30,6,30,98.59,2957.7000000000003,103487,103331,156,5.2,26,4,394.36,,,,,,,,
2411/20-6-26,2022,2026-06-11 00:00:00,JCB,SAIEE,ABDUL SHAIKH,MH14LL4278,30,6,88,98.59,8675.92,48287,47758,529,6.011363636363637,88.16666666666667,-0.1666666666666714,-16.431666666667134,,,,,,,,
2411/20-6-26,2023,2026-06-11 00:00:00,JCB,SAIEE,FALKE,MH14LL4149,30,6,50,98.59,4929.5,145958,145423,535,10.7,89.16666666666667,-39.16666666666667,-3861.441666666667,,,,,,,,
2411/20-6-26,2024,2026-06-11 00:00:00,JCB-VENDOR,SAIEE,,MH12YB9901,,,36.98,98.59,3645.8581999999997,0,0,0,0,#DIV/0!,#DIV/0!,#DIV/0!,,,,,,,,
2411/20-6-26,2025,2026-06-11 00:00:00,LEAR-CHAKAN,SAIEE,SHIVAJI SHINDE,MH14LB5921,18,12,62,98.59,6112.58,212663,212107,556,8.96774193548387,46.333333333333336,15.666666666666664,1544.5766666666666,,,,,,,,
2411/20-6-26,2026,2026-06-11 00:00:00,JCB-VENDOR,SAIEE,VENDOR,MH14HG7555,17,10,33.97,98.59,3349.1023,0,0,0,0,0,33.97,3349.1023,,,,,,,,
2411/20-6-26,2027,2026-06-11 00:00:00,JCB,SAIEE,BALAJI RAWALE,MH14LL4199,18,10,45,98.59,4436.55,176089,175688,401,8.911111111111111,40.1,4.899999999999999,483.0909999999999,,,,,,,,
2411/20-6-26,2028,2026-06-11 00:00:00,JCB,SAIEE,SWAPNIL BORATE,MH14MT5755,17,10,60,98.59,5915.400000000001,0,0,0,0,0,60,5915.400000000001,,,,,,,,
2411/20-6-26,2029,2026-06-11 00:00:00,MITSUBISHI,SAIEE,AMIT KAMBLE,MH14LB2875,18,10,55,98.59,5422.45,113186,112662,524,9.527272727272727,52.4,2.6000000000000014,256.3340000000002,,,,,,,,
2411/20-6-26,2030,2026-06-11 00:00:00,JCB,SAIEE,BHAGWAT FHAPAL,MH14LL4198,18,10,40,98.59,3943.6000000000004,166135,165802,333,8.325,33.3,6.700000000000003,660.5530000000003,,,,,,,,
2411/20-6-26,2031,2026-06-11 00:00:00,JCB,SAIEE,HANUMANT GHOLAP,MH14LL4135,30,6,87,98.59,8577.33,128931,128452,479,5.505747126436781,79.83333333333333,7.166666666666671,706.5616666666672,,,,,,,,
2411/20-6-26,2032,2026-06-11 00:00:00,JCB,SAIEE,RAVI WAYKULE,MH14LL4123,30,6,126,98.59,12422.34,128509,127813,696,5.523809523809524,116,10,985.9000000000001,,,,,,,,
2411/20-6-26,2033,2026-06-11 00:00:00,BA-VENDER,SAIEE,DATTA DOMBLE,MH14LB2873,36,6,79,98.59,7788.610000000001,0,0,0,0,0,79,7788.610000000001,,,,,,,,
363,2034,2026-06-11 00:00:00,VW,YES,,MH14KA2557,40,5.5,80,98.41,7872.799999999999,211591,211222,369,4.6125,67.0909090909091,12.909090909090907,1270.383636363636,,,,,,,,
363,2035,2026-06-11 00:00:00,VW,YES,,MH14KA1894,40,5.5,90,98.41,8856.9,133531,133312,219,2.433333333333333,39.81818181818182,50.18181818181818,4938.392727272727,,,,,,,,
363,2036,2026-06-11 00:00:00,VW,YES,,MH14KA1901,40,5.5,125,98.41,12301.25,190213,189528,685,5.48,124.54545454545455,0.45454545454545325,44.731818181818056,,,,,,,,
363,2037,2026-06-11 00:00:00,VW,YES,,MH14KA2591,40,5.5,50,98.41,4920.5,139253,138963,290,5.8,52.72727272727273,-2.7272727272727266,-268.390909090909,,,,,,,,
363,2038,2026-06-11 00:00:00,VW,YES,,MH14KA2561,40,5.5,70,98.41,6888.7,238045,237744,301,4.3,54.72727272727273,15.272727272727273,1502.989090909091,,,,,,,,
363,2039,2026-06-11 00:00:00,VW,YES,,MH14KA2559,40,5.5,40,98.41,3936.3999999999996,148417,148213,204,5.1,37.09090909090909,2.9090909090909065,286.2836363636361,,,,,,,,
363,2040,2026-06-11 00:00:00,VW,YES,,MH14KA3312,20,8,40,98.41,3936.3999999999996,229117,228846,271,6.775,33.875,6.125,602.76125,,,,,,,,
363,2041,2026-06-11 00:00:00,VW,YES,,MH14KA1914,40,5.5,40,98.41,3936.3999999999996,127408,127228,180,4.5,32.72727272727273,7.272727272727273,715.709090909091,,,,,,,,
363,2042,2026-06-11 00:00:00,VW,YES,,MH14KA1883,40,5.5,50,98.41,4920.5,198341,198143,198,3.96,36,14,1377.74,,,,,,,,
363,2043,2026-06-11 00:00:00,VW,YES,,MH14KA1880,40,5.5,110,98.41,10825.1,220183,219417,766,6.963636363636364,139.27272727272728,-29.27272727272728,-2880.7290909090916,,,,,,,,
363,2044,2026-06-11 00:00:00,VW,YES,,MH14KA1893,40,5.5,90,98.41,8856.9,167510,167182,328,3.6444444444444444,59.63636363636363,30.363636363636367,2988.085454545455,,,,,,,,
363,2045,2026-06-11 00:00:00,VW,YES,,MH14KA1744,40,5.5,40,98.41,3936.3999999999996,166430,166246,184,4.6,33.45454545454545,6.545454545454547,644.1381818181819,,,,,,,,
363,2046,2026-06-11 00:00:00,VW,YES,,MH14KA1897,40,5.5,50,98.41,4920.5,215877,215662,215,4.3,39.09090909090909,10.909090909090907,1073.563636363636,,,,,,,,
363,2047,2026-06-11 00:00:00,VW,YES,,MH14KA1915,40,5.5,50,98.41,4920.5,259202,258985,217,4.34,39.45454545454545,10.545454545454547,1037.778181818182,,,,,,,,
363,2048,2026-06-11 00:00:00,VW,YES,,MH14KA2806,40,5.5,75,98.41,7380.75,122287,121873,414,5.52,75.27272727272727,-0.27272727272726627,-26.839090909090274,,,,,,,,
363,2049,2026-06-11 00:00:00,VW,YES,,MH14KA1882,40,5.5,40,98.41,3936.3999999999996,165457,165329,128,3.2,23.272727272727273,16.727272727272727,1646.130909090909,,,,,,,,
363,2050,2026-06-11 00:00:00,VW,YES,,MH14KA1764,40,5.5,60,98.41,5904.599999999999,148270,148037,233,3.8833333333333333,42.36363636363637,17.636363636363633,1735.5945454545451,,,,,,,,
363,2051,2026-06-11 00:00:00,BC,YES,,MH14LB3849,40,5.5,104,98.41,10234.64,98044,97731,313,3.0096153846153846,56.90909090909091,47.09090909090909,4634.216363636364,,,,,,,,
363,2052,2026-06-11 00:00:00,BC-VENDER,YES,,MH14LX9897,17,10,75,98.41,7380.75,0,0,0,0,0,75,7380.75,,,,,,,,
363,2053,2026-06-11 00:00:00,VW,YES,,MH14KA2563,40,5.5,35,98.41,3444.35,137614,137423,191,5.457142857142857,34.72727272727273,0.2727272727272734,26.83909090909097,,,,,,,,
363,2054,2026-06-11 00:00:00,VW,YES,,MH14KA2817,40,5.5,35,98.41,3444.35,151870,151728,142,4.057142857142857,25.818181818181817,9.181818181818183,903.5827272727274,,,,,,,,
363,2055,2026-06-11 00:00:00,BC,YES,BASVARAJ,MH14LL4204,18,10,38,98.41,3739.58,165051,164741,310,8.157894736842104,31,7,688.87,,,,,,,,
363,2056,2026-06-11 00:00:00,BC-VENDER,YES,,MH14LX9322,,,121,98.41,11907.609999999999,0,0,0,0,#DIV/0!,#DIV/0!,#DIV/0!,,,,,,,,
363,2057,2026-06-11 00:00:00,VW,YES,,MH14KA2556,40,5.5,50,98.41,4920.5,163471,163245,226,4.52,41.09090909090909,8.909090909090907,876.743636363636,,,,,,,,
363,2058,2026-06-11 00:00:00,VW,YES,,MH14KA2464,40,5.5,70,98.41,6888.7,144891,144603,288,4.114285714285714,52.36363636363637,17.636363636363633,1735.5945454545451,,,,,,,,
363,2059,2026-06-11 00:00:00,BC-VENDER,YES,Sudhakar Sharad Daptare,MH14KQ5693,20,10,38,98.41,3739.58,0,0,0,0,0,38,3739.58,,,,,,,,
363,2060,2026-06-11 00:00:00,BC,YES,,MH14LB3985,50,4,70,98.41,6888.7,83994,83668,326,4.6571428571428575,81.5,-11.5,-1131.715,,,,,,,,
363,2061,2026-06-11 00:00:00,VW,YES,,MH14KA1763,40,5.5,60,98.41,5904.599999999999,125939,125649,290,4.833333333333333,52.72727272727273,7.272727272727273,715.709090909091,,,,,,,,
363,2062,2026-06-11 00:00:00,VW,YES,,MH14KA1906,40,5.5,100,98.41,9841,169005,168496,509,5.09,92.54545454545455,7.454545454545453,733.601818181818,,,,,,,,
363,2063,2026-06-11 00:00:00,BC-VENDER,YES,Prathmesh Tours & Travels,MH12VF1253,20,10,51,98.41,5018.91,0,0,0,0,0,51,5018.91,,,,,,,,
363,2064,2026-06-11 00:00:00,BC-VENDER,YES,,MH14LQ1600,36,6,43,98.41,4231.63,0,0,0,0,0,43,4231.63,,,,,,,,
363,2065,2026-06-11 00:00:00,VW,YES,,MH14KA1765,40,5.5,80,98.41,7872.799999999999,159126,158986,140,1.75,25.454545454545453,54.54545454545455,5367.818181818182,,,,,,,,
363,2066,2026-06-11 00:00:00,VW,YES,,MH14KA1879,40,5.5,90,98.41,8856.9,195861,195369,492,5.466666666666667,89.45454545454545,0.5454545454545467,53.67818181818194,,,,,,,,
363,2067,2026-06-11 00:00:00,VW,YES,,MH14KA2818,40,5.5,100,98.41,9841,129819,129321,498,4.98,90.54545454545455,9.454545454545453,930.421818181818,,,,,,,,
363,2068,2026-06-11 00:00:00,VW,YES,BARKU KALANTKAR,MH14KA2813,40,5.5,100,98.41,9841,118283,117794,489,4.89,88.9090909090909,11.090909090909093,1091.456363636364,,,,,,,,
363,2069,2026-06-11 00:00:00,BC-VENDER,YES,,MH14HG7929,,,54,98.41,5314.139999999999,0,0,0,0,#DIV/0!,#DIV/0!,#DIV/0!,,,,,,,,
363,2070,2026-06-11 00:00:00,VW,YES,,MH14KA2935,40,5.5,40,98.41,3936.3999999999996,152866,152727,139,3.475,25.272727272727273,14.727272727272727,1449.310909090909,,,,,,,,
363,2071,2026-06-11 00:00:00,BC,YES,,MH14HG2520,40,5,82,98.41,8069.62,213274,213171,103,1.2560975609756098,20.6,61.4,6042.374,,,,,,,,
363,2072,2026-06-11 00:00:00,VW,YES,,MH14KA1905,40,5.5,30,98.41,2952.2999999999997,212670,212391,279,9.3,50.72727272727273,-20.727272727272727,-2039.7709090909088,,,,,,,,
363,2073,2026-06-11 00:00:00,VW,YES,,MH14KA1890,40,5.5,30,98.41,2952.2999999999997,121295,121200,95,3.1666666666666665,17.272727272727273,12.727272727272727,1252.4909090909089,,,,,,,,
363,2074,2026-06-11 00:00:00,VW,YES,,MH14KA2554,40,5.5,70,98.41,6888.7,177397,177148,249,3.557142857142857,45.27272727272727,24.727272727272727,2433.4109090909087,,,,,,,,
363,2075,2026-06-11 00:00:00,VW,YES,,MH14KQ1004,40,5.5,90,98.41,8856.9,84766,84350,416,4.622222222222222,75.63636363636364,14.36363636363636,1413.525454545454,,,,,,,,
363,2076,2026-06-11 00:00:00,VW,YES,MAHADEV MASKE,MH14KA3316,20,8,30,98.41,2952.2999999999997,169212,168888,324,10.8,40.5,-10.5,-1033.305,,,,,,,,
363,2077,2026-06-11 00:00:00,VW,YES,,MH14KA2924,40,5.5,50,98.41,4920.5,119758,119487,271,5.42,49.27272727272727,0.7272727272727266,71.57090909090903,,,,,,,,
363,2078,2026-06-11 00:00:00,VW,YES,,MH14KA2880,40,5.5,80,98.41,7872.799999999999,150195,149764,431,5.3875,78.36363636363636,1.6363636363636402,161.03454545454582,,,,,,,,
363,2079,2026-06-11 00:00:00,VW,YES,,MH14KA1886,40,5.5,40,98.41,3936.3999999999996,198437,198212,225,5.625,40.90909090909091,-0.9090909090909065,-89.46363636363611,,,,,,,,
363,2080,2026-06-11 00:00:00,VW,YES,,MH14KA2808,40,5.5,50,98.41,4920.5,127184,126905,279,5.58,50.72727272727273,-0.7272727272727266,-71.57090909090903,,,,,,,,
363,2081,2026-06-11 00:00:00,VW,YES,,MH14KA2569,40,5.5,100,98.41,9841,168958,168452,506,5.06,92,8,787.28,,,,,,,,
363,2082,2026-06-11 00:00:00,BC-VENDER,YES,,MH14HG3816,,,58,98.41,5707.78,0,0,0,0,#DIV/0!,#DIV/0!,#DIV/0!,,,,,,,,
1482/20-6-26,2083,2026-06-11 00:00:00,VW,SHUBHAM,,MH14KA1888,40,5.5,30,98.44,2953.2,170765,170451,314,10.466666666666667,57.09090909090909,-27.090909090909093,-2666.829090909091,,,,,,,,
1482/20-6-26,2084,2026-06-11 00:00:00,VW,SHUBHAM,,MH14KA1915,40,5.5,40,98.44,3937.6,259448,259202,246,6.15,44.72727272727273,-4.727272727272727,-465.3527272727272,,,,,,,,
286/15-6-26,2085,2026-06-11 00:00:00,VW,PRATIK,,MH14KA2811,40,5.5,50,98.57,4928.5,188999,188743,256,5.12,46.54545454545455,3.4545454545454533,340.5145454545453,,,,,,,,
286/15-6-26,2086,2026-06-11 00:00:00,VW,PRATIK,,MH14KA2814,40,5.5,60,98.57,5914.2,158791,158553,238,3.966666666666667,43.27272727272727,16.727272727272727,1648.8072727272724,,,,,,,,
286/15-6-26,2087,2026-06-11 00:00:00,VW,PRATIK,,MH14KA2816,40,5.5,60,98.57,5914.2,120788,120469,319,5.316666666666666,58,2,197.14,,,,,,,,
286/15-6-26,2088,2026-06-11 00:00:00,VW,PRATIK,,MH14KA1904,40,5.5,100,98.57,9857,151041,150579,462,4.62,84,16,1577.12,,,,,,,,
286/15-6-26,2089,2026-06-11 00:00:00,VW,PRATIK,,MH14KA1737,40,5.5,100,98.57,9857,163981,163724,257,2.57,46.72727272727273,53.27272727272727,5251.092727272727,,,,,,,,
286/15-6-26,2090,2026-06-11 00:00:00,VW,PRATIK,,MH14KA2560,40,5.5,50,98.57,4928.5,180859,180629,230,4.6,41.81818181818182,8.18181818181818,806.481818181818,,,,,,,,
,2091,2026-06-11 00:00:00,BAJAJ WALUJ,HPCL,ASPAK,MH20GC8875,50,5,54,99.44,5369.76,78893,78726,167,3.0925925925925926,33.4,20.6,2048.464,,,,,,,,
,2092,2026-06-11 00:00:00,BAJAJ WALUJ,HPCL,NAZIR,MH14CW4456,40,5.5,70,99.44,6960.8,292676,292270,406,5.8,73.81818181818181,-3.818181818181813,-379.6799999999995,,,,,,,,
,2093,2026-06-11 00:00:00,BAJAJ WALUJ,HPCL,SAGER,MH20GC8876,50,5,60,99.44,5966.4,121920,121651,269,4.483333333333333,53.8,6.200000000000003,616.5280000000002,,,,,,,,
,2094,2026-06-11 00:00:00,BAJAJ WALUJ,HPCL,JABBAR,MH20GC8872,50,5,60,99.44,5966.4,105756,105519,237,3.95,47.4,12.600000000000001,1252.9440000000002,,,,,,,,
,2095,2026-06-11 00:00:00,BAJAJ WALUJ,HPCL,JABBAR,MH20GC8872,50,5,42,99.44,4176.48,105871,105756,115,2.738095238095238,23,19,1889.36,,,,,,,,
,2096,2026-06-11 00:00:00,BAJAJ WALUJ,HPCL,NAGESH,MH20GC5309,50,5,57,99.44,5668.08,153282,152967,315,5.526315789473684,63,-6,-596.64,,,,,,,,
,2097,2026-06-11 00:00:00,BAJAJ WALUJ,HPCL,MANGESH,MH20GC8891,50,5,57,99.44,5668.08,88054,87704,350,6.140350877192983,70,-13,-1292.72,,,,,,,,
,2098,2026-06-11 00:00:00,BAJAJ WALUJ,HPCL,YOGESH,MH20GC5343,50,5,35,99.44,3480.4,118181,118021,160,4.571428571428571,32,3,298.32,,,,,,,,
,2099,2026-06-11 00:00:00,BAJAJ WALUJ,HPCL,RAJPUT,MH14CW4616,40,5.5,40,99.44,3977.6,294496,294272,224,5.6,40.72727272727273,-0.7272727272727266,-72.31999999999994,,,,,,,,
,2100,2026-06-11 00:00:00,BAJAJ WALUJ,HPCL,SHAIKH,MH14CW4816,40,5.5,63,99.44,6264.72,303259,302911,348,5.523809523809524,63.27272727272727,-0.2727272727272734,-27.120000000000065,,,,,,,,
,2101,2026-06-11 00:00:00,CITYFLOW MUMBAI,,,MH04MH3731,27,4,83.28,98.04,8164.771200000001,49333,49025,308,3.6983669548511044,77,6.280000000000001,615.6912000000001,,,,,,,,
,2102,2026-06-11 00:00:00,CITYFLOW MUMBAI,,,MH04MH3742,27,4,55,98,5390,37155,36933,222,4.036363636363636,55.5,-0.5,-49,,,,,,,,
,2103,2026-06-11 00:00:00,CITYFLOW MUMBAI,,,MH04MH4719,27,4,80,98.04,7843.200000000001,38591,38271,320,4,80,0,0,,,,,,,,
,2104,2026-06-11 00:00:00,CITYFLOW MUMBAI,,,MH04MH5107,27,4,85.15,97.89,8335.3335,29393,29101,292,3.4292425132119786,73,12.150000000000006,1189.3635000000006,,,,,,,,
,2105,2026-06-11 00:00:00,CITYFLOW MUMBAI,,,MH04MH6309,27,4,55,98.04,5392.200000000001,32162,31836,326,5.927272727272728,81.5,-26.5,-2598.06,,,,,,,,
,2106,2026-06-11 00:00:00,CITYFLOW MUMBAI,,,MH04MH6311,27,4,55,98.04,5392.200000000001,29369,29057,312,5.672727272727273,78,-23,-2254.92,,,,,,,,
,2107,2026-06-11 00:00:00,CITYFLOW MUMBAI,,,MH04MH6313,27,4,45,98,4410,48604,48413,191,4.2444444444444445,47.75,-2.75,-269.5,,,,,,,,
,2108,2026-06-11 00:00:00,CITYFLOW MUMBAI,,,MH04MH6316,27,4,20,98,1960,8871,8802,69,3.45,17.25,2.75,269.5,,,,,,,,
,2109,2026-06-11 00:00:00,CITYFLOW MUMBAI,,,MH04MR5568,17,5.5,55.37,97.83,5416.8471,7971,7638,333,6.014087050749503,60.54545454545455,-5.175454545454549,-506.31471818181853,,,,,,,,
,2110,2026-06-11 00:00:00,CITYFLOW MUMBAI,,,MH04MR5569,17,5.5,70.92,97.83,6938.1036,9940,9401,539,7.600112803158488,98,-27.08,-2649.2364,,,,,,,,
,2111,2026-06-11 00:00:00,CITYFLOW MUMBAI,,,MH04MR5864,40,3.7,146.53,97.83,14335.0299,16411,16005,406,2.770763666143452,109.72972972972973,36.800270270270275,3600.1704405405408,,,,,,,,
,2112,2026-06-11 00:00:00,CITYFLOW MUMBAI,,,MH04MR5922,40,3.7,154.83,97.83,15147.018900000001,19655,19601,54,0.3487696182910288,14.594594594594595,140.23540540540543,13719.229710810812,,,,,,,,
,2113,2026-06-11 00:00:00,LEAR-CHENNAI,,,TN87H2151,4,,29.29,108.23,3170.0567,83131,82642,489,16.695117787640832,#DIV/0!,#DIV/0!,#DIV/0!,,,,,,,,
,2114,2026-06-11 00:00:00,LEAR-CHENNAI,,,TN87H1942,32,,79.1,100.03,7912.373,43573,42916,657,8.305941845764854,#DIV/0!,#DIV/0!,#DIV/0!,,,,,,,,
,2115,2026-06-11 00:00:00,LEAR-CHENNAI,,,TN87H1975,32,,74.64,100.03,7466.2392,125367,124809,558,7.47588424437299,#DIV/0!,#DIV/0!,#DIV/0!,,,,,,,,
,2116,2026-06-11 00:00:00,LEAR-CHENNAI,,,TN87H2083,24,,82.59,100.03,8261.477700000001,152141,151460,681,8.245550308754087,#DIV/0!,#DIV/0!,#DIV/0!,,,,,,,,
,2117,2026-06-11 00:00:00,LEAR-CHENNAI,,,TN87H1913,32,,76.89,100.03,7691.3067,130926,130353,573,7.452204447912602,#DIV/0!,#DIV/0!,#DIV/0!,,,,,,,,
,2118,2026-06-11 00:00:00,LEAR-CHENNAI,,,TN87H2018,24,,80.17,100.03,8019.4051,83198,82597,601,7.496569789197954,#DIV/0!,#DIV/0!,#DIV/0!,,,,,,,,
,2119,2026-06-11 00:00:00,LEAR-CHENNAI,,,TN87H2065,24,,64.55,100.03,6456.9365,33798,33338,460,7.126258714175059,#DIV/0!,#DIV/0!,#DIV/0!,,,,,,,,
,2120,2026-06-11 00:00:00,LEAR-CHENNAI,,,TN87H1960,32,,79.41,100.03,7943.382299999999,52182,51620,562,7.07719430802166,#DIV/0!,#DIV/0!,#DIV/0!,,,,,,,,
,2121,2026-06-11 00:00:00,LEAR-CHENNAI,,,TN87H1931,32,,83.7,100.03,8372.511,92631,91995,636,7.598566308243727,#DIV/0!,#DIV/0!,#DIV/0!,,,,,,,,
,2122,2026-06-11 00:00:00,LEAR-CHENNAI,,,TN87H1962,32,,77.79,100.03,7781.333700000001,58468,57877,591,7.597377554955649,#DIV/0!,#DIV/0!,#DIV/0!,,,,,,,,
,2123,2026-06-11 00:00:00,LEAR-CHENNAI,,,TN87H2088,24,,70.33,100.03,7035.1098999999995,53876,53313,563,8.005118726005971,#DIV/0!,#DIV/0!,#DIV/0!,,,,,,,,
,2124,2026-06-11 00:00:00,TMBSL,JABBAR PUMP ,UMESH M AND AKASH ,KA25AB7980,40+1,5.5,101,98.63,9961.63,118463,117898,565,5.594059405940594,102.72727272727273,-1.7272727272727337,-170.36090909090973,,,,,,,,
,2125,2026-06-11 00:00:00,TMBSL,JABBAR PUMP ,MAHANTESH AND SACHIN ,KA25AC0453,55+1,4.5,128,98.63,12624.64,77924,77289,635,4.9609375,141.11111111111111,-13.111111111111114,-1293.1488888888891,,,,,,,,
,2126,2026-06-11 00:00:00,TMBSL,JABBAR PUMP ,SHANKAR AND MAILARI ,KA25AB7982,55+1,4.5,123,98.63,12131.49,138173,137602,571,4.642276422764228,126.88888888888889,-3.8888888888888857,-383.5611111111108,,,,,,,,
,2127,2026-06-11 00:00:00,TMBSL,JABBAR PUMP ,NAGAPPA GIDAMUDI AND ATMANAND ,KA25AB7984,55+1,4.5,107,98.63,10553.41,145503,144997,506,4.728971962616822,112.44444444444444,-5.444444444444443,-536.9855555555554,,,,,,,,
,2128,2026-06-11 00:00:00,TMBSL,JABBAR PUMP ,BASAVARJ KITTUR AND IRANNA D,KA25AB7986,55+1,4.5,96,98.63,9468.48,121669,121222,447,4.65625,99.33333333333333,-3.3333333333333286,-328.7666666666662,,,,,,,,
,2129,2026-06-11 00:00:00,TMBSL,JABBAR PUMP ,BASAVARAJ S AND NAGU M ,KA25AB7981,40+1,5.5,93,98.63,9172.59,129359,128843,516,5.548387096774194,93.81818181818181,-0.818181818181813,-80.6972727272722,,,,,,,,
,2130,2026-06-11 00:00:00,TML,JABBAR PUMP ,VINOD T,KA25AA1647,49+1,4.25,168,98.63,16569.84,127846,127132,714,4.25,168,0,0,,,,,,,,
,2131,2026-06-11 00:00:00,TMBSL,JABBAR PUMP ,SAGAR AND HANUMANTH ,KA25AC0058,55+1,4.5,120,98.63,11835.599999999999,107352,106772,580,4.833333333333333,128.88888888888889,-8.888888888888886,-876.7111111111108,,,,,,,,
364,2132,2026-06-12 00:00:00,KB-VENDER,YES,AYUB JAMADAR,MH14KQ5220,40,5.5,86,98.41,8463.26,0,0,0,0,0,86,8463.26,,,,,,,,
364,2133,2026-06-12 00:00:00,TML,YES,SOMNATH KALE,MH14CW2902,36,5.5,44,98.41,4330.04,395321,394972,349,7.931818181818182,63.45454545454545,-19.454545454545453,-1914.521818181818,,,,,,,,
364,2134,2026-06-12 00:00:00,TML,YES,DANRAJ KOLI,MH14CW2905,36,5.5,85,98.41,8364.85,555613,555164,449,5.2823529411764705,81.63636363636364,3.3636363636363598,331.01545454545413,,,,,,,,
364,2135,2026-06-12 00:00:00,TML,YES,GANSHAM RAM,MH14CW4610,40,5.5,115,98.41,11317.15,397316,396805,511,4.443478260869565,92.9090909090909,22.090909090909093,2173.966363636364,,,,,,,,
364,2136,2026-06-12 00:00:00,TML,YES,BALAJI JOGE,MH14CW4611,40,5.5,101,98.41,9939.41,445935,445468,467,4.623762376237623,84.9090909090909,16.090909090909093,1583.5063636363639,,,,,,,,
364,2137,2026-06-12 00:00:00,TML,YES,SATISH PADWAL,MH14CW2904,36,5.5,80,98.41,7872.799999999999,399364,398966,398,4.975,72.36363636363636,7.63636363636364,751.4945454545458,,,,,,,,
364,2138,2026-06-12 00:00:00,TML-VENDER,YES,,MH14MH2897,40,5.5,87,98.41,8561.67,0,0,0,0,0,87,8561.67,,,,,,,,
364,2139,2026-06-12 00:00:00,KB,YES,AMOL BANSODE,MH14GD4458,49,4,160,98.41,15745.599999999999,453281,452753,528,3.3,132,28,2755.48,,,,,,,,
364,2140,2026-06-12 00:00:00,KB,YES,,MH14MT2842,40,5.5,115,98.41,11317.15,34527,33943,584,5.078260869565217,106.18181818181819,8.818181818181813,867.7972727272722,,,,,,,,
364,2141,2026-06-12 00:00:00,KB,YES,AMOL PAIK,MH14CW3580,36,5.5,85,98.41,8364.85,364680,364242,438,5.152941176470589,79.63636363636364,5.36363636363636,527.8354545454541,,,,,,,,
364,2142,2026-06-12 00:00:00,KB,YES,,MH14CW4614,40,5.5,100,98.41,9841,284017,283613,404,4.04,73.45454545454545,26.545454545454547,2612.338181818182,,,,,,,,
364,2143,2026-06-12 00:00:00,TML,YES,KISHOR SHINDE,MH14CW4823,40,5.3,81,98.41,7971.21,559913,559448,465,5.7407407407407405,87.73584905660378,-6.735849056603783,-662.8749056603782,,,,,,,,
364,2144,2026-06-12 00:00:00,ADMIN,YES,BADADE/ SALVE/KAMBLE,MH14DM8003,6,12,32,98.41,3149.12,293064,292759,305,9.53125,25.416666666666668,6.583333333333332,647.8658333333332,,,,,,,,
364,2145,2026-06-12 00:00:00,TML,YES,SACHIN KAMBLE,MH14CW3584,36,5.5,60,98.41,5904.599999999999,506921,506426,495,8.25,90,-30,-2952.2999999999997,,,,,,,,
364,2146,2026-06-12 00:00:00,TML,YES,,MH14CW3867,,,70,98.41,6888.7,100948,100603,345,4.928571428571429,#DIV/0!,#DIV/0!,#DIV/0!,,,,,,,,
364,2147,2026-06-12 00:00:00,KB,YES,,MH14HG5612,28,6,82,98.41,8069.62,413689,413331,358,4.365853658536586,59.666666666666664,22.333333333333336,2197.8233333333333,,,,,,,,
364,2148,2026-06-12 00:00:00,TML,YES,,MH14CW2896,36,5.5,100,98.41,9841,411375,410738,637,6.37,115.81818181818181,-15.818181818181813,-1556.6672727272721,,,,,,,,
364,2149,2026-06-12 00:00:00,KB,YES,SHIVANCHAL,MH14HG5614,28,6,126,98.41,12399.66,380568,379927,641,5.087301587301587,106.83333333333333,19.16666666666667,1886.191666666667,,,,,,,,
364,2150,2026-06-12 00:00:00,TML,YES,LAXMAN MAHARAJ,MH14CW3266,36,5,110,98.41,10825.1,172243,171766,477,4.336363636363636,95.4,14.599999999999994,1436.7859999999994,,,,,,,,
364,2151,2026-06-12 00:00:00,TML,YES,SHIVAJI SAWANT,MH14CW4852,39,4.5,25,98.41,2460.25,88358,88060,298,11.92,66.22222222222223,-41.22222222222223,-4056.6788888888896,,,,,,,,
364,2152,2026-06-12 00:00:00,TML,YES,,MH14CW4806,41,5.5,40,98.41,3936.3999999999996,404952,404650,302,7.55,54.90909090909091,-14.909090909090907,-1467.203636363636,,,,,,,,
364,2153,2026-06-12 00:00:00,KB-VENDER,YES,,MH14NE4959,,,96,98.41,9447.36,0,0,0,0,#DIV/0!,#DIV/0!,#DIV/0!,,,,,,,,
364,2154,2026-06-12 00:00:00,TML,YES,,MH14CW2897,36,5.5,95,98.41,9348.949999999999,387864,387319,545,5.7368421052631575,99.0909090909091,-4.0909090909090935,-402.5863636363639,,,,,,,,
364,2155,2026-06-12 00:00:00,LEAR-BHOSARI,YES,NIMBHALKAR,MH14LB6092,18,12,38,98.41,3739.58,48608,48263,345,9.078947368421053,28.75,9.25,910.2925,,,,,,,,
364,2156,2026-06-12 00:00:00,KB,YES,KESHV PAWADE,MH14GD4460,49,4,187,98.41,18402.67,472284,471414,870,4.652406417112299,217.5,-30.5,-3001.505,,,,,,,,
,2157,2026-06-12 00:00:00,TML-VENDER,JAYHIND,BORASE,MH14KQ9520,40,5.5,77.7,98.21,7630.9169999999995,0,0,0,0,0,77.7,7630.9169999999995,,,,,,,,
,2158,2026-06-12 00:00:00,TML,JAYHIND,AMOL,MH14CW3581,36,5.5,90,98.21,8838.9,84798,84326,472,5.2444444444444445,85.81818181818181,4.181818181818187,410.69636363636414,,,,,,,,
,2159,2026-06-12 00:00:00,TML,JAYHIND,DILIP BARKAMBE,MH14CW4815,41,5,80,98.21,7856.799999999999,503350,502945,405,5.0625,81,-1,-98.21,,,,,,,,
,2160,2026-06-12 00:00:00,TML-VENDER,JAYHIND,BORASE,MH14KA9502,40,5.5,105.6,98.21,10370.975999999999,0,0,0,0,0,105.6,10370.975999999999,,,,,,,,
,2161,2026-06-12 00:00:00,TML,JAYHIND,RAMDAS MARANE,MH14CW4822,41,5.5,80,98.21,7856.799999999999,483469,483068,401,5.0125,72.9090909090909,7.0909090909090935,696.398181818182,,,,,,,,
,2162,2026-06-12 00:00:00,KB,JAYHIND,RAJU JAMADAR,MH14HG5617,28,6,90,98.21,8838.9,408229,407750,479,5.322222222222222,79.83333333333333,10.166666666666671,998.4683333333337,,,,,,,,
,2163,2026-06-12 00:00:00,TML,JAYHIND,MALLIKARJUN BODALE,MH12KQ0265,44,3.5,170,98.21,16695.7,443143,442634,509,2.9941176470588236,145.42857142857142,24.571428571428584,2413.160000000001,,,,,,,,
,2164,2026-06-12 00:00:00,KB,JAYHIND,DHARMA LOKHANDE,MH14HG9380,33,6,100,98.21,9821,289851,289357,494,4.94,82.33333333333333,17.66666666666667,1735.0433333333337,,,,,,,,
,2165,2026-06-12 00:00:00,BC,JAYHIND,LANDAGE,MH14LB3847,40,5.5,70,98.21,6874.7,80607,80327,280,4,50.90909090909091,19.090909090909093,1874.918181818182,,,,,,,,
,2166,2026-06-12 00:00:00,BA-VENDER,JAYHIND,SITARAM POL,MH14LB5428,18,12,33.45,98.21,3285.1245,0,0,0,0,0,33.45,3285.1245,,,,,,,,
,2167,2026-06-12 00:00:00,BC,JAYHIND,SOURABHV BOABADE,MH14LB3989,50,4,60,98.21,5892.599999999999,98168,97870,298,4.966666666666667,74.5,-14.5,-1424.0449999999998,,,,,,,,
,2168,2026-06-12 00:00:00,BA-VENDER,JAYHIND,ABHAY HANDE,MH14LL1494,17,10,43.48,98.21,4270.1708,0,0,0,0,0,43.48,4270.1708,,,,,,,,
,2169,2026-06-12 00:00:00,BC,JAYHIND,YOGESH GAWANDE,MH14LB4534,50,4,89,98.21,8740.689999999999,73827,73386,441,4.955056179775281,110.25,-21.25,-2086.9625,,,,,,,,
,2170,2026-06-12 00:00:00,BC,JAYHIND,ANKIT KAKODIYA,MH14LB3845,32,6,50,98.21,4910.5,94310,93912,398,7.96,66.33333333333333,-16.33333333333333,-1604.0966666666661,,,,,,,,
,2171,2026-06-12 00:00:00,BC,JAYHIND,DANAJI SAKUNDE,MH14LB3846,32,6,60,98.21,5892.599999999999,110389,110079,310,5.166666666666667,51.666666666666664,8.333333333333336,818.4166666666669,,,,,,,,
,2172,2026-06-12 00:00:00,KB,JAYHIND,PANDURANG WARE,MH14HU0837,28,6,100,98.21,9821,349756,349163,593,5.93,98.83333333333333,1.1666666666666714,114.57833333333379,,,,,,,,
,2173,2026-06-12 00:00:00,BA-VENDER,JAYHIND,DATTA DOMBLE,MH14LB2783,36,6,47.38,98.21,4653.1898,0,0,0,0,0,47.38,4653.1898,,,,,,,,
,2174,2026-06-12 00:00:00,JCB,JAYHIND,AYUB PATHAN,MH14LL4157,30,6,100,98.21,9821,142058,141533,525,5.25,87.5,12.5,1227.625,,,,,,,,
,2175,2026-06-12 00:00:00,BA-VENDER,JAYHIND,VAIBHAV KAWADE,MH14LB8792,17,10,55.11,98.21,5412.353099999999,0,0,0,0,0,55.11,5412.353099999999,,,,,,,,
,2176,2026-06-12 00:00:00,JCB,JAYHIND,MANOJ KAMBLE,MH14LL4153,30,6,86,98.21,8446.06,154939,154423,516,6,86,0,0,,,,,,,,
,2177,2026-06-12 00:00:00,BA-VENDER,JAYHIND,DEVDAS DEKHANE,MH12WR1918,17,10,36.8,98.21,3614.1279999999997,0,0,0,0,0,36.8,3614.1279999999997,,,,,,,,
,2178,2026-06-12 00:00:00,TML,JAYHIND,,MH14CW4802,41,5.3,80,98.21,7856.799999999999,483256,482742,514,6.425,96.9811320754717,-16.981132075471706,-1667.7169811320762,,,,,,,,
,2179,2026-06-12 00:00:00,KB,JAYHIND,,MH14CW4381,37,5,106,98.21,10410.26,137434,136893,541,5.10377358490566,108.2,-2.200000000000003,-216.06200000000027,,,,,,,,
,2180,2026-06-12 00:00:00,KB,IOCL,,MH14MT2841,40,5.5,89.03,98.15,8738.2945,24849,24595,254,2.8529709086824666,46.18181818181818,42.84818181818182,4205.549045454546,,,,,,,,
,2181,2026-06-12 00:00:00,,HPCL,,MH14GD4456,40,5.5,188.3,98.17,18485.411,358441,357341,1100,5.841741901221455,200,-11.699999999999989,-1148.5889999999988,,,,,,,,
1482/20-6-26,2182,2026-06-12 00:00:00,BC-VENDER,SHUBHAM,Mukund Ramchandra Madvalkar,MH14LX9492,17,10,49,98.44,4823.5599999999995,0,0,0,0,0,49,4823.5599999999995,,,,,,,,
1482/20-6-26,2183,2026-06-12 00:00:00,BC,SHUBHAM,,MH14GD9106,36,6,40,98.44,3937.6,439004,438858,146,3.65,24.333333333333332,15.666666666666668,1542.2266666666667,,,,,,,,
,2184,2026-06-12 00:00:00,CITY FLOW PUNE,HPCL,,MH14MT2474,26,4,82.82,98.19,8132.095799999999,8538,8303,235,2.8374788698382036,58.75,24.069999999999993,2363.4332999999992,,,,,,,,
,2185,2026-06-12 00:00:00,JCB,BPCL,NITESH DONGARE,MH14LL4184,30,6,61.08,98.23,5999.8884,137820,137463,357,5.844793713163065,59.5,1.5799999999999983,155.20339999999985,,,,,,,,
,2186,2026-06-12 00:00:00,JCB,IOCL,VIKAS HEMADE,MH14LL4140,30,6,43,98.52,4236.36,173174,172916,258,6,43,0,0,,,,,,,,
,2187,2026-06-12 00:00:00,JCB,BPCL,JAGDISH PATIL,MH14LL4189,30,6,67,98.37,6590.79,208074,207704,370,5.522388059701493,61.666666666666664,5.333333333333336,524.6400000000002,,,,,,,,
,2188,2026-06-12 00:00:00,LEAR-CHAKAN,BPCL,NIWAS RATHOD,MH14LB5919,18,12,40,98.18,3927.2000000000003,239786,239458,328,8.2,27.333333333333332,12.666666666666668,1243.6133333333335,,,,,,,,
,2189,2026-06-12 00:00:00,LEAR-CHAKAN,BPCL,VITTHALRAO,MH14LB5821,18,12,40,98.32,3932.7999999999997,78716,78367,349,8.725,29.083333333333332,10.916666666666668,1073.3266666666666,,,,,,,,
2411/20-6-26,2190,2026-06-12 00:00:00,JCB,SAIEE,MAULI KHOLE,MH14LL4150,30,6,84,98.59,8281.56,94654,94151,503,5.988095238095238,83.83333333333333,0.1666666666666714,16.431666666667134,,,,,,,,
2411/20-6-26,2191,2026-06-12 00:00:00,JCB,SAIEE,DATTA RAUT,MH14LL4121,30,6,50,98.59,4929.5,146316,146027,289,5.78,48.166666666666664,1.8333333333333357,180.74833333333356,,,,,,,,
2411/20-6-26,2192,2026-06-12 00:00:00,JCB,SAIEE,SHIDESHWAR KORE,MH14LL4183,30,6,53,98.59,5225.27,93182,92889,293,5.528301886792453,48.833333333333336,4.166666666666664,410.79166666666646,,,,,,,,
2411/20-6-26,2193,2026-06-12 00:00:00,JCB,SAIEE,REVANATH LANDGE,MH14LL4194,30,6,66,98.59,6506.9400000000005,131242,130845,397,6.015151515151516,66.16666666666667,-0.1666666666666714,-16.431666666667134,,,,,,,,
2411/20-6-26,2194,2026-06-12 00:00:00,JCB,SAIEE,DAYNESHWAR GAVALI,MH14LL4139,30,6,65,98.59,6408.35,129807,129445,362,5.569230769230769,60.333333333333336,4.666666666666664,460.0866666666665,,,,,,,,
2411/20-6-26,2195,2026-06-12 00:00:00,JCB,SAIEE,,MH14LL4138,30,6,85,98.59,8380.15,162009,161535,474,5.576470588235294,79,6,591.54,,,,,,,,
2411/20-6-26,2196,2026-06-12 00:00:00,JCB,SAIEE,PANDURANG KADAM,MH14CW2890,36,5,78,98.59,7690.02,466408,465977,431,5.5256410256410255,86.2,-8.200000000000003,-808.4380000000003,,,,,,,,
2411/20-6-26,2197,2026-06-12 00:00:00,JCB,SAIEE,KETAN POTE,MH14LL4137,30,6,64,98.59,6309.76,91342,90897,445,6.953125,74.16666666666667,-10.166666666666671,-1002.3316666666672,,,,,,,,
2411/20-6-26,2198,2026-06-12 00:00:00,JCB,SAIEE,RAJU KHARAT,MH14LL4208,18,10,33,98.59,3253.4700000000003,142845,142553,292,8.848484848484848,29.2,3.8000000000000007,374.6420000000001,,,,,,,,
2411/20-6-26,2199,2026-06-12 00:00:00,JCB-VENDOR,SAIEE,,MH14LL4301,,,43.11,98.59,4250.2149,0,0,0,0,#DIV/0!,#DIV/0!,#DIV/0!,,,,,,,,
2411/20-6-26,2200,2026-06-12 00:00:00,JCB-VENDOR,SAIEE,,MH12YB9901,,,41.11,98.59,4053.0349,0,0,0,0,#DIV/0!,#DIV/0!,#DIV/0!,,,,,,,,
2411/20-6-26,2201,2026-06-12 00:00:00,JCB,SAIEE,SUNIL BARMUKH,MH14LL4209,30,6,79,98.59,7788.610000000001,78973,78497,476,6.025316455696203,79.33333333333333,-0.3333333333333286,-32.86333333333287,,,,,,,,
2411/20-6-26,2202,2026-06-12 00:00:00,JCB,SAIEE,SACHIN RAUT,MH14LL4205,18,10,51,98.59,5028.09,190721,190300,421,8.254901960784315,42.1,8.899999999999999,877.4509999999999,,,,,,,,
2411/20-6-26,2203,2026-06-12 00:00:00,JCB,SAIEE,BALAJI RAWALE,MH14LL4199,18,10,40,98.59,3943.6000000000004,176426,176089,337,8.425,33.7,6.299999999999997,621.1169999999997,,,,,,,,
2411/20-6-26,2204,2026-06-12 00:00:00,JCB,SAIEE,SWAPNIL BORATE,MH14MT5755,17,10,36.44,98.59,3592.6196,0,0,0,0,0,36.44,3592.6196,,,,,,,,
2411/20-6-26,2205,2026-06-12 00:00:00,JCB-VENDOR,SAIEE,VENDOR,MH14HG7555,17,10,39.28,98.59,3872.6152,0,0,0,0,0,39.28,3872.6152,,,,,,,,
2411/20-6-26,2206,2026-06-12 00:00:00,JCB,SAIEE,DATTATRAY BIDAVE,MH14LL4128,30,6,105,98.59,10351.95,88408,87778,630,6,105,0,0,,,,,,,,
2411/20-6-26,2207,2026-06-12 00:00:00,JCB,SAIEE,SANTOSH SHINDE,MH14LL4125,30,6,111,98.59,10943.49,99635,98970,665,5.990990990990991,110.83333333333333,0.1666666666666714,16.431666666667134,,,,,,,,
2411/20-6-26,2208,2026-06-12 00:00:00,MITSUBISHI,SAIEE,SANTOSH CHAVAN,MH14LB2874,33,6,52,98.59,5126.68,73819,73510,309,5.9423076923076925,51.5,0.5,49.295,,,,,,,,
2411/20-6-26,2209,2026-06-12 00:00:00,MITSUBISHI,SAIEE,,MH14LB2876,18,10,36,98.59,3549.2400000000002,101274,100950,324,9,32.4,3.6000000000000014,354.92400000000015,,,,,,,,
2411/20-6-26,2210,2026-06-12 00:00:00,JCB,SAIEE,YOURAJ WAGH,MH14LL4179,30,6,110,98.59,10844.9,109838,109174,664,6.036363636363636,110.66666666666667,-0.6666666666666714,-65.72666666666714,,,,,,,,
2411/20-6-26,2211,2026-06-12 00:00:00,JCB,SAIEE,GAJANAN MARSHETTI,MH14LL4197,18,10,65,98.59,6408.35,106311,105724,587,9.03076923076923,58.7,6.299999999999997,621.1169999999997,,,,,,,,
,2212,2026-06-12 00:00:00,JCB,JAYHIND,VISHNU YADAV,MH14LL4126,30,6,77,98.21,7562.169999999999,61562,61159,403,5.233766233766234,67.16666666666667,9.833333333333329,965.7316666666661,,,,,,,,
,2213,2026-06-12 00:00:00,JCB,JAYHIND,SUNIL WAGH,MH14LL4136,30,6,102,98.21,10017.42,92116,91501,615,6.029411764705882,102.5,-0.5,-49.105,,,,,,,,
2411/20-6-26,2214,2026-06-12 00:00:00,VW,SAIEE,,MH14KA1741,40,5.5,100,98.59,9859,137529,136868,661,6.61,120.18181818181819,-20.181818181818187,-1989.725454545455,,,,,,,,
2411/20-6-26,2215,2026-06-12 00:00:00,JCB,SAIEE,PRAVIN SABLE,MH14LL4196,18,10,34,98.59,3352.06,84743,84336,407,11.970588235294118,40.7,-6.700000000000003,-660.5530000000003,,,,,,,,
2411/20-6-26,2216,2026-06-12 00:00:00,HYUNDAI,SAIEE,VILAS KAMBLE,MH14LL6328,41,5.5,119.15,98.59,11746.998500000002,42525,42127,398,3.3403273185060844,72.36363636363636,46.786363636363646,4612.667590909092,,,,,,,,
2411/20-6-26,2217,2026-06-12 00:00:00,HYUNDAI,SAIEE,YOGESH DALE,MH14LX2752,40,5.5,112.22,98.59,11063.7698,30417,29720,697,6.211014079486723,126.72727272727273,-14.507272727272735,-1430.272018181819,,,,,,,,
77,2218,2026-06-12 00:00:00,VW,YES,,MH14KA1912,40,5.5,120,98.41,11809.199999999999,223554,222929,625,5.208333333333333,113.63636363636364,6.36363636363636,626.2454545454541,,,,,,,,
77,2219,2026-06-12 00:00:00,VW,YES,,MH14KA2935,40,5.5,90,98.41,8856.9,153101,152866,235,2.611111111111111,42.72727272727273,47.27272727272727,4652.109090909091,,,,,,,,
77,2220,2026-06-12 00:00:00,VW,YES,,MH14KA1740,40,5.5,100,98.41,9841,179176,178888,288,2.88,52.36363636363637,47.63636363636363,4687.894545454545,,,,,,,,
77,2221,2026-06-12 00:00:00,VW,YES,,MH14KA1499,40,5.5,131,98.41,12891.71,236599,235942,657,5.015267175572519,119.45454545454545,11.545454545454547,1136.1881818181819,,,,,,,,
77,2222,2026-06-12 00:00:00,VW,YES,,MH14KA1744,40,5.5,40,98.41,3936.3999999999996,166573,166430,143,3.575,26,14,1377.74,,,,,,,,
77,2223,2026-06-12 00:00:00,VW,YES,,MH14KA2591,40,5.5,40,98.41,3936.3999999999996,139381,139253,128,3.2,23.272727272727273,16.727272727272727,1646.130909090909,,,,,,,,
77,2224,2026-06-12 00:00:00,VW,YES,,MH14KA1913,40,5.5,88,98.41,8660.08,297521,296934,587,6.670454545454546,106.72727272727273,-18.727272727272734,-1842.9509090909096,,,,,,,,
77,2225,2026-06-12 00:00:00,VW,YES,,MH14KA3312,20,8,40,98.41,3936.3999999999996,229396,229117,279,6.975,34.875,5.125,504.35125,,,,,,,,
77,2226,2026-06-12 00:00:00,VW,YES,,MH14KA1883,40,5.5,40,98.41,3936.3999999999996,198534,198341,193,4.825,35.09090909090909,4.9090909090909065,483.1036363636361,,,,,,,,
77,2227,2026-06-12 00:00:00,VW,YES,,MH14KA1907,40,5.5,70,98.41,6888.7,202801,202443,358,5.114285714285714,65.0909090909091,4.9090909090909065,483.1036363636361,,,,,,,,
77,2228,2026-06-12 00:00:00,VW,YES,,MH14KA2808,40,5.5,40,98.41,3936.3999999999996,127322,127184,138,3.45,25.09090909090909,14.90909090909091,1467.2036363636364,,,,,,,,
77,2229,2026-06-12 00:00:00,VW,YES,,MH14KA2469,40,5.5,40,98.41,3936.3999999999996,141241,141021,220,5.5,40,0,0,,,,,,,,
77,2230,2026-06-12 00:00:00,VW,YES,,MH14KA3010,40,5.5,50,98.41,4920.5,194846,194601,245,4.9,44.54545454545455,5.454545454545453,536.781818181818,,,,,,,,
77,2231,2026-06-12 00:00:00,VW,YES,,MH14KA1902,40,5.5,100,98.41,9841,169420,168966,454,4.54,82.54545454545455,17.454545454545453,1717.701818181818,,,,,,,,
77,2232,2026-06-12 00:00:00,VW,YES,,MH14KA1882,40,5.5,40,98.41,3936.3999999999996,165501,165457,44,1.1,8,32,3149.12,,,,,,,,
77,2233,2026-06-12 00:00:00,VW,YES,,MH14KA1910,40,5.5,100,98.41,9841,156411,156107,304,3.04,55.27272727272727,44.72727272727273,4401.6109090909085,,,,,,,,
77,2234,2026-06-12 00:00:00,VW,YES,,MH14KA2563,40,5.5,50,98.41,4920.5,137818,137614,204,4.08,37.09090909090909,12.909090909090907,1270.383636363636,,,,,,,,
77,2235,2026-06-12 00:00:00,VW,YES,,MH14KA2812,40,5.5,50,98.41,4920.5,129448,129178,270,5.4,49.09090909090909,0.9090909090909065,89.46363636363611,,,,,,,,
77,2236,2026-06-12 00:00:00,VW,YES,,MH14KA1764,40,5.5,40,98.41,3936.3999999999996,148377,148270,107,2.675,19.454545454545453,20.545454545454547,2021.878181818182,,,,,,,,
77,2237,2026-06-12 00:00:00,VW,YES,,MH14KA1915,40,5.5,80,98.41,7872.799999999999,259572,259448,124,1.55,22.545454545454547,57.45454545454545,5654.101818181818,,,,,,,,
77,2238,2026-06-12 00:00:00,VW,YES,,MH14KA2556,40,5.5,60,98.41,5904.599999999999,163744,163471,273,4.55,49.63636363636363,10.363636363636367,1019.8854545454549,,,,,,,,
77,2239,2026-06-12 00:00:00,VW,YES,,MH14KA1898,40,5.5,50,98.41,4920.5,168597,168364,233,4.66,42.36363636363637,7.636363636363633,751.4945454545451,,,,,,,,
77,2240,2026-06-12 00:00:00,VW,YES,,MH14KA2807,40,5.5,100,98.41,9841,178905,178445,460,4.6,83.63636363636364,16.36363636363636,1610.345454545454,,,,,,,,
77,2241,2026-06-12 00:00:00,VW,YES,,MH14KA1893,40,5.5,90,98.41,8856.9,167680,167510,170,1.8888888888888888,30.90909090909091,59.09090909090909,5815.136363636364,,,,,,,,
77,2242,2026-06-12 00:00:00,VW,YES,,MH14KA2817,40,5.5,50,98.41,4920.5,152021,151870,151,3.02,27.454545454545453,22.545454545454547,2218.698181818182,,,,,,,,
77,2243,2026-06-12 00:00:00,VW,YES,,MH14KA2463,40,5.5,60,98.41,5904.599999999999,138257,137978,279,4.65,50.72727272727273,9.272727272727273,912.529090909091,,,,,,,,
77,2244,2026-06-12 00:00:00,BC,YES,RAJ KAMBLE,MH14LB4535,50,3.5,60,98.41,5904.599999999999,111725,111453,272,4.533333333333333,77.71428571428571,-17.714285714285708,-1743.2628571428565,,,,,,,,
77,2245,2026-06-12 00:00:00,VW,YES,,MH14KA1894,40,5.5,60,98.41,5904.599999999999,133864,133531,333,5.55,60.54545454545455,-0.5454545454545467,-53.67818181818194,,,,,,,,
77,2246,2026-06-12 00:00:00,BC-VENDER,YES,,MH14LX9897,17,10,30,98.41,2952.2999999999997,0,0,0,0,0,30,2952.2999999999997,,,,,,,,
77,2247,2026-06-12 00:00:00,BC-VENDER,YES,,MH14MH4066,,,30,98.41,2952.2999999999997,0,0,0,0,#DIV/0!,#DIV/0!,#DIV/0!,,,,,,,,
77,2248,2026-06-12 00:00:00,BC-VENDER,YES,,MH14MH1600,36,6,30,98.41,2952.2999999999997,0,0,0,0,0,30,2952.2999999999997,,,,,,,,
77,2249,2026-06-12 00:00:00,BC-VENDER,YES,Prathmesh Tours & Travels,MH12VF1253,20,10,30,98.41,2952.2999999999997,0,0,0,0,0,30,2952.2999999999997,,,,,,,,
77,2250,2026-06-12 00:00:00,VW,YES,,MH14KA1890,40,5.5,30,98.41,2952.2999999999997,121390,121295,95,3.1666666666666665,17.272727272727273,12.727272727272727,1252.4909090909089,,,,,,,,
77,2251,2026-06-12 00:00:00,BC-VENDER,YES,Sudhakar Sharad Daptare,MH14KQ5693,20,10,30,98.41,2952.2999999999997,0,0,0,0,0,30,2952.2999999999997,,,,,,,,
77,2252,2026-06-12 00:00:00,BC-VENDER,YES,Mukund Ramchandra Madvalkar,MH12LB9492,17,10,30,98.41,2952.2999999999997,0,0,0,0,0,30,2952.2999999999997,,,,,,,,
77,2253,2026-06-12 00:00:00,BC,YES,,MH14LB3990,50,4,57,98.41,5609.37,72569,72420,149,2.6140350877192984,37.25,19.75,1943.5974999999999,,,,,,,,
77,2254,2026-06-12 00:00:00,VW,YES,,MH14KA2810,40,5.5,40,98.41,3936.3999999999996,169109,168888,221,5.525,40.18181818181818,-0.18181818181817988,-17.892727272727083,,,,,,,,
77,2255,2026-06-12 00:00:00,VW,YES,,MH14KA3310,40,5.5,40,98.41,3936.3999999999996,159279,158932,347,8.675,63.09090909090909,-23.090909090909093,-2272.3763636363637,,,,,,,,
77,2256,2026-06-12 00:00:00,VW,YES,,MH14KA2464,40,5.5,40,98.41,3936.3999999999996,145069,144891,178,4.45,32.36363636363637,7.636363636363633,751.4945454545451,,,,,,,,
77,2257,2026-06-12 00:00:00,VW,YES,,MH14KA2467,40,5.5,50,98.41,4920.5,151026,150749,277,5.54,50.36363636363637,-0.36363636363636687,-35.78545454545486,,,,,,,,
77,2258,2026-06-12 00:00:00,VW,YES,,MH14KA1888,40,5.5,60,98.41,5904.599999999999,170834,170765,69,1.15,12.545454545454545,47.45454545454545,4670.001818181818,,,,,,,,
77,2259,2026-06-12 00:00:00,VW,YES,,MH14KA1909,40,5.5,50,98.41,4920.5,154520,154122,398,7.96,72.36363636363636,-22.36363636363636,-2200.8054545454543,,,,,,,,
77,2260,2026-06-12 00:00:00,VW,YES,,MH14KA2731,40,5.5,70,98.41,6888.7,175447,175371,76,1.0857142857142856,13.818181818181818,56.18181818181818,5528.852727272727,,,,,,,,
77,2261,2026-06-12 00:00:00,VW,YES,,MH14KA2809,40,5.5,80,98.41,7872.799999999999,150711,150462,249,3.1125,45.27272727272727,34.72727272727273,3417.510909090909,,,,,,,,
,2262,2026-06-12 00:00:00,BAJAJ WALUJ,HPCL,MALODE,MH20GC8878,50,5,50,99.44,4972,97328,97050,278,5.56,55.6,-5.600000000000001,-556.8640000000001,,,,,,,,
,2263,2026-06-12 00:00:00,BAJAJ WALUJ,HPCL,ADHE,MH20GC8874,50,5,67.68,99.44,6730.099200000001,100928,100537,391,5.777186761229314,78.2,-10.519999999999996,-1046.1087999999995,,,,,,,,
,2264,2026-06-12 00:00:00,BAJAJ WALUJ,HPCL,DIVTE,MH20GC8873,50,5,70,99.44,6960.8,107490,107150,340,4.857142857142857,68,2,198.88,,,,,,,,
,2265,2026-06-12 00:00:00,BAJAJ WALUJ,HPCL,ABHIJEET,MH20GC5419,50,5,56,99.44,5568.639999999999,18399,18093,306,5.464285714285714,61.2,-5.200000000000003,-517.0880000000003,,,,,,,,
,2266,2026-06-12 00:00:00,BAJAJ WALUJ,HPCL,JABBAR,MH20GC8872,50,5,20,99.44,1988.8,106125,105871,254,12.7,50.8,-30.799999999999997,-3062.7519999999995,,,,,,,,
,2267,2026-06-12 00:00:00,BAJAJ WALUJ,HPCL,LATE,MH20GC8893,50,5,20,99.44,1988.8,99546,99323,223,11.15,44.6,-24.6,-2446.224,,,,,,,,
,2268,2026-06-12 00:00:00,BAJAJ WALUJ,HPCL,GORAKH,MH14CW4805,40,5.5,51,99.44,5071.44,293308,293023,285,5.588235294117647,51.81818181818182,-0.8181818181818201,-81.36000000000018,,,,,,,,
,2269,2026-06-12 00:00:00,BAJAJ WALUJ,HPCL,RAMESHWAR,MH20GC5307,40,5.5,75,99.44,7458,93869,93239,630,8.4,114.54545454545455,-39.54545454545455,-3932.4,,,,,,,,
,2270,2026-06-12 00:00:00,BAJAJ WALUJ,HPCL,GAUTAM,MH14CW4813,40,5.5,40,99.44,3977.6,293652,293428,224,5.6,40.72727272727273,-0.7272727272727266,-72.31999999999994,,,,,,,,
,2271,2026-06-12 00:00:00,BAJAJ WALUJ,HPCL,RAJPUT,MH14CW4616,40,5.5,20,99.44,1988.8,294608,294496,112,5.6,20.363636363636363,-0.3636363636363633,-36.15999999999997,,,,,,,,
,2272,2026-06-12 00:00:00,BAJAJ WALUJ,HPCL,SUDAM,MH14HG5613,32,5.5,60,99.44,5966.4,73735,73318,417,6.95,75.81818181818181,-15.818181818181813,-1572.9599999999994,,,,,,,,
,2273,2026-06-12 00:00:00,BAJAJ WALUJ,HPCL,NAGESH,MH20GC5309,50,5,57,99.44,5668.08,153596,153282,314,5.508771929824562,62.8,-5.799999999999997,-576.7519999999997,,,,,,,,
,2274,2026-06-12 00:00:00,BAJAJ WALUJ,HPCL,JABBAR,MH20GC8872,50,5,51,99.44,5071.44,106207,106125,82,1.607843137254902,16.4,34.6,3440.6240000000003,,,,,,,,
,2275,2026-06-12 00:00:00,BAJAJ WALUJ,HPCL,JABBAR,MH20GC8872,50,5,20,99.44,1988.8,106441,106207,234,11.7,46.8,-26.799999999999997,-2664.9919999999997,,,,,,,,
,2276,2026-06-12 00:00:00,BAJAJ WALUJ,HPCL,SAGER,MH20GC8876,50,5,20,99.44,1988.8,122279,121920,359,17.95,71.8,-51.8,-5150.991999999999,,,,,,,,
,2277,2026-06-12 00:00:00,BAJAJ WALUJ,HPCL,RAJPUT,MH14CW4616,40,5.5,30,99.44,2983.2,294776,294608,168,5.6,30.545454545454547,-0.5454545454545467,-54.24000000000013,,,,,,,,
,2278,2026-06-12 00:00:00,BAJAJ WALUJ,HPCL,GUNJAL,MH14CW4824,40,5.5,70,99.44,6960.8,300917,300519,398,5.685714285714286,72.36363636363636,-2.3636363636363598,-235.03999999999962,,,,,,,,
,2279,2026-06-12 00:00:00,BAJAJ WALUJ,HPCL,SANJAY,MH20GC8879,50,5,70,99.44,6960.8,134715,134601,114,1.6285714285714286,22.8,47.2,4693.568,,,,,,,,
,2280,2026-06-12 00:00:00,BAJAJ WALUJ,HPCL,DADARAO,MH14CW4609,40,5.5,48,99.44,4773.12,294377,294107,270,5.625,49.09090909090909,-1.0909090909090935,-108.48000000000026,,,,,,,,
,2281,2026-06-12 00:00:00,BAJAJ WALUJ,HPCL,AJAY,MH14HU0836,32,5.5,30,99.44,2983.2,319236,319062,174,5.8,31.636363636363637,-1.6363636363636367,-162.72000000000003,,,,,,,,
,2282,2026-06-12 00:00:00,BAJAJ WALUJ,HPCL,BHAGWAN,MH20GC5417,50,5,45,99.44,4474.8,12277,12029,248,5.511111111111111,49.6,-4.600000000000001,-457.42400000000015,,,,,,,,
,2283,2026-06-12 00:00:00,BAJAJ WALUJ,HPCL,NAKIM,MH20GZ5478,50,5,45,99.44,4474.8,6999,6530,469,10.422222222222222,93.8,-48.8,-4852.672,,,,,,,,
,2284,2026-06-12 00:00:00,BAJAJ WALUJ,HPCL,AJAY,MH14CW4485,50,3.5,50,99.44,4972,55401,55221,180,3.6,51.42857142857143,-1.4285714285714306,-142.05714285714305,,,,,,,,
,2285,2026-06-12 00:00:00,BAJAJ WALUJ,HPCL,YOGESH,MH20GC5343,50,5,40,99.44,3977.6,118389,118181,208,5.2,41.6,-1.6000000000000014,-159.10400000000013,,,,,,,,
,2286,2026-06-12 00:00:00,BAJAJ WALUJ,HPCL,NARYAN,MH20GC5342,50,5,44,99.44,4375.36,109615,109377,238,5.409090909090909,47.6,-3.6000000000000014,-357.98400000000015,,,,,,,,
,2287,2026-06-12 00:00:00,BAJAJ WALUJ,HPCL,SOPAN,MH20GZ5418,50,5,30,99.44,2983.2,8762,8631,131,4.366666666666666,26.2,3.8000000000000007,377.87200000000007,,,,,,,,
,2288,2026-06-12 00:00:00,BAJAJ WALUJ,HPCL,ARVIND,MH14CW4615,40,5.5,61,99.44,6065.84,302795,302447,348,5.704918032786885,63.27272727272727,-2.2727272727272734,-226.00000000000006,,,,,,,,
,2289,2026-06-12 00:00:00,BAJAJ WALUJ,HPCL,LATE,MH20GC8893,50,5,47,99.44,4673.68,99680,99546,134,2.851063829787234,26.8,20.2,2008.6879999999999,,,,,,,,
,2290,2026-06-12 00:00:00,BAJAJ WALUJ,HPCL,ASLAM,MH20GC5308,40,5.5,52,99.44,5170.88,98036,97734,302,5.8076923076923075,54.90909090909091,-2.9090909090909065,-289.27999999999975,,,,,,,,
,2291,2026-06-12 00:00:00,CITYFLOW MUMBAI,,,MH04MH3731,27,4,71.82,97.89,7030.4598,49597,49333,264,3.675856307435255,66,5.819999999999993,569.7197999999993,,,,,,,,
,2292,2026-06-12 00:00:00,CITYFLOW MUMBAI,,,MH04MH3734,27,4,80,97.89,7831.2,25141,24926,215,2.6875,53.75,26.25,2569.6125,,,,,,,,
,2293,2026-06-12 00:00:00,CITYFLOW MUMBAI,,,MH04MH3742,27,4,55,98,5390,37378,37155,223,4.054545454545455,55.75,-0.75,-73.5,,,,,,,,
,2294,2026-06-12 00:00:00,CITYFLOW MUMBAI,,,MH04MH6313,27,4,45,98,4410,48798,48604,194,4.311111111111111,48.5,-3.5,-343,,,,,,,,
,2295,2026-06-12 00:00:00,LEAR-CHENNAI,,,TN87H1905,32,,86.33,100.25,8654.5825,78826,78279,547,6.336151974979729,#DIV/0!,#DIV/0!,#DIV/0!,,,,,,,,
,2296,2026-06-12 00:00:00,LEAR-CHENNAI,,,TN87H2151,4,,26.79,117.11,3137.3768999999998,83624,83131,493,18.40238895110116,#DIV/0!,#DIV/0!,#DIV/0!,,,,,,,,
,2297,2026-06-12 00:00:00,LEAR-CHENNAI,,,TN87H2067,24,,78,100.03,7802.34,73659,73038,621,7.961538461538462,#DIV/0!,#DIV/0!,#DIV/0!,,,,,,,,
,2298,2026-06-12 00:00:00,LEAR-CHENNAI,,,TN87H2191,4,,26.08,100.03,2608.7824,67335,66977,358,13.726993865030675,#DIV/0!,#DIV/0!,#DIV/0!,,,,,,,,
,2299,2026-06-12 00:00:00,LEAR-CHENNAI,,,TN87H1964,32,,76.05,100.25,7624.0125,42725,42139,586,7.705456936226168,#DIV/0!,#DIV/0!,#DIV/0!,,,,,,,,
,2300,2026-06-12 00:00:00,LEAR-CHENNAI,,,TN87H1996,32,,82.88,100.03,8290.4864,69755,69241,514,6.201737451737452,#DIV/0!,#DIV/0!,#DIV/0!,,,,,,,,
,2301,2026-06-12 00:00:00,LEAR-CHENNAI,,,TN87H5485,36,,81.78,100.03,8180.4534,284822,284336,486,5.9427732942039615,#DIV/0!,#DIV/0!,#DIV/0!,,,,,,,,
,2302,2026-06-12 00:00:00,LEAR-CHENNAI,,,TN87H2061,24,,84.7,100.25,8491.175000000001,82977,82239,738,8.71310507674144,#DIV/0!,#DIV/0!,#DIV/0!,,,,,,,,
,2303,2026-06-12 00:00:00,LEAR-CHENNAI,,,TN87H2083,24,,76.82,100.03,7684.3045999999995,152819,152141,678,8.825826607654257,#DIV/0!,#DIV/0!,#DIV/0!,,,,,,,,
,2304,2026-06-12 00:00:00,LEAR-CHENNAI,,,TN87H2004,24,,76.77,100.03,7679.3031,75958,75341,617,8.036993617298425,#DIV/0!,#DIV/0!,#DIV/0!,,,,,,,,
,2305,2026-06-12 00:00:00,LEAR-CHENNAI,,,TN87H1913,32,,74.64,100.03,7466.2392,131510,130926,584,7.82422293676313,#DIV/0!,#DIV/0!,#DIV/0!,,,,,,,,
,2306,2026-06-12 00:00:00,LEAR-CHENNAI,,,TN87H2088,24,,89.19,100.03,8921.6757,54558,53876,682,7.646597152147102,#DIV/0!,#DIV/0!,#DIV/0!,,,,,,,,
,2307,2026-06-12 00:00:00,LEAR-CHENNAI,,,TN87H1975,32,,73.34,100.03,7336.2002,125917,125367,550,7.499318243796019,#DIV/0!,#DIV/0!,#DIV/0!,,,,,,,,
,2308,2026-06-12 00:00:00,LEAR-CHENNAI,,,TN87H1971,32,,40,100.03,4001.2,73799,73174,625,15.625,#DIV/0!,#DIV/0!,#DIV/0!,Topup,,,,,,,
,2309,2026-06-12 00:00:00,TMBSL,JABBAR PUMP ,MANJUNATH CHINDI AND MALLESH ,KA25AC0057,55+1,4.5,125,98.63,12328.75,93389,92776,613,4.904,136.22222222222223,-11.222222222222229,-1106.8477777777784,,,,,,,,
,2310,2026-06-12 00:00:00,TMBSL,JABBAR PUMP ,IRAPPA AND RUDRAYYA ,KA25AB7985,55+1,4.5,107,98.63,10553.41,117760,117255,505,4.719626168224299,112.22222222222223,-5.2222222222222285,-515.0677777777784,,,,,,,,
,2311,2026-06-12 00:00:00,TML,JABBAR PUMP ,BASAVARAJ KUNDAGOL,KA25AA1649,49+1,4.25,100,98.63,9863,310536,310092,444,4.44,104.47058823529412,-4.470588235294116,-440.93411764705866,,,,,,,,
,2312,2026-06-12 00:00:00,TML,JABBAR PUMP ,BASAVARAJ KURRATI ,KA25AA1644,49+1,4.25,124,98.63,12230.119999999999,210531,210000,531,4.282258064516129,124.94117647058823,-0.941176470588232,-92.8282352941173,,,,,,,,
,2313,2026-06-12 00:00:00,TMBSL,JABBAR PUMP ,SACHIN AND GANESH ,KA25AB7989,40+1,5.5,102,98.63,10060.26,133703,133127,576,5.647058823529412,104.72727272727273,-2.7272727272727337,-268.9909090909097,,,,,,,,
,2314,2026-06-12 00:00:00,TML,JABBAR PUMP ,MAHESH KARGI,KA25AA1646,49+1,4.25,186.12,98.63,18357.0156,308087,307226,861,4.626047711154094,202.58823529411765,-16.468235294117648,-1624.2620470588236,,,,,,,,
,2315,2026-06-12 00:00:00,TML,JABBAR PUMP ,SHARIF NADAF,KA25AA1642,49+1,4.25,178,98.63,17556.14,293354,292595,759,4.264044943820225,178.58823529411765,-0.5882352941176521,-58.017647058824025,,,,,,,,
286/15-6-26,2316,2026-06-13 00:00:00,MERCEDES,PRATIK,,MH14LX3712,32,4,60,98.57,5914.2,35551,35408,143,2.3833333333333333,35.75,24.25,2390.3224999999998,,,,,,,,
,2317,2026-06-13 00:00:00,JCB,BPCL,BADE,MH14LL4191,30,6,80.01,98.39,7872.183900000001,105466,105087,379,4.736907886514185,63.166666666666664,16.84333333333334,1657.2155666666674,,,,,,,,
,2318,2026-06-13 00:00:00,JCB,JAYHIND,SACHIN WAGHMARE,MH14LL4187,30,6,100,98.21,9821,132070,131488,582,5.82,97,3,294.63,,,,,,,,
,2319,2026-06-13 00:00:00,JCB,JAYHIND,BALAJI THOBOLE,MH14LL4195,30,6,73,98.21,7169.33,134584,134146,438,6,73,0,0,,,,,,,,
,2320,2026-06-13 00:00:00,TML,JAYHIND,SATISH SHINDE,MH14CW4061,36,5.5,130,98.21,12767.3,436211,435556,655,5.038461538461538,119.0909090909091,10.909090909090907,1071.3818181818178,,,,,,,,
,2321,2026-06-13 00:00:00,KB,HPCL,,MH14GD4457,49,4,195.7,98.17,19211.869,329640,329024,616,3.147675012774655,154,41.69999999999999,4093.688999999999,,,,,,,,
,2322,2026-06-13 00:00:00,JCB,BPCL,NITESH DONGARE,MH14LL4184,30,6,61.09,98.23,6000.8707,138165,137820,345,5.647405467343264,57.5,3.5900000000000034,352.6457000000004,,,,,,,,
,2323,2026-06-13 00:00:00,JCB,IOCL,BAPU VAMAN,MH14LL4159,30,6,47,98.3,4620.099999999999,174451,173886,565,12.02127659574468,94.16666666666667,-47.16666666666667,-4636.483333333334,,,,,,,,
,2324,2026-06-13 00:00:00,JCB,IOCL,VIKAS HEMADE,MH14LL4140,30,6,53,98.52,5221.5599999999995,173492,173174,318,6,53,0,0,,,,,,,,
,2325,2026-06-13 00:00:00,JCB,BPCL,JAGDISH PATIL,MH14LL4189,30,6,70,98.37,6885.900000000001,208459,208074,385,5.5,64.16666666666667,5.833333333333329,573.8249999999996,,,,,,,,
,2326,2026-06-13 00:00:00,LEAR-CHAKAN,BPCL,NIWAS RATHOD,MH14LB5919,18,12,40,98.18,3927.2000000000003,240128,239786,342,8.55,28.5,11.5,1129.0700000000002,,,,,,,,
,2327,2026-06-13 00:00:00,LEAR-CHAKAN,BPCL,VITTHALRAO,MH14LB5821,18,12,40,98.32,3932.7999999999997,79062,78716,346,8.65,28.833333333333332,11.166666666666668,1097.9066666666668,,,,,,,,
1482/20-6-26,2328,2026-06-13 00:00:00,MITSUBISHI,SHUBHAM,RAMDAS DATE,MH14LB2872,33,6,20,98.44,1968.8,72105,71689,416,20.8,69.33333333333333,-49.33333333333333,-4856.373333333333,,,,,,,,
1482/20-6-26,2329,2026-06-13 00:00:00,BC,SHUBHAM,AJINKYA KAMBLE,MH14LB3879,32,6,50,98.44,4922,104909,104664,245,4.9,40.833333333333336,9.166666666666664,902.3666666666664,,,,,,,,
1482/20-6-26,2330,2026-06-13 00:00:00,LEAR-CHAKAN,SHUBHAM,,MH14LB3844,32,6,49.31,98.44,4854.0764,96749,96468,281,5.698641249239505,46.833333333333336,2.4766666666666666,243.80306666666664,,,,,,,,
1482/20-6-26,2331,2026-06-13 00:00:00,BC,SHUBHAM,,MH14LB3984,50,4,70,98.44,6890.8,56376,56177,199,2.842857142857143,49.75,20.25,1993.4099999999999,,,,,,,,
1482/20-6-26,2332,2026-06-13 00:00:00,BC,SHUBHAM,RAM SHINDE,MH14LB3988,50,4,40,98.44,3937.6,67903,67745,158,3.95,39.5,0.5,49.22,,,,,,,,
1482/20-6-26,2333,2026-06-13 00:00:00,BC-VENDER,SHUBHAM,,MH14MT9600,18,10,38,98.44,3740.72,0,0,0,0,0,38,3740.72,,,,,,,,
1482/20-6-26,2334,2026-06-13 00:00:00,BC,SHUBHAM,HIMMAT MURADE,MH14LB8052,7,24,42,98.44,4134.48,104256,103852,404,9.619047619047619,16.833333333333332,25.166666666666668,2477.4066666666668,,,,,,,,
1482/20-6-26,2335,2026-06-13 00:00:00,BC-VENDER,SHUBHAM,,MH12YQ7251,,,30,98.44,2953.2,0,0,0,0,#DIV/0!,#DIV/0!,#DIV/0!,,,,,,,,
1482/20-6-26,2336,2026-06-13 00:00:00,BC-VENDER,SHUBHAM,Prathmesh Tours & Travels,MH12VF1253,20,10,30,98.44,2953.2,0,0,0,0,0,30,2953.2,,,,,,,,
1482/20-6-26,2337,2026-06-13 00:00:00,BC,SHUBHAM,,MH14LB2877,18,10,37.22,98.44,3663.9368,116241,115926,315,8.4631918323482,31.5,5.719999999999999,563.0767999999998,,,,,,,,
,2338,2026-06-13 00:00:00,LEAR-CHAKAN,HPCL,,MH14LB6214,25,7,68.1,98.57,6712.616999999999,201571,201066,505,7.415565345080764,72.14285714285714,-4.0428571428571445,-398.5044285714287,,,,,,,,
,2339,2026-06-13 00:00:00,LEAR-CHAKAN,HPCL,SUNIL PATHARE,MH14LB6210,25,7,85,98.57,8378.449999999999,75399,74914,485,5.705882352941177,69.28571428571429,15.714285714285708,1548.9571428571421,,,,,,,,
,2340,2026-06-13 00:00:00,LEAR-CHAKAN,HPCL,NAIKARE,MH14LB6270,40,6,67,98.57,6604.19,176784,176343,441,6.582089552238806,73.5,-6.5,-640.7049999999999,,,,,,,,
,2341,2026-06-13 00:00:00,LEAR-CHAKAN,HPCL,SUDAM SHEJUL,MH14LB6211,25,7,45,98.57,4435.65,97921,97595,326,7.2444444444444445,46.57142857142857,-1.5714285714285694,-154.89571428571406,,,,,,,,
,2342,2026-06-13 00:00:00,LEAR-CHAKAN,HPCL,LAXMAN PATIL,MH14LB5915,18,12,50,98.57,4928.5,125675,125368,307,6.14,25.583333333333332,24.416666666666668,2406.7508333333335,,,,,,,,
,2343,2026-06-13 00:00:00,LEAR-CHAKAN,HPCL,,MH14LB5917,18,12,54.37,98.57,5359.250899999999,153330,152961,369,6.786830972963031,30.75,23.619999999999997,2328.2233999999994,,,,,,,,
,2344,2026-06-13 00:00:00,LEAR-CHAKAN,HPCL,SURESH,MH14LB6213,50,5,74.5,98.57,7343.464999999999,134464,134223,241,3.2348993288590604,48.2,26.299999999999997,2592.3909999999996,,,,,,,,
,2345,2026-06-13 00:00:00,LEAR-CHAKAN,HPCL,,MH14LB5922,18,12,57.06,98.57,5624.4042,141154,140744,410,7.185418857343147,34.166666666666664,22.893333333333338,2256.595866666667,,,,,,,,
,2346,2026-06-13 00:00:00,LEAR-CHAKAN,HPCL,,MH14LB6096,18,12,56.83,98.57,5601.7330999999995,49895,49536,359,6.3170860461024105,29.916666666666668,26.91333333333333,2652.847266666666,,,,,,,,
,2347,2026-06-13 00:00:00,LEAR-CHAKAN,HPCL,SACHIN,MH14LB5914,18,12,50.41,98.57,4968.913699999999,194559,194041,518,10.275738940686372,43.166666666666664,7.243333333333332,713.9753666666666,,,,,,,,
,2348,2026-06-13 00:00:00,LEAR-CHAKAN,HPCL,AMOL PATIL,MH14LB5925,18,12,45.51,98.57,4485.9207,131453,131087,366,8.042188529993409,30.5,15.009999999999998,1479.5356999999997,,,,,,,,
,2349,2026-06-13 00:00:00,LEAR-CHAKAN,HPCL,,MH14LB5916,18,12,40,98.57,3942.7999999999997,97733,97445,288,7.2,24,16,1577.12,,,,,,,,
,2350,2026-06-13 00:00:00,LEAR-CHAKAN,HPCL,,MH14LB5924,18,12,40,98.57,3942.7999999999997,90119,89887,232,5.8,19.333333333333332,20.666666666666668,2037.1133333333332,,,,,,,,
,2351,2026-06-13 00:00:00,LEAR-CHAKAN,HPCL,,MH14LB5918,18,12,60.71,98.57,5984.1847,119592,119018,574,9.45478504365014,47.833333333333336,12.876666666666665,1269.2530333333332,,,,,,,,
,2352,2026-06-13 00:00:00,LEAR-CHAKAN,HPCL,,MH14LB5926,18,12,40,98.57,3942.7999999999997,129597,129242,355,8.875,29.583333333333332,10.416666666666668,1026.7708333333335,,,,,,,,
,2353,2026-06-13 00:00:00,LEAR-CHAKAN,HPCL,,MH14LB5923,18,12,26.74,98.57,2635.7617999999998,84066,83835,231,8.638743455497382,19.25,7.489999999999998,738.2892999999998,,,,,,,,
,2354,2026-06-13 00:00:00,LEAR-CHAKAN,HPCL,SWAGAT JADHAV,MH14LB5967,18,12,45,98.57,4435.65,84898,84579,319,7.088888888888889,26.583333333333332,18.416666666666668,1815.3308333333334,,,,,,,,
,2355,2026-06-13 00:00:00,JCB,JAYHIND,PRAMOD BARKUL,MH14LL4188,30,6,75,98.21,7365.749999999999,135835,135413,422,5.626666666666667,70.33333333333333,4.666666666666671,458.3133333333338,,,,,,,,
,2356,2026-06-13 00:00:00,JCB,JAYHIND,,MH14LL4146,30,6,88.43,98.21,8684.7103,135368,135050,318,3.5960646839307926,53,35.43000000000001,3479.5803000000005,,,,,,,,
,2357,2026-06-13 00:00:00,LEAR-CHAKAN,JAYHIND,,MH14LB4966,17,10,40,98.21,3928.3999999999996,118055,117729,326,8.15,32.6,7.399999999999999,726.7539999999998,,,,,,,,
286/15-6-26,2358,2026-06-13 00:00:00,MERCEDES,PRATIK,,MH14HU3983,32,4,60,98.57,5914.2,187690,187426,264,4.4,66,-6,-591.42,,,,,,,,
286/15-6-26,2359,2026-06-13 00:00:00,MERCEDES,PRATIK,,MH14KA9138,32,4,60,98.57,5914.2,115755,115527,228,3.8,57,3,295.71,,,,,,,,
286/15-6-26,2360,2026-06-13 00:00:00,MERCEDES,PRATIK,,MH14KA9139,32,4,60,98.57,5914.2,115994,115563,431,7.183333333333334,107.75,-47.75,-4706.7175,,,,,,,,
286/15-6-26,2361,2026-06-13 00:00:00,MERCEDES,PRATIK,,MH14KA9152,32,4,60,98.57,5914.2,117309,117146,163,2.716666666666667,40.75,19.25,1897.4724999999999,,,,,,,,
286/15-6-26,2362,2026-06-13 00:00:00,MERCEDES,PRATIK,,MH14HG3112,32,4,50,98.57,4928.5,274665,274290,375,7.5,93.75,-43.75,-4312.4375,,,,,,,,
286/15-6-26,2363,2026-06-13 00:00:00,MERCEDES,PRATIK,,MH14LX3714,32,4,60,98.57,5914.2,39272,39135,137,2.283333333333333,34.25,25.75,2538.1775,,,,,,,,
286/15-6-26,2364,2026-06-13 00:00:00,MERCEDES,PRATIK,,MH14LX3726,32,4,50,98.57,4928.5,34302,34071,231,4.62,57.75,-7.75,-763.9174999999999,,,,,,,,
286/15-6-26,2365,2026-06-13 00:00:00,MERCEDES,PRATIK,,MH14LX3725,32,4,50,98.57,4928.5,30442,30163,279,5.58,69.75,-19.75,-1946.7575,,,,,,,,
286/15-6-26,2366,2026-06-13 00:00:00,MERCEDES,PRATIK,,MH14HG3117,32,4,50,98.57,4928.5,243356,243237,119,2.38,29.75,20.25,1996.0424999999998,,,,,,,,
286/15-6-26,2367,2026-06-13 00:00:00,MERCEDES,PRATIK,,MH14HG3119,32,4,50,98.57,4928.5,240834,240732,102,2.04,25.5,24.5,2414.9649999999997,,,,,,,,
,2368,2026-06-13 00:00:00,JCB,JAYHIND,,MH14GD5136,36,6,32.57,98.21,3198.6996999999997,450407,450215,192,5.894995394534848,32,0.5700000000000003,55.97970000000002,,,,,,,,
2411/20-6-26,2369,2026-06-13 00:00:00,JCB,SAIEE,PRALHAD VANAVE,MH14LL4148,30,6,72,98.59,7098.4800000000005,86572,86173,399,5.541666666666667,66.5,5.5,542.245,,,,,,,,
2411/20-6-26,2370,2026-06-13 00:00:00,HYUNDAI,SAIEE,VILAS KAMBLE,MH14LX7484,30,6,128,98.59,12619.52,38615,37909,706,5.515625,117.66666666666667,10.333333333333329,1018.7633333333329,,,,,,,,
2411/20-6-26,2371,2026-06-13 00:00:00,HYUNDAI,SAIEE,KARTIK WAYSE,MH14LL6273,41,5.5,118.45,98.59,11677.9855,65130,64476,654,5.521317011397214,118.9090909090909,-0.45909090909090366,-45.261772727272195,,,,,,,,
2411/20-6-26,2372,2026-06-13 00:00:00,HYUNDAI,SAIEE,PRASHANT PARGE,MH14LL6274,41,5.5,78,98.59,7690.02,76516,76086,430,5.512820512820513,78.18181818181819,-0.18181818181818699,-17.925454545455054,,,,,,,,
2411/20-6-26,2373,2026-06-13 00:00:00,JCB,SAIEE,,MH14LL4138,30,6,48,98.59,4732.32,162276,162009,267,5.5625,44.5,3.5,345.065,,,,,,,,
2411/20-6-26,2374,2026-06-13 00:00:00,JCB,SAIEE,VIKAS CHAVAN,MH14LL4132,30,6,100.45,98.59,9903.3655,82913,82293,620,6.172224987555998,103.33333333333333,-2.8833333333333258,-284.2678333333326,,,,,,,,
2411/20-6-26,2375,2026-06-13 00:00:00,HYUNDAI,SAIEE,ASHIVIN SIRSATH,MH14LX2567,40,5.5,140.79,98.59,13880.4861,36940,36097,843,5.9876411676965695,153.27272727272728,-12.482727272727288,-1230.6720818181834,,,,,,,,
2411/20-6-26,2376,2026-06-13 00:00:00,JCB,SAIEE,HANUMANT GHOLAP,MH14LL4135,30,6,62,98.59,6112.58,129272,128931,341,5.5,56.833333333333336,5.166666666666664,509.38166666666643,,,,,,,,
2411/20-6-26,2377,2026-06-13 00:00:00,HYUNDAI,SAIEE,VISHMBER MUNDE,MH14LX7487,30,6,125,98.59,12323.75,35748,35058,690,5.52,115,10,985.9000000000001,,,,,,,,
2411/20-6-26,2378,2026-06-13 00:00:00,JCB,SAIEE,CHANDRSHING WAGH,MH14LL4156,30,6,67,98.59,6605.530000000001,159541,159140,401,5.985074626865671,66.83333333333333,0.1666666666666714,16.431666666667134,,,,,,,,
2411/20-6-26,2379,2026-06-13 00:00:00,JCB,SAIEE,RAJU KHARAT,MH14LL4208,18,10,30,98.59,2957.7000000000003,143120,142845,275,9.166666666666666,27.5,2.5,246.47500000000002,,,,,,,,
366,2380,2026-06-13 00:00:00,VW,YES,,MH14KA2558,40,5.5,143,98.41,14072.63,219370,219170,200,1.3986013986013985,36.36363636363637,106.63636363636363,10494.084545454543,,,,,,,,
366,2381,2026-06-13 00:00:00,VW,YES,,MH14KA2557,40,5.5,149,98.41,14663.09,211997,211591,406,2.7248322147651005,73.81818181818181,75.18181818181819,7398.642727272728,,,,,,,,
366,2382,2026-06-13 00:00:00,VW,YES,,MH14KA1897,40,5.5,60,98.41,5904.599999999999,216101,215877,224,3.7333333333333334,40.72727272727273,19.272727272727273,1896.629090909091,,,,,,,,
366,2383,2026-06-13 00:00:00,VW,YES,,MH14KA1913,40,5.5,49,98.41,4822.09,297816,297521,295,6.020408163265306,53.63636363636363,-4.636363636363633,-456.2645454545451,,,,,,,,
366,2384,2026-06-13 00:00:00,VW,YES,,MH14KA1898,40,5.5,35,98.41,3444.35,168691,168597,94,2.6857142857142855,17.09090909090909,17.90909090909091,1762.4336363636364,,,,,,,,
366,2385,2026-06-13 00:00:00,VW,YES,,MH14KA2817,40,5.5,40,98.41,3936.3999999999996,152092,152021,71,1.775,12.909090909090908,27.090909090909093,2666.0163636363636,,,,,,,,
366,2386,2026-06-13 00:00:00,VW,YES,,MH14KA2556,40,5.5,60,98.41,5904.599999999999,164018,163744,274,4.566666666666666,49.81818181818182,10.18181818181818,1001.992727272727,,,,,,,,
366,2387,2026-06-13 00:00:00,VW,YES,,MH14KA2879,40,5.5,139,98.41,13678.99,194557,193703,854,6.143884892086331,155.27272727272728,-16.27272727272728,-1601.3990909090917,,,,,,,,
366,2388,2026-06-13 00:00:00,VW,YES,,MH14KA2469,40,5.5,35,98.41,3444.35,141363,141241,122,3.4857142857142858,22.181818181818183,12.818181818181817,1261.4372727272726,,,,,,,,
366,2389,2026-06-13 00:00:00,VW,YES,,MH14KA2554,40,5.5,100,98.41,9841,177665,177397,268,2.68,48.72727272727273,51.27272727272727,5045.749090909091,,,,,,,,
366,2390,2026-06-13 00:00:00,VW,YES,,MH14KA2731,40,5.5,40,98.41,3936.3999999999996,175905,175447,458,11.45,83.27272727272727,-43.272727272727266,-4258.4690909090905,,,,,,,,
366,2391,2026-06-13 00:00:00,VW,YES,,MH14KA2464,40,5.5,50,98.41,4920.5,145217,145069,148,2.96,26.90909090909091,23.09090909090909,2272.3763636363633,,,,,,,,
366,2392,2026-06-13 00:00:00,VW,YES,,MH14KA2602,40,5.5,70,98.41,6888.7,167442,167068,374,5.3428571428571425,68,2,196.82,,,,,,,,
366,2393,2026-06-13 00:00:00,VW,YES,,MH14KA1909,40,5.5,30,98.41,2952.2999999999997,154621,154520,101,3.3666666666666667,18.363636363636363,11.636363636363637,1145.1345454545456,,,,,,,,
366,2394,2026-06-13 00:00:00,VW,YES,,MH14KA1916,40,5.5,50,98.41,4920.5,137654,137472,182,3.64,33.09090909090909,16.909090909090907,1664.0236363636361,,,,,,,,
366,2395,2026-06-13 00:00:00,VW,YES,,MH14KA1915,40,5.5,70,98.41,6888.7,259934,259572,362,5.171428571428572,65.81818181818181,4.181818181818187,411.53272727272775,,,,,,,,
366,2396,2026-06-13 00:00:00,VW,YES,,MH14KA2820,40,5.5,60,98.41,5904.599999999999,125978,125664,314,5.233333333333333,57.09090909090909,2.9090909090909065,286.2836363636361,,,,,,,,
366,2397,2026-06-13 00:00:00,VW,YES,,MH14KA2811,40,5.5,30,98.41,2952.2999999999997,189092,188999,93,3.1,16.90909090909091,13.09090909090909,1288.2763636363634,,,,,,,,
366,2398,2026-06-13 00:00:00,VW,YES,,MH14KA1894,40,5.5,100,98.41,9841,134166,133864,302,3.02,54.90909090909091,45.09090909090909,4437.396363636364,,,,,,,,
366,2399,2026-06-13 00:00:00,VW,YES,,MH14KA2924,40,5.5,80,98.41,7872.799999999999,120032,119758,274,3.425,49.81818181818182,30.18181818181818,2970.192727272727,,,,,,,,
366,2400,2026-06-13 00:00:00,VW,YES,,MH14KA1905,40,5.5,60,98.41,5904.599999999999,212868,212670,198,3.3,36,24,2361.84,,,,,,,,
366,2401,2026-06-13 00:00:00,VW,YES,,MH14KA1880,40,5.5,112,98.41,11021.92,220750,220183,567,5.0625,103.0909090909091,8.909090909090907,876.743636363636,,,,,,,,
366,2402,2026-06-13 00:00:00,VW,YES,,MH14KA2570,40,5.5,90,98.41,8856.9,179625,179125,500,5.555555555555555,90.9090909090909,-0.9090909090909065,-89.46363636363611,,,,,,,,
366,2403,2026-06-13 00:00:00,VW,YES,,MH14KA1883,40,5.5,90,98.41,8856.9,198729,198534,195,2.1666666666666665,35.45454545454545,54.54545454545455,5367.818181818182,,,,,,,,
366,2404,2026-06-13 00:00:00,BC-VENDER,YES,Sudhakar Sharad Daptare,MH14KQ5693,20,10,34,98.41,3345.94,0,0,0,0,0,34,3345.94,,,,,,,,
366,2405,2026-06-13 00:00:00,VW,YES,,MH14KA2819,40,5.5,100,98.41,9841,187610,187109,501,5.01,91.0909090909091,8.909090909090907,876.743636363636,,,,,,,,
366,2406,2026-06-13 00:00:00,VW,YES,,MH14KA2563,40,5.5,60,98.41,5904.599999999999,138027,137818,209,3.4833333333333334,38,22,2165.02,,,,,,,,
366,2407,2026-06-13 00:00:00,VW,YES,,MH14KA2467,40,5.5,40,98.41,3936.3999999999996,151203,151026,177,4.425,32.18181818181818,7.81818181818182,769.387272727273,,,,,,,,
366,2408,2026-06-13 00:00:00,VW,YES,,MH14KA1886,40,5.5,40,98.41,3936.3999999999996,198652,198437,215,5.375,39.09090909090909,0.9090909090909065,89.46363636363611,,,,,,,,
366,2409,2026-06-13 00:00:00,VW,YES,,MH14KA3312,20,8,49,98.41,4822.09,229681,229396,285,5.816326530612245,35.625,13.375,1316.2337499999999,,,,,,,,
366,2410,2026-06-13 00:00:00,VW,YES,,MH14KA2816,40,5.5,50,98.41,4920.5,120979,120788,191,3.82,34.72727272727273,15.272727272727273,1502.989090909091,,,,,,,,
366,2411,2026-06-13 00:00:00,VW,YES,,MH14KA3311,20,8,40,98.41,3936.3999999999996,167385,167021,364,9.1,45.5,-5.5,-541.255,,,,,,,,
366,2412,2026-06-13 00:00:00,VW,YES,,MH14KA1890,40,5.5,50,98.41,4920.5,121484,121390,94,1.88,17.09090909090909,32.90909090909091,3238.583636363636,,,,,,,,
366,2413,2026-06-13 00:00:00,BC,YES,,MH14LB3985,50,4,70,98.41,6888.7,84335,83994,341,4.871428571428571,85.25,-15.25,-1500.7525,,,,,,,,
366,2414,2026-06-13 00:00:00,BC-VENDER,YES,,MH14MH4066,,,64,98.41,6298.24,0,0,0,0,#DIV/0!,#DIV/0!,#DIV/0!,,,,,,,,
366,2415,2026-06-13 00:00:00,BC-VENDER,YES,Mukund Ramchandra Madvalkar,MH12LB9492,17,10,32,98.41,3149.12,0,0,0,0,0,32,3149.12,,,,,,,,
366,2416,2026-06-13 00:00:00,BC-VENDER,YES,,MH14LQ1600,36,6,39.73,98.41,3909.8292999999994,0,0,0,0,0,39.73,3909.8292999999994,,,,,,,,
366,2417,2026-06-13 00:00:00,BC,YES,SAWPNIL,MH14LB3987,50,4,69,98.41,6790.29,59562,59308,254,3.681159420289855,63.5,5.5,541.255,,,,,,,,
366,2418,2026-06-13 00:00:00,BC-VENDER,YES,Prathmesh Tours & Travels,MH12VF1253,20,10,24,98.41,2361.84,0,0,0,0,0,24,2361.84,,,,,,,,
366,2419,2026-06-13 00:00:00,VW-IFM,YES,,MH11CQ5607,,,58,98.41,5707.78,0,0,0,0,#DIV/0!,#DIV/0!,#DIV/0!,,,,,,,,
366,2420,2026-06-13 00:00:00,BC,YES,BASVARAJ,MH14LL4204,18,10,40,98.41,3936.3999999999996,165436,165051,385,9.625,38.5,1.5,147.615,,,,,,,,
366,2421,2026-06-13 00:00:00,BC,YES,,MH14LB3986,50,4,50,98.41,4920.5,107212,106983,229,4.58,57.25,-7.25,-713.4725,,,,,,,,
366,2422,2026-06-13 00:00:00,BC,YES,PAWALE,MH14LB3991,50,4,60,98.41,5904.599999999999,96655,96022,633,10.55,158.25,-98.25,-9668.7825,,,,,,,,
366,2423,2026-06-13 00:00:00,BC-VENDER,YES,,MH14HG3816,,,28,98.41,2755.48,0,0,0,0,#DIV/0!,#DIV/0!,#DIV/0!,,,,,,,,
,2424,2026-06-13 00:00:00,BAJAJ WALUJ,HPCL,JABBAR,MH20GC8872,50,5,34,99.44,3380.96,106523,106441,82,2.411764705882353,16.4,17.6,1750.144,,,,,,,,
,2425,2026-06-13 00:00:00,BAJAJ WALUJ,HPCL,MADAN,MH14CW4821,40,5.5,55,99.44,5469.2,290339,290009,330,6,60,-5,-497.2,,,,,,,,
,2426,2026-06-13 00:00:00,BAJAJ WALUJ,HPCL,MALODE,MH20GC8878,50,5,50,99.44,4972,97609,97328,281,5.62,56.2,-6.200000000000003,-616.5280000000002,,,,,,,,
,2427,2026-06-13 00:00:00,BAJAJ WALUJ,HPCL,SAGER,MH20GC8876,50,5,54,99.44,5369.76,122329,122279,50,0.9259259259259259,10,44,4375.36,,,,,,,,
,2428,2026-06-13 00:00:00,BAJAJ WALUJ,HPCL,MOHSIN,MH20GC8890,50,5,70,99.44,6960.8,79688,79328,360,5.142857142857143,72,-2,-198.88,,,,,,,,
,2429,2026-06-13 00:00:00,BAJAJ WALUJ,HPCL,GORAKH,MH14CW4805,40,5.5,51,99.44,5071.44,293594,293308,286,5.607843137254902,52,-1,-99.44,,,,,,,,
,2430,2026-06-13 00:00:00,BAJAJ WALUJ,HPCL,ABHIJEET,MH20GC5419,50,5,60,99.44,5966.4,18699,18399,300,5,60,0,0,,,,,,,,
,2431,2026-06-13 00:00:00,BAJAJ WALUJ,HPCL,NIVRUTTI ,MH14KU2284,20,9,45.88,99.44,4562.3072,0,0,0,0,0,45.88,4562.3072,,,,,,,,
,2432,2026-06-13 00:00:00,BAJAJ WALUJ,HPCL,SHAIKH,MH14CW4816,40,5.5,63,99.44,6264.72,303607,303259,348,5.523809523809524,63.27272727272727,-0.2727272727272734,-27.120000000000065,,,,,,,,
,2433,2026-06-13 00:00:00,BAJAJ WALUJ,HPCL,NAZIR,MH14CW4456,40,5.5,60,99.44,5966.4,293013,292676,337,5.616666666666666,61.27272727272727,-1.2727272727272734,-126.56000000000006,,,,,,,,
,2434,2026-06-13 00:00:00,BAJAJ WALUJ,HPCL,ASPAK,MH20GC8875,50,5,52,99.44,5170.88,79192,78893,299,5.75,59.8,-7.799999999999997,-775.6319999999997,,,,,,,,
,2435,2026-06-13 00:00:00,CITYFLOW MUMBAI,,,MH04MH3732,27,4,145,98,14210,22822,22325,497,3.4275862068965517,124.25,20.75,2033.5,,,,,,,,
,2436,2026-06-13 00:00:00,CITYFLOW MUMBAI,,,MH04MH3740,27,4,140,98,13720,39079,38562,517,3.692857142857143,129.25,10.75,1053.5,,,,,,,,
,2437,2026-06-13 00:00:00,CITYFLOW MUMBAI,,,MH04MH3742,27,4,55,98,5390,37598,37378,220,4,55,0,0,,,,,,,,
,2438,2026-06-13 00:00:00,CITYFLOW MUMBAI,,,MH04MH4720,27,4,110,98,10780,32678,32220,458,4.163636363636364,114.5,-4.5,-441,,,,,,,,
,2439,2026-06-13 00:00:00,CITYFLOW MUMBAI,,,MH04MH4721,27,4,130,98,12740,33557,33057,500,3.8461538461538463,125,5,490,,,,,,,,
,2440,2026-06-13 00:00:00,CITYFLOW MUMBAI,,,MH04MH5108,27,4,110,98,10780,39233,38780,453,4.118181818181818,113.25,-3.25,-318.5,,,,,,,,
,2441,2026-06-13 00:00:00,CITYFLOW MUMBAI,,,MH04MH5288,27,4,136,98,13328,28750,28063,687,5.051470588235294,171.75,-35.75,-3503.5,,,,,,,,
,2442,2026-06-13 00:00:00,CITYFLOW MUMBAI,,,MH04MH5376,27,4,113,98,11074,17471,17069,402,3.5575221238938055,100.5,12.5,1225,,,,,,,,
,2443,2026-06-13 00:00:00,CITYFLOW MUMBAI,,,MH04MH5570,27,4,110,98,10780,25541,25237,304,2.7636363636363637,76,34,3332,,,,,,,,
,2444,2026-06-13 00:00:00,CITYFLOW MUMBAI,,,MH04MH5572,27,4,140,98,13720,31766,31231,535,3.8214285714285716,133.75,6.25,612.5,,,,,,,,
,2445,2026-06-13 00:00:00,CITYFLOW MUMBAI,,,MH04MH5573,27,4,120,98,11760,32817,32337,480,4,120,0,0,,,,,,,,
,2446,2026-06-13 00:00:00,CITYFLOW MUMBAI,,,MH04MH5664,27,4,180,98,17640,39895,39236,659,3.661111111111111,164.75,15.25,1494.5,,,,,,,,
,2447,2026-06-13 00:00:00,CITYFLOW MUMBAI,,,MH04MH5667,27,4,160,98,15680,35581,34925,656,4.1,164,-4,-392,,,,,,,,
,2448,2026-06-13 00:00:00,CITYFLOW MUMBAI,,,MH04MH6301,27,4,220,98,21560,25836,25115,721,3.2772727272727273,180.25,39.75,3895.5,,,,,,,,
,2449,2026-06-13 00:00:00,CITYFLOW MUMBAI,,,MH04MH6306,27,4,135,98,13230,31266,30756,510,3.7777777777777777,127.5,7.5,735,,,,,,,,
,2450,2026-06-13 00:00:00,CITYFLOW MUMBAI,,,MH04MH6307,27,4,194,98,19012,36801,36091,710,3.6597938144329896,177.5,16.5,1617,,,,,,,,
,2451,2026-06-13 00:00:00,CITYFLOW MUMBAI,,,MH04MH6313,27,4,45,98,4410,48993,48798,195,4.333333333333333,48.75,-3.75,-367.5,,,,,,,,
,2452,2026-06-13 00:00:00,CITYFLOW MUMBAI,,,MH04MH6655,27,4,165,98,16170,37618,36982,636,3.8545454545454545,159,6,588,,,,,,,,
,2453,2026-06-13 00:00:00,CITYFLOW MUMBAI,,,MH04MR5861,40,3.7,120,98,11760,14010,13615,395,3.2916666666666665,106.75675675675676,13.243243243243242,1297.8378378378377,,,,,,,,
,2454,2026-06-13 00:00:00,CITYFLOW MUMBAI,,,MH46DC5010,40,3.7,185,98,18130,4883,4730,153,0.827027027027027,41.35135135135135,143.64864864864865,14077.567567567567,,,,,,,,
,2455,2026-06-13 00:00:00,CITYFLOW MUMBAI,,,MH46DC5012,40,3.7,180,98,17640,4300,3755,545,3.0277777777777777,147.2972972972973,32.70270270270271,3204.8648648648655,,,,,,,,
,2456,2026-06-13 00:00:00,CITYFLOW MUMBAI,,,MH46DC5138,40,3.7,138,98,13524,3294,2829,465,3.369565217391304,125.67567567567566,12.324324324324337,1207.783783783785,,,,,,,,
,2457,2026-06-13 00:00:00,CITYFLOW MUMBAI,,,MH46DC5193,40,3.7,180,98,17640,5839,5310,529,2.938888888888889,142.97297297297297,37.02702702702703,3628.648648648649,,,,,,,,
,2458,2026-06-13 00:00:00,CITYFLOW MUMBAI,,,MH46DC5195,40,3.7,120,98,11760,3828,3548,280,2.3333333333333335,75.67567567567568,44.32432432432432,4343.783783783783,,,,,,,,
,2459,2026-06-13 00:00:00,CITYFLOW MUMBAI,,,MH46DC5196,40,3.7,154,98,15092,6117,5698,419,2.720779220779221,113.24324324324324,40.75675675675676,3994.162162162162,,,,,,,,
,2460,2026-06-13 00:00:00,CITYFLOW MUMBAI,,,MH46DC5197,40,3.7,250,98,24500,5959,5176,783,3.132,211.6216216216216,38.378378378378386,3761.0810810810817,,,,,,,,
,2461,2026-06-13 00:00:00,CITYFLOW MUMBAI,,,MH46DC5198,40,3.7,240,98,23520,7138,6897,241,1.0041666666666667,65.13513513513513,174.86486486486487,17136.756756756757,,,,,,,,
,2462,2026-06-13 00:00:00,CITYFLOW MUMBAI,,,MH46DC5201,40,3.7,160,98,15680,6998,6448,550,3.4375,148.64864864864865,11.351351351351354,1112.4324324324327,,,,,,,,
,2463,2026-06-13 00:00:00,CITYFLOW MUMBAI,,,MH46DC5204,40,3.7,145,98,14210,3780,3353,427,2.9448275862068964,115.4054054054054,29.594594594594597,2900.2702702702704,,,,,,,,
,2464,2026-06-13 00:00:00,CITYFLOW MUMBAI,,,MH46DC6068,40,3.7,195,98,19110,4296,3713,583,2.98974358974359,157.56756756756755,37.43243243243245,3668.37837837838,,,,,,,,
,2465,2026-06-13 00:00:00,CITYFLOW MUMBAI,,,MH46DC6069,40,3.7,190,98,18620,3179,2663,516,2.7157894736842105,139.45945945945945,50.54054054054055,4952.972972972973,,,,,,,,
,2466,2026-06-13 00:00:00,CITYFLOW MUMBAI,,,MH46DC6073,40,3.7,170,98,16660,2542,2133,409,2.4058823529411764,110.54054054054053,59.45945945945947,5827.0270270270275,,,,,,,,
,2467,2026-06-13 00:00:00,CITYFLOW MUMBAI,,,MH46DC6074,40,3.7,147.36,98,14441.28,3793,3298,495,3.3591205211726383,133.78378378378378,13.576216216216238,1330.4691891891914,,,,,,,,
,2468,2026-06-13 00:00:00,CITYFLOW MUMBAI,,,MH46DC6075,40,3.7,200,98,19600,4332,3793,539,2.695,145.67567567567568,54.32432432432432,5323.783783783783,,,,,,,,
,2469,2026-06-13 00:00:00,CITYFLOW MUMBAI,,,MH46DC6076,40,3.7,148,98,14504,2644,2178,466,3.1486486486486487,125.94594594594594,22.054054054054063,2161.2972972972984,,,,,,,,
,2470,2026-06-13 00:00:00,CITYFLOW MUMBAI,,,MH46DC6167,40,3.7,165,98,16170,2157,1780,377,2.2848484848484847,101.89189189189189,63.10810810810811,6184.594594594595,,,,,,,,
,2471,2026-06-13 00:00:00,CITYFLOW MUMBAI,,,MH46DC6332,40,3.7,150,98,14700,2521,2121,400,2.6666666666666665,108.1081081081081,41.8918918918919,4105.405405405407,,,,,,,,
,2472,2026-06-13 00:00:00,CITYFLOW MUMBAI,,,MH46DC6334,40,3.7,150,98,14700,2450,2046,404,2.6933333333333334,109.18918918918918,40.81081081081082,3999.4594594594605,,,,,,,,
,2473,2026-06-13 00:00:00,CITYFLOW MUMBAI,,,MH46DC6335,40,3.7,145,98,14210,1630,1313,317,2.1862068965517243,85.67567567567568,59.32432432432432,5813.783783783783,,,,,,,,
,2474,2026-06-13 00:00:00,CITYFLOW MUMBAI,,,MH46DC6359,40,3.7,123,98,12054,2244,1739,505,4.105691056910569,136.48648648648648,-13.486486486486484,-1321.6756756756754,,,,,,,,
,2475,2026-06-13 00:00:00,LEAR-CHENNAI,,,TN87H1942,32,,79.84,100.03,7986.395200000001,44240,43573,667,8.354208416833666,#DIV/0!,#DIV/0!,#DIV/0!,,,,,,,,
,2476,2026-06-13 00:00:00,LEAR-CHENNAI,,,TN87H2089,24,,66.38,100.03,6639.9914,43422,42862,560,8.436275986742995,#DIV/0!,#DIV/0!,#DIV/0!,,,,,,,,
,2477,2026-06-13 00:00:00,LEAR-CHENNAI,,,TN87H1931,32,,82.97,100.03,8299.4891,93270,92631,639,7.701578883933952,#DIV/0!,#DIV/0!,#DIV/0!,,,,,,,,
,2478,2026-06-13 00:00:00,LEAR-CHENNAI,,,TN87H2059,24,,80.59,100.25,8079.1475,50125,49457,668,8.28886958679737,#DIV/0!,#DIV/0!,#DIV/0!,,,,,,,,
,2479,2026-06-13 00:00:00,LEAR-CHENNAI,,,TN87H1946,14,,51.28,100.03,5129.5384,49593,48947,646,12.597503900156006,#DIV/0!,#DIV/0!,#DIV/0!,,,,,,,,
,2480,2026-06-13 00:00:00,LEAR-CHENNAI,,,TN87H2018,24,,84.03,100.03,8405.5209,83819,83198,621,7.390217779364512,#DIV/0!,#DIV/0!,#DIV/0!,,,,,,,,
,2481,2026-06-13 00:00:00,LEAR-CHENNAI,,,TN87H2091,24,,71.92,100.03,7194.1576000000005,60653,60086,567,7.883759733036707,#DIV/0!,#DIV/0!,#DIV/0!,,,,,,,,
,2482,2026-06-13 00:00:00,LEAR-CHENNAI,,,TN87H1962,32,,75.35,100.25,7553.8375,59088,58468,620,8.228268082282682,#DIV/0!,#DIV/0!,#DIV/0!,,,,,,,,
,2483,2026-06-13 00:00:00,LEAR-CHENNAI,,,TN87H1956,14,,46,100.03,4601.38,39038,38576,462,10.043478260869565,#DIV/0!,#DIV/0!,#DIV/0!,,,,,,,,
,2484,2026-06-13 00:00:00,LEAR-CHENNAI,,,TN87H1960,32,,82.9,100.03,8292.487000000001,52775,52182,593,7.1531966224366705,#DIV/0!,#DIV/0!,#DIV/0!,,,,,,,,
,2485,2026-06-13 00:00:00,LEAR-CHENNAI,,,TN87H1975,32,,71.7,100.03,7172.151000000001,126459,125917,542,7.5592747559274756,#DIV/0!,#DIV/0!,#DIV/0!,,,,,,,,
,2486,2026-06-13 00:00:00,LEAR-CHENNAI,,,TN87H2058,24,,71.4,100.03,7142.142000000001,65021,64443,578,8.095238095238095,#DIV/0!,#DIV/0!,#DIV/0!,,,,,,,,
,2487,2026-06-13 00:00:00,LEAR-CHENNAI,,,TN87H1971,32,,85.24,100.03,8526.5572,74090,73799,291,3.4138901923979352,#DIV/0!,#DIV/0!,#DIV/0!,,,,,,,,
,2488,2026-06-13 00:00:00,TML,JABBAR PUMP ,FAKIRAYYA HIREMATH ,KA25AA1641,49+1,4.25,186.24,98.63,18368.8512,232884,232061,823,4.419029209621993,193.64705882352942,-7.407058823529411,-730.5582117647058,,,,,,,,
,2489,2026-06-13 00:00:00,TMBSL,JABBAR PUMP ,LOKESH PATIL,KA25AC0452,55+1,4.5,129,98.63,12723.269999999999,115601,114967,634,4.9147286821705425,140.88888888888889,-11.888888888888886,-1172.6011111111106,,,,,,,,
,2490,2026-06-13 00:00:00,TML,JABBAR PUMP ,NAGARJ NALPOOROSI,KA25AA7674,49+1,4.25,88,98.63,8679.439999999999,322026,321652,374,4.25,88,0,0,,,,,,,,
,2491,2026-06-13 00:00:00,TMBSL,JABBAR PUMP ,MAHANETSH AND SHASHANK ,KA25AC0453,55+1,4.5,134,98.63,13216.42,78592,77924,668,4.985074626865671,148.44444444444446,-14.444444444444457,-1424.6555555555567,,,,,,,,
,2492,2026-06-13 00:00:00,TMBSL,JABBAR PUMP ,ANNAPPA  AND RACHAYYA ,KA25AB7983,55+1,4.5,115,98.63,11342.449999999999,134497,133946,551,4.791304347826087,122.44444444444444,-7.444444444444443,-734.2455555555554,,,,,,,,
,2493,2026-06-14 00:00:00,JCB,JAYHIND,MANOJ KAMBLE,MH14LL4153,30,6,86,98.21,8446.06,155454,154939,515,5.988372093023256,85.83333333333333,0.1666666666666714,16.368333333333798,,,,,,,,
,2494,2026-06-14 00:00:00,JCB,BPCL,NITESH DONGARE,MH14LL4184,30,6,61.08,98.23,5999.8884,138509,138165,344,5.631958087753766,57.333333333333336,3.7466666666666626,368.0350666666663,,,,,,,,
,2495,2026-06-14 00:00:00,JCB,IOCL,BAPU VAMAN,MH14LL4159,30,6,50.85,98.32,4999.572,174759,174451,308,6.057030481809242,51.333333333333336,-0.4833333333333343,-47.52133333333342,,,,,,,,
,2496,2026-06-14 00:00:00,JCB,BPCL,JAGDISH PATIL,MH14LL4189,30,6,71.29,98.19,6999.9651,208842,208459,383,5.3724224996493195,63.833333333333336,7.4566666666666706,732.1701000000004,,,,,,,,
,2497,2026-06-14 00:00:00,LEAR-CHAKAN,BPCL,NIWAS RATHOD,MH14LB5919,18,12,40,98.18,3927.2000000000003,240463,240128,335,8.375,27.916666666666668,12.083333333333332,1186.3416666666667,,,,,,,,
1482/20-6-26,2498,2026-06-14 00:00:00,BC-VENDER,SHUBHAM,Mukund Ramchandra Madvalkar,MH12LB9492,17,10,30,98.44,2953.2,0,0,0,0,0,30,2953.2,,,,,,,,
2411/20-6-26,2499,2026-06-14 00:00:00,JCB,SAIEE,SUSHANT SHELAR,MH14LL4145,30,6,80,98.59,7887.200000000001,112368,111748,620,7.75,103.33333333333333,-23.33333333333333,-2300.433333333333,,,,,,,,
,2500,2026-06-14 00:00:00,KB,IOCL,,MH14MT2841,40,5.5,96,98.15,9422.400000000001,25304,24849,455,4.739583333333333,82.72727272727273,13.272727272727266,1302.7181818181812,,,,,,,,
,2501,2026-06-14 00:00:00,KB,JAYHIND,,MH14MT2843,40,5.5,117.94,98.21,11582.8874,24757,24173,584,4.9516703408512805,106.18181818181819,11.75818181818181,1154.7710363636356,,,,,,,,
286/15-6-26,2502,2026-06-14 00:00:00,VW,PRATIK,,MH14KA2560,40,5.5,50,98.57,4928.5,181144,180859,285,5.7,51.81818181818182,-1.8181818181818201,-179.218181818182,,,,,,,,
286/15-6-26,2503,2026-06-14 00:00:00,VW,PRATIK,,MH14KA2817,40,5.5,70,98.57,6899.9,152278,152092,186,2.657142857142857,33.81818181818182,36.18181818181818,3566.441818181818,,,,,,,,
286/15-6-26,2504,2026-06-14 00:00:00,VW,PRATIK,,MH14KA2816,40,5.5,40,98.57,3942.7999999999997,121285,120979,306,7.65,55.63636363636363,-15.636363636363633,-1541.2763636363632,,,,,,,,
286/15-6-26,2505,2026-06-14 00:00:00,VW,PRATIK,,MH14KA2557,40,5.5,100,98.57,9857,212330,211997,333,3.33,60.54545454545455,39.45454545454545,3889.034545454545,,,,,,,,
286/15-6-26,2506,2026-06-14 00:00:00,VW,PRATIK,,MH14KA2810,40,5.5,50,98.57,4928.5,169287,169109,178,3.56,32.36363636363637,17.636363636363633,1738.4163636363633,,,,,,,,
286/15-6-26,2507,2026-06-14 00:00:00,VW,PRATIK,,MH14KA1906,40,5.5,50,98.57,4928.5,169487,169005,482,9.64,87.63636363636364,-37.63636363636364,-3709.816363636364,,,,,,,,
286/15-6-26,2508,2026-06-14 00:00:00,VW,PRATIK,,MH14KA1740,40,5.5,50,98.57,4928.5,179529,179176,353,7.06,64.18181818181819,-14.181818181818187,-1397.9018181818185,,,,,,,,
286/15-6-26,2509,2026-06-14 00:00:00,VW,PRATIK,MAHADEV MASKE,MH14KA3316,20,8,20,98.57,1971.3999999999999,169271,169212,59,2.95,7.375,12.625,1244.44625,,,,,,,,
,2510,2026-06-14 00:00:00,VW,JAYHIND,,MH14KA3315,20,8,40,98.21,3928.3999999999996,152408,152140,268,6.7,33.5,6.5,638.365,,,,,,,,
1482/20-6-26,2511,2026-06-14 00:00:00,BC,SHUBHAM,,MH14LB5344,5,22,10,111.79,1117.9,104991,104506,485,48.5,22.045454545454547,-12.045454545454547,-1346.561363636364,,,,,,,,
,2512,2026-06-14 00:00:00,,HPCL,,MH14GD4456,40,5.5,191.26,98.17,18775.9942,358641,358441,200,1.045696957021855,36.36363636363637,154.89636363636362,15206.176018181817,,,,,,,,
,2513,2026-06-14 00:00:00,CITYFLOW MUMBAI,,,MH04MH3736,27,4,70,98.04,6862.8,32354,32183,171,2.442857142857143,42.75,27.25,2671.59,,,,,,,,
,2514,2026-06-14 00:00:00,CITYFLOW MUMBAI,,,MH04MH3742,27,4,55,98,5390,37814,37598,216,3.9272727272727272,54,1,98,,,,,,,,
,2515,2026-06-14 00:00:00,CITYFLOW MUMBAI,,,MH04MH4081,27,4,30,103.29,3098.7000000000003,41924,41594,330,11,82.5,-52.5,-5422.725,,,,,,,,
,2516,2026-06-14 00:00:00,CITYFLOW MUMBAI,,,MH04MH4719,27,4,80,103.29,8263.2,38800,38591,209,2.6125,52.25,27.75,2866.2975,,,,,,,,
,2517,2026-06-14 00:00:00,CITYFLOW MUMBAI,,,MH04MH4722,27,4,80,98.04,7843.200000000001,34114,33908,206,2.575,51.5,28.5,2794.1400000000003,,,,,,,,
,2518,2026-06-14 00:00:00,CITYFLOW MUMBAI,,,MH04MH4723,27,4,90.63,97.89,8871.7707,27650,27313,337,3.7184155356945827,84.25,6.3799999999999955,624.5381999999995,,,,,,,,
,2519,2026-06-14 00:00:00,CITYFLOW MUMBAI,,,MH04MH4724,27,4,83.62,97.89,8185.5618,31441,31088,353,4.221478115283425,88.25,-4.6299999999999955,-453.23069999999956,,,,,,,,
,2520,2026-06-14 00:00:00,CITYFLOW MUMBAI,,,MH04MH5287,27,4,40,97.83,3913.2,43200,42858,342,8.55,85.5,-45.5,-4451.265,,,,,,,,
,2521,2026-06-14 00:00:00,CITYFLOW MUMBAI,,,MH04MH6304,27,4,6,98,588,22837,22557,280,46.666666666666664,70,-64,-6272,,,,,,,,
,2522,2026-06-14 00:00:00,CITYFLOW MUMBAI,,,MH04MH6308,27,4,80,98.04,7843.200000000001,33038,32855,183,2.2875,45.75,34.25,3357.8700000000003,,,,,,,,
,2523,2026-06-14 00:00:00,CITYFLOW MUMBAI,,,MH04MH6309,27,4,85,98.04,8333.4,32383,32162,221,2.6,55.25,29.75,2916.69,,,,,,,,
,2524,2026-06-14 00:00:00,CITYFLOW MUMBAI,,,MH04MH6313,27,4,65,98,6370,49188,48993,195,3,48.75,16.25,1592.5,,,,,,,,
,2525,2026-06-14 00:00:00,CITYFLOW MUMBAI,,,MH04MH6315,27,4,80,98.04,7843.200000000001,29770,29575,195,2.4375,48.75,31.25,3063.75,,,,,,,,
,2526,2026-06-14 00:00:00,CITYFLOW MUMBAI,,,MH04MH6317,27,4,83.88,98.04,8223.5952,36296,35974,322,3.838817358130663,80.5,3.3799999999999955,331.37519999999955,,,,,,,,
,2527,2026-06-14 00:00:00,CITYFLOW MUMBAI,,,MH04MH6318,27,4,80,98.04,7843.200000000001,34650,34354,296,3.7,74,6,588.24,,,,,,,,
,2528,2026-06-14 00:00:00,CITYFLOW MUMBAI,,,MH46DC7978,27,3.7,50,98.04,4902,527,510,17,0.34,4.594594594594595,45.4054054054054,4451.545945945946,,,,,,,,
,2529,2026-06-14 00:00:00,LEAR-CHENNAI,,,TN87H2083,24,,39.97,100.07,3999.7978999999996,153502,152819,683,17.087815861896424,#DIV/0!,#DIV/0!,#DIV/0!,Cash Topup,,,,,,,
,2530,2026-06-14 00:00:00,LEAR-CHENNAI,,,TN87H2083,24,,58.72,100.03,5873.7616,153675,153502,173,2.9461852861035425,#DIV/0!,#DIV/0!,#DIV/0!,,,,,,,,
,2531,2026-06-14 00:00:00,LEAR-CHENNAI,,,TN87H2151,4,,31.76,108.23,3437.3848000000003,84211,83624,587,18.482367758186395,#DIV/0!,#DIV/0!,#DIV/0!,,,,,,,,
,2532,2026-06-14 00:00:00,LEAR-CHENNAI,,,TN87H2067,24,,39.97,100.07,3999.7978999999996,74266,73659,607,15.186389792344258,#DIV/0!,#DIV/0!,#DIV/0!,Cash Topup,,,,,,,
,2533,2026-06-14 00:00:00,LEAR-CHENNAI,,,TN87H2088,24,,86.51,100.03,8653.5953,55249,54558,691,7.987515894116287,#DIV/0!,#DIV/0!,#DIV/0!,,,,,,,,
,2534,2026-06-14 00:00:00,LEAR-CHENNAI,,,TN87H1913,32,,80.65,100.03,8067.419500000001,132091,131510,581,7.203967761934283,#DIV/0!,#DIV/0!,#DIV/0!,,,,,,,,
,2535,2026-06-14 00:00:00,LEAR-CHENNAI,,,TN87H2191,4,,32.33,108.27,3500.3691,67804,67335,469,14.506650170120631,#DIV/0!,#DIV/0!,#DIV/0!,,,,,,,,
,2536,2026-06-14 00:00:00,LEAR-CHENNAI,,,TN87H1962,32,,73.12,100.25,7330.280000000001,59692,59088,604,8.260393873085338,#DIV/0!,#DIV/0!,#DIV/0!,,,,,,,,
,2537,2026-06-14 00:00:00,TMBSL,JABBAR PUMP ,SHANKAR AND MAILARI ,KA25AB7982,55+1,4.5,112,98.63,11046.56,138691,138173,518,4.625,115.11111111111111,-3.1111111111111143,-306.8488888888892,,,,,,,,
,2538,2026-06-14 00:00:00,TMBSL,JABBAR PUMP ,UMESH M AND AKASH ,KA25AB7980,40+1,5.5,98,98.63,9665.74,119008,118463,545,5.561224489795919,99.0909090909091,-1.0909090909090935,-107.59636363636389,,,,,,,,
,2539,2026-06-15 00:00:00,KB,JAYHIND,,MH14CW4381,37,5,120,98.21,11785.199999999999,137993,137434,559,4.658333333333333,111.8,8.200000000000003,805.3220000000002,,,,,,,,
,2540,2026-06-15 00:00:00,CITY FLOW PUNE,HPCL,,MH14MT2064,17,10,58.87,98.19,5780.445299999999,10166,9890,276,4.688296245965687,27.6,31.269999999999996,3070.4012999999995,,,,,,,,
,2541,2026-06-15 00:00:00,CITY FLOW PUNE,HPCL,,MH14MT2065,17,10,51.57,98.19,5063.6583,8235,7985,250,4.847779716889664,25,26.57,2608.9083,,,,,,,,
,2542,2026-06-15 00:00:00,CITY FLOW PUNE,HPCL,,MH14MT2066,17,10,56.71,98.19,5568.3549,10293,9974,319,5.6251102098395345,31.9,24.810000000000002,2436.0939000000003,,,,,,,,
,2543,2026-06-15 00:00:00,CITY FLOW PUNE,HPCL,,MH14MT2067,17,10,59.16,98.19,5808.9204,11143,10822,321,5.425963488843814,32.1,27.059999999999995,2657.0213999999996,,,,,,,,
,2544,2026-06-15 00:00:00,CITY FLOW PUNE,HPCL,,MH14MT2472,26,4,67.53,98.19,6630.7707,7860,7632,228,3.3762772101288316,57,10.530000000000001,1033.9407,,,,,,,,
,2545,2026-06-15 00:00:00,CITY FLOW PUNE,HPCL,,MH14MT2473,28,4.75,75,98.19,7364.25,9984,9697,287,3.8266666666666667,60.421052631578945,14.578947368421055,1431.5068421052633,,,,,,,,
,2546,2026-06-15 00:00:00,CITY FLOW PUNE,HPCL,,MH14MT2474,26,4,43.05,98.19,4227.0795,8663,8538,125,2.9036004645760745,31.25,11.799999999999997,1158.6419999999996,,,,,,,,
,2547,2026-06-15 00:00:00,CITY FLOW PUNE,HPCL,,MH14MT2475,17,10,94.25,98.19,9254.4075,14251,13896,355,3.7665782493368702,35.5,58.75,5768.662499999999,,,,,,,,
,2548,2026-06-15 00:00:00,CITY FLOW PUNE,HPCL,,MH14MT2477,26,4,77.55,98.19,7614.634499999999,7700,7470,230,2.9658284977433915,57.5,20.049999999999997,1968.7094999999997,,,,,,,,
,2549,2026-06-15 00:00:00,JCB,BPCL,NITESH DONGARE,MH14LL4184,30,6,40.72,98.23,3999.9256,138633,138509,124,3.045186640471513,20.666666666666668,20.05333333333333,1969.8389333333332,,,,,,,,
,2550,2026-06-15 00:00:00,JCB,IOCL,BAPU VAMAN,MH14LL4159,30,6,18,98.3,1769.3999999999999,174864,174759,105,5.833333333333333,17.5,0.5,49.15,,,,,,,,
,2551,2026-06-15 00:00:00,JCB,IOCL,VIKAS HEMADE,MH14LL4140,30,6,54.5,98.52,5369.34,173819,173492,327,6,54.5,0,0,,,,,,,,
,2552,2026-06-15 00:00:00,JCB,BPCL,JAGDISH PATIL,MH14LL4189,30,6,39,98.19,3829.41,209058,208842,216,5.538461538461538,36,3,294.57,,,,,,,,
,2553,2026-06-15 00:00:00,LEAR-CHAKAN,BPCL,NIWAS RATHOD,MH14LB5919,18,12,40,98.18,3927.2000000000003,240799,240463,336,8.4,28,12,1178.16,,,,,,,,
,2554,2026-06-15 00:00:00,LEAR-CHAKAN,BPCL,VITTHALRAO,MH14LB5821,18,12,40,98.22,3928.8,79262,79062,200,5,16.666666666666668,23.333333333333332,2291.7999999999997,,,,,,,,
1482/20-6-26,2555,2026-06-15 00:00:00,BC-VENDER,SHUBHAM,Sudhakar Sharad Daptare,MH14KQ5693,20,10,35,98.44,3445.4,0,0,0,0,0,35,3445.4,,,,,,,,
1482/20-6-26,2556,2026-06-15 00:00:00,BC,SHUBHAM,,MH14LB3990,50,4,40,98.44,3937.6,72861,72569,292,7.3,73,-33,-3248.52,,,,,,,,
1482/20-6-26,2557,2026-06-15 00:00:00,BC-VENDER,SHUBHAM,,MH14LX9897,17,10,30,98.44,2953.2,0,0,0,0,0,30,2953.2,,,,,,,,
1482/20-6-26,2558,2026-06-15 00:00:00,BC-VENDER,SHUBHAM,Prathmesh Tours & Travels,MH12VF1253,20,10,30,98.44,2953.2,0,0,0,0,0,30,2953.2,,,,,,,,
1482/20-6-26,2559,2026-06-15 00:00:00,BC,SHUBHAM,RAJ KAMBLE,MH14LB4535,50,3.5,40,98.44,3937.6,112001,111725,276,6.9,78.85714285714286,-38.85714285714286,-3825.0971428571434,,,,,,,,
1482/20-6-26,2560,2026-06-15 00:00:00,BC,SHUBHAM,,MH14LB3848,40,5.5,40,98.44,3937.6,113648,113417,231,5.775,42,-2,-196.88,,,,,,,,
1482/20-6-26,2561,2026-06-15 00:00:00,BC,SHUBHAM,,MH14GD9109,36,6,30,98.44,2953.2,308997,308730,267,8.9,44.5,-14.5,-1427.3799999999999,,,,,,,,
1482/20-6-26,2562,2026-06-15 00:00:00,LEAR-CHAKAN,SHUBHAM,SACHIN,MH14LB5914,18,12,10,98.44,984.4,194785,194559,226,22.6,18.833333333333332,-8.833333333333332,-869.5533333333332,,,,,,,,
1482/20-6-26,2563,2026-06-15 00:00:00,BC-VENDER,SHUBHAM,Mukund Ramchandra Madvalkar,MH12LB9492,17,10,40,98.44,3937.6,0,0,0,0,0,40,3937.6,,,,,,,,
,2564,2026-06-15 00:00:00,LEAR-CHAKAN,HPCL,,MH14LB6214,25,7,30,98.57,2957.1,202092,201571,521,17.366666666666667,74.42857142857143,-44.42857142857143,-4379.324285714286,,,,,,,,
286/15-6-26,2565,2026-06-15 00:00:00,MERCEDES,PRATIK,,MH14HG3116,32,4,100,98.57,9857,286525,286214,311,3.11,77.75,22.25,2193.1825,,,,,,,,
286/15-6-26,2566,2026-06-15 00:00:00,MERCEDES,PRATIK,,MH14HU3981,32,4,130,98.57,12814.099999999999,256665,256097,568,4.369230769230769,142,-12,-1182.84,,,,,,,,
286/15-6-26,2567,2026-06-15 00:00:00,MERCEDES,PRATIK,BALIRAM MOHITE,MH14LX3721,32,4,70,98.57,6899.9,36019,35613,406,5.8,101.5,-31.5,-3104.955,,,,,,,,
286/15-6-26,2568,2026-06-15 00:00:00,MERCEDES,PRATIK,,MH14LX3718,32,4,70,98.57,6899.9,31890,31725,165,2.357142857142857,41.25,28.75,2833.8875,,,,,,,,
286/15-6-26,2569,2026-06-15 00:00:00,MERCEDES,PRATIK,YASHPAL KAMBLE,MH14HG3115,36,4,70,98.57,6899.9,266991,266686,305,4.357142857142857,76.25,-6.25,-616.0625,,,,,,,,
286/15-6-26,2570,2026-06-15 00:00:00,MERCEDES,PRATIK,,MH14HU3979,32,4,70,98.57,6899.9,205998,205790,208,2.9714285714285715,52,18,1774.2599999999998,,,,,,,,
286/15-6-26,2571,2026-06-15 00:00:00,MERCEDES,PRATIK,,MH14LX3714,32,4,110,98.57,10842.699999999999,39346,39272,74,0.6727272727272727,18.5,91.5,9019.154999999999,,,,,,,,
286/15-6-26,2572,2026-06-15 00:00:00,MERCEDES,PRATIK,,MH14LX3723,32,4,40,98.57,3942.7999999999997,30540,30395,145,3.625,36.25,3.75,369.6375,,,,,,,,
286/15-6-26,2573,2026-06-15 00:00:00,MERCEDES,PRATIK,,MH14LX3726,32,4,106,98.57,10448.42,34390,34302,88,0.8301886792452831,22,84,8279.88,,,,,,,,
286/15-6-26,2574,2026-06-15 00:00:00,MERCEDES,PRATIK,,MH14HU3985,50,4,60,98.57,5914.2,188140,187937,203,3.3833333333333333,50.75,9.25,911.7724999999999,,,,,,,,
286/15-6-26,2575,2026-06-15 00:00:00,MERCEDES,PRATIK,,MH14HU3984,32,4,105,98.57,10349.849999999999,227734,227271,463,4.40952380952381,115.75,-10.75,-1059.6274999999998,,,,,,,,
286/15-6-26,2576,2026-06-15 00:00:00,MERCEDES,PRATIK,,MH14LX4888,32,4,50,98.57,4928.5,36054,35942,112,2.24,28,22,2168.54,,,,,,,,
286/15-6-26,2577,2026-06-15 00:00:00,MERCEDES,PRATIK,,MH14LX3713,32,4,110,98.57,10842.699999999999,50519,50281,238,2.1636363636363636,59.5,50.5,4977.785,,,,,,,,
286/15-6-26,2578,2026-06-15 00:00:00,MERCEDES,PRATIK,,MH14HU3982,32,4,120,98.57,11828.4,234911,234678,233,1.9416666666666667,58.25,61.75,6086.697499999999,,,,,,,,
286/15-6-26,2579,2026-06-15 00:00:00,MERCEDES,PRATIK,,MH14KA9141,32,4,134,98.57,13208.38,102940,102655,285,2.126865671641791,71.25,62.75,6185.2675,,,,,,,,
286/15-6-26,2580,2026-06-15 00:00:00,MERCEDES,PRATIK,,MH14LX4889,32,4,90,98.57,8871.3,25247,25116,131,1.4555555555555555,32.75,57.25,5643.1325,,,,,,,,
286/15-6-26,2581,2026-06-15 00:00:00,MERCEDES,PRATIK,,MH14LX3725,32,4,90,98.57,8871.3,30555,30442,113,1.2555555555555555,28.25,61.75,6086.697499999999,,,,,,,,
286/15-6-26,2582,2026-06-15 00:00:00,MERCEDES,PRATIK,,MH14LX4885,32,4,60,98.57,5914.2,38205,37933,272,4.533333333333333,68,-8,-788.56,,,,,,,,
286/15-6-26,2583,2026-06-15 00:00:00,MERCEDES,PRATIK,,MH14HU3983,32,4,60,98.57,5914.2,187814,187690,124,2.066666666666667,31,29,2858.5299999999997,,,,,,,,
286/15-6-26,2584,2026-06-15 00:00:00,MERCEDES,PRATIK,,MH14HG3112,32,4,60,98.57,5914.2,274775,274665,110,1.8333333333333333,27.5,32.5,3203.5249999999996,,,,,,,,
286/15-6-26,2585,2026-06-15 00:00:00,MERCEDES,PRATIK,,MH14KA9138,32,4,60,98.57,5914.2,115850,115755,95,1.5833333333333333,23.75,36.25,3573.1625,,,,,,,,
286/15-6-26,2586,2026-06-15 00:00:00,MERCEDES,PRATIK,,MH14KA9148,32,4,60,98.57,5914.2,110520,110327,193,3.216666666666667,48.25,11.75,1158.1975,,,,,,,,
286/15-6-26,2587,2026-06-15 00:00:00,MERCEDES,PRATIK,,MH14HU3980,32,4,60,98.57,5914.2,234854,234568,286,4.766666666666667,71.5,-11.5,-1133.5549999999998,,,,,,,,
286/15-6-26,2588,2026-06-15 00:00:00,MERCEDES,PRATIK,,MH14HU3978,32,4,60,98.57,5914.2,195244,194910,334,5.566666666666666,83.5,-23.5,-2316.395,,,,,,,,
286/15-6-26,2589,2026-06-15 00:00:00,MERCEDES,PRATIK,,MH14LX3720,32,4,60,98.57,5914.2,35704,35225,479,7.983333333333333,119.75,-59.75,-5889.5575,,,,,,,,
286/15-6-26,2590,2026-06-15 00:00:00,MERCEDES,PRATIK,,MH14KA9139,32,4,60,98.57,5914.2,116098,115994,104,1.7333333333333334,26,34,3351.3799999999997,,,,,,,,
286/15-6-26,2591,2026-06-15 00:00:00,MERCEDES,PRATIK,,MH14LX3710,32,4,60,98.57,5914.2,38387,38080,307,5.116666666666666,76.75,-16.75,-1651.0475,,,,,,,,
286/15-6-26,2592,2026-06-15 00:00:00,MERCEDES,PRATIK,,MH14LX3711,32,4,60,98.57,5914.2,32821,32342,479,7.983333333333333,119.75,-59.75,-5889.5575,,,,,,,,
286/15-6-26,2593,2026-06-15 00:00:00,MERCEDES,PRATIK,,MH14KA9150,32,4,60,98.57,5914.2,129664,129306,358,5.966666666666667,89.5,-29.5,-2907.8149999999996,,,,,,,,
286/15-6-26,2594,2026-06-15 00:00:00,MERCEDES,PRATIK,,MH14KA9143,32,4,60,98.57,5914.2,95496,95272,224,3.7333333333333334,56,4,394.28,,,,,,,,
286/15-6-26,2595,2026-06-15 00:00:00,MERCEDES,PRATIK,,MH14LX3716,32,4,60,98.57,5914.2,34412,34142,270,4.5,67.5,-7.5,-739.275,,,,,,,,
286/15-6-26,2596,2026-06-15 00:00:00,MERCEDES,PRATIK,,MH14HG3114,32,4,60,98.57,5914.2,233638,233320,318,5.3,79.5,-19.5,-1922.1149999999998,,,,,,,,
286/15-6-26,2597,2026-06-15 00:00:00,MERCEDES,PRATIK,,MH14HG3117,32,4,60,98.57,5914.2,243417,243356,61,1.0166666666666666,15.25,44.75,4411.0075,,,,,,,,
286/15-6-26,2598,2026-06-15 00:00:00,MERCEDES,PRATIK,,MH14LX3712,32,4,60,98.57,5914.2,35692,35551,141,2.35,35.25,24.75,2439.6074999999996,,,,,,,,
286/15-6-26,2599,2026-06-15 00:00:00,MERCEDES,PRATIK,,MH14KA9152,32,4,60,98.57,5914.2,117415,117309,106,1.7666666666666666,26.5,33.5,3302.095,,,,,,,,
286/15-6-26,2600,2026-06-15 00:00:00,MERCEDES,PRATIK,,MH14HG3119,32,4,60,98.57,5914.2,240862,240834,28,0.4666666666666667,7,53,5224.21,,,,,,,,
286/15-6-26,2601,2026-06-15 00:00:00,MERCEDES,PRATIK,,MH14LX3719,32,4,60,98.57,5914.2,37600,37425,175,2.9166666666666665,43.75,16.25,1601.7624999999998,,,,,,,,
2411/20-6-26,2602,2026-06-15 00:00:00,JCB,SAIEE,VIKAS CHAVAN,MH14LL4132,30,6,65,98.59,6408.35,83280,82913,367,5.6461538461538465,61.166666666666664,3.8333333333333357,377.92833333333357,,,,,,,,
2411/20-6-26,2603,2026-06-15 00:00:00,JCB,SAIEE,PANDURANG KADAM,MH14CW2890,36,5,78,98.59,7690.02,466839,466408,431,5.5256410256410255,86.2,-8.200000000000003,-808.4380000000003,,,,,,,,
2411/20-6-26,2604,2026-06-15 00:00:00,JCB,SAIEE,REVANATH LANDGE,MH14LL4194,30,6,77,98.59,7591.43,131704,131242,462,6,77,0,0,,,,,,,,
2411/20-6-26,2605,2026-06-15 00:00:00,JCB,SAIEE,DAYNESHWAR GAVALI,MH14LL4139,30,6,80,98.59,7887.200000000001,130263,129807,456,5.7,76,4,394.36,,,,,,,,
2411/20-6-26,2606,2026-06-15 00:00:00,JCB,SAIEE,DATTATARY ZAMBHRE,MH14LL4186,30,6,106.65,98.59,10514.623500000002,76171,75606,565,5.2977027660571965,94.16666666666667,12.483333333333334,1230.7318333333335,,,,,,,,
2411/20-6-26,2607,2026-06-15 00:00:00,JCB,SAIEE,AYUB PATHAN,MH14LL4157,30,6,46,98.59,4535.14,142337,142058,279,6.065217391304348,46.5,-0.5,-49.295,,,,,,,,
2411/20-6-26,2608,2026-06-15 00:00:00,JCB,SAIEE,SHANKAR JANORKAR,MH14LX2753,40,5.5,133,98.59,13112.470000000001,64563,63830,733,5.511278195488722,133.27272727272728,-0.2727272727272805,-26.888181818182584,,,,,,,,
2411/20-6-26,2609,2026-06-15 00:00:00,MITSUBISHI,SAIEE,AMIT KAMBLE,MH14LB2875,18,10,47.95,98.59,4727.3905,113435,113186,249,5.192909280500521,24.9,23.050000000000004,2272.4995000000004,,,,,,,,
2411/20-6-26,2610,2026-06-15 00:00:00,VW,SAIEE,,MH14KA2807,40,5.5,100,98.59,9859,179386,178905,481,4.81,87.45454545454545,12.545454545454547,1236.8563636363638,,,,,,,,
2411/20-6-26,2611,2026-06-15 00:00:00,JCB,SAIEE,GANESH MORE,MH14LL4182,30,6,94,98.59,9267.460000000001,53836,53278,558,5.9361702127659575,93,1,98.59,,,,,,,,
2411/20-6-26,2612,2026-06-15 00:00:00,JCB,SAIEE,GAJANAN MARSHETTI,MH14LL4197,18,10,40.04,98.59,3947.5436,106718,106311,407,10.164835164835164,40.7,-0.6600000000000037,-65.06940000000037,,,,,,,,
2411/20-6-26,2613,2026-06-15 00:00:00,BC,SAIEE,BASVARAJ,MH14LL4204,18,10,44.55,98.59,4392.1845,165820,165436,384,8.61952861952862,38.4,6.149999999999999,606.3284999999998,,,,,,,,
2411/20-6-26,2614,2026-06-15 00:00:00,JCB,SAIEE,CHANDRAKANT PATTHAR,MH14LL4124,30,6,102.53,98.59,10108.432700000001,89551,88905,646,6.30059494782015,107.66666666666667,-5.13666666666667,-506.423966666667,,,,,,,,
2411/20-6-26,2615,2026-06-15 00:00:00,JCB,SAIEE,RANGNATH KHODAVE,MH14LL4129,30,6,101.13,98.59,9970.4067,62760,62156,604,5.97251062988233,100.66666666666667,0.46333333333332405,45.68003333333242,,,,,,,,
2411/20-6-26,2616,2026-06-15 00:00:00,JCB,SAIEE,ASHOK SUKALE,MH14LL4130,30,6,106,98.59,10450.54,105758,105354,404,3.811320754716981,67.33333333333333,38.66666666666667,3812.1466666666674,,,,,,,,
2411/20-6-26,2617,2026-06-15 00:00:00,JCB,SAIEE,BALU FALAKE,MH14LL4144,30,6,80,98.59,7887.200000000001,104498,103487,1011,12.6375,168.5,-88.5,-8725.215,,,,,,,,
2411/20-6-26,2618,2026-06-15 00:00:00,JCB,SAIEE,SAINATH GOTAWALE,MH14LL4181,30,6,100,98.59,9859,81092,80494,598,5.98,99.66666666666667,0.3333333333333286,32.86333333333287,,,,,,,,
2411/20-6-26,2619,2026-06-15 00:00:00,VW,SAIEE,,MH14KA1913,40,5.5,92.1,98.59,9080.139,298438,297816,622,6.753528773072747,113.0909090909091,-20.9909090909091,-2069.493727272728,,,,,,,,
2411/20-6-26,2620,2026-06-15 00:00:00,VW,SAIEE,,MH14KA1879,40,5.5,50,98.59,4929.5,196110,195861,249,4.98,45.27272727272727,4.727272727272727,466.0618181818181,,,,,,,,
2411/20-6-26,2621,2026-06-15 00:00:00,JCB,SAIEE,SHIDESHWAR KORE,MH14LL4183,30,6,71,98.59,6999.89,93575,93182,393,5.535211267605634,65.5,5.5,542.245,,,,,,,,
2411/20-6-26,2622,2026-06-15 00:00:00,JCB,SAIEE,,MH14LL4138,30,6,66,98.59,6506.9400000000005,162639,162276,363,5.5,60.5,5.5,542.245,,,,,,,,
2411/20-6-26,2623,2026-06-15 00:00:00,ADMIN,SAIEE,BADADE/ SALVE/KAMBLE,MH14DM8003,6,12,19.89,98.59,1960.9551000000001,293280,293064,216,10.85972850678733,18,1.8900000000000006,186.33510000000007,,,,,,,,
2411/20-6-26,2624,2026-06-15 00:00:00,JCB-VENDOR,SAIEE,,MH14LL4301,,,46.21,98.59,4555.8439,0,0,0,0,#DIV/0!,#DIV/0!,#DIV/0!,,,,,,,,
2411/20-6-26,2625,2026-06-15 00:00:00,JCB-VENDOR,SAIEE,,MH12YB9901,,,43.95,98.59,4333.030500000001,0,0,0,0,#DIV/0!,#DIV/0!,#DIV/0!,,,,,,,,
2411/20-6-26,2626,2026-06-15 00:00:00,JCB,SAIEE,SACHIN RAUT,MH14LL4205,18,10,52,98.59,5126.68,191194,190721,473,9.096153846153847,47.3,4.700000000000003,463.3730000000003,,,,,,,,
2411/20-6-26,2627,2026-06-15 00:00:00,JCB,SAIEE,RAVI WAYKULE,MH14LL4123,30,6,109,98.59,10746.31,129109,128509,600,5.504587155963303,100,9,887.3100000000001,,,,,,,,
2411/20-6-26,2628,2026-06-15 00:00:00,JCB,SAIEE,SWAPNIL BORATE,MH14MT5755,17,10,53.69,98.59,5293.2971,0,0,0,0,0,53.69,5293.2971,,,,,,,,
2411/20-6-26,2629,2026-06-15 00:00:00,JCB,SAIEE,SWAPNIL BORATE,MH14MH5755,17,10,45,98.59,4436.55,0,0,0,0,0,45,4436.55,,,,,,,,
2411/20-6-26,2630,2026-06-15 00:00:00,JCB-VENDOR,SAIEE,VENDOR,MH14HG7555,17,10,56.18,98.59,5538.7862000000005,0,0,0,0,0,56.18,5538.7862000000005,,,,,,,,
2411/20-6-26,2631,2026-06-15 00:00:00,JCB,SAIEE,DATTATRAY BIDAVE,MH14LL4128,30,6,132,98.59,13013.880000000001,89198,88408,790,5.984848484848484,131.66666666666666,0.3333333333333428,32.86333333333427,,,,,,,,
2411/20-6-26,2632,2026-06-15 00:00:00,BA-VENDER,SAIEE,DATTA DOMBLE,MH14LB2873,36,6,66,98.59,6506.9400000000005,0,0,0,0,0,66,6506.9400000000005,,,,,,,,
2411/20-6-26,2633,2026-06-15 00:00:00,JCB,SAIEE,BALAJI RAWALE,MH14LL4199,18,10,50,98.59,4929.5,176874,176426,448,8.96,44.8,5.200000000000003,512.6680000000003,,,,,,,,
2411/20-6-26,2634,2026-06-15 00:00:00,MITSUBISHI,SAIEE,RAMDAS DATE,MH14LB2872,33,6,62.41,98.59,6153.0019,72182,72105,77,1.2337766383592375,12.833333333333334,49.57666666666666,4887.7635666666665,,,,,,,,
2411/20-6-26,2635,2026-06-15 00:00:00,HYUNDAI,SAIEE,NAVNATH BHANUSE,MH14LL6272,41,5.5,137,98.59,13506.83,80812,80058,754,5.5036496350364965,137.0909090909091,-0.09090909090909349,-8.962727272727527,,,,,,,,
2411/20-6-26,2636,2026-06-15 00:00:00,JCB,SAIEE,BHAGWAT FHAPAL,MH14LL4198,18,10,45,98.59,4436.55,166547,166135,412,9.155555555555555,41.2,3.799999999999997,374.6419999999997,,,,,,,,
2411/20-6-26,2637,2026-06-15 00:00:00,JCB,SAIEE,YOURAJ WAGH,MH14LL4179,30,6,74,98.59,7295.66,110285,109838,447,6.04054054054054,74.5,-0.5,-49.295,,,,,,,,
2411/20-6-26,2638,2026-06-15 00:00:00,JCB,SAIEE,HANUMANT GHOLAP,MH14LL4135,30,6,68,98.59,6704.12,129648,129272,376,5.529411764705882,62.666666666666664,5.333333333333336,525.8133333333336,,,,,,,,
,2639,2026-06-15 00:00:00,KWT,JAYHIND,BHAIRU KAWADE,MH14GD9124,36,6,50,98.21,4910.5,325919,325649,270,5.4,45,5,491.04999999999995,,,,,,,,
,2640,2026-06-15 00:00:00,TML,JAYHIND,MANGESH WARKE,MH14CW2906,36,5.5,88,98.21,8642.48,380431,379946,485,5.511363636363637,88.18181818181819,-0.18181818181818699,-17.856363636364144,,,,,,,,
,2641,2026-06-15 00:00:00,,JAYHIND,,MH14KQ3557,,,87.04,98.21,8548.1984,0,0,0,0,#DIV/0!,#DIV/0!,#DIV/0!,,,,,,,,
,2642,2026-06-15 00:00:00,KB-VENDER,JAYHIND,,MH12ZE6744,,,100,98.21,9821,0,0,0,0,#DIV/0!,#DIV/0!,#DIV/0!,,,,,,,,
,2643,2026-06-15 00:00:00,KB,JAYHIND,DHARMRAJ LOKHANDE,MH14HG9379,33,5.8,93.68,98.21,9200.3128,46913,46499,414,4.41929974380871,71.37931034482759,22.30068965517242,2190.150731034483,,,,,,,,
,2644,2026-06-15 00:00:00,JCB,JAYHIND,DANAJI WAIDANDE,MH14LL4201,18,10,51.22,98.21,5030.316199999999,135252,134738,514,10.035142522452167,51.4,-0.17999999999999972,-17.67779999999997,,,,,,,,
,2645,2026-06-15 00:00:00,BA-VENDER,JAYHIND,DINESH,MH14LB9060,18,10,50.35,98.21,4944.8735,0,0,0,0,0,50.35,4944.8735,,,,,,,,
,2646,2026-06-15 00:00:00,KB-VENDER,JAYHIND,AYUB JAMADAR,MH14MH5220,40,5.5,103,98.21,10115.63,0,0,0,0,0,103,10115.63,,,,,,,,
,2647,2026-06-15 00:00:00,TML-VENDER,JAYHIND,BORASE,MH14KQ9520,40,5.5,40.93,98.21,4019.7353,0,0,0,0,0,40.93,4019.7353,,,,,,,,
,2648,2026-06-15 00:00:00,KB-VENDER,JAYHIND,AYUB JAMADAR,MH14LX5220,40,5.5,85,98.21,8347.85,0,0,0,0,0,85,8347.85,,,,,,,,
,2649,2026-06-15 00:00:00,TML-VENDER,JAYHIND,NANA RASKAR,MH14GD4572,50,4,170,98.21,16695.7,0,0,0,0,0,170,16695.7,,,,,,,,
,2650,2026-06-15 00:00:00,TML,JAYHIND,DILIP BARKAMBE,MH14CW4815,41,5,80,98.21,7856.799999999999,503814,503350,464,5.8,92.8,-12.799999999999997,-1257.0879999999997,,,,,,,,
,2651,2026-06-15 00:00:00,TML,JAYHIND,KISHOR SHINDE,MH14CW4823,40,5.3,81,98.21,7955.009999999999,560371,559913,458,5.654320987654321,86.41509433962264,-5.415094339622641,-531.8164150943395,,,,,,,,
,2652,2026-06-15 00:00:00,TML-VENDER,JAYHIND,,MH14MT4480,,,149.17,98.21,14649.985699999997,0,0,0,0,#DIV/0!,#DIV/0!,#DIV/0!,,,,,,,,
,2653,2026-06-15 00:00:00,TML-VENDER,JAYHIND,NANA RASKAR,MH14GD7245,49,4,149,98.21,14633.289999999999,0,0,0,0,0,149,14633.289999999999,,,,,,,,
,2654,2026-06-15 00:00:00,TML,JAYHIND,SATISH PADWAL,MH14CW2904,36,5.5,115.1,98.21,11303.971,399962,399364,598,5.195482189400521,108.72727272727273,6.372727272727261,625.8655454545442,,,,,,,,
,2655,2026-06-15 00:00:00,TML,JAYHIND,AMOL,MH14CW3581,36,5.5,90,98.21,8838.9,85268,84798,470,5.222222222222222,85.45454545454545,4.545454545454547,446.409090909091,,,,,,,,
,2656,2026-06-15 00:00:00,TML,JAYHIND,BALAJI JOGE,MH14CW4611,40,5.5,90,98.21,8838.9,446319,445935,384,4.266666666666667,69.81818181818181,20.181818181818187,1982.056363636364,,,,,,,,
,2657,2026-06-15 00:00:00,KB,JAYHIND,PANDURANG WARE,MH14HU0837,28,6,70,98.21,6874.7,350270,349756,514,7.3428571428571425,85.66666666666667,-15.666666666666671,-1538.6233333333337,,,,,,,,
,2658,2026-06-15 00:00:00,TML,JAYHIND,SOMNATH KALE,MH14CW2902,36,5.5,82,98.21,8053.219999999999,395898,395321,577,7.036585365853658,104.9090909090909,-22.909090909090907,-2249.901818181818,,,,,,,,
,2659,2026-06-15 00:00:00,VW,JAYHIND,,MH14KA1910,40,5.5,111,98.21,10901.31,156783,156411,372,3.3513513513513513,67.63636363636364,43.36363636363636,4258.742727272726,,,,,,,,
,2660,2026-06-15 00:00:00,TML,JAYHIND,MALLIKARJUN BODALE,MH12KQ0265,44,3.5,150,98.21,14731.499999999998,443733,443143,590,3.933333333333333,168.57142857142858,-18.571428571428584,-1823.900000000001,,,,,,,,
,2661,2026-06-15 00:00:00,TML,JAYHIND,DANRAJ KOLI,MH14CW2905,36,5.5,95,98.21,9329.949999999999,556091,555613,478,5.031578947368421,86.9090909090909,8.090909090909093,794.6081818181821,,,,,,,,
,2662,2026-06-15 00:00:00,KB,JAYHIND,,MH14MT2842,40,5.5,85.02,98.21,8349.814199999999,34941,34527,414,4.869442484121383,75.27272727272727,9.74727272727273,957.2796545454547,,,,,,,,
,2663,2026-06-15 00:00:00,LEAR-CHAKAN,JAYHIND,,MH14LB5922,18,12,30,98.21,2946.2999999999997,141531,141154,377,12.566666666666666,31.416666666666668,-1.4166666666666679,-139.13083333333344,,,,,,,,
,2664,2026-06-15 00:00:00,LEAR-CHAKAN,JAYHIND,,MH14LB5926,18,12,30,98.21,2946.2999999999997,130015,129597,418,13.933333333333334,34.833333333333336,-4.833333333333336,-474.68166666666684,,,,,,,,
,2665,2026-06-15 00:00:00,VW,JAYHIND,,MH14KA2731,40,5.5,112,98.21,10999.519999999999,176178,175905,273,2.4375,49.63636363636363,62.36363636363637,6124.732727272727,,,,,,,,
,2666,2026-06-15 00:00:00,KB,JAYHIND,,MH14CW4614,40,5.5,116,98.21,11392.359999999999,284560,284017,543,4.681034482758621,98.72727272727273,17.272727272727266,1696.3545454545447,,,,,,,,
,2667,2026-06-15 00:00:00,TML,JAYHIND,RAMDAS MARANE,MH14CW4822,41,5.5,65,98.21,6383.65,483924,483469,455,7,82.72727272727273,-17.727272727272734,-1740.995454545455,,,,,,,,
,2668,2026-06-15 00:00:00,KB,JAYHIND,DHARMA LOKHANDE,MH14HG9380,33,6,100,98.21,9821,290388,289851,537,5.37,89.5,10.5,1031.205,,,,,,,,
,2669,2026-06-15 00:00:00,TML,JAYHIND,,MH14CW3867,,,60,98.21,5892.599999999999,101076,100948,128,2.1333333333333333,#DIV/0!,#DIV/0!,#DIV/0!,,,,,,,,
,2670,2026-06-15 00:00:00,TML,JAYHIND,,MH14CW3260,36,5,122,98.21,11981.619999999999,434886,434296,590,4.836065573770492,118,4,392.84,,,,,,,,
,2671,2026-06-15 00:00:00,KB,JAYHIND,RAJU JAMADAR,MH14HG5617,28,6,110,98.21,10803.099999999999,408785,408229,556,5.054545454545455,92.66666666666667,17.33333333333333,1702.3066666666662,,,,,,,,
,2672,2026-06-15 00:00:00,TML,JAYHIND,,MH14CW2893,36,5.5,106,98.21,10410.26,373782,373261,521,4.915094339622642,94.72727272727273,11.272727272727266,1107.0945454545447,,,,,,,,
,2673,2026-06-15 00:00:00,TML,JAYHIND,,MH14CW3256,36,5,70,98.21,6874.7,313229,313006,223,3.1857142857142855,44.6,25.4,2494.5339999999997,,,,,,,,
,2674,2026-06-15 00:00:00,LEAR-CHAKAN,JAYHIND,,MH14LB5917,18,12,20,98.21,1964.1999999999998,153700,153330,370,18.5,30.833333333333332,-10.833333333333332,-1063.9416666666664,,,,,,,,
,2675,2026-06-15 00:00:00,BC,JAYHIND,LANDAGE,MH14LB3847,40,5.5,70,98.21,6874.7,80977,80607,370,5.285714285714286,67.27272727272727,2.7272727272727337,267.84545454545514,,,,,,,,
,2676,2026-06-15 00:00:00,BC,JAYHIND,,MH14HG2520,40,5,86,98.21,8446.06,213691,213274,417,4.848837209302325,83.4,2.5999999999999943,255.34599999999944,,,,,,,,
,2677,2026-06-15 00:00:00,BA-VENDER,JAYHIND,SITARAM POL,MH14LB5428,18,12,29.94,98.21,2940.4074,0,0,0,0,0,29.94,2940.4074,,,,,,,,
,2678,2026-06-15 00:00:00,BC,JAYHIND,,MH14LL4207,18,10,50.8,98.21,4989.067999999999,121394,120965,429,8.44488188976378,42.9,7.899999999999999,775.8589999999998,,,,,,,,
,2679,2026-06-15 00:00:00,BC,JAYHIND,RAVI TANPURE,MH14LB3843,32,6,74.08,98.21,7275.3967999999995,101728,101328,400,5.399568034557236,66.66666666666667,7.413333333333327,728.0634666666659,,,,,,,,
,2680,2026-06-15 00:00:00,BC,JAYHIND,ANKIT KAKODIYA,MH14LB3845,32,6,50,98.21,4910.5,94609,94310,299,5.98,49.833333333333336,0.1666666666666643,16.3683333333331,,,,,,,,
,2681,2026-06-15 00:00:00,BC,JAYHIND,YOGESH GAWANDE,MH14LB4534,50,4,66.07,98.21,6488.734699999999,74169,73827,342,5.176328136824581,85.5,-19.430000000000007,-1908.2203000000006,,,,,,,,
,2682,2026-06-15 00:00:00,BC,JAYHIND,DANAJI SAKUNDE,MH14LB3846,32,6,60,98.21,5892.599999999999,110565,110389,176,2.933333333333333,29.333333333333332,30.666666666666668,3011.773333333333,,,,,,,,
,2683,2026-06-15 00:00:00,BC,JAYHIND,SOURABHV BOABADE,MH14LB3989,50,4,60,98.21,5892.599999999999,98402,98168,234,3.9,58.5,1.5,147.315,,,,,,,,
,2684,2026-06-15 00:00:00,BA-VENDER,JAYHIND,DATTA DOMBLE,MH14LB2783,36,6,25,98.21,2455.25,0,0,0,0,0,25,2455.25,,,,,,,,
,2685,2026-06-15 00:00:00,KB-VENDER,JAYHIND,,MH12ZE0337,,,58.74,98.21,5768.8553999999995,0,0,0,0,#DIV/0!,#DIV/0!,#DIV/0!,,,,,,,,
,2686,2026-06-15 00:00:00,KB-VENDER,JAYHIND,NILESH,MH14LL9848,40,5.5,75.04,98.21,7369.6784,0,0,0,0,0,75.04,7369.6784,,,,,,,,
,2687,2026-06-15 00:00:00,KB-VENDER,JAYHIND,VIJAY GAWAI,MH14LB9489,40,5.5,70,98.21,6874.7,0,0,0,0,0,70,6874.7,,,,,,,,
,2688,2026-06-15 00:00:00,KB-VENDER,JAYHIND,AYUB JAMADAR,MH14HU5220,40,5.5,97.71,98.21,9596.0991,0,0,0,0,0,97.71,9596.0991,,,,,,,,
,2689,2026-06-15 00:00:00,KB-VENDER,JAYHIND,,MH14KA4846,,,80,98.21,7856.799999999999,0,0,0,0,#DIV/0!,#DIV/0!,#DIV/0!,,,,,,,,
,2690,2026-06-15 00:00:00,BA-VENDER,JAYHIND,VAIBHAV KAWADE,MH14LB8792,17,10,43,98.21,4223.03,0,0,0,0,0,43,4223.03,,,,,,,,
,2691,2026-06-15 00:00:00,LEAR-BHOSARI,JAYHIND,VITTHAL,MH14LB5820,18,12,38.1,98.21,3741.801,41931,41544,387,10.15748031496063,32.25,5.850000000000001,574.5285000000001,,,,,,,,
,2692,2026-06-15 00:00:00,TML,JAYHIND,SACHIN KAMBLE,MH14CW3584,36,5.5,80,98.21,7856.799999999999,507216,506921,295,3.6875,53.63636363636363,26.363636363636367,2589.1727272727276,,,,,,,,
,2693,2026-06-15 00:00:00,TML,JAYHIND,GAJANAN PATIL,MH14CW2895,36,5.5,100,98.21,9821,424731,424231,500,5,90.9090909090909,9.090909090909093,892.818181818182,,,,,,,,
,2694,2026-06-15 00:00:00,KWT,JAYHIND,GOVINDA CHAVAN,MH14GD9102,36,6,50,98.21,4910.5,292932,292654,278,5.56,46.333333333333336,3.6666666666666643,360.10333333333307,,,,,,,,
,2695,2026-06-15 00:00:00,KB,JAYHIND,,MH14HG5612,28,6,94.81,98.21,9311.2901,414135,413689,446,4.704145132370003,74.33333333333333,20.476666666666674,2011.013433333334,,,,,,,,
,2696,2026-06-15 00:00:00,TML,JAYHIND,GANSHAM RAM,MH14CW4610,40,5.5,30,98.21,2946.2999999999997,397714,397316,398,13.266666666666667,72.36363636363636,-42.36363636363636,-4160.532727272726,,,,,,,,
,2697,2026-06-15 00:00:00,TML,JAYHIND,CHATURBHUJ CHAVAN,MH14CW4062,36,5.5,119,98.21,11686.99,398797,398179,618,5.19327731092437,112.36363636363636,6.63636363636364,651.7572727272731,,,,,,,,
,2698,2026-06-15 00:00:00,LEAR-BHOSARI,JAYHIND,DINKAR,MH14LB5817,18,12,40.58,98.21,3985.3617999999997,74795,74382,413,10.177427304090685,34.416666666666664,6.163333333333334,605.3009666666667,,,,,,,,
,2699,2026-06-15 00:00:00,BC,JAYHIND,,MH14GD9126,36,6,50,98.21,4910.5,452930,452685,245,4.9,40.833333333333336,9.166666666666664,900.2583333333331,,,,,,,,
,2700,2026-06-15 00:00:00,TML,JAYHIND,SHIVAJI SAWANT,MH14CW4852,39,4.5,30,98.21,2946.2999999999997,88626,88358,268,8.933333333333334,59.55555555555556,-29.555555555555557,-2902.6511111111113,,,,,,,,
,2701,2026-06-15 00:00:00,TML,JAYHIND,,MH14CW4806,41,5.5,115,98.21,11294.15,405273,404952,321,2.791304347826087,58.36363636363637,56.63636363636363,5562.257272727272,,,,,,,,
,2702,2026-06-15 00:00:00,JCB,JAYHIND,PRAMOD BARKUL,MH14LL4188,30,6,50,98.21,4910.5,136111,135835,276,5.52,46,4,392.84,,,,,,,,
,2703,2026-06-15 00:00:00,KB,JAYHIND,SHIVANCHAL,MH14HG5614,28,6,117.17,98.21,11507.2657,381208,380568,640,5.462149014252795,106.66666666666667,10.50333333333333,1031.5323666666663,,,,,,,,
,2704,2026-06-15 00:00:00,KB-VENDER,JAYHIND,,MH14HG8154,,,105.42,98.21,10353.2982,0,0,0,0,#DIV/0!,#DIV/0!,#DIV/0!,,,,,,,,
,2705,2026-06-15 00:00:00,KB-VENDER,JAYHIND,AYUB JAMADAR,MH14KQ5220,40,5.5,47.08,98.21,4623.7267999999995,0,0,0,0,0,47.08,4623.7267999999995,,,,,,,,
,2706,2026-06-15 00:00:00,TML,JAYHIND,RANGNATH,MH14CW4612,40,5.5,125,98.21,12276.25,261925,261379,546,4.368,99.27272727272727,25.727272727272734,2526.675454545455,,,,,,,,
,2707,2026-06-15 00:00:00,LEAR-CHAKAN,JAYHIND,LAXMAN PATIL,MH14LB5915,18,12,20,98.21,1964.1999999999998,125836,125675,161,8.05,13.416666666666666,6.583333333333334,646.5491666666667,,,,,,,,
,2708,2026-06-15 00:00:00,LEAR-BHOSARI,JAYHIND,TEJAS,MH14LB6269,18,12,61,98.21,5990.8099999999995,54041,53500,541,8.868852459016393,45.083333333333336,15.916666666666664,1563.175833333333,,,,,,,,
,2709,2026-06-15 00:00:00,LEAR-BHOSARI,JAYHIND,AKBAR SHAIKH,MH14LB5815,18,12,40,98.21,3928.3999999999996,46376,46017,359,8.975,29.916666666666668,10.083333333333332,990.2841666666665,,,,,,,,
,2710,2026-06-15 00:00:00,LEAR-BHOSARI,JAYHIND,APPA,MH14LB6095,18,12,55,98.21,5401.549999999999,49444,49001,443,8.054545454545455,36.916666666666664,18.083333333333336,1775.9641666666669,,,,,,,,
,2711,2026-06-15 00:00:00,TML,JAYHIND,LAXMAN MAHARAJ,MH14CW3266,36,5,100,98.21,9821,172866,172243,623,6.23,124.6,-24.599999999999994,-2415.9659999999994,,,,,,,,
,2712,2026-06-15 00:00:00,TML,JAYHIND,VISHNU KALE,MH14CW4613,41,5.5,86,98.21,8446.06,26453,25985,468,5.441860465116279,85.0909090909091,0.9090909090909065,89.28181818181793,,,,,,,,
,2713,2026-06-15 00:00:00,TML,JAYHIND,SACHIN GAIKWAD,MH14CW4377,37,5,70,98.21,6874.7,225237,224804,433,6.185714285714286,86.6,-16.599999999999994,-1630.2859999999994,,,,,,,,
,2714,2026-06-15 00:00:00,TML-VENDER,JAYHIND,BORASE,MH14KA9502,40,5.5,83.01,98.21,8152.4121,0,0,0,0,0,83.01,8152.4121,,,,,,,,
,2715,2026-06-15 00:00:00,BA-VENDER,JAYHIND,VAIBHAV KAWADE,MH14LX8792,17,10,56.12,98.21,5511.5452,0,0,0,0,0,56.12,5511.5452,,,,,,,,
,2716,2026-06-15 00:00:00,KB,JAYHIND,KESHV PAWADE,MH14GD4460,49,4,140,98.21,13749.4,472681,472284,397,2.835714285714286,99.25,40.75,4002.0575,,,,,,,,
,2717,2026-06-15 00:00:00,KB,JAYHIND,HANUMTRAO,MH14HG5615,28,6,119.01,98.21,11687.972099999999,311306,310762,544,4.571044450046214,90.66666666666667,28.343333333333334,2783.5987666666665,,,,,,,,
,2718,2026-06-15 00:00:00,TML-VENDER,JAYHIND,BORASE,MH14KA9520,40,5.5,100.12,98.21,9832.7852,0,0,0,0,0,100.12,9832.7852,,,,,,,,
286/15-6-26,2719,2026-06-15 00:00:00,VW,PRATIK,,MH14KA1912,40,5.5,100,98.57,9857,223984,223554,430,4.3,78.18181818181819,21.818181818181813,2150.6181818181813,,,,,,,,
286/15-6-26,2720,2026-06-15 00:00:00,VW,PRATIK,,MH14KA2463,40,5.5,50,98.57,4928.5,138544,138257,287,5.74,52.18181818181818,-2.18181818181818,-215.06181818181798,,,,,,,,
286/15-6-26,2721,2026-06-15 00:00:00,VW,PRATIK,,MH14KA1880,40,5.5,50,98.57,4928.5,221425,220750,675,13.5,122.72727272727273,-72.72727272727273,-7168.727272727273,,,,,,,,
286/15-6-26,2722,2026-06-15 00:00:00,VW,PRATIK,,MH14KA2815,40,5.5,50,98.57,4928.5,195116,194621,495,9.9,90,-40,-3942.7999999999997,,,,,,,,
286/15-6-26,2723,2026-06-15 00:00:00,VW,PRATIK,,MH14KA2935,40,5.5,50,98.57,4928.5,153466,153101,365,7.3,66.36363636363636,-16.36363636363636,-1612.963636363636,,,,,,,,
286/15-6-26,2724,2026-06-15 00:00:00,VW,PRATIK,,MH14KA1888,40,5.5,50,98.57,4928.5,171111,170834,277,5.54,50.36363636363637,-0.36363636363636687,-35.843636363636676,,,,,,,,
286/15-6-26,2725,2026-06-15 00:00:00,VW,PRATIK,,MH14KA2561,40,5.5,50,98.57,4928.5,238278,238045,233,4.66,42.36363636363637,7.636363636363633,752.7163636363632,,,,,,,,
286/15-6-26,2726,2026-06-15 00:00:00,VW,PRATIK,,MH14KA3010,40,5.5,50,98.57,4928.5,195085,194846,239,4.78,43.45454545454545,6.545454545454547,645.1854545454546,,,,,,,,
286/15-6-26,2727,2026-06-15 00:00:00,VW,PRATIK,,MH14KA1914,40,5.5,50,98.57,4928.5,127592,127408,184,3.68,33.45454545454545,16.545454545454547,1630.8854545454546,,,,,,,,
286/15-6-26,2728,2026-06-15 00:00:00,VW,PRATIK,,MH14KA1763,40,5.5,50,98.57,4928.5,126170,125939,231,4.62,42,8,788.56,,,,,,,,
286/15-6-26,2729,2026-06-15 00:00:00,VW,PRATIK,,MH14KA1890,40,5.5,50,98.57,4928.5,121634,121484,150,3,27.272727272727273,22.727272727272727,2240.2272727272725,,,,,,,,
286/15-6-26,2730,2026-06-15 00:00:00,VW,PRATIK,,MH14KA2556,40,5.5,50,98.57,4928.5,164315,164018,297,5.94,54,-4,-394.28,,,,,,,,
286/15-6-26,2731,2026-06-15 00:00:00,VW,PRATIK,,MH14KA2925,40,5.5,50,98.57,4928.5,192087,191255,832,16.64,151.27272727272728,-101.27272727272728,-9982.452727272728,,,,,,,,
286/15-6-26,2732,2026-06-15 00:00:00,VW,PRATIK,,MH14KA2558,40,5.5,50,98.57,4928.5,219850,219370,480,9.6,87.27272727272727,-37.272727272727266,-3673.9727272727264,,,,,,,,
286/15-6-26,2733,2026-06-15 00:00:00,VW,PRATIK,,MH14KA1909,40,5.5,50,98.57,4928.5,154873,154621,252,5.04,45.81818181818182,4.18181818181818,412.20181818181794,,,,,,,,
286/15-6-26,2734,2026-06-15 00:00:00,VW,PRATIK,,MH14KA1882,40,5.5,50,98.57,4928.5,165922,165501,421,8.42,76.54545454545455,-26.545454545454547,-2616.5854545454545,,,,,,,,
286/15-6-26,2735,2026-06-15 00:00:00,VW,PRATIK,,MH14KA1898,40,5.5,50,98.57,4928.5,168841,168691,150,3,27.272727272727273,22.727272727272727,2240.2272727272725,,,,,,,,
286/15-6-26,2736,2026-06-15 00:00:00,VW,PRATIK,,MH14KA2591,40,5.5,50,98.57,4928.5,139600,139381,219,4.38,39.81818181818182,10.18181818181818,1003.621818181818,,,,,,,,
286/15-6-26,2737,2026-06-15 00:00:00,VW,PRATIK,,MH14KA2812,40,5.5,50,98.57,4928.5,129664,129448,216,4.32,39.27272727272727,10.727272727272727,1057.3872727272726,,,,,,,,
286/15-6-26,2738,2026-06-15 00:00:00,VW,PRATIK,,MH14KA2806,40,5.5,60,98.57,5914.2,122601,122287,314,5.233333333333333,57.09090909090909,2.9090909090909065,286.7490909090906,,,,,,,,
286/15-6-26,2739,2026-06-15 00:00:00,VW,PRATIK,,MH14KA2559,40,5.5,50,98.57,4928.5,148687,148417,270,5.4,49.09090909090909,0.9090909090909065,89.60909090909065,,,,,,,,
286/15-6-26,2740,2026-06-15 00:00:00,VW,PRATIK,,MH14KA2467,40,5.5,50,98.57,4928.5,151400,151203,197,3.94,35.81818181818182,14.18181818181818,1397.9018181818178,,,,,,,,
286/15-6-26,2741,2026-06-15 00:00:00,VW,PRATIK,,MH14KA1765,40,5.5,50,98.57,4928.5,159491,159126,365,7.3,66.36363636363636,-16.36363636363636,-1612.963636363636,,,,,,,,
286/15-6-26,2742,2026-06-15 00:00:00,VW,PRATIK,,MH14KA2808,40,5.5,50,98.57,4928.5,127524,127322,202,4.04,36.72727272727273,13.272727272727273,1308.2927272727272,,,,,,,,
286/15-6-26,2743,2026-06-15 00:00:00,VW,PRATIK,,MH14KA1916,40,5.5,50,98.57,4928.5,137772,137654,118,2.36,21.454545454545453,28.545454545454547,2813.7254545454543,,,,,,,,
286/15-6-26,2744,2026-06-15 00:00:00,VW,PRATIK,,MH14KA1894,40,5.5,60,98.57,5914.2,134593,134166,427,7.116666666666666,77.63636363636364,-17.63636363636364,-1738.416363636364,,,,,,,,
286/15-6-26,2745,2026-06-15 00:00:00,VW,PRATIK,,MH14KA1905,40,5.5,50,98.57,4928.5,213121,212868,253,5.06,46,4,394.28,,,,,,,,
286/15-6-26,2746,2026-06-15 00:00:00,VW,PRATIK,,MH14KA1907,40,5.5,50,98.57,4928.5,203214,202801,413,8.26,75.0909090909091,-25.090909090909093,-2473.2109090909094,,,,,,,,
286/15-6-26,2747,2026-06-15 00:00:00,VW,PRATIK,,MH14KA1895,40,5.5,50,98.57,4928.5,175078,174831,247,4.94,44.90909090909091,5.0909090909090935,501.8109090909093,,,,,,,,
286/15-6-26,2748,2026-06-15 00:00:00,VW,PRATIK,,MH14KA2811,40,5.5,50,98.57,4928.5,189245,189092,153,3.06,27.818181818181817,22.181818181818183,2186.461818181818,,,,,,,,
286/15-6-26,2749,2026-06-15 00:00:00,VW,PRATIK,,MH14KQ1004,40,5.5,70,98.57,6899.9,85199,84766,433,6.185714285714286,78.72727272727273,-8.727272727272734,-860.2472727272733,,,,,,,,
286/15-6-26,2750,2026-06-15 00:00:00,VW,PRATIK,,MH14KA2563,40,5.5,50,98.57,4928.5,138288,138027,261,5.22,47.45454545454545,2.5454545454545467,250.90545454545466,,,,,,,,
286/15-6-26,2751,2026-06-15 00:00:00,VW,PRATIK,,MH14KA2469,40,5.5,50,98.57,4928.5,141582,141363,219,4.38,39.81818181818182,10.18181818181818,1003.621818181818,,,,,,,,
286/15-6-26,2752,2026-06-15 00:00:00,VW,PRATIK,,MH14KA1737,40,5.5,80,98.57,7885.599999999999,164294,163981,313,3.9125,56.90909090909091,23.090909090909093,2276.070909090909,,,,,,,,
286/15-6-26,2753,2026-06-15 00:00:00,VW,PRATIK,,MH14KA1886,40,5.5,50,98.57,4928.5,198807,198652,155,3.1,28.181818181818183,21.818181818181817,2150.6181818181817,,,,,,,,
286/15-6-26,2754,2026-06-15 00:00:00,VW,PRATIK,,MH14KA1880,40,5.5,105,98.57,10349.849999999999,221757,221425,332,3.1619047619047618,60.36363636363637,44.63636363636363,4399.806363636363,,,,,,,,
286/15-6-26,2755,2026-06-15 00:00:00,VW,PRATIK,,MH14KA2816,40,5.5,90,98.57,8871.3,121715,121285,430,4.777777777777778,78.18181818181819,11.818181818181813,1164.9181818181812,,,,,,,,
286/15-6-26,2756,2026-06-15 00:00:00,VW,PRATIK,,MH14KA2558,40,5.5,80,98.57,7885.599999999999,220204,219850,354,4.425,64.36363636363636,15.63636363636364,1541.2763636363638,,,,,,,,
286/15-6-26,2757,2026-06-15 00:00:00,VW,PRATIK,,MH14KA1901,40,5.5,100,98.57,9857,190831,190213,618,6.18,112.36363636363636,-12.36363636363636,-1218.683636363636,,,,,,,,
286/15-6-26,2758,2026-06-15 00:00:00,VW,PRATIK,,MH14KA2463,40,5.5,60,98.57,5914.2,138685,138544,141,2.35,25.636363636363637,34.36363636363636,3387.2236363636357,,,,,,,,
286/15-6-26,2759,2026-06-15 00:00:00,VW,PRATIK,,MH14KA3010,40,5.5,80,98.57,7885.599999999999,195273,195085,188,2.35,34.18181818181818,45.81818181818182,4516.298181818182,,,,,,,,
286/15-6-26,2760,2026-06-15 00:00:00,VW,PRATIK,,MH14KA1909,40,5.5,80,98.57,7885.599999999999,155089,154873,216,2.7,39.27272727272727,40.72727272727273,4014.4872727272723,,,,,,,,
286/15-6-26,2761,2026-06-15 00:00:00,VW,PRATIK,,MH14KA2556,40,5.5,50,98.57,4928.5,164588,164315,273,5.46,49.63636363636363,0.36363636363636687,35.843636363636676,,,,,,,,
286/15-6-26,2762,2026-06-15 00:00:00,VW,PRATIK,,MH14KA2464,40,5.5,80,98.57,7885.599999999999,145468,145217,251,3.1375,45.63636363636363,34.36363636363637,3387.2236363636366,,,,,,,,
286/15-6-26,2763,2026-06-15 00:00:00,VW,PRATIK,,MH14KA2925,40,5.5,114,98.57,11236.98,192251,192087,164,1.4385964912280702,29.818181818181817,84.18181818181819,8297.801818181819,,,,,,,,
286/15-6-26,2764,2026-06-15 00:00:00,VW,PRATIK,,MH14KA2467,40,5.5,35,98.57,3449.95,151562,151400,162,4.628571428571429,29.454545454545453,5.545454545454547,546.6154545454547,,,,,,,,
286/15-6-26,2765,2026-06-15 00:00:00,VW,PRATIK,,MH14KA1882,40,5.5,40,98.57,3942.7999999999997,166094,165922,172,4.3,31.272727272727273,8.727272727272727,860.2472727272726,,,,,,,,
286/15-6-26,2766,2026-06-15 00:00:00,VW,PRATIK,,MH14KA2818,40,5.5,80,98.57,7885.599999999999,130235,129819,416,5.2,75.63636363636364,4.36363636363636,430.12363636363597,,,,,,,,
286/15-6-26,2767,2026-06-15 00:00:00,VW,PRATIK,,MH14KA3310,40,5.5,30,98.57,2957.1,159549,159279,270,9,49.09090909090909,-19.090909090909093,-1881.7909090909093,,,,,,,,
286/15-6-26,2768,2026-06-15 00:00:00,VW,PRATIK,,MH14KA2923,40,5.5,60,98.57,5914.2,162011,161789,222,3.7,40.36363636363637,19.636363636363633,1935.5563636363631,,,,,,,,
286/15-6-26,2769,2026-06-15 00:00:00,VW,PRATIK,,MH14KA1907,40,5.5,35,98.57,3449.95,203351,203214,137,3.914285714285714,24.90909090909091,10.09090909090909,994.660909090909,,,,,,,,
286/15-6-26,2770,2026-06-15 00:00:00,VW,PRATIK,,MH14KA2560,40,5.5,70,98.57,6899.9,181372,181144,228,3.257142857142857,41.45454545454545,28.545454545454547,2813.7254545454543,,,,,,,,
286/15-6-26,2771,2026-06-15 00:00:00,VW,PRATIK,,MH14KA1904,40,5.5,100,98.57,9857,151496,151041,455,4.55,82.72727272727273,17.272727272727266,1702.5727272727265,,,,,,,,
286/15-6-26,2772,2026-06-15 00:00:00,VW,PRATIK,,MH14KA2924,40,5.5,50,98.57,4928.5,120405,120032,373,7.46,67.81818181818181,-17.818181818181813,-1756.3381818181813,,,,,,,,
286/15-6-26,2773,2026-06-15 00:00:00,VW,PRATIK,,MH14KA1743,40,5.5,100,98.57,9857,95617,94859,758,7.58,137.8181818181818,-37.81818181818181,-3727.738181818181,,,,,,,,
286/15-6-26,2774,2026-06-15 00:00:00,VW,PRATIK,,MH14KA1739,40,5.5,50,98.57,4928.5,163368,162886,482,9.64,87.63636363636364,-37.63636363636364,-3709.816363636364,,,,,,,,
286/15-6-26,2775,2026-06-15 00:00:00,VW,PRATIK,,MH14KA2602,40,5.5,50,98.57,4928.5,167585,167442,143,2.86,26,24,2365.68,,,,,,,,
286/15-6-26,2776,2026-06-15 00:00:00,VW,PRATIK,,MH14KA1898,40,5.5,50,98.57,4928.5,168926,168841,85,1.7,15.454545454545455,34.54545454545455,3405.1454545454544,,,,,,,,
286/15-6-26,2777,2026-06-15 00:00:00,VW,PRATIK,,MH14KA2817,40,5.5,50,98.57,4928.5,152763,152278,485,9.7,88.18181818181819,-38.18181818181819,-3763.5818181818186,,,,,,,,
286/15-6-26,2778,2026-06-15 00:00:00,VW,PRATIK,,MH14KA1886,40,5.5,50,98.57,4928.5,198954,198807,147,2.94,26.727272727272727,23.272727272727273,2293.9927272727273,,,,,,,,
286/15-6-26,2779,2026-06-15 00:00:00,VW,PRATIK,,MH14KA2809,40,5.5,50,98.57,4928.5,151073,150711,362,7.24,65.81818181818181,-15.818181818181813,-1559.1981818181812,,,,,,,,
286/15-6-26,2780,2026-06-15 00:00:00,VW,PRATIK,,MH14KA1897,40,5.5,50,98.57,4928.5,216282,216101,181,3.62,32.90909090909091,17.090909090909093,1684.6509090909092,,,,,,,,
286/15-6-26,2781,2026-06-15 00:00:00,VW,PRATIK,,MH14KA1893,40,5.5,50,98.57,4928.5,168253,167680,573,11.46,104.18181818181819,-54.18181818181819,-5340.701818181818,,,,,,,,
286/15-6-26,2782,2026-06-15 00:00:00,VW,PRATIK,,MH14KA2557,40,5.5,50,98.57,4928.5,212669,212330,339,6.78,61.63636363636363,-11.636363636363633,-1146.9963636363632,,,,,,,,
286/15-6-26,2783,2026-06-15 00:00:00,VW,PRATIK,,MH14KA1883,40,5.5,70,98.57,6899.9,199094,198729,365,5.214285714285714,66.36363636363636,3.6363636363636402,358.436363636364,,,,,,,,
286/15-6-26,2784,2026-06-15 00:00:00,VW,PRATIK,,MH14KA1894,40,5.5,70,98.57,6899.9,134790,134593,197,2.8142857142857145,35.81818181818182,34.18181818181818,3369.301818181818,,,,,,,,
,2785,2026-06-15 00:00:00,BAJAJ WALUJ,HPCL,JABBAR,MH20GC8872,50,5,60,99.44,5966.4,106755,106523,232,3.8666666666666667,46.4,13.600000000000001,1352.384,,,,,,,,
,2786,2026-06-15 00:00:00,BAJAJ WALUJ,HPCL,JABBAR,MH20GC8872,50,5,60,99.44,5966.4,106882,106755,127,2.1166666666666667,25.4,34.6,3440.6240000000003,,,,,,,,
,2787,2026-06-15 00:00:00,BAJAJ WALUJ,HPCL,MANGESH,MH20GC8891,50,5,75,99.44,7458,88599,88054,545,7.266666666666667,109,-34,-3380.96,,,,,,,,
,2788,2026-06-15 00:00:00,BAJAJ WALUJ,HPCL,DIVTE,MH20GC8873,50,5,75,99.44,7458,107875,107490,385,5.133333333333334,77,-2,-198.88,,,,,,,,
,2789,2026-06-15 00:00:00,BAJAJ WALUJ,HPCL,AJAY,MH14HU0836,32,5.5,30,99.44,2983.2,319410,319236,174,5.8,31.636363636363637,-1.6363636363636367,-162.72000000000003,,,,,,,,
,2790,2026-06-15 00:00:00,BAJAJ WALUJ,HPCL,GAUTAM,MH14CW4813,40,5.5,45,99.44,4474.8,293904,293652,252,5.6,45.81818181818182,-0.8181818181818201,-81.36000000000018,,,,,,,,
,2791,2026-06-15 00:00:00,BAJAJ WALUJ,HPCL,ARVIND,MH14CW4615,40,5.5,65,99.44,6463.599999999999,303165,302795,370,5.6923076923076925,67.27272727272727,-2.2727272727272663,-225.99999999999935,,,,,,,,
,2792,2026-06-15 00:00:00,BAJAJ WALUJ,HPCL,NARYAN,MH20GC5342,50,5,45,99.44,4474.8,109867,109615,252,5.6,50.4,-5.399999999999999,-536.9759999999999,,,,,,,,
,2793,2026-06-15 00:00:00,BAJAJ WALUJ,HPCL,GUNJAL,MH14CW4824,40,5.5,50,99.44,4972,301197,300917,280,5.6,50.90909090909091,-0.9090909090909065,-90.39999999999974,,,,,,,,
,2794,2026-06-15 00:00:00,BAJAJ WALUJ,HPCL,NIVRUTTI ,MH14KU2284,20,9,24.4,99.44,2426.336,0,0,0,0,0,24.4,2426.336,,,,,,,,
,2795,2026-06-15 00:00:00,BAJAJ WALUJ,HPCL,RAMESHWAR,MH20GC5307,40,5.5,49.64,99.44,4936.2016,94189,93869,320,6.446414182111201,58.18181818181818,-8.54181818181818,-849.3983999999997,,,,,,,,
,2796,2026-06-15 00:00:00,BAJAJ WALUJ,HPCL,BHAGWAN,MH20GC5417,50,5,45,99.44,4474.8,12505,12277,228,5.066666666666666,45.6,-0.6000000000000014,-59.66400000000014,,,,,,,,
,2797,2026-06-15 00:00:00,BAJAJ WALUJ,HPCL,LATE,MH20GC8893,50,5,20,99.44,1988.8,99995,99680,315,15.75,63,-43,-4275.92,,,,,,,,
,2798,2026-06-15 00:00:00,BAJAJ WALUJ,HPCL,LATE,MH20GC8893,50,5,52,99.44,5170.88,100082,99995,87,1.6730769230769231,17.4,34.6,3440.6240000000003,,,,,,,,
,2799,2026-06-15 00:00:00,BAJAJ WALUJ,HPCL,DADARAO,MH14CW4609,40,5.5,48,99.44,4773.12,294653,294377,276,5.75,50.18181818181818,-2.18181818181818,-216.9599999999998,,,,,,,,
,2800,2026-06-15 00:00:00,BAJAJ WALUJ,HPCL,SANJAY,MH20GC8879,50,5,25,99.44,2486,135133,134715,418,16.72,83.6,-58.599999999999994,-5827.183999999999,,,,,,,,
,2801,2026-06-15 00:00:00,BAJAJ WALUJ,HPCL,SANJAY,MH20GC8879,50,5,70,99.44,6960.8,135277,135133,144,2.057142857142857,28.8,41.2,4096.928,,,,,,,,
,2802,2026-06-15 00:00:00,BAJAJ WALUJ HK,HPCL,SHINDE,Road sweeper,50,5,33,99.44,3281.52,0,,0,0,0,33,3281.52,,,,,,,,
,2803,2026-06-15 00:00:00,BAJAJ WALUJ,HPCL,SAGER,MH20GC8876,50,5,65,99.44,6463.599999999999,122695,122329,366,5.630769230769231,73.2,-8.200000000000003,-815.4080000000002,,,,,,,,
,2804,2026-06-15 00:00:00,BAJAJ WALUJ,HPCL,ASPAK,MH20GC8875,50,5,50,99.44,4972,79438,79192,246,4.92,49.2,0.7999999999999972,79.55199999999972,,,,,,,,
,2805,2026-06-15 00:00:00,BAJAJ WALUJ,HPCL,SUDAM,MH14HG5613,32,5.5,60,99.44,5966.4,74062,73735,327,5.45,59.45454545454545,0.5454545454545467,54.24000000000013,,,,,,,,
,2806,2026-06-15 00:00:00,BAJAJ WALUJ,HPCL,MAJID,MH20EG5161,20,9,20,99.44,1988.8,0,0,0,0,0,20,1988.8,,,,,,,,
,2807,2026-06-15 00:00:00,BAJAJ WALUJ,HPCL,AJAY,MH14CW4483,50,3.5,55,99.44,5469.2,64134,63934,200,3.6363636363636362,57.142857142857146,-2.142857142857146,-213.08571428571457,,,,,,,,
,2808,2026-06-15 00:00:00,BAJAJ WALUJ,HPCL,YOGESH,MH20GC5343,50,5,35,99.44,3480.4,118534,118389,145,4.142857142857143,29,6,596.64,,,,,,,,
,2809,2026-06-15 00:00:00,BAJAJ WALUJ,HPCL,YOGESH,MH20GC5343,50,5,40,99.44,3977.6,118762,118534,228,5.7,45.6,-5.600000000000001,-556.8640000000001,,,,,,,,
,2810,2026-06-15 00:00:00,BAJAJ WALUJ,HPCL,JABBAR,MH20GC8872,50,5,47,99.44,4673.68,107155,106882,273,5.808510638297872,54.6,-7.600000000000001,-755.7440000000001,,,,,,,,
,2811,2026-06-15 00:00:00,BAJAJ WALUJ,HPCL,RAJPUT,MH14CW4616,40,5.5,40,99.44,3977.6,295000,294776,224,5.6,40.72727272727273,-0.7272727272727266,-72.31999999999994,,,,,,,,
,2812,2026-06-15 00:00:00,BAJAJ WALUJ,HPCL,MALODE,MH20GC8878,50,5,50,99.44,4972,97887,97609,278,5.56,55.6,-5.600000000000001,-556.8640000000001,,,,,,,,
,2813,2026-06-15 00:00:00,BAJAJ WALUJ,HPCL,ABHIJEET,MH20GC5419,50,5,64,99.44,6364.16,19051,18699,352,5.5,70.4,-6.400000000000006,-636.4160000000005,,,,,,,,
,2814,2026-06-15 00:00:00,BAJAJ WALUJ,HPCL,MANGESH,MH20GC8891,50,5,20,99.44,1988.8,88705,88599,106,5.3,21.2,-1.1999999999999993,-119.32799999999993,,,,,,,,
,2815,2026-06-15 00:00:00,BAJAJ WALUJ,HPCL,RAJPUT,MH14CW4616,40,5.5,20,99.44,1988.8,295112,295000,112,5.6,20.363636363636363,-0.3636363636363633,-36.15999999999997,,,,,,,,
,2816,2026-06-15 00:00:00,BAJAJ WALUJ,HPCL,ADHE,MH20GC8874,50,5,60,99.44,5966.4,101216,100928,288,4.8,57.6,2.3999999999999986,238.65599999999986,,,,,,,,
,2817,2026-06-15 00:00:00,BAJAJ WALUJ,HPCL,AJAY,MH14CW4483,50,3.5,20,99.44,1988.8,64214,64134,80,4,22.857142857142858,-2.8571428571428577,-284.11428571428576,,,,,,,,
,2818,2026-06-15 00:00:00,BAJAJ WALUJ,HPCL,SOPAN,MH20GZ5418,50,5,30,99.44,2983.2,8931,8762,169,5.633333333333334,33.8,-3.799999999999997,-377.87199999999973,,,,,,,,
,2819,2026-06-15 00:00:00,BAJAJ WALUJ,HPCL,NAGESH,MH20GC5309,50,5,60,99.44,5966.4,153911,153596,315,5.25,63,-3,-298.32,,,,,,,,
,2820,2026-06-15 00:00:00,BAJAJ WALUJ,HPCL,RAJPUT,MH14CW4616,40,5.5,50,99.44,4972,295392,295112,280,5.6,50.90909090909091,-0.9090909090909065,-90.39999999999974,,,,,,,,
,2821,2026-06-15 00:00:00,BAJAJ WALUJ,HPCL,ADHE,MH20GC8874,50,5,39.17,99.44,3895.0648,101275,101216,59,1.506254786826653,11.8,27.37,2721.6728,,,,,,,,
,2822,2026-06-15 00:00:00,BAJAJ WALUJ,HPCL,AJAY,MH14CW4485,50,3.5,50,99.44,4972,55581,55401,180,3.6,51.42857142857143,-1.4285714285714306,-142.05714285714305,,,,,,,,
,2823,2026-06-15 00:00:00,CITYFLOW MUMBAI,,,MH04MH3742,27,4,65,98,6370,38038,37814,224,3.4461538461538463,56,9,882,,,,,,,,
,2824,2026-06-15 00:00:00,CITYFLOW MUMBAI,,,MH04MH4081,27,4,85,98.04,8333.4,42038,41924,114,1.3411764705882352,28.5,56.5,5539.26,,,,,,,,
,2825,2026-06-15 00:00:00,CITYFLOW MUMBAI,,,MH04MH6304,27,4,80,97.89,7831.2,22865,22837,28,0.35,7,73,7145.97,,,,,,,,
,2826,2026-06-15 00:00:00,CITYFLOW MUMBAI,,,MH04MH6311,27,4,55,98.04,5392.200000000001,29582,29369,213,3.8727272727272726,53.25,1.75,171.57000000000002,,,,,,,,
,2827,2026-06-15 00:00:00,CITYFLOW MUMBAI,,,MH04MH6313,27,4,45,98,4410,49472,49188,284,6.311111111111111,71,-26,-2548,,,,,,,,
,2828,2026-06-15 00:00:00,CITYFLOW MUMBAI,,,MH04MH6316,27,4,20,98,1960,8924,8871,53,2.65,13.25,6.75,661.5,,,,,,,,
,2829,2026-06-15 00:00:00,CITYFLOW MUMBAI,,,MH04MH6320,27,4,92.5,97.89,9054.825,24517,24144,373,4.032432432432432,93.25,-0.75,-73.4175,,,,,,,,
,2830,2026-06-15 00:00:00,CITYFLOW MUMBAI,,,MH04MR5597,27,4,85,97.83,8315.55,10097,9751,346,4.070588235294117,86.5,-1.5,-146.745,,,,,,,,
,2831,2026-06-15 00:00:00,CITYFLOW MUMBAI,,,MH04MR5863,40,3.7,144.9,98.15,14221.935000000001,20039,19558,481,3.3195307108350587,130,14.900000000000006,1462.4350000000006,,,,,,,,
,2832,2026-06-15 00:00:00,CITYFLOW MUMBAI,,,MH46DC8239,40,3.7,50,98.07,4903.5,679,669,10,0.2,2.7027027027027026,47.2972972972973,4638.445945945946,,,,,,,,
,2833,2026-06-15 00:00:00,LEAR-CHENNAI,,,TN87H1942,32,,82.87,100.03,8289.4861,44889,44240,649,7.831543381199468,#DIV/0!,#DIV/0!,#DIV/0!,,,,,,,,
,2834,2026-06-15 00:00:00,LEAR-CHENNAI,,,TN87H2091,24,,64.54,100.03,6455.936200000001,61256,60653,603,9.343043074062596,#DIV/0!,#DIV/0!,#DIV/0!,,,,,,,,
,2835,2026-06-15 00:00:00,LEAR-CHENNAI,,,TN87H2004,24,,81.31,100.03,8133.4393,76654,75958,696,8.559832738900504,#DIV/0!,#DIV/0!,#DIV/0!,,,,,,,,
,2836,2026-06-15 00:00:00,LEAR-CHENNAI,,,TN87H2083,24,,80.28,100.03,8030.4084,154352,153675,677,8.432984554060788,#DIV/0!,#DIV/0!,#DIV/0!,,,,,,,,
,2837,2026-06-15 00:00:00,LEAR-CHENNAI,,,TN87H1975,32,,69.11,100.03,6913.0733,126994,126459,535,7.7412820141802925,#DIV/0!,#DIV/0!,#DIV/0!,,,,,,,,
,2838,2026-06-15 00:00:00,LEAR-CHENNAI,,,TN87H1931,32,,80.77,100.03,8079.4231,93907,93270,637,7.8865915562708935,#DIV/0!,#DIV/0!,#DIV/0!,,,,,,,,
,2839,2026-06-15 00:00:00,LEAR-CHENNAI,,,TN87H2151,4,,27.17,108.23,2940.6091,84712,84211,501,18.439455281560544,#DIV/0!,#DIV/0!,#DIV/0!,,,,,,,,
,2840,2026-06-15 00:00:00,LEAR-CHENNAI,,,TN87H2191,4,,27.4,108.42,2970.708,68172,67804,368,13.43065693430657,#DIV/0!,#DIV/0!,#DIV/0!,,,,,,,,
,2841,2026-06-15 00:00:00,LEAR-CHENNAI,,,TN87H1996,32,,82.11,100.03,8213.4633,70335,69755,580,7.063695043234685,#DIV/0!,#DIV/0!,#DIV/0!,,,,,,,,
,2842,2026-06-15 00:00:00,LEAR-CHENNAI,,,TN87H2067,24,,78,100.03,7802.34,74569,74266,303,3.8846153846153846,#DIV/0!,#DIV/0!,#DIV/0!,,,,,,,,
,2843,2026-06-15 00:00:00,LEAR-CHENNAI,,,TN87H1960,32,,75,100.03,7502.25,53303,52775,528,7.04,#DIV/0!,#DIV/0!,#DIV/0!,,,,,,,,
,2844,2026-06-15 00:00:00,LEAR-CHENNAI,,,TN87H1962,32,,71.4,100.25,7157.85,60266,59692,574,8.03921568627451,#DIV/0!,#DIV/0!,#DIV/0!,,,,,,,,
,2845,2026-06-15 00:00:00,LEAR-CHENNAI,,,TN87H2018,24,,79.55,100.03,7957.3865,84431,83819,612,7.693274670018856,#DIV/0!,#DIV/0!,#DIV/0!,,,,,,,,
,2846,2026-06-15 00:00:00,LEAR-CHENNAI,,,TN87H1913,32,,82.49,100.03,8251.474699999999,132696,132091,605,7.334222329979392,#DIV/0!,#DIV/0!,#DIV/0!,,,,,,,,
,2847,2026-06-15 00:00:00,LEAR-CHENNAI,,,TN87H5485,36,,75.04,100.03,7506.251200000001,285278,284822,456,6.076759061833688,#DIV/0!,#DIV/0!,#DIV/0!,,,,,,,,
,2848,2026-06-15 00:00:00,TML,JABBAR PUMP ,NAGAPPA KARKOPPA ,KA25AA1650,49+1,4.25,108,98.63,10652.039999999999,244222,243762,460,4.2592592592592595,108.23529411764706,-0.235294117647058,-23.207058823529326,,,,,,,,
,2849,2026-06-15 00:00:00,TML,JABBAR PUMP ,VINOD T,KA25AA1647,49+1,4.25,157,98.63,15484.91,128515,127846,669,4.261146496815287,157.41176470588235,-0.4117647058823479,-40.61235294117597,,,,,,,,
,2850,2026-06-15 00:00:00,TMBSL,JABBAR PUMP ,NAGAPPA GIDAMUDI AND ATMANAND ,KA25AB7984,55+1,4.5,127,98.63,12526.01,146107,145503,604,4.755905511811024,134.22222222222223,-7.2222222222222285,-712.3277777777784,,,,,,,,
,2851,2026-06-15 00:00:00,TMBSL,JABBAR PUMP ,SHIVARAJ AND NINGARAJ GUTAL,KA25AB7988,55+1,4.5,114,98.63,11243.82,141099,140552,547,4.798245614035087,121.55555555555556,-7.555555555555557,-745.2044444444446,,,,,,,,
,2852,2026-06-15 00:00:00,TMBSL,JABBAR PUMP ,BASAVARJ KITTUR AND IRANNA D,KA25AB7986,55+1,4.5,101,98.63,9961.63,122149,121669,480,4.752475247524752,106.66666666666667,-5.666666666666671,-558.9033333333338,,,,,,,,
,2853,2026-06-15 00:00:00,TMBSL,JABBAR PUMP ,MANJUNATH CHINDI AND MALLESH ,KA25AC0057,55+1,4.5,123,98.63,12131.49,93990,93389,601,4.8861788617886175,133.55555555555554,-10.555555555555543,-1041.094444444443,,,,,,,,
,2854,2026-06-15 00:00:00,TML,JABBAR PUMP ,CHIDANAND BHANJANTRI,KA25AA1651,49+1,4.25,208,98.63,20515.04,110791,109905,886,4.259615384615385,208.47058823529412,-0.470588235294116,-46.41411764705865,,,,,,,,
,2855,2026-06-16 00:00:00,JCB,BPCL,BADE,MH14LL4191,30,6,80,98.39,7871.2,105913,105466,447,5.5875,74.5,5.5,541.145,,,,,,,,
680/23-6-26,2856,2026-06-16 00:00:00,JCB,JAYHIND,SACHIN WAGHMARE,MH14LL4187,30,6,70,98.21,6874.7,132440,132070,370,5.285714285714286,61.666666666666664,8.333333333333336,818.4166666666669,,,,,,,,
680/23-6-26,2857,2026-06-16 00:00:00,JCB,JAYHIND,SAMADHAN KAMBLE,MH14LL4190,30,6,60,98.21,5892.599999999999,159957,159650,307,5.116666666666666,51.166666666666664,8.833333333333336,867.5216666666669,,,,,,,,
680/23-6-26,2858,2026-06-16 00:00:00,JCB,JAYHIND,BALAJI THOBOLE,MH14LL4195,30,6,86,98.21,8446.06,135099,134584,515,5.988372093023256,85.83333333333333,0.1666666666666714,16.368333333333798,,,,,,,,
,2859,2026-06-16 00:00:00,JCB,BPCL,LAHU VANVE,MH14LL4154,30,6,80,98.39,7871.2,132658,131785,873,10.9125,145.5,-65.5,-6444.545,,,,,,,,
680/23-6-26,2860,2026-06-16 00:00:00,JCB,JAYHIND,MANOJ KAMBLE,MH14LL4153,30,6,60,98.21,5892.599999999999,155808,155454,354,5.9,59,1,98.21,,,,,,,,
680/23-6-26,2861,2026-06-16 00:00:00,JCB,JAYHIND,AYUB PATHAN,MH14LL4157,30,6,60,98.21,5892.599999999999,142622,142337,285,4.75,47.5,12.5,1227.625,,,,,,,,
,2862,2026-06-16 00:00:00,JCB,IOCL,BAPU VAMAN,MH14LL4159,30,6,47,98.3,4620.099999999999,175146,174864,282,6,47,0,0,,,,,,,,
,2863,2026-06-16 00:00:00,JCB,IOCL,VIKAS HEMADE,MH14LL4140,30,6,45,98.52,4433.4,174089,173819,270,6,45,0,0,,,,,,,,
,2864,2026-06-16 00:00:00,JCB,BPCL,JAGDISH PATIL,MH14LL4189,30,6,70,98.19,6873.3,209441,209058,383,5.4714285714285715,63.833333333333336,6.166666666666664,605.5049999999998,,,,,,,,
,2865,2026-06-16 00:00:00,LEAR-CHAKAN,BPCL,NIWAS RATHOD,MH14LB5919,18,12,40,98.18,3927.2000000000003,241131,240799,332,8.3,27.666666666666668,12.333333333333332,1210.8866666666665,,,,,,,,
1482/20-6-26,2866,2026-06-16 00:00:00,BC,SHUBHAM,,MH14LB3984,50,4,40,98.44,3937.6,56564,56376,188,4.7,47,-7,-689.0799999999999,,,,,,,,
1482/20-6-26,2867,2026-06-16 00:00:00,BC,SHUBHAM,RAM SHINDE,MH14LB3988,50,4,40,98.44,3937.6,68048,67903,145,3.625,36.25,3.75,369.15,,,,,,,,
1482/20-6-26,2868,2026-06-16 00:00:00,BC,SHUBHAM,,MH14LB3848,40,5.5,40,98.44,3937.6,113754,113648,106,2.65,19.272727272727273,20.727272727272727,2040.3927272727271,,,,,,,,
1482/20-6-26,2869,2026-06-16 00:00:00,BC,SHUBHAM,,MH14GD9106,36,6,40,98.44,3937.6,439166,439004,162,4.05,27,13,1279.72,,,,,,,,
1482/20-6-26,2870,2026-06-16 00:00:00,BC-VENDER,SHUBHAM,,MH14MH1600,36,6,30,98.44,2953.2,0,0,0,0,0,30,2953.2,,,,,,,,
1482/20-6-26,2871,2026-06-16 00:00:00,BC-VENDER,SHUBHAM,,MH14LX9322,,,40,98.44,3937.6,0,0,0,0,#DIV/0!,#DIV/0!,#DIV/0!,,,,,,,,
1482/20-6-26,2872,2026-06-16 00:00:00,BC,SHUBHAM,,MH14LB3990,50,4,40,98.44,3937.6,72978,72861,117,2.925,29.25,10.75,1058.23,,,,,,,,
1482/20-6-26,2873,2026-06-16 00:00:00,BC-VENDER,SHUBHAM,,MH14LX9897,17,10,30,98.44,2953.2,0,0,0,0,0,30,2953.2,,,,,,,,
1482/20-6-26,2874,2026-06-16 00:00:00,BC-VENDER,SHUBHAM,Sudhakar Sharad Daptare,MH14KQ5693,20,10,35,98.44,3445.4,0,0,0,0,0,35,3445.4,,,,,,,,
1482/20-6-26,2875,2026-06-16 00:00:00,BC-VENDER,SHUBHAM,,MH14HG3816,,,30,98.44,2953.2,0,0,0,0,#DIV/0!,#DIV/0!,#DIV/0!,,,,,,,,
1482/20-6-26,2876,2026-06-16 00:00:00,BC,SHUBHAM,,MH14LB3849,40,5.5,40,98.44,3937.6,98497,98044,453,11.325,82.36363636363636,-42.36363636363636,-4170.276363636363,,,,,,,,
1482/20-6-26,2877,2026-06-16 00:00:00,BC,SHUBHAM,PAWALE,MH14LB3991,50,4,40,98.44,3937.6,96955,96655,300,7.5,75,-35,-3445.4,,,,,,,,
1482/20-6-26,2878,2026-06-16 00:00:00,BC-VENDER,SHUBHAM,,MH14LQ1600,36,6,30,98.44,2953.2,0,0,0,0,0,30,2953.2,,,,,,,,
1482/20-6-26,2879,2026-06-16 00:00:00,BC,SHUBHAM,,MH14LB3985,50,4,40,98.44,3937.6,84685,84335,350,8.75,87.5,-47.5,-4675.9,,,,,,,,
1482/20-6-26,2880,2026-06-16 00:00:00,BC,SHUBHAM,RAJ KAMBLE,MH14LB4535,50,3.5,40,98.44,3937.6,112143,112001,142,3.55,40.57142857142857,-0.5714285714285694,-56.25142857142837,,,,,,,,
1482/20-6-26,2881,2026-06-16 00:00:00,BC-VENDER,SHUBHAM,Mukund Ramchandra Madvalkar,MH12LB9492,17,10,19.75,98.44,1944.19,0,0,0,0,0,19.75,1944.19,,,,,,,,
1482/20-6-26,2882,2026-06-16 00:00:00,BC-VENDER,SHUBHAM,,MH14MH4066,,,30,98.44,2953.2,0,0,0,0,#DIV/0!,#DIV/0!,#DIV/0!,,,,,,,,
1482/20-6-26,2883,2026-06-16 00:00:00,BC-VENDER,SHUBHAM,Prathmesh Tours & Travels,MH12VF1253,20,10,30,98.44,2953.2,0,0,0,0,0,30,2953.2,,,,,,,,
1482/20-6-26,2884,2026-06-16 00:00:00,BC-VENDER,SHUBHAM,,MH12YQ7251,,,30,98.44,2953.2,0,0,0,0,#DIV/0!,#DIV/0!,#DIV/0!,,,,,,,,
1482/20-6-26,2885,2026-06-16 00:00:00,BC,SHUBHAM,,MH14LB3986,50,4,40,98.44,3937.6,107391,107212,179,4.475,44.75,-4.75,-467.59,,,,,,,,
1482/20-6-26,2886,2026-06-16 00:00:00,BC,SHUBHAM,,MH14LB2877,18,10,30,98.44,2953.2,116538,116241,297,9.9,29.7,0.3000000000000007,29.532000000000068,,,,,,,,
1482/20-6-26,2887,2026-06-16 00:00:00,BC,SHUBHAM,,MH14GD9109,36,6,40,98.44,3937.6,309142,308997,145,3.625,24.166666666666668,15.833333333333332,1558.6333333333332,,,,,,,,
,2888,2026-06-16 00:00:00,LEAR-CHAKAN,HPCL,,MH14LB5926,18,12,54.92,98.57,5413.4644,130361,130015,346,6.300072833211945,28.833333333333332,26.08666666666667,2571.3627333333334,,,,,,,,
,2889,2026-06-16 00:00:00,LEAR-CHAKAN,HPCL,,MH14LB5917,18,12,40,98.57,3942.7999999999997,153888,153700,188,4.7,15.666666666666666,24.333333333333336,2398.536666666667,,,,,,,,
,2890,2026-06-16 00:00:00,LEAR-CHAKAN,HPCL,SURESH,MH14LB6213,50,5,60,98.57,5914.2,134813,134464,349,5.816666666666666,69.8,-9.799999999999997,-965.9859999999996,,,,,,,,
,2891,2026-06-16 00:00:00,LEAR-CHAKAN,HPCL,NAIKARE,MH14LB6270,40,6,95,98.57,9364.15,177435,176784,651,6.852631578947369,108.5,-13.5,-1330.695,,,,,,,,
,2892,2026-06-16 00:00:00,LEAR-CHAKAN,HPCL,,MH14LB6214,25,7,76.1,98.57,7501.176999999999,202344,202092,252,3.311432325886991,36,40.099999999999994,3952.6569999999992,,,,,,,,
,2893,2026-06-16 00:00:00,BC,HPCL,,MH14GD9122,36,5.5,78.79,98.57,7766.3303,520407,520023,384,4.873714938443965,69.81818181818181,8.971818181818193,884.3521181818193,,,,,,,,
,2894,2026-06-16 00:00:00,LEAR-CHAKAN,HPCL,,MH14LB5916,18,12,50,98.57,4928.5,98261,97733,528,10.56,44,6,591.42,,,,,,,,
,2895,2026-06-16 00:00:00,LEAR-CHAKAN,HPCL,LAXMAN PATIL,MH14LB5915,18,12,40,98.57,3942.7999999999997,126121,125836,285,7.125,23.75,16.25,1601.7624999999998,,,,,,,,
,2896,2026-06-16 00:00:00,LEAR-CHAKAN,HPCL,SUDAM SHEJUL,MH14LB6211,25,7,50,98.57,4928.5,98288,97921,367,7.34,52.42857142857143,-2.4285714285714306,-239.3842857142859,,,,,,,,
,2897,2026-06-16 00:00:00,LEAR-CHAKAN,HPCL,AMOL PATIL,MH14LB5925,18,12,33.32,98.57,3284.3523999999998,131942,131453,489,14.675870348139256,40.75,-7.43,-732.3751,,,,,,,,
,2898,2026-06-16 00:00:00,LEAR-CHAKAN,HPCL,,MH14LB5922,18,12,50,98.57,4928.5,141732,141531,201,4.02,16.75,33.25,3277.4525,,,,,,,,
,2899,2026-06-16 00:00:00,LEAR-CHAKAN,HPCL,,MH14LB4966,17,10,48.65,98.57,4795.4304999999995,118663,118055,608,12.49743062692703,60.8,-12.149999999999999,-1197.6254999999999,,,,,,,,
,2900,2026-06-16 00:00:00,LEAR-CHAKAN,HPCL,,MH14LB5918,18,12,42.37,98.57,4176.4109,119876,119592,284,6.702855794194005,23.666666666666668,18.70333333333333,1843.5875666666661,,,,,,,,
,2901,2026-06-16 00:00:00,LEAR-CHAKAN,HPCL,,MH14LB5923,18,12,38.33,98.57,3778.1880999999994,84326,84066,260,6.783198539003392,21.666666666666668,16.66333333333333,1642.5047666666662,,,,,,,,
,2902,2026-06-16 00:00:00,LEAR-CHAKAN,HPCL,,MH14LB6096,18,12,41,98.57,4041.37,50221,49895,326,7.951219512195122,27.166666666666668,13.833333333333332,1363.5516666666665,,,,,,,,
,2903,2026-06-16 00:00:00,LEAR-CHAKAN,HPCL,SWAGAT JADHAV,MH14LB5967,18,12,40.81,98.57,4022.6417,85291,84898,393,9.629992648860572,32.75,8.060000000000002,794.4742000000002,,,,,,,,
,2904,2026-06-16 00:00:00,LEAR-CHAKAN,HPCL,,MH14LB5924,18,12,51,98.57,5027.07,90529,90119,410,8.03921568627451,34.166666666666664,16.833333333333336,1659.2616666666668,,,,,,,,
2411/20-6-26,2905,2026-06-16 00:00:00,JCB,SAIEE,PRAVIN SABLE,MH14LL4196,18,10,34,98.59,3352.06,85050,84743,307,9.029411764705882,30.7,3.3000000000000007,325.3470000000001,,,,,,,,
2411/20-6-26,2906,2026-06-16 00:00:00,JCB,SAIEE,CHANDRSHING WAGH,MH14LL4156,30,6,51,98.59,5028.09,159848,159541,307,6.019607843137255,51.166666666666664,-0.1666666666666643,-16.431666666666434,,,,,,,,
2411/20-6-26,2907,2026-06-16 00:00:00,JCB,SAIEE,GANESH KALOKHE,MH14LL4180,30,6,81,98.59,7985.79,80751,80262,489,6.037037037037037,81.5,-0.5,-49.295,,,,,,,,
2411/20-6-26,2908,2026-06-16 00:00:00,JCB,SAIEE,KETAN POTE,MH14LL4137,30,6,70,98.59,6901.3,91632,91342,290,4.142857142857143,48.333333333333336,21.666666666666664,2136.1166666666663,,,,,,,,
2411/20-6-26,2909,2026-06-16 00:00:00,HYUNDAI,SAIEE,GANESH SHELAR,MH14LX7842,40,5.5,100,98.59,9859,35458,34907,551,5.51,100.18181818181819,-0.18181818181818699,-17.925454545455054,,,,,,,,
2411/20-6-26,2910,2026-06-16 00:00:00,LEAR-CHAKAN,SAIEE,,MH14LB3844,32,6,48.9,98.59,4821.051,97046,96749,297,6.073619631901841,49.5,-0.6000000000000014,-59.154000000000146,,,,,,,,
2411/20-6-26,2911,2026-06-16 00:00:00,JCB-VENDOR,SAIEE,,MH14LL4301,,,42.83,98.59,4222.6097,0,0,0,0,#DIV/0!,#DIV/0!,#DIV/0!,,,,,,,,
2411/20-6-26,2912,2026-06-16 00:00:00,JCB,SAIEE,ATUL KHARAT,MH14LL4143,30,6,90,98.59,8873.1,74105,73562,543,6.033333333333333,90.5,-0.5,-49.295,,,,,,,,
2411/20-6-26,2913,2026-06-16 00:00:00,JCB,SAIEE,MAULI KHOLE,MH14LL4150,30,6,47,98.59,4633.7300000000005,94936,94654,282,6,47,0,0,,,,,,,,
2411/20-6-26,2914,2026-06-16 00:00:00,JCB-VENDOR,SAIEE,,MH12YB9901,,,44.17,98.59,4354.7203,0,0,0,0,#DIV/0!,#DIV/0!,#DIV/0!,,,,,,,,
2411/20-6-26,2915,2026-06-16 00:00:00,JCB,SAIEE,SHIDESHWAR KORE,MH14LL4183,30,6,59,98.59,5816.81,93900,93575,325,5.508474576271187,54.166666666666664,4.833333333333336,476.5183333333336,,,,,,,,
2411/20-6-26,2916,2026-06-16 00:00:00,JCB,SAIEE,SACHIN RAUT,MH14LL4205,18,10,50,98.59,4929.5,191646,191194,452,9.04,45.2,4.799999999999997,473.23199999999974,,,,,,,,
2411/20-6-26,2917,2026-06-16 00:00:00,JCB,SAIEE,SWAPNIL BORATE,MH14MH5755,17,10,42.29,98.59,4169.3711,0,0,0,0,0,42.29,4169.3711,,,,,,,,
2411/20-6-26,2918,2026-06-16 00:00:00,JCB,SAIEE,BALAJI RAWALE,MH14LL4199,18,10,35,98.59,3450.65,177181,176874,307,8.771428571428572,30.7,4.300000000000001,423.93700000000007,,,,,,,,
2411/20-6-26,2919,2026-06-16 00:00:00,JCB,SAIEE,SWAPNIL BORATE,MH14MT5755,17,10,38,98.59,3746.42,0,0,0,0,0,38,3746.42,,,,,,,,
2411/20-6-26,2920,2026-06-16 00:00:00,JCB,SAIEE,,MH14LL4134,30,6,60,98.59,5915.400000000001,45676,45127,549,9.15,91.5,-31.5,-3105.585,,,,,,,,
2411/20-6-26,2921,2026-06-16 00:00:00,MITSUBISHI,SAIEE,,MH14LB2876,18,10,41,98.59,4042.19,101647,101274,373,9.097560975609756,37.3,3.700000000000003,364.7830000000003,,,,,,,,
680/23-6-26,2922,2026-06-16 00:00:00,KB,JAYHIND,,MH14MT2841,40,5.5,30,98.21,2946.2999999999997,25818,25304,514,17.133333333333333,93.45454545454545,-63.45454545454545,-6231.870909090909,,,,,,,,
680/23-6-26,2923,2026-06-16 00:00:00,JCB,JAYHIND,,MH14LL4146,30,6,68.28,98.21,6705.7788,135819,135368,451,6.605155243116578,75.16666666666667,-6.88666666666667,-676.3395333333336,,,,,,,,
1482/20-6-26,2924,2026-06-16 00:00:00,VW,SHUBHAM,,MH14KA2562,40,5.5,30,98.44,2953.2,148278,147701,577,19.233333333333334,104.9090909090909,-74.9090909090909,-7374.050909090909,,,,,,,,
1482/20-6-26,2925,2026-06-16 00:00:00,VW,SHUBHAM,MAHADEV MASKE,MH14KA3316,20,8,30,98.44,2953.2,169493,169271,222,7.4,27.75,2.25,221.49,,,,,,,,
680/23-6-26,2926,2026-06-16 00:00:00,VW,JAYHIND,,MH14KA2935,40,5.5,50,98.21,4910.5,153728,153466,262,5.24,47.63636363636363,2.363636363636367,232.13272727272758,,,,,,,,
680/23-6-26,2927,2026-06-16 00:00:00,VW,JAYHIND,,MH14KA2810,40,5.5,50,98.21,4910.5,169532,169287,245,4.9,44.54545454545455,5.454545454545453,535.6909090909089,,,,,,,,
680/23-6-26,2928,2026-06-16 00:00:00,LEAR-CHAKAN,JAYHIND,SACHIN,MH14LB5914,18,12,30,98.21,2946.2999999999997,195012,194785,227,7.566666666666666,18.916666666666668,11.083333333333332,1088.4941666666664,,,,,,,,
680/23-6-26,2929,2026-06-16 00:00:00,BA-VENDER,JAYHIND,DEVDAS DEKHANE,MH12WR1918,17,10,20,98.21,1964.1999999999998,0,0,0,0,0,20,1964.1999999999998,,,,,,,,
413/30-6-26,2930,2026-06-16 00:00:00,MERCEDES,PRATIK,,MH14HU3978,32,4,145,98.58,14294.1,195417,195244,173,1.193103448275862,43.25,101.75,10030.515,,,,,,,,
413/30-6-26,2931,2026-06-16 00:00:00,MERCEDES,PRATIK,,MH14KA9150,32,4,150,98.58,14787,129819,129664,155,1.0333333333333334,38.75,111.25,10967.025,,,,,,,,
413/30-6-26,2932,2026-06-16 00:00:00,MERCEDES,PRATIK,,MH14KA9143,32,4,70,98.58,6900.599999999999,95616,95496,120,1.7142857142857142,30,40,3943.2,,,,,,,,
413/30-6-26,2933,2026-06-16 00:00:00,MERCEDES,PRATIK,,MH14KA9148,32,4,100,98.58,9858,110758,110520,238,2.38,59.5,40.5,3992.49,,,,,,,,
413/30-6-26,2934,2026-06-16 00:00:00,MERCEDES,PRATIK,,MH14HG3114,32,4,60,98.58,5914.8,233736,233638,98,1.6333333333333333,24.5,35.5,3499.59,,,,,,,,
413/30-6-26,2935,2026-06-16 00:00:00,MERCEDES,PRATIK,,MH14KA9152,32,4,60,98.58,5914.8,117551,117415,136,2.2666666666666666,34,26,2563.08,,,,,,,,
413/30-6-26,2936,2026-06-16 00:00:00,MERCEDES,PRATIK,,MH14HG3112,32,4,160,98.58,15772.8,274873,274775,98,0.6125,24.5,135.5,13357.59,,,,,,,,
,2937,2026-06-16 00:00:00,KB,HPCL,,MH14GD4457,49,4,205,98.27,20145.35,330359,329640,719,3.5073170731707317,179.75,25.25,2481.3175,,,,,,,,
,2938,2026-06-16 00:00:00,,HPCL,,MH14GD4456,40,5.5,185.54,98.17,18214.4618,359265,358641,624,3.36315619273472,113.45454545454545,72.08545454545454,7076.629072727273,,,,,,,,
,2939,2026-06-16 00:00:00,BAJAJ WALUJ,HPCL,SHAIKH,MH14CW4816,40,5.5,63,99.44,6264.72,303955,303607,348,5.523809523809524,63.27272727272727,-0.2727272727272734,-27.120000000000065,,,,,,,,
,2940,2026-06-16 00:00:00,BAJAJ WALUJ,HPCL,NAGESH,MH20GC5309,50,5,41,99.44,4077.04,154137,153911,226,5.512195121951219,45.2,-4.200000000000003,-417.64800000000025,,,,,,,,
,2941,2026-06-16 00:00:00,BAJAJ WALUJ,HPCL,LATE,MH20GC8893,50,5,37,99.44,3679.2799999999997,100289,100082,207,5.594594594594595,41.4,-4.399999999999999,-437.53599999999983,,,,,,,,
,2942,2026-06-16 00:00:00,BAJAJ WALUJ,HPCL,SUDAM,MH14HG5613,32,5.5,45,99.44,4474.8,74125,74062,63,1.4,11.454545454545455,33.54545454545455,3335.76,,,,,,,,
,2943,2026-06-16 00:00:00,BAJAJ WALUJ,HPCL,AJAY,MH14CW4485,50,3.5,40,99.44,3977.6,55733,55581,152,3.8,43.42857142857143,-3.4285714285714306,-340.93714285714304,,,,,,,,
,2944,2026-06-16 00:00:00,BAJAJ WALUJ,HPCL,NAZIR,MH14CW4456,40,5.5,60,99.44,5966.4,293361,293013,348,5.8,63.27272727272727,-3.2727272727272734,-325.44000000000005,,,,,,,,
,2945,2026-06-16 00:00:00,CITYFLOW MUMBAI,,,MH04MH3731,27,4,84,98.04,8235.36,49914,49597,317,3.7738095238095237,79.25,4.75,465.69000000000005,,,,,,,,
,2946,2026-06-16 00:00:00,CITYFLOW MUMBAI,,,MH04MH3735,27,4,80,97.89,7831.2,24092,23850,242,3.025,60.5,19.5,1908.855,,,,,,,,
,2947,2026-06-16 00:00:00,CITYFLOW MUMBAI,,,MH04MH3741,27,4,80,97.89,7831.2,22092,21824,268,3.35,67,13,1272.57,,,,,,,,
,2948,2026-06-16 00:00:00,CITYFLOW MUMBAI,,,MH04MH3742,27,4,65,98,6370,38259,38038,221,3.4,55.25,9.75,955.5,,,,,,,,
,2949,2026-06-16 00:00:00,CITYFLOW MUMBAI,,,MH04MH5107,27,4,86.42,97.89,8459.6538,29641,29393,248,2.8697060865540385,62,24.42,2390.4738,,,,,,,,
,2950,2026-06-16 00:00:00,CITYFLOW MUMBAI,,,MH04MH5287,27,4,40,98.04,3921.6000000000004,43309,43200,109,2.725,27.25,12.75,1250.01,,,,,,,,
,2951,2026-06-16 00:00:00,CITYFLOW MUMBAI,,,MH04MH5289,27,4,93.41,97.89,9143.9049,29133,28716,417,4.464190129536452,104.25,-10.840000000000003,-1061.1276000000003,,,,,,,,
,2952,2026-06-16 00:00:00,CITYFLOW MUMBAI,,,MH04MH6313,27,4,45,98,4410,49667,49472,195,4.333333333333333,48.75,-3.75,-367.5,,,,,,,,
,2953,2026-06-16 00:00:00,CITYFLOW MUMBAI,,,MH04MR5860,40,3.7,135,97.83,13207.05,16289,15889,400,2.962962962962963,108.1081081081081,26.891891891891902,2630.833783783785,,,,,,,,
,2954,2026-06-16 00:00:00,CITYFLOW MUMBAI,,,MH04MR5922,40,3.7,130,98.25,12772.5,20135,19655,480,3.6923076923076925,129.7297297297297,0.27027027027028794,26.55405405405579,,,,,,,,
,2955,2026-06-16 00:00:00,CITYFLOW MUMBAI,,,MH46DC7975,40,3.7,100,98.04,9804,762,716,46,0.46,12.432432432432432,87.56756756756756,8585.124324324324,,,,,,,,
,2956,2026-06-16 00:00:00,CITYFLOW MUMBAI,,,MH46DC7978,27,3.7,82,98.04,8039.280000000001,823,527,296,3.6097560975609757,80,2,196.08,,,,,,,,
,2957,2026-06-16 00:00:00,CITYFLOW MUMBAI,,,MH46DC8021,40,3.7,100,98.04,9804,763,718,45,0.45,12.162162162162161,87.83783783783784,8611.621621621622,,,,,,,,
,2958,2026-06-16 00:00:00,CITYFLOW MUMBAI,,,MH46DC7969,40,3.7,40,98.04,3921.6000000000004,700,672,28,0.7,7.5675675675675675,32.432432432432435,3179.6756756756763,,,,,,,,
,2959,2026-06-16 00:00:00,LEAR-CHENNAI,,,TN87H2088,24,,87.68,100.03,8770.6304,55937,55249,688,7.846715328467153,#DIV/0!,#DIV/0!,#DIV/0!,,,,,,,,
,2960,2026-06-16 00:00:00,LEAR-CHENNAI,,,TN87H1964,32,,70.05,100.25,7022.5125,43256,42725,531,7.580299785867238,#DIV/0!,#DIV/0!,#DIV/0!,,,,,,,,
,2961,2026-06-16 00:00:00,LEAR-CHENNAI,,,TN87H2065,24,,78.2,100.03,7822.3460000000005,34249,33798,451,5.767263427109974,#DIV/0!,#DIV/0!,#DIV/0!,,,,,,,,
,2962,2026-06-16 00:00:00,LEAR-CHENNAI,,,TN87H1971,32,,30,100.03,3000.9,74734,74090,644,21.466666666666665,#DIV/0!,#DIV/0!,#DIV/0!,,,,,,,,
,2963,2026-06-16 00:00:00,LEAR-CHENNAI,,,TN87H1971,32,,72.02,100.03,7204.160599999999,74766,74734,32,0.4443210219383505,#DIV/0!,#DIV/0!,#DIV/0!,,,,,,,,
,2964,2026-06-16 00:00:00,LEAR-CHENNAI,,,TN87H2075,24,,84.89,100.03,8491.5467,92246,91613,633,7.456708681823536,#DIV/0!,#DIV/0!,#DIV/0!,,,,,,,,
,2965,2026-06-16 00:00:00,LEAR-CHENNAI,,,TN87H1996,32,,59.45,100.03,5946.7835000000005,70730,70335,395,6.644238856181665,#DIV/0!,#DIV/0!,#DIV/0!,,,,,,,,
,2966,2026-06-16 00:00:00,LEAR-CHENNAI,,,TN87H1956,14,,44.39,100.03,4440.3317,39537,39038,499,11.241270556431628,#DIV/0!,#DIV/0!,#DIV/0!,,,,,,,,
,2967,2026-06-16 00:00:00,LEAR-CHENNAI,,,TN87H2151,4,,27.37,108.23,2962.2551000000003,85242,84712,530,19.364267446108876,#DIV/0!,#DIV/0!,#DIV/0!,,,,,,,,
,2968,2026-06-16 00:00:00,LEAR-CHENNAI,,,TN87H2089,24,,61.69,100.03,6170.8507,43952,43422,530,8.591343815853461,#DIV/0!,#DIV/0!,#DIV/0!,,,,,,,,
,2969,2026-06-16 00:00:00,LEAR-CHENNAI,,,TN87H1975,32,,77.53,100.03,7755.3259,127540,126994,546,7.042435186379466,#DIV/0!,#DIV/0!,#DIV/0!,,,,,,,,
,2970,2026-06-16 00:00:00,TML,JABBAR PUMP ,SUBASH AND TAMMANNA ,KA25AA1645,49+1,4.25,177,98.63,17457.51,359997,359241,756,4.271186440677966,177.88235294117646,-0.8823529411764639,-87.02647058823463,,,,,,,,
,2971,2026-06-16 00:00:00,TMBSL,JABBAR PUMP ,SACHIN AND GANESH ,KA25AB7989,40+1,5.5,106,98.63,10454.779999999999,134326,133703,623,5.877358490566038,113.27272727272727,-7.272727272727266,-717.3090909090903,,,,,,,,
,2972,2026-06-16 00:00:00,TMBSL,JABBAR PUMP ,IRAPPA AND RUDRAYYA ,KA25AB7985,55+1,4.5,105,98.63,10356.15,118263,117760,503,4.79047619047619,111.77777777777777,-6.7777777777777715,-668.4922222222216,,,,,,,,
,2973,2026-06-16 00:00:00,TML,JABBAR PUMP ,MANJUNATH NEMNNAVAR,KA25AA1643,49+1,4.25,173,98.63,17062.989999999998,265388,264650,738,4.265895953757226,173.64705882352942,-0.6470588235294201,-63.81941176470671,,,,,,,,
,2974,2026-06-16 00:00:00,TML,JABBAR PUMP ,MANJUNATH GODSI,KA25AA1648,49+1,4.25,190.75,98.63,18813.6725,63236,62382,854,4.477064220183486,200.94117647058823,-10.191176470588232,-1005.1557352941172,,,,,,,,
,2975,2026-06-16 00:00:00,TML,JABBAR PUMP ,NINGARAJ DODDAMANI,KA25AA1756,40+1,5.5,121,98.63,11934.23,307093,306454,639,5.2809917355371905,116.18181818181819,4.818181818181813,475.2172727272722,,,,,,,,
,2976,2026-06-16 00:00:00,TML,JABBAR PUMP ,MAHESH KARGI,KA25AA1646,49+1,4.25,197.9,98.63,19518.877,308981,308087,894,4.517433046993431,210.35294117647058,-12.452941176470574,-1228.2335882352927,,,,,,,,
,2977,2026-06-16 00:00:00,TMBSL,JABBAR PUMP ,LOKESH PATIL,KA25AC0452,55+1,4.5,122,98.63,12032.859999999999,116188,115601,587,4.811475409836065,130.44444444444446,-8.444444444444457,-832.8755555555567,,,,,,,,
680/23-6-26,2978,2026-06-17 00:00:00,KB,JAYHIND,,MH14CW4381,37,5,100,98.21,9821,138499,137993,506,5.06,101.2,-1.2000000000000028,-117.85200000000027,,,,,,,,
,2979,2026-06-17 00:00:00,THERMAX,BPCL,PRADEEP RAUT,MH12KQ1396,44,3.5,241.15,98.55,23765.3325,287210,286360,850,3.52477710968277,242.85714285714286,-1.7071428571428555,-168.2389285714284,,,,,,,,
,2980,2026-06-17 00:00:00,CITY FLOW PUNE,HPCL,,MH14MT2476,26,4,87.84,98.19,8625.0096,11309,10979,330,3.7568306010928962,82.5,5.340000000000003,524.3346000000004,,,,,,,,
,2981,2026-06-17 00:00:00,JCB,BPCL,NITESH DONGARE,MH14LL4184,30,6,60.06,98.23,5899.6938,139283,138633,650,10.822510822510822,108.33333333333333,-48.273333333333326,-4741.889533333333,,,,,,,,
,2982,2026-06-17 00:00:00,JCB,IOCL,BAPU VAMAN,MH14LL4159,30,6,47,98.3,4620.099999999999,175428,175146,282,6,47,0,0,,,,,,,,
,2983,2026-06-17 00:00:00,JCB,IOCL,VIKAS HEMADE,MH14LL4140,30,6,47,98.52,4630.44,174371,174089,282,6,47,0,0,,,,,,,,
,2984,2026-06-17 00:00:00,JCB,BPCL,JAGDISH PATIL,MH14LL4189,30,6,70,98.19,6873.3,209827,209441,386,5.514285714285714,64.33333333333333,5.666666666666671,556.4100000000004,,,,,,,,
,2985,2026-06-17 00:00:00,LEAR-CHAKAN,BPCL,NIWAS RATHOD,MH14LB5919,18,12,40,98.18,3927.2000000000003,241473,241131,342,8.55,28.5,11.5,1129.0700000000002,,,,,,,,
,2986,2026-06-17 00:00:00,LEAR-CHAKAN,BPCL,,MH14LB4966,17,10,40,98.22,3928.8,119198,118663,535,13.375,53.5,-13.5,-1325.97,,,,,,,,
1482/20-6-26,2987,2026-06-17 00:00:00,BC-VENDER,SHUBHAM,,MH14HG7929,,,25,98.44,2461,0,0,0,0,#DIV/0!,#DIV/0!,#DIV/0!,,,,,,,,
1482/20-6-26,2988,2026-06-17 00:00:00,BC-VENDER,SHUBHAM,,MH14LX9322,,,30,98.44,2953.2,0,0,0,0,#DIV/0!,#DIV/0!,#DIV/0!,,,,,,,,
1482/20-6-26,2989,2026-06-17 00:00:00,BC,SHUBHAM,AJINKYA KAMBLE,MH14LB3879,32,6,39.91,98.44,3928.7403999999997,105130,104909,221,5.537459283387623,36.833333333333336,3.076666666666661,302.8670666666661,,,,,,,,
1482/20-6-26,2990,2026-06-17 00:00:00,BC-VENDER,SHUBHAM,,MH14LX9897,17,10,30,98.44,2953.2,0,0,0,0,0,30,2953.2,,,,,,,,
1482/20-6-26,2991,2026-06-17 00:00:00,BC-VENDER,SHUBHAM,Prathmesh Tours & Travels,MH12VF1253,20,10,37.12,98.44,3654.0927999999994,0,0,0,0,0,37.12,3654.0927999999994,,,,,,,,
1482/20-6-26,2992,2026-06-17 00:00:00,BC-VENDER,SHUBHAM,,MH14MH4066,,,30,98.44,2953.2,0,0,0,0,#DIV/0!,#DIV/0!,#DIV/0!,,,,,,,,
1482/20-6-26,2993,2026-06-17 00:00:00,BC-VENDER,SHUBHAM,,MH14MH1600,36,6,30,98.44,2953.2,0,0,0,0,0,30,2953.2,,,,,,,,
1482/20-6-26,2994,2026-06-17 00:00:00,BC,SHUBHAM,RAJ KAMBLE,MH14LB4535,50,3.5,40,98.44,3937.6,112287,112143,144,3.6,41.142857142857146,-1.142857142857146,-112.50285714285744,,,,,,,,
1482/20-6-26,2995,2026-06-17 00:00:00,BC-VENDER,SHUBHAM,Mukund Ramchandra Madvalkar,MH12LB9492,17,10,30,98.44,2953.2,0,0,0,0,0,30,2953.2,,,,,,,,
1482/20-6-26,2996,2026-06-17 00:00:00,BC,SHUBHAM,,MH14LB3985,50,4,40,98.44,3937.6,84870,84685,185,4.625,46.25,-6.25,-615.25,,,,,,,,
1482/20-6-26,2997,2026-06-17 00:00:00,BC,SHUBHAM,BASVARAJ,MH14LL4204,18,10,30,98.44,2953.2,166161,165820,341,11.366666666666667,34.1,-4.100000000000001,-403.60400000000016,,,,,,,,
1482/20-6-26,2998,2026-06-17 00:00:00,BC,SHUBHAM,PAWALE,MH14LB3991,50,4,30,98.44,2953.2,97122,96955,167,5.566666666666666,41.75,-11.75,-1156.67,,,,,,,,
1482/20-6-26,2999,2026-06-17 00:00:00,BC-VENDER,SHUBHAM,Sudhakar Sharad Daptare,MH14KQ5693,20,10,40,98.44,3937.6,0,0,0,0,0,40,3937.6,,,,,,,,
1482/20-6-26,3000,2026-06-17 00:00:00,BC,SHUBHAM,,MH14LB3990,50,4,30,98.44,2953.2,73123,72978,145,4.833333333333333,36.25,-6.25,-615.25,,,,,,,,
1482/20-6-26,3001,2026-06-17 00:00:00,BC,SHUBHAM,SAWPNIL,MH14LB3987,50,4,30,98.44,2953.2,59806,59562,244,8.133333333333333,61,-31,-3051.64,,,,,,,,
1482/20-6-26,3002,2026-06-17 00:00:00,BC,SHUBHAM,HIMMAT MURADE,MH14LB8052,7,24,30,98.44,2953.2,104810,104256,554,18.466666666666665,23.083333333333332,6.916666666666668,680.8766666666668,,,,,,,,
1482/20-6-26,3003,2026-06-17 00:00:00,BC,SHUBHAM,,MH14GD9109,36,6,30,98.44,2953.2,309288,309142,146,4.866666666666666,24.333333333333332,5.666666666666668,557.8266666666668,,,,,,,,
1482/20-6-26,3004,2026-06-17 00:00:00,BC-VENDER,SHUBHAM,,MH14MT9600,18,10,30,98.44,2953.2,0,0,0,0,0,30,2953.2,,,,,,,,
1482/20-6-26,3005,2026-06-17 00:00:00,BC-VENDER,SHUBHAM,,MH14HG3816,,,30,98.44,2953.2,0,0,0,0,#DIV/0!,#DIV/0!,#DIV/0!,,,,,,,,
1482/20-6-26,3006,2026-06-17 00:00:00,VW,SHUBHAM,,MH14KA1741,40,5.5,40,98.44,3937.6,138004,137529,475,11.875,86.36363636363636,-46.36363636363636,-4564.036363636364,,,,,,,,
1482/20-6-26,3007,2026-06-17 00:00:00,VW,SHUBHAM,,MH14KA1765,40,5.5,40,98.44,3937.6,159718,159491,227,5.675,41.27272727272727,-1.2727272727272734,-125.28727272727279,,,,,,,,
1482/20-6-26,3008,2026-06-17 00:00:00,VW,SHUBHAM,,MH14KA2467,40,5.5,30,98.44,2953.2,151716,151562,154,5.133333333333334,28,2,196.88,,,,,,,,
413/30-6-26,3009,2026-06-17 00:00:00,MERCEDES,PRATIK,,MH14HU3980,32,4,50,98.58,4929,235070,234854,216,4.32,54,-4,-394.32,,,,,,,,
,3010,2026-06-17 00:00:00,MERCEDES,BPCL,,MH14HU3979,32,4,30,98.57,2957.1,206248,205998,250,8.333333333333334,62.5,-32.5,-3203.5249999999996,,,,,,,,
,3011,2026-06-17 00:00:00,MERCEDES,BPCL,,MH14LX3718,32,4,20,98.26,1965.2,32096,31890,206,10.3,51.5,-31.5,-3095.19,,,,,,,,
,3012,2026-06-17 00:00:00,MERCEDES,BPCL,,MH14LX4888,32,4,40,,0,36167,36054,113,2.825,28.25,11.75,0,,,,,,,,
,3013,2026-06-17 00:00:00,MERCEDES,BPCL,,MH14HU3978,32,4,30,,0,195569,195417,152,5.066666666666666,38,-8,0,,,,,,,,
,3014,2026-06-17 00:00:00,MERCEDES,BPCL,,MH14KA9139,32,4,40,,0,116301,116098,203,5.075,50.75,-10.75,0,,,,,,,,
,3015,2026-06-17 00:00:00,MERCEDES,BPCL,YASHPAL KAMBLE,MH14HG3115,36,4,40,98.45,3938,267175,266991,184,4.6,46,-6,-590.7,,,,,,,,
,3016,2026-06-17 00:00:00,MERCEDES,BPCL,,MH14KA9138,32,4,30,,0,116071,115850,221,7.366666666666666,55.25,-25.25,0,,,,,,,,
,3017,2026-06-17 00:00:00,MERCEDES,BPCL,,MH14HU3985,50,4,40,,0,188372,188140,232,5.8,58,-18,0,,,,,,,,
,3018,2026-06-17 00:00:00,MERCEDES,BPCL,,MH14HG3113,32,4,40,,0,284397,284147,250,6.25,62.5,-22.5,0,,,,,,,,
2411/20-6-26,3019,2026-06-17 00:00:00,JCB,SAIEE,PRALHAD VANAVE,MH14LL4148,30,6,68,98.59,6704.12,86982,86572,410,6.029411764705882,68.33333333333333,-0.3333333333333286,-32.86333333333287,,,,,,,,
2411/20-6-26,3020,2026-06-17 00:00:00,JCB,SAIEE,VIKAS CHAVAN,MH14LL4132,30,6,60,98.59,5915.400000000001,83650,83280,370,6.166666666666667,61.666666666666664,-1.6666666666666643,-164.31666666666644,,,,,,,,
2411/20-6-26,3021,2026-06-17 00:00:00,JCB,SAIEE,,MH14LL4138,30,6,103,98.59,10154.77,163196,162639,557,5.407766990291262,92.83333333333333,10.166666666666671,1002.3316666666672,,,,,,,,
2411/20-6-26,3022,2026-06-17 00:00:00,JCB,SAIEE,REVANATH LANDGE,MH14LL4194,30,6,66,98.59,6506.9400000000005,132102,131704,398,6.03030303030303,66.33333333333333,-0.3333333333333286,-32.86333333333287,,,,,,,,
2411/20-6-26,3023,2026-06-17 00:00:00,JCB,SAIEE,HANUMANT GHOLAP,MH14LL4135,30,6,61,98.59,6013.99,129984,129648,336,5.508196721311475,56,5,492.95000000000005,,,,,,,,
2411/20-6-26,3024,2026-06-17 00:00:00,HYUNDAI,SAIEE,,MH14LX2568,40,5.5,124.19,98.59,12243.892100000001,53969,53168,801,6.449794669458089,145.63636363636363,-21.44636363636363,-2114.39699090909,,,,,,,,
2411/20-6-26,3025,2026-06-17 00:00:00,HYUNDAI,SAIEE,RAJU RATHOD,MH14LX7485,41,5.5,124,98.59,12225.16,38910,38223,687,5.540322580645161,124.9090909090909,-0.9090909090909065,-89.62727272727247,,,,,,,,
2411/20-6-26,3026,2026-06-17 00:00:00,JCB-VENDOR,SAIEE,,MH14LL4301,,,43.16,98.59,4255.1444,0,0,0,0,#DIV/0!,#DIV/0!,#DIV/0!,,,,,,,,
2411/20-6-26,3027,2026-06-17 00:00:00,JCB,SAIEE,DAYNESHWAR GAVALI,MH14LL4139,30,6,71,98.59,6999.89,130670,130263,407,5.732394366197183,67.83333333333333,3.1666666666666714,312.20166666666717,,,,,,,,
2411/20-6-26,3028,2026-06-17 00:00:00,JCB,SAIEE,SUNIL BARMUKH,MH14LL4209,30,6,90,98.59,8873.1,79514,78973,541,6.011111111111111,90.16666666666667,-0.1666666666666714,-16.431666666667134,,,,,,,,
2411/20-6-26,3029,2026-06-17 00:00:00,JCB,SAIEE,SHIDESHWAR KORE,MH14LL4183,30,6,46,98.59,4535.14,94154,93900,254,5.521739130434782,42.333333333333336,3.6666666666666643,361.49666666666644,,,,,,,,
2411/20-6-26,3030,2026-06-17 00:00:00,JCB,SAIEE,DASHRATH BHOITE,MH14LL4192,30,6,104,98.59,10253.36,78260,77758,502,4.826923076923077,83.66666666666667,20.33333333333333,2004.663333333333,,,,,,,,
2411/20-6-26,3031,2026-06-17 00:00:00,JCB,SAIEE,SACHIN RAUT,MH14LL4205,18,10,50,98.59,4929.5,192097,191646,451,9.02,45.1,4.899999999999999,483.0909999999999,,,,,,,,
2411/20-6-26,3032,2026-06-17 00:00:00,JCB,SAIEE,SWAPNIL BORATE,MH14MH5755,17,10,45.37,98.59,4473.0283,0,0,0,0,0,45.37,4473.0283,,,,,,,,
2411/20-6-26,3033,2026-06-17 00:00:00,JCB,SAIEE,BALAJI RAWALE,MH14LL4199,18,10,37,98.59,3647.83,177505,177181,324,8.756756756756756,32.4,4.600000000000001,453.5140000000002,,,,,,,,
2411/20-6-26,3034,2026-06-17 00:00:00,JCB,SAIEE,RAVI WAYKULE,MH14LL4123,30,6,102,98.59,10056.18,129671,129109,562,5.509803921568627,93.66666666666667,8.333333333333329,821.5833333333329,,,,,,,,
2411/20-6-26,3035,2026-06-17 00:00:00,JCB,SAIEE,SWAPNIL BORATE,MH14MT5755,17,10,40.54,98.59,3996.8386,0,0,0,0,0,40.54,3996.8386,,,,,,,,
2411/20-6-26,3036,2026-06-17 00:00:00,JCB,SAIEE,RAJU KHARAT,MH14LL4208,18,10,64.43,98.59,6352.153700000001,143729,143120,609,9.452118578302033,60.9,3.5300000000000082,348.02270000000084,,,,,,,,
2411/20-6-26,3037,2026-06-17 00:00:00,JCB,SAIEE,SANTOSH SHINDE,MH14LL4125,30,6,120,98.59,11830.800000000001,100335,99635,700,5.833333333333333,116.66666666666667,3.3333333333333286,328.63333333333287,,,,,,,,
2411/20-6-26,3038,2026-06-17 00:00:00,MITSUBISHI,SAIEE,SANTOSH CHAVAN,MH14LB2874,33,6,59,98.59,5816.81,74172,73819,353,5.983050847457627,58.833333333333336,0.1666666666666643,16.431666666666434,,,,,,,,
2411/20-6-26,3039,2026-06-17 00:00:00,MITSUBISHI,SAIEE,,MH14LB2876,18,10,21,98.59,2070.39,101839,101647,192,9.142857142857142,19.2,1.8000000000000007,177.46200000000007,,,,,,,,
2411/20-6-26,3040,2026-06-17 00:00:00,JCB,SAIEE,SUNIL WAGH,MH14LL4136,30,6,111,98.59,10943.49,92782,92116,666,6,111,0,0,,,,,,,,
2411/20-6-26,3041,2026-06-17 00:00:00,JCB,SAIEE,GAJANAN MARSHETTI,MH14LL4197,18,10,35,98.59,3450.65,106983,106718,265,7.571428571428571,26.5,8.5,838.015,,,,,,,,
2411/20-6-26,3042,2026-06-17 00:00:00,JCB,SAIEE,,MH14GD5136,36,6,72,98.59,7098.4800000000005,450839,450407,432,6,72,0,0,,,,,,,,
2411/20-6-26,3043,2026-06-17 00:00:00,JCB,SAIEE,YOURAJ WAGH,MH14LL4179,30,6,85,98.59,8380.15,110793,110285,508,5.976470588235294,84.66666666666667,0.3333333333333286,32.86333333333287,,,,,,,,
2411/20-6-26,3044,2026-06-17 00:00:00,JCB,SAIEE,DATTATRAY BIDAVE,MH14LL4128,30,6,10,98.59,985.9000000000001,89994,89198,796,79.6,132.66666666666666,-122.66666666666666,-12093.706666666667,,,,,,,,
680/23-6-26,3045,2026-06-17 00:00:00,TML,JAYHIND,DANRAJ KOLI,MH14CW2905,36,5.5,100,98.21,9821,556542,556091,451,4.51,82,18,1767.78,,,,,,,,
680/23-6-26,3046,2026-06-17 00:00:00,VW,JAYHIND,,MH14KA1499,40,5.5,80,98.21,7856.799999999999,237303,236599,704,8.8,128,-48,-4714.08,,,,,,,,
680/23-6-26,3047,2026-06-17 00:00:00,VW,JAYHIND,,MH14KA1902,40,5.5,100,98.21,9821,169896,169420,476,4.76,86.54545454545455,13.454545454545453,1321.370909090909,,,,,,,,
680/23-6-26,3048,2026-06-17 00:00:00,KB-VENDER,JAYHIND,AYUB JAMADAR,MH14MH5220,40,5.5,65,98.21,6383.65,0,0,0,0,0,65,6383.65,,,,,,,,
680/23-6-26,3049,2026-06-17 00:00:00,TML-VENDER,JAYHIND,BORASE,MH14KQ9520,40,5.5,77.06,98.21,7568.062599999999,0,0,0,0,0,77.06,7568.062599999999,,,,,,,,
680/23-6-26,3050,2026-06-17 00:00:00,TML,JAYHIND,AMOL,MH14CW3581,36,5.5,101.82,98.21,9999.742199999999,85749,85268,481,4.7240227853074055,87.45454545454545,14.36545454545454,1410.8312909090903,,,,,,,,
680/23-6-26,3051,2026-06-17 00:00:00,KB-VENDER,JAYHIND,AYUB JAMADAR,MH14KQ5220,40,5.5,74,98.21,7267.54,0,0,0,0,0,74,7267.54,,,,,,,,
680/23-6-26,3052,2026-06-17 00:00:00,TML,JAYHIND,DILIP BARKAMBE,MH14CW4815,41,5,80,98.21,7856.799999999999,504235,503814,421,5.2625,84.2,-4.200000000000003,-412.48200000000026,,,,,,,,
680/23-6-26,3053,2026-06-17 00:00:00,TML-VENDER,JAYHIND,BORASE,MH14KA9520,40,5.5,71.79,98.21,7050.4959,0,0,0,0,0,71.79,7050.4959,,,,,,,,
680/23-6-26,3054,2026-06-17 00:00:00,TML,JAYHIND,,MH14CW3260,36,5,89,98.21,8740.689999999999,435334,434886,448,5.033707865168539,89.6,-0.5999999999999943,-58.92599999999944,,,,,,,,
680/23-6-26,3055,2026-06-17 00:00:00,TML,JAYHIND,RAMDAS MARANE,MH14CW4822,41,5.5,60,98.21,5892.599999999999,484324,483924,400,6.666666666666667,72.72727272727273,-12.727272727272734,-1249.945454545455,,,,,,,,
680/23-6-26,3056,2026-06-17 00:00:00,TML-VENDER,JAYHIND,BORASE,MH14KA9502,40,5.5,65.03,98.21,6386.5963,0,0,0,0,0,65.03,6386.5963,,,,,,,,
680/23-6-26,3057,2026-06-17 00:00:00,KB,JAYHIND,DHARMA LOKHANDE,MH14HG9380,33,6,100,98.21,9821,290891,290388,503,5.03,83.83333333333333,16.16666666666667,1587.7283333333337,,,,,,,,
680/23-6-26,3058,2026-06-17 00:00:00,TML,JAYHIND,MALLIKARJUN BODALE,MH12KQ0265,44,3.5,146.77,98.21,14414.2817,444250,443733,517,3.522518225795462,147.71428571428572,-0.9442857142857122,-92.73829999999978,,,,,,,,
680/23-6-26,3059,2026-06-17 00:00:00,TML,JAYHIND,SATISH PADWAL,MH14CW2904,36,5.5,80,98.21,7856.799999999999,400349,399962,387,4.8375,70.36363636363636,9.63636363636364,946.3872727272731,,,,,,,,
680/23-6-26,3060,2026-06-17 00:00:00,KB,JAYHIND,PANDURANG WARE,MH14HU0837,28,6,73.9,98.21,7257.719,350598,350270,328,4.438430311231394,54.666666666666664,19.23333333333334,1888.9056666666672,,,,,,,,
680/23-6-26,3061,2026-06-17 00:00:00,TML,JAYHIND,BALAJI JOGE,MH14CW4611,40,5.5,83,98.21,8151.429999999999,446779,446319,460,5.542168674698795,83.63636363636364,-0.6363636363636402,-62.497272727273106,,,,,,,,
680/23-6-26,3062,2026-06-17 00:00:00,KB,JAYHIND,RAJU JAMADAR,MH14HG5617,28,6,90,98.21,8838.9,409262,408785,477,5.3,79.5,10.5,1031.205,,,,,,,,
680/23-6-26,3063,2026-06-17 00:00:00,KB,JAYHIND,AMOL BANSODE,MH14GD4458,49,4,190,98.21,18659.899999999998,453872,453281,591,3.110526315789474,147.75,42.25,4149.3724999999995,,,,,,,,
680/23-6-26,3064,2026-06-17 00:00:00,TML,JAYHIND,KISHOR SHINDE,MH14CW4823,40,5.3,81,98.21,7955.009999999999,560821,560371,450,5.555555555555555,84.90566037735849,-3.905660377358487,-383.57490566037694,,,,,,,,
680/23-6-26,3065,2026-06-17 00:00:00,TML,JAYHIND,LAXMAN MAHARAJ,MH14CW3266,36,5,90,98.21,8838.9,173361,172866,495,5.5,99,-9,-883.89,,,,,,,,
680/23-6-26,3066,2026-06-17 00:00:00,KB,JAYHIND,AMOL PAIK,MH14CW3580,36,5.5,100,98.21,9821,365222,364680,542,5.42,98.54545454545455,1.4545454545454533,142.85090909090894,,,,,,,,
680/23-6-26,3067,2026-06-17 00:00:00,BC,JAYHIND,LANDAGE,MH14LB3847,40,5.5,70,98.21,6874.7,81248,80977,271,3.8714285714285714,49.27272727272727,20.727272727272727,2035.6254545454544,,,,,,,,
680/23-6-26,3068,2026-06-17 00:00:00,VW,JAYHIND,,MH14KA1738,40,5.5,100,98.21,9821,154317,153969,348,3.48,63.27272727272727,36.72727272727273,3606.985454545454,,,,,,,,
680/23-6-26,3069,2026-06-17 00:00:00,BA-VENDER,JAYHIND,DINESH,MH14LB9060,18,10,36.38,98.21,3572.8798,0,0,0,0,0,36.38,3572.8798,,,,,,,,
680/23-6-26,3070,2026-06-17 00:00:00,TML-VENDER,JAYHIND,,MH14MH2897,40,5.5,94,98.21,9231.74,0,0,0,0,0,94,9231.74,,,,,,,,
680/23-6-26,3071,2026-06-17 00:00:00,JCB,JAYHIND,PRAMOD BARKUL,MH14LL4188,30,6,85,98.21,8347.85,136535,136111,424,4.988235294117647,70.66666666666667,14.333333333333329,1407.676666666666,,,,,,,,
680/23-6-26,3072,2026-06-17 00:00:00,BC,JAYHIND,SOURABHV BOABADE,MH14LB3989,50,4,60,98.21,5892.599999999999,98652,98402,250,4.166666666666667,62.5,-2.5,-245.52499999999998,,,,,,,,
,3073,2026-06-17 00:00:00,KB,IOCL,,MH14MT2841,40,5.5,30,98.21,2946.2999999999997,25948,25818,130,4.333333333333333,23.636363636363637,6.363636363636363,624.9727272727272,,,,,,,,
680/23-6-26,3074,2026-06-17 00:00:00,BC,JAYHIND,DANAJI SAKUNDE,MH14LB3846,32,6,60,98.21,5892.599999999999,110717,110565,152,2.533333333333333,25.333333333333332,34.66666666666667,3404.6133333333337,,,,,,,,
680/23-6-26,3075,2026-06-17 00:00:00,BA-VENDER,JAYHIND,ABHAY HANDE,MH14LL1494,17,10,42.02,98.21,4126.7842,0,0,0,0,0,42.02,4126.7842,,,,,,,,
680/23-6-26,3076,2026-06-17 00:00:00,BA-VENDER,JAYHIND,DEVDAS DEKHANE,MH12WR1918,17,10,47.88,98.21,4702.2948,0,0,0,0,0,47.88,4702.2948,,,,,,,,
680/23-6-26,3077,2026-06-17 00:00:00,BA-VENDER,JAYHIND,VAIBHAV KAWADE,MH14LX8792,17,10,36.4,98.21,3574.8439999999996,0,0,0,0,0,36.4,3574.8439999999996,,,,,,,,
680/23-6-26,3078,2026-06-17 00:00:00,BA-VENDER,JAYHIND,DATTA DOMBLE,MH14LB2783,36,6,48.87,98.21,4799.5226999999995,0,0,0,0,0,48.87,4799.5226999999995,,,,,,,,
680/23-6-26,3079,2026-06-17 00:00:00,BC,JAYHIND,ANKIT KAKODIYA,MH14LB3845,32,6,55,98.21,5401.549999999999,94929,94609,320,5.818181818181818,53.333333333333336,1.6666666666666643,163.68333333333308,,,,,,,,
680/23-6-26,3080,2026-06-17 00:00:00,BC,JAYHIND,YOGESH GAWANDE,MH14LB4534,50,4,87,98.21,8544.269999999999,74607,74169,438,5.0344827586206895,109.5,-22.5,-2209.725,,,,,,,,
680/23-6-26,3081,2026-06-17 00:00:00,TML,JAYHIND,SACHIN KAMBLE,MH14CW3584,36,5.5,70,98.21,6874.7,507650,507216,434,6.2,78.9090909090909,-8.909090909090907,-874.9618181818179,,,,,,,,
680/23-6-26,3082,2026-06-17 00:00:00,BA-VENDER,JAYHIND,VAIBHAV KAWADE,MH14LB8792,17,10,60,98.21,5892.599999999999,0,0,0,0,0,60,5892.599999999999,,,,,,,,
680/23-6-26,3083,2026-06-17 00:00:00,KWT,JAYHIND,GOVINDA CHAVAN,MH14GD9102,36,6,50,98.21,4910.5,293218,292932,286,5.72,47.666666666666664,2.3333333333333357,229.1566666666669,,,,,,,,
680/23-6-26,3084,2026-06-17 00:00:00,TML,JAYHIND,,MH14CW4806,41,5.5,40,98.21,3928.3999999999996,405591,405273,318,7.95,57.81818181818182,-17.81818181818182,-1749.9236363636364,,,,,,,,
680/23-6-26,3085,2026-06-17 00:00:00,BA-VENDER,JAYHIND,,MH12ZE2777,30,6,54.01,98.21,5304.322099999999,0,0,0,0,0,54.01,5304.322099999999,,,,,,,,
680/23-6-26,3086,2026-06-17 00:00:00,KB,JAYHIND,HANUMTRAO,MH14HG5615,28,6,118.1,98.21,11598.600999999999,311820,311306,514,4.352243861134632,85.66666666666667,32.43333333333332,3185.2776666666655,,,,,,,,
680/23-6-26,3087,2026-06-17 00:00:00,BA-VENDER,JAYHIND,MARAL,MH12UM9865,17,10,51.87,98.21,5094.1527,0,0,0,0,0,51.87,5094.1527,,,,,,,,
680/23-6-26,3088,2026-06-17 00:00:00,TML,JAYHIND,SOMNATH KALE,MH14CW2902,36,5.5,100,98.21,9821,396089,395898,191,1.91,34.72727272727273,65.27272727272728,6410.4345454545455,,,,,,,,
680/23-6-26,3089,2026-06-17 00:00:00,TML-VENDER,JAYHIND,,MH14MT3575,40,5.5,61,98.21,5990.8099999999995,0,0,0,0,0,61,5990.8099999999995,,,,,,,,
680/23-6-26,3090,2026-06-17 00:00:00,KB-VENDER,JAYHIND,AYUB JAMADAR,MH14LX5220,40,5.5,57,98.21,5597.969999999999,0,0,0,0,0,57,5597.969999999999,,,,,,,,
680/23-6-26,3091,2026-06-17 00:00:00,TML,JAYHIND,,MH14CW3867,,,50,98.21,4910.5,101325,101076,249,4.98,#DIV/0!,#DIV/0!,#DIV/0!,,,,,,,,
680/23-6-26,3092,2026-06-17 00:00:00,TML,JAYHIND,GANSHAM RAM,MH14CW4610,40,5.5,50,98.21,4910.5,397931,397714,217,4.34,39.45454545454545,10.545454545454547,1035.669090909091,,,,,,,,
680/23-6-26,3093,2026-06-17 00:00:00,TML,JAYHIND,,MH14CW4802,41,5.3,80,98.21,7856.799999999999,484043,483256,787,9.8375,148.49056603773585,-68.49056603773585,-6726.458490566037,,,,,,,,
680/23-6-26,3094,2026-06-17 00:00:00,KB,JAYHIND,,MH14HG5612,28,6,70,98.21,6874.7,414511,414135,376,5.371428571428571,62.666666666666664,7.333333333333336,720.2066666666668,,,,,,,,
680/23-6-26,3095,2026-06-17 00:00:00,KB,JAYHIND,,MH14CW4614,40,5.5,83.5,98.21,8200.535,284985,284560,425,5.089820359281437,77.27272727272727,6.227272727272734,611.5804545454552,,,,,,,,
680/23-6-26,3096,2026-06-17 00:00:00,LEAR-BHOSARI,JAYHIND,NIMBHALKAR,MH14LB6092,18,12,36,98.21,3535.56,48899,48608,291,8.083333333333334,24.25,11.75,1153.9675,,,,,,,,
680/23-6-26,3097,2026-06-17 00:00:00,BA-VENDER,JAYHIND,SITARAM POL,MH14LB5428,18,12,33.37,98.21,3277.2676999999994,0,0,0,0,0,33.37,3277.2676999999994,,,,,,,,
680/23-6-26,3098,2026-06-17 00:00:00,KB,JAYHIND,SHIVANCHAL,MH14HG5614,28,6,90,98.21,8838.9,381707,381208,499,5.544444444444444,83.16666666666667,6.833333333333329,671.1016666666661,,,,,,,,
,3099,2026-06-17 00:00:00,VW,HPCL,,MH14KA1739,40,5.5,100,98.57,9857,163554,163368,186,1.86,33.81818181818182,66.18181818181819,6523.541818181819,,,,,,,,
,3100,2026-06-17 00:00:00,VW,HPCL,,MH14KA2817,40,5.5,80,98.57,7885.599999999999,153009,152763,246,3.075,44.72727272727273,35.27272727272727,3476.832727272727,,,,,,,,
,3101,2026-06-17 00:00:00,VW,HPCL,,MH14KA2815,40,5.5,60,98.57,5914.2,195339,195116,223,3.716666666666667,40.54545454545455,19.454545454545453,1917.634545454545,,,,,,,,
,3102,2026-06-17 00:00:00,VW,HPCL,,MH14KA2557,40,5.5,100,98.57,9857,213116,212669,447,4.47,81.27272727272727,18.727272727272734,1845.9472727272732,,,,,,,,
,3103,2026-06-17 00:00:00,VW,HPCL,,MH14KA1906,40,5.5,100,98.57,9857,169802,169487,315,3.15,57.27272727272727,42.72727272727273,4211.627272727273,,,,,,,,
,3104,2026-06-17 00:00:00,VW,HPCL,,MH14KA1763,40,5.5,70,98.57,6899.9,126428,126170,258,3.6857142857142855,46.90909090909091,23.090909090909093,2276.070909090909,,,,,,,,
,3105,2026-06-17 00:00:00,VW,HPCL,,MH14KA1912,40,5.5,120,98.57,11828.4,224506,223984,522,4.35,94.9090909090909,25.090909090909093,2473.2109090909094,,,,,,,,
,3106,2026-06-17 00:00:00,VW,HPCL,,MH14KA2556,40,5.5,60,98.57,5914.2,164863,164588,275,4.583333333333333,50,10,985.6999999999999,,,,,,,,
,3107,2026-06-17 00:00:00,VW,HPCL,,MH14KA1888,40,5.5,100,98.57,9857,171303,171111,192,1.92,34.90909090909091,65.0909090909091,6416.010909090909,,,,,,,,
,3108,2026-06-17 00:00:00,VW,HPCL,,MH14KA1742,40,5.5,70,98.57,6899.9,155942,155741,201,2.8714285714285714,36.54545454545455,33.45454545454545,3297.614545454545,,,,,,,,
,3109,2026-06-17 00:00:00,VW,HPCL,,MH14KA2469,40,5.5,70,98.57,6899.9,141786,141582,204,2.914285714285714,37.09090909090909,32.90909090909091,3243.8490909090906,,,,,,,,
,3110,2026-06-17 00:00:00,VW,HPCL,,MH14KA1740,40,5.5,100,98.57,9857,179865,179529,336,3.36,61.09090909090909,38.90909090909091,3835.26909090909,,,,,,,,
,3111,2026-06-17 00:00:00,VW,HPCL,,MH14KA2820,40,5.5,100,98.57,9857,126261,125978,283,2.83,51.45454545454545,48.54545454545455,4785.125454545454,,,,,,,,
,3112,2026-06-17 00:00:00,VW,HPCL,,MH14KA2816,40,5.5,90,98.57,8871.3,122047,121715,332,3.688888888888889,60.36363636363637,29.636363636363633,2921.256363636363,,,,,,,,
,3113,2026-06-17 00:00:00,VW,HPCL,,MH14KA1883,40,5.5,70,98.57,6899.9,199355,199094,261,3.7285714285714286,47.45454545454545,22.545454545454547,2222.3054545454547,,,,,,,,
,3114,2026-06-17 00:00:00,VW,HPCL,,MH14KA2558,40,5.5,70,98.57,6899.9,220566,220204,362,5.171428571428572,65.81818181818181,4.181818181818187,412.2018181818187,,,,,,,,
,3115,2026-06-17 00:00:00,VW,HPCL,,MH14KA1894,40,5.5,100,98.57,9857,135200,134790,410,4.1,74.54545454545455,25.454545454545453,2509.054545454545,,,,,,,,
,3116,2026-06-17 00:00:00,VW,HPCL,,MH14KA2563,40,5.5,80,98.57,7885.599999999999,138694,138288,406,5.075,73.81818181818181,6.181818181818187,609.3418181818187,,,,,,,,
,3117,2026-06-17 00:00:00,VW,HPCL,,MH14KA2880,40,5.5,110,98.57,10842.699999999999,150769,150195,574,5.218181818181818,104.36363636363636,5.63636363636364,555.576363636364,,,,,,,,
,3118,2026-06-17 00:00:00,VW,HPCL,,MH14KA2812,40,5.5,70,98.57,6899.9,129854,129664,190,2.7142857142857144,34.54545454545455,35.45454545454545,3494.754545454545,,,,,,,,
,3119,2026-06-17 00:00:00,VW,HPCL,,MH14KA1895,40,5.5,100,98.57,9857,175258,175078,180,1.8,32.72727272727273,67.27272727272728,6631.072727272727,,,,,,,,
,3120,2026-06-17 00:00:00,VW,HPCL,,MH14KA2809,40,5.5,50,98.57,4928.5,151224,151073,151,3.02,27.454545454545453,22.545454545454547,2222.3054545454547,,,,,,,,
,3121,2026-06-17 00:00:00,VW,HPCL,,MH14KA1890,40,5.5,60,98.57,5914.2,121826,121634,192,3.2,34.90909090909091,25.090909090909093,2473.2109090909094,,,,,,,,
,3122,2026-06-17 00:00:00,VW,HPCL,,MH14KA2808,40,5.5,60,98.57,5914.2,127794,127524,270,4.5,49.09090909090909,10.909090909090907,1075.3090909090906,,,,,,,,
,3123,2026-06-17 00:00:00,VW,HPCL,,MH14KA2811,40,5.5,50,98.57,4928.5,189526,189245,281,5.62,51.09090909090909,-1.0909090909090935,-107.53090909090933,,,,,,,,
,3124,2026-06-17 00:00:00,VW,HPCL,,MH14KA1913,40,5.5,87.02,98.57,8577.561399999999,299018,298438,580,6.665134451850149,105.45454545454545,-18.434545454545457,-1817.0931454545455,,,,,,,,
,3125,2026-06-17 00:00:00,VW,HPCL,,MH14KA1893,40,5.5,100,98.57,9857,168428,168253,175,1.75,31.818181818181817,68.18181818181819,6720.681818181818,,,,,,,,
,3126,2026-06-17 00:00:00,VW,HPCL,,MH14KA1745,40,5.5,100,98.57,9857,98020,97703,317,3.17,57.63636363636363,42.36363636363637,4175.783636363636,,,,,,,,
,3127,2026-06-17 00:00:00,VW,HPCL,,MH14KA1879,40,5.5,50,98.57,4928.5,196503,196110,393,7.86,71.45454545454545,-21.454545454545453,-2114.774545454545,,,,,,,,
,3128,2026-06-17 00:00:00,VW,HPCL,,MH14KA2569,40,5.5,20,98.57,1971.3999999999999,169396,168958,438,21.9,79.63636363636364,-59.63636363636364,-5878.356363636363,,,,,,,,
,3129,2026-06-17 00:00:00,VW,HPCL,,MH14KA1916,40,5.5,50,98.57,4928.5,137993,137772,221,4.42,40.18181818181818,9.81818181818182,967.7781818181819,,,,,,,,
,3130,2026-06-17 00:00:00,VW,HPCL,,MH14KA3311,20,8,35,98.57,3449.95,167672,167385,287,8.2,35.875,-0.875,-86.24875,,,,,,,,
,3131,2026-06-17 00:00:00,VW,HPCL,,MH14KA2591,40,5.5,50,98.57,4928.5,139841,139600,241,4.82,43.81818181818182,6.18181818181818,609.341818181818,,,,,,,,
,3132,2026-06-17 00:00:00,VW,HPCL,,MH14KA1744,40,5.5,50,98.57,4928.5,166855,166573,282,5.64,51.27272727272727,-1.2727272727272734,-125.45272727272733,,,,,,,,
,3133,2026-06-17 00:00:00,VW,HPCL,,MH14KA2814,40,5.5,50,98.57,4928.5,159035,158791,244,4.88,44.36363636363637,5.636363636363633,555.5763636363632,,,,,,,,
,3134,2026-06-17 00:00:00,VW,HPCL,,MH14KA2554,40,5.5,70,98.57,6899.9,178174,177665,509,7.271428571428571,92.54545454545455,-22.545454545454547,-2222.3054545454547,,,,,,,,
,3135,2026-06-17 00:00:00,VW,HPCL,,MH14KA1905,40,5.5,50,98.57,4928.5,213503,213121,382,7.64,69.45454545454545,-19.454545454545453,-1917.634545454545,,,,,,,,
,3136,2026-06-17 00:00:00,VW,HPCL,,MH14KQ1004,40,5.5,80,98.57,7885.599999999999,85482,85199,283,3.5375,51.45454545454545,28.545454545454547,2813.7254545454543,,,,,,,,
413/30-6-26,3137,2026-06-17 00:00:00,VW,PRATIK,,MH14KA2591,40,5.5,50,98.58,4929,140028,139841,187,3.74,34,16,1577.28,,,,,,,,
413/30-6-26,3138,2026-06-17 00:00:00,VW,PRATIK,,MH14KA2879,40,5.5,100,98.58,9858,195160,194557,603,6.03,109.63636363636364,-9.63636363636364,-949.9527272727277,,,,,,,,
413/30-6-26,3139,2026-06-17 00:00:00,VW,PRATIK,,MH14KA1744,40,5.5,50,98.58,4929,166971,166855,116,2.32,21.09090909090909,28.90909090909091,2849.858181818182,,,,,,,,
413/30-6-26,3140,2026-06-17 00:00:00,VW,PRATIK,,MH14KA2559,40,5.5,50,98.58,4929,148957,148687,270,5.4,49.09090909090909,0.9090909090909065,89.61818181818157,,,,,,,,
413/30-6-26,3141,2026-06-17 00:00:00,VW,PRATIK,,MH14KA2561,40,5.5,50,98.58,4929,238535,238278,257,5.14,46.72727272727273,3.2727272727272734,322.6254545454546,,,,,,,,
413/30-6-26,3142,2026-06-17 00:00:00,VW,PRATIK,,MH14KA2562,40,5.5,50,98.58,4929,148379,148278,101,2.02,18.363636363636363,31.636363636363637,3118.712727272727,,,,,,,,
680/23-6-26,3143,2026-06-17 00:00:00,MERCEDES,JAYHIND,,MH14LX4889,32,4,30,98.21,2946.2999999999997,25589,25247,342,11.4,85.5,-55.5,-5450.655,,,,,,,,
,3144,2026-06-17 00:00:00,VW,HPCL,,MH14KA3312,20,8,10,98.21,982.0999999999999,230112,229681,431,43.1,53.875,-43.875,-4308.96375,,,,,,,,
,3145,2026-06-17 00:00:00,BAJAJ WALUJ,HPCL,MADAN,MH14CW4821,40,5.5,62,99.44,6165.28,290711,290339,372,6,67.63636363636364,-5.63636363636364,-560.4800000000004,,,,,,,,
,3146,2026-06-17 00:00:00,BAJAJ WALUJ,HPCL,SAGER,MH20GC8876,50,5,20,99.44,1988.8,123038,122695,343,17.15,68.6,-48.599999999999994,-4832.784,,,,,,,,
,3147,2026-06-17 00:00:00,BAJAJ WALUJ,HPCL,SAGER,MH20GC8876,50,5,50,99.44,4972,123085,123038,47,0.94,9.4,40.6,4037.264,,,,,,,,
,3148,2026-06-17 00:00:00,BAJAJ WALUJ,HPCL,MALODE,MH20GC8878,50,5,50,99.44,4972,98165,97887,278,5.56,55.6,-5.600000000000001,-556.8640000000001,,,,,,,,
,3149,2026-06-17 00:00:00,BAJAJ WALUJ,HPCL,GORAKH,MH14CW4805,40,5.5,36,99.44,3579.84,293795,293594,201,5.583333333333333,36.54545454545455,-0.5454545454545467,-54.24000000000013,,,,,,,,
,3150,2026-06-17 00:00:00,BAJAJ WALUJ,HPCL,MOHSIN,MH20GC8890,50,5,80,99.44,7955.2,80113,79688,425,5.3125,85,-5,-497.2,,,,,,,,
,3151,2026-06-17 00:00:00,BAJAJ WALUJ,HPCL,GAUTAM,MH14CW4813,40,5.5,47,99.44,4673.68,294167,293904,263,5.595744680851064,47.81818181818182,-0.8181818181818201,-81.36000000000018,,,,,,,,
,3152,2026-06-17 00:00:00,BAJAJ WALUJ,HPCL,NAKIM,MH20GZ5478,50,5,50,99.44,4972,7237,6999,238,4.76,47.6,2.3999999999999986,238.65599999999986,,,,,,,,
,3153,2026-06-17 00:00:00,BAJAJ WALUJ,HPCL,BHAGWAN,MH20GC5417,50,5,38,99.44,3778.72,12715,12505,210,5.526315789473684,42,-4,-397.76,,,,,,,,
,3154,2026-06-17 00:00:00,BAJAJ WALUJ,HPCL,NIVRUTTI ,MH14KU2284,20,9,37.25,99.44,3704.14,0,0,0,0,0,37.25,3704.14,,,,,,,,
,3155,2026-06-17 00:00:00,BAJAJ WALUJ,HPCL,DADARAO,MH14CW4609,40,5.5,50,99.44,4972,294923,294653,270,5.4,49.09090909090909,0.9090909090909065,90.39999999999974,,,,,,,,
,3156,2026-06-17 00:00:00,BAJAJ WALUJ,HPCL,LATE,MH20GC8893,50,5,38,99.44,3778.72,100495,100289,206,5.421052631578948,41.2,-3.200000000000003,-318.20800000000025,,,,,,,,
,3157,2026-06-17 00:00:00,BAJAJ WALUJ,HPCL,SANJAY,MH20GC8879,50,5,20,99.44,1988.8,135654,135277,377,18.85,75.4,-55.400000000000006,-5508.976000000001,,,,,,,,
,3158,2026-06-17 00:00:00,BAJAJ WALUJ,HPCL,SANJAY,MH20GC8879,50,5,67.81,99.44,6743.0264,135790,135654,136,2.0056038932310867,27.2,40.61,4038.2583999999997,,,,,,,,
,3159,2026-06-17 00:00:00,BAJAJ WALUJ,HPCL,ASPAK,MH20GC8875,50,5,20,99.44,1988.8,79644,79438,206,10.3,41.2,-21.200000000000003,-2108.128,,,,,,,,
,3160,2026-06-17 00:00:00,BAJAJ WALUJ,HPCL,ASPAK,MH20GC8875,50,5,46,99.44,4574.24,79693,79644,49,1.065217391304348,9.8,36.2,3599.728,,,,,,,,
,3161,2026-06-17 00:00:00,BAJAJ WALUJ,HPCL,ARVIND,MH14CW4615,40,5.5,61,99.44,6065.84,303513,303165,348,5.704918032786885,63.27272727272727,-2.2727272727272734,-226.00000000000006,,,,,,,,
,3162,2026-06-17 00:00:00,BAJAJ WALUJ,HPCL,RAJPUT,MH14CW4616,40,5.5,50,99.44,4972,295672,295392,280,5.6,50.90909090909091,-0.9090909090909065,-90.39999999999974,,,,,,,,
,3163,2026-06-17 00:00:00,BAJAJ WALUJ,HPCL,JABBAR,MH20GC8872,50,5,42,99.44,4176.48,107395,107155,240,5.714285714285714,48,-6,-596.64,,,,,,,,
,3164,2026-06-17 00:00:00,BAJAJ WALUJ,HPCL,JABBAR,MH20GC8872,50,5,60,99.44,5966.4,107653,107395,258,4.3,51.6,8.399999999999999,835.2959999999998,,,,,,,,
,3165,2026-06-17 00:00:00,BAJAJ WALUJ,HPCL,YOGESH,MH20GC5343,50,5,40,99.44,3977.6,118954,118762,192,4.8,38.4,1.6000000000000014,159.10400000000013,,,,,,,,
,3166,2026-06-17 00:00:00,BAJAJ WALUJ,HPCL,GUNJAL,MH14CW4824,40,5.5,60,99.44,5966.4,301533,301197,336,5.6,61.09090909090909,-1.0909090909090935,-108.48000000000026,,,,,,,,
,3167,2026-06-17 00:00:00,BAJAJ WALUJ,HPCL,ASLAM,MH20GC5308,40,5.5,53,99.44,5270.32,98343,98036,307,5.7924528301886795,55.81818181818182,-2.81818181818182,-280.2400000000002,,,,,,,,
,3168,2026-06-17 00:00:00,BAJAJ WALUJ,HPCL,SANJAY,MH20GC8879,50,5,12,99.44,1193.28,135994,135790,204,17,40.8,-28.799999999999997,-2863.872,,,,,,,,
,3169,2026-06-17 00:00:00,BAJAJ WALUJ,HPCL,NAGESH,MH20GC5309,50,5,50,99.44,4972,154438,154137,301,6.02,60.2,-10.200000000000003,-1014.2880000000002,,,,,,,,
,3170,2026-06-17 00:00:00,BAJAJ WALUJ,HPCL,MANGESH,MH20GC8891,50,5,80,99.44,7955.2,89082,88705,377,4.7125,75.4,4.599999999999994,457.4239999999994,,,,,,,,
,3171,2026-06-17 00:00:00,BAJAJ WALUJ,HPCL,MAJID,MH20EG5161,20,9,45,99.44,4474.8,0,0,0,0,0,45,4474.8,,,,,,,,
,3172,2026-06-17 00:00:00,BAJAJ WALUJ,HPCL,ABHIJEET,MH20GC5419,50,5,65,99.44,6463.599999999999,19410,19051,359,5.523076923076923,71.8,-6.799999999999997,-676.1919999999997,,,,,,,,
,3173,2026-06-17 00:00:00,BAJAJ WALUJ,HPCL,NARYAN,MH20GC5342,50,5,37,99.44,3679.2799999999997,110075,109867,208,5.621621621621622,41.6,-4.600000000000001,-457.42400000000015,,,,,,,,
,3174,2026-06-17 00:00:00,BAJAJ WALUJ,HPCL,ADHE,MH20GC8874,50,5,57,99.44,5668.08,101617,101275,342,6,68.4,-11.400000000000006,-1133.6160000000004,,,,,,,,
,3175,2026-06-17 00:00:00,BAJAJ WALUJ,HPCL,DIVTE,MH20GC8873,50,5,60,99.44,5966.4,108187,107875,312,5.2,62.4,-2.3999999999999986,-238.65599999999986,,,,,,,,
,3176,2026-06-17 00:00:00,BAJAJ WALUJ,HPCL,SOPAN,MH20GZ5418,50,5,30,99.44,2983.2,9036,8931,105,3.5,21,9,894.96,,,,,,,,
,3177,2026-06-17 00:00:00,CITYFLOW MUMBAI,,,MH04MH3731,27,4,72.98,97.89,7144.0122,50170,49914,256,3.507810359002466,64,8.980000000000004,879.0522000000004,,,,,,,,
,3178,2026-06-17 00:00:00,CITYFLOW MUMBAI,,,MH04MH3734,27,4,80,97.89,7831.2,25371,25141,230,2.875,57.5,22.5,2202.525,,,,,,,,
,3179,2026-06-17 00:00:00,CITYFLOW MUMBAI,,,MH04MH3736,27,4,35,98.04,3431.4,32617,32354,263,7.514285714285714,65.75,-30.75,-3014.73,,,,,,,,
,3180,2026-06-17 00:00:00,CITYFLOW MUMBAI,,,MH04MH4722,27,4,50,98.04,4902,34408,34114,294,5.88,73.5,-23.5,-2303.94,,,,,,,,
,3181,2026-06-17 00:00:00,CITYFLOW MUMBAI,,,MH04MH6308,27,4,50,98.04,4902,33328,33038,290,5.8,72.5,-22.5,-2205.9,,,,,,,,
,3182,2026-06-17 00:00:00,CITYFLOW MUMBAI,,,MH04MH6309,27,4,85,98.04,8333.4,32707,32383,324,3.8117647058823527,81,4,392.16,,,,,,,,
,3183,2026-06-17 00:00:00,CITYFLOW MUMBAI,,,MH04MH6313,27,4,48,98.04,4705.92,49815,49667,148,3.0833333333333335,37,11,1078.44,,,,,,,,
,3184,2026-06-17 00:00:00,CITYFLOW MUMBAI,,,MH04MH6315,27,4,50,98.04,4902,30064,29770,294,5.88,73.5,-23.5,-2303.94,,,,,,,,
,3185,2026-06-17 00:00:00,CITYFLOW MUMBAI,,,MH04MH6317,27,4,56,98.04,5490.240000000001,36615,36296,319,5.696428571428571,79.75,-23.75,-2328.4500000000003,,,,,,,,
,3186,2026-06-17 00:00:00,CITYFLOW MUMBAI,,,MH04MH6318,27,4,50,98.04,4902,34957,34650,307,6.14,76.75,-26.75,-2622.57,,,,,,,,
,3187,2026-06-17 00:00:00,CITYFLOW MUMBAI,,,MH04MR5596,27,4,71.38,97.83,6983.1053999999995,10565,10215,350,4.903334267301766,87.5,-16.120000000000005,-1577.0196000000003,,,,,,,,
,3188,2026-06-17 00:00:00,CITYFLOW MUMBAI,,,MH04MR5864,40,3.7,130,98.04,12745.2,16854,16411,443,3.4076923076923076,119.72972972972973,10.270270270270274,1006.8972972972977,,,,,,,,
,3189,2026-06-17 00:00:00,LEAR-CHENNAI,,,TN87H1942,32,,78.8,100.03,7882.364,45546,44889,657,8.33756345177665,#DIV/0!,#DIV/0!,#DIV/0!,,,,,,,,
,3190,2026-06-17 00:00:00,LEAR-CHENNAI,,,TN87H6859,16,,34,100.03,3401.02,66368,66130,238,7,#DIV/0!,#DIV/0!,#DIV/0!,,,,,,,,
,3191,2026-06-17 00:00:00,LEAR-CHENNAI,,,TN87H2083,24,,80.33,100.03,8035.4099,155033,154352,681,8.477530187974605,#DIV/0!,#DIV/0!,#DIV/0!,,,,,,,,
,3192,2026-06-17 00:00:00,LEAR-CHENNAI,,,TN87H1913,32,,69.96,100.03,6998.0988,133233,132696,537,7.67581475128645,#DIV/0!,#DIV/0!,#DIV/0!,,,,,,,,
,3193,2026-06-17 00:00:00,LEAR-CHENNAI,,,TN87H2058,24,,75.39,100.03,7541.2617,65677,65021,656,8.701419286377504,#DIV/0!,#DIV/0!,#DIV/0!,,,,,,,,
,3194,2026-06-17 00:00:00,LEAR-CHENNAI,,,TN87H1989,14,,50.25,100.03,5026.5075,27602,27024,578,11.502487562189055,#DIV/0!,#DIV/0!,#DIV/0!,,,,,,,,
,3195,2026-06-17 00:00:00,LEAR-CHENNAI,,,TN87H1962,32,,76.71,100.25,7690.1775,60880,60266,614,8.004171555207927,#DIV/0!,#DIV/0!,#DIV/0!,,,,,,,,
,3196,2026-06-17 00:00:00,LEAR-CHENNAI,,,TN87H1905,32,,87.51,100.25,8772.8775,79345,78826,519,5.930750771340418,#DIV/0!,#DIV/0!,#DIV/0!,,,,,,,,
,3197,2026-06-17 00:00:00,LEAR-CHENNAI,,,TN87H2067,24,,76,100.03,7602.28,75134,74569,565,7.434210526315789,#DIV/0!,#DIV/0!,#DIV/0!,,,,,,,,
,3198,2026-06-17 00:00:00,LEAR-CHENNAI,,,TN87H1931,32,,86.4,100.03,8642.592,94590,93907,683,7.905092592592592,#DIV/0!,#DIV/0!,#DIV/0!,,,,,,,,
,3199,2026-06-17 00:00:00,LEAR-CHENNAI,,,TN87H2151,4,,26.12,108.23,2826.9676000000004,85719,85242,477,18.26186830015314,#DIV/0!,#DIV/0!,#DIV/0!,,,,,,,,
,3200,2026-06-17 00:00:00,LEAR-CHENNAI,,,TN87H2191,4,,30.87,108.23,3341.0601,68589,68172,417,13.508260447035957,#DIV/0!,#DIV/0!,#DIV/0!,,,,,,,,
,3201,2026-06-17 00:00:00,LEAR-CHENNAI,,,TN87H2075,24,,74.59,100.03,7461.237700000001,92781,92246,535,7.172543236358761,#DIV/0!,#DIV/0!,#DIV/0!,,,,,,,,
,3202,2026-06-17 00:00:00,TML,JABBAR PUMP ,BASAYYA BHANAVI,KA25AC3423,24+1,6.5,113.26,98.63,11170.8338,12703,11922,781,6.895638354229207,120.15384615384616,-6.893846153846155,-679.9400461538463,,,,,,,,
,3203,2026-06-17 00:00:00,TMBSL,JABBAR PUMP ,MAHANETSH AND SHASHANK ,KA25AC0453,55+1,4.5,133,98.63,13117.789999999999,79255,78592,663,4.984962406015038,147.33333333333334,-14.333333333333343,-1413.6966666666676,,,,,,,,
,3204,2026-06-17 00:00:00,TML,JABBAR PUMP ,NAGAPPA KARKOPPA ,KA25AA1650,49+1,4.25,92,98.63,9073.96,244613,244222,391,4.25,92,0,0,,,,,,,,
,3205,2026-06-17 00:00:00,TML,JABBAR PUMP ,VINOD T,KA25AA1647,49+1,4.25,134,98.63,13216.42,129085,128515,570,4.253731343283582,134.11764705882354,-0.1176470588235361,-11.603529411765365,,,,,,,,
,3206,2026-06-17 00:00:00,TML,JABBAR PUMP ,BASAVARAJ KUNDAGOL,KA25AA1649,49+1,4.25,97,98.63,9567.109999999999,310951,310536,415,4.278350515463917,97.6470588235294,-0.6470588235294059,-63.8194117647053,,,,,,,,
,3207,2026-06-17 00:00:00,TML,JABBAR PUMP ,ANAND NANDIHALLI,KA25AA7672,49+1,4.25,60,98.63,5917.799999999999,136205,135758,447,7.45,105.17647058823529,-45.17647058823529,-4455.755294117646,,,,,,,,
,3208,2026-06-17 00:00:00,TMBSL,JABBAR PUMP ,SHIVARAJ AND NINGARAJ GUTAL,KA25AB7988,55+1,4.5,112,98.63,11046.56,141629,141099,530,4.732142857142857,117.77777777777777,-5.7777777777777715,-569.8622222222216,,,,,,,,
,3209,2026-06-17 00:00:00,TMBSL,JABBAR PUMP ,BASAVARAJ S AND NAGU M ,KA25AB7981,40+1,5.5,97,98.63,9567.109999999999,129895,129359,536,5.525773195876289,97.45454545454545,-0.45454545454545325,-44.83181818181805,,,,,,,,
,3210,2026-06-17 00:00:00,TMBSL,JABBAR PUMP ,SAGAR AND HANUMANTH ,KA25AC0058,55+1,4.5,121,98.63,11934.23,107932,107352,580,4.793388429752066,128.88888888888889,-7.888888888888886,-778.0811111111108,,,,,,,,
,3211,2026-06-17 00:00:00,TMBSL,JABBAR PUMP ,MANJUNATH CHINDI AND MALLESH ,KA25AC0057,55+1,4.5,134,98.63,13216.42,94602,93990,612,4.567164179104478,136,-2,-197.26,,,,,,,,
,3212,2026-06-18 00:00:00,JCB,BPCL,BADE,MH14LL4191,30,6,65,98.39,6395.35,106295,105913,382,5.876923076923077,63.666666666666664,1.3333333333333357,131.1866666666669,,,,,,,,
680/23-6-26,3213,2026-06-18 00:00:00,JCB,JAYHIND,SACHIN WAGHMARE,MH14LL4187,30,6,90,98.21,8838.9,132992,132440,552,6.133333333333334,92,-2,-196.42,,,,,,,,
680/23-6-26,3214,2026-06-18 00:00:00,JCB,JAYHIND,BALAJI THOBOLE,MH14LL4195,30,6,75,98.21,7365.749999999999,135548,135099,449,5.986666666666666,74.83333333333333,0.1666666666666714,16.368333333333798,,,,,,,,
,3215,2026-06-18 00:00:00,JCB,BPCL,LAHU VANVE,MH14LL4154,30,6,85,98.39,8363.15,133082,132658,424,4.988235294117647,70.66666666666667,14.333333333333329,1410.2566666666662,,,,,,,,
680/23-6-26,3216,2026-06-18 00:00:00,JCB,JAYHIND,MANOJ KAMBLE,MH14LL4153,30,6,86,98.21,8446.06,156326,155808,518,6.023255813953488,86.33333333333333,-0.3333333333333286,-32.7366666666662,,,,,,,,
680/23-6-26,3217,2026-06-18 00:00:00,JCB,JAYHIND,AYUB PATHAN,MH14LL4157,30,6,85,98.21,8347.85,143074,142622,452,5.317647058823529,75.33333333333333,9.666666666666671,949.3633333333337,,,,,,,,
,3218,2026-06-18 00:00:00,KB,HPCL,,MH14GD4457,49,4,205.22,98.27,20166.969399999998,331078,330359,719,3.503557158171718,179.75,25.47,2502.9368999999997,,,,,,,,
680/23-6-26,3219,2026-06-18 00:00:00,JCB,JAYHIND,DANAJI WAIDANDE,MH14LL4201,18,10,44.51,98.21,4371.3270999999995,135707,135252,455,10.222421927656708,45.5,-0.990000000000002,-97.22790000000019,,,,,,,,
,3220,2026-06-18 00:00:00,JCB,BPCL,NITESH DONGARE,MH14LL4184,30,6,59.05,98.23,5800.4815,139608,139283,325,5.50381033022862,54.166666666666664,4.883333333333333,479.6898333333333,,,,,,,,
,3221,2026-06-18 00:00:00,JCB,IOCL,BAPU VAMAN,MH14LL4159,30,6,47,98.3,4620.099999999999,175710,175428,282,6,47,0,0,,,,,,,,
,3222,2026-06-18 00:00:00,JCB,IOCL,VIKAS HEMADE,MH14LL4140,30,6,45,98.52,4433.4,174641,174371,270,6,45,0,0,,,,,,,,
,3223,2026-06-18 00:00:00,JCB,BPCL,JAGDISH PATIL,MH14LL4189,30,6,68,98.2,6677.6,210208,209827,381,5.602941176470588,63.5,4.5,441.90000000000003,,,,,,,,
,3224,2026-06-18 00:00:00,LEAR-CHAKAN,BPCL,NIWAS RATHOD,MH14LB5919,18,12,38.2,98.18,3750.4760000000006,241806,241473,333,8.717277486910994,27.75,10.450000000000003,1025.9810000000004,,,,,,,,
1482/20-6-26,3225,2026-06-18 00:00:00,BC,SHUBHAM,,MH14LB3849,40,5.5,40,98.44,3937.6,98701,98497,204,5.1,37.09090909090909,2.9090909090909065,286.3709090909088,,,,,,,,
1482/20-6-26,3226,2026-06-18 00:00:00,BC,SHUBHAM,,MH14GD9106,36,6,40,98.44,3937.6,439421,439166,255,6.375,42.5,-2.5,-246.1,,,,,,,,
1482/20-6-26,3227,2026-06-18 00:00:00,BC,SHUBHAM,RAM SHINDE,MH14LB3988,50,4,40,98.44,3937.6,68238,68048,190,4.75,47.5,-7.5,-738.3,,,,,,,,
1482/20-6-26,3228,2026-06-18 00:00:00,LEAR-CHAKAN,SHUBHAM,,MH14LB3844,32,6,40,98.44,3937.6,97287,97046,241,6.025,40.166666666666664,-0.1666666666666643,-16.406666666666432,,,,,,,,
1482/20-6-26,3229,2026-06-18 00:00:00,BC,SHUBHAM,,MH14LB3984,50,4,40,98.44,3937.6,56747,56564,183,4.575,45.75,-5.75,-566.03,,,,,,,,
1482/20-6-26,3230,2026-06-18 00:00:00,BC,SHUBHAM,,MH14LL4207,18,10,30,98.44,2953.2,121758,121394,364,12.133333333333333,36.4,-6.399999999999999,-630.0159999999998,,,,,,,,
1482/20-6-26,3231,2026-06-18 00:00:00,BC-VENDER,SHUBHAM,Sudhakar Sharad Daptare,MH14KQ5693,20,10,35,98.44,3445.4,0,0,0,0,0,35,3445.4,,,,,,,,
1482/20-6-26,3232,2026-06-18 00:00:00,BC-VENDER,SHUBHAM,,MH14LX9322,,,40,98.44,3937.6,0,0,0,0,#DIV/0!,#DIV/0!,#DIV/0!,,,,,,,,
1482/20-6-26,3233,2026-06-18 00:00:00,BC,SHUBHAM,SAWPNIL,MH14LB3987,50,4,40,98.44,3937.6,59965,59806,159,3.975,39.75,0.25,24.61,,,,,,,,
1482/20-6-26,3234,2026-06-18 00:00:00,BC,SHUBHAM,,MH14LB3848,40,5.5,40,98.44,3937.6,113918,113754,164,4.1,29.818181818181817,10.181818181818183,1002.298181818182,,,,,,,,
1482/20-6-26,3235,2026-06-18 00:00:00,BC-VENDER,SHUBHAM,,MH14LX9897,17,10,30,98.44,2953.2,0,0,0,0,0,30,2953.2,,,,,,,,
1482/20-6-26,3236,2026-06-18 00:00:00,BC,SHUBHAM,,MH14LB3985,50,4,40,98.44,3937.6,85064,84870,194,4.85,48.5,-8.5,-836.74,,,,,,,,
1482/20-6-26,3237,2026-06-18 00:00:00,BC-VENDER,SHUBHAM,Prathmesh Tours & Travels,MH12VF1253,20,10,29,98.44,2854.7599999999998,0,0,0,0,0,29,2854.7599999999998,,,,,,,,
1482/20-6-26,3238,2026-06-18 00:00:00,BC-VENDER,SHUBHAM,Mukund Ramchandra Madvalkar,MH14LX9492,17,10,35,98.44,3445.4,0,0,0,0,0,35,3445.4,,,,,,,,
1482/20-6-26,3239,2026-06-18 00:00:00,BC-VENDER,SHUBHAM,,MH14MH4066,,,30,98.44,2953.2,0,0,0,0,#DIV/0!,#DIV/0!,#DIV/0!,,,,,,,,
1482/20-6-26,3240,2026-06-18 00:00:00,BC-VENDER,SHUBHAM,,MH14MH1600,36,6,30,98.44,2953.2,0,0,0,0,0,30,2953.2,,,,,,,,
1482/20-6-26,3241,2026-06-18 00:00:00,BC-VENDER,SHUBHAM,,MH14LQ1600,36,6,30,98.44,2953.2,0,0,0,0,0,30,2953.2,,,,,,,,
1482/20-6-26,3242,2026-06-18 00:00:00,BC-VENDER,SHUBHAM,,MH12YQ7251,,,30,98.44,2953.2,0,0,0,0,#DIV/0!,#DIV/0!,#DIV/0!,,,,,,,,
1482/20-6-26,3243,2026-06-18 00:00:00,BC,SHUBHAM,,MH14LB2877,18,10,30.87,98.44,3038.8428,116811,116538,273,8.843537414965986,27.3,3.5700000000000003,351.43080000000003,,,,,,,,
1482/20-6-26,3244,2026-06-18 00:00:00,BC,SHUBHAM,PAWALE,MH14LB3991,50,4,40,98.44,3937.6,97287,97122,165,4.125,41.25,-1.25,-123.05,,,,,,,,
1482/20-6-26,3245,2026-06-18 00:00:00,BC,SHUBHAM,BASVARAJ,MH14LL4204,18,10,24.81,98.44,2442.2963999999997,166354,166161,193,7.779121322047562,19.3,5.509999999999998,542.4043999999998,,,,,,,,
1482/20-6-26,3246,2026-06-18 00:00:00,BC,SHUBHAM,,MH14HG2520,40,5,40,98.44,3937.6,214006,213691,315,7.875,63,-23,-2264.12,,,,,,,,
1482/20-6-26,3247,2026-06-18 00:00:00,LEAR-CHAKAN,SHUBHAM,GANPAT,MH14LB6215,25,7,20,98.44,1968.8,123427,123135,292,14.6,41.714285714285715,-21.714285714285715,-2137.554285714286,,,,,,,,
,3248,2026-06-18 00:00:00,LEAR-CHAKAN,HPCL,,MH14LB5926,18,12,20,98.57,1971.3999999999999,130771,130361,410,20.5,34.166666666666664,-14.166666666666664,-1396.408333333333,,,,,,,,
,3249,2026-06-18 00:00:00,LEAR-CHAKAN,HPCL,,MH14LB5917,18,12,50,98.57,4928.5,154333,153888,445,8.9,37.083333333333336,12.916666666666664,1273.195833333333,,,,,,,,
,3250,2026-06-18 00:00:00,LEAR-CHAKAN,HPCL,,MH14LB6214,25,7,68.71,98.57,6772.744699999999,202845,202344,501,7.2915150633095624,71.57142857142857,-2.8614285714285757,-282.0510142857147,,,,,,,,
,3251,2026-06-18 00:00:00,LEAR-CHAKAN,HPCL,LAXMAN PATIL,MH14LB5915,18,12,40,98.57,3942.7999999999997,126412,126121,291,7.275,24.25,15.75,1552.4775,,,,,,,,
,3252,2026-06-18 00:00:00,LEAR-CHAKAN,HPCL,NAIKARE,MH14LB6270,40,6,70,98.57,6899.9,177880,177435,445,6.357142857142857,74.16666666666667,-4.166666666666671,-410.70833333333377,,,,,,,,
,3253,2026-06-18 00:00:00,LEAR-CHAKAN,HPCL,,MH14LB5922,18,12,50,98.57,4928.5,142153,141732,421,8.42,35.083333333333336,14.916666666666664,1470.335833333333,,,,,,,,
,3254,2026-06-18 00:00:00,LEAR-CHAKAN,HPCL,SUDAM SHEJUL,MH14LB6211,25,7,50,98.57,4928.5,98613,98288,325,6.5,46.42857142857143,3.5714285714285694,352.03571428571405,,,,,,,,
,3255,2026-06-18 00:00:00,LEAR-CHAKAN,HPCL,SURESH,MH14LB6213,50,5,70,98.57,6899.9,135101,134813,288,4.114285714285714,57.6,12.399999999999999,1222.2679999999998,,,,,,,,
,3256,2026-06-18 00:00:00,LEAR-CHAKAN,HPCL,SACHIN,MH14LB5914,18,12,36.77,98.57,3624.4189,195312,195012,300,8.158825129181396,25,11.770000000000003,1160.1689000000001,,,,,,,,
,3257,2026-06-18 00:00:00,LEAR-CHAKAN,HPCL,AMOL PATIL,MH14LB5925,18,12,47.95,98.57,4726.4315,132311,131942,369,7.695516162669447,30.75,17.200000000000003,1695.4040000000002,,,,,,,,
,3258,2026-06-18 00:00:00,LEAR-CHAKAN,HPCL,VITTHALRAO,MH14LB5821,18,12,39.5,98.57,3893.515,79480,79262,218,5.518987341772152,18.166666666666668,21.333333333333332,2102.8266666666664,,,,,,,,
,3259,2026-06-18 00:00:00,LEAR-CHAKAN,HPCL,,MH14LB5918,18,12,37.88,98.57,3733.8316,120172,119876,296,7.814149947201689,24.666666666666668,13.213333333333335,1302.4382666666668,,,,,,,,
,3260,2026-06-18 00:00:00,LEAR-CHAKAN,HPCL,,MH14LB5924,18,12,39,98.57,3844.2299999999996,90792,90529,263,6.743589743589744,21.916666666666668,17.083333333333332,1683.9041666666665,,,,,,,,
,3261,2026-06-18 00:00:00,LEAR-CHAKAN,HPCL,,MH14LB6096,18,12,50,98.57,4928.5,50533,50221,312,6.24,26,24,2365.68,,,,,,,,
,3262,2026-06-18 00:00:00,LEAR-CHAKAN,HPCL,SWAGAT JADHAV,MH14LB5967,18,12,30,98.57,2957.1,85575,85291,284,9.466666666666667,23.666666666666668,6.333333333333332,624.2766666666665,,,,,,,,
,3263,2026-06-18 00:00:00,LEAR-CHAKAN,HPCL,,MH14LB5916,18,12,49.59,98.57,4888.0863,98667,98261,406,8.187134502923977,33.833333333333336,15.756666666666668,1553.1346333333333,,,,,,,,
413/30-6-26,3264,2026-06-18 00:00:00,MERCEDES,PRATIK,,MH14HU3984,32,4,116,98.58,11435.28,228011,227734,277,2.3879310344827585,69.25,46.75,4608.615,,,,,,,,
413/30-6-26,3265,2026-06-18 00:00:00,MERCEDES,PRATIK,,MH14HG3117,32,4,40,98.58,3943.2,243525,243417,108,2.7,27,13,1281.54,,,,,,,,
413/30-6-26,3266,2026-06-18 00:00:00,MERCEDES,PRATIK,,MH14KA9152,32,4,50,98.58,4929,117796,117551,245,4.9,61.25,-11.25,-1109.025,,,,,,,,
413/30-6-26,3267,2026-06-18 00:00:00,MERCEDES,PRATIK,BALIRAM MOHITE,MH14LX3721,32,4,60,98.58,5914.8,36199,36019,180,3,45,15,1478.7,,,,,,,,
413/30-6-26,3268,2026-06-18 00:00:00,MERCEDES,PRATIK,,MH14LX3711,32,4,138,98.58,13604.039999999999,33079,32821,258,1.8695652173913044,64.5,73.5,7245.63,,,,,,,,
413/30-6-26,3269,2026-06-18 00:00:00,MERCEDES,PRATIK,,MH14LX3725,32,4,60,98.58,5914.8,30860,30555,305,5.083333333333333,76.25,-16.25,-1601.925,,,,,,,,
413/30-6-26,3270,2026-06-18 00:00:00,MERCEDES,PRATIK,,MH14LX3719,32,4,40,98.58,3943.2,37771,37600,171,4.275,42.75,-2.75,-271.09499999999997,,,,,,,,
413/30-6-26,3271,2026-06-18 00:00:00,MERCEDES,PRATIK,,MH14HU3983,32,4,70,98.58,6900.599999999999,187996,187814,182,2.6,45.5,24.5,2415.21,,,,,,,,
413/30-6-26,3272,2026-06-18 00:00:00,MERCEDES,PRATIK,,MH14LX3726,32,4,50,98.58,4929,34693,34390,303,6.06,75.75,-25.75,-2538.435,,,,,,,,
413/30-6-26,3273,2026-06-18 00:00:00,MERCEDES,PRATIK,,MH14LX3714,32,4,60,98.58,5914.8,39555,39346,209,3.4833333333333334,52.25,7.75,763.995,,,,,,,,
413/30-6-26,3274,2026-06-18 00:00:00,MERCEDES,PRATIK,YASHPAL KAMBLE,MH14HG3115,36,4,110,98.58,10843.8,267302,267175,127,1.1545454545454545,31.75,78.25,7713.885,,,,,,,,
413/30-6-26,3275,2026-06-18 00:00:00,MERCEDES,PRATIK,,MH14HU3981,32,4,70,98.58,6900.599999999999,256929,256665,264,3.7714285714285714,66,4,394.32,,,,,,,,
413/30-6-26,3276,2026-06-18 00:00:00,MERCEDES,PRATIK,,MH14HG3113,32,4,100,98.58,9858,284539,284397,142,1.42,35.5,64.5,6358.41,,,,,,,,
413/30-6-26,3277,2026-06-18 00:00:00,MERCEDES,PRATIK,,MH14HG3112,32,4,100,98.58,9858,275279,274873,406,4.06,101.5,-1.5,-147.87,,,,,,,,
413/30-6-26,3278,2026-06-18 00:00:00,MERCEDES,PRATIK,,MH14HG3116,32,4,100,98.58,9858,286841,286525,316,3.16,79,21,2070.18,,,,,,,,
413/30-6-26,3279,2026-06-18 00:00:00,MERCEDES,PRATIK,,MH14LX4885,32,4,100,98.58,9858,38491,38205,286,2.86,71.5,28.5,2809.5299999999997,,,,,,,,
413/30-6-26,3280,2026-06-18 00:00:00,MERCEDES,PRATIK,,MH14KA9141,32,4,70,98.58,6900.599999999999,103337,102940,397,5.671428571428572,99.25,-29.25,-2883.465,,,,,,,,
413/30-6-26,3281,2026-06-18 00:00:00,MERCEDES,PRATIK,,MH14KA9148,32,4,80,98.58,7886.4,111010,110758,252,3.15,63,17,1675.86,,,,,,,,
413/30-6-26,3282,2026-06-18 00:00:00,MERCEDES,PRATIK,,MH14KA9143,32,4,70,98.58,6900.599999999999,95854,95616,238,3.4,59.5,10.5,1035.09,,,,,,,,
413/30-6-26,3283,2026-06-18 00:00:00,MERCEDES,PRATIK,,MH14LX4888,32,4,90,98.58,8872.2,36355,36167,188,2.088888888888889,47,43,4238.94,,,,,,,,
413/30-6-26,3284,2026-06-18 00:00:00,MERCEDES,PRATIK,,MH14KA9150,32,4,70,98.58,6900.599999999999,130118,129819,299,4.271428571428571,74.75,-4.75,-468.255,,,,,,,,
413/30-6-26,3285,2026-06-18 00:00:00,MERCEDES,PRATIK,,MH14LX3723,32,4,50,98.58,4929,30686,30540,146,2.92,36.5,13.5,1330.83,,,,,,,,
413/30-6-26,3286,2026-06-18 00:00:00,MERCEDES,PRATIK,,MH14LX3713,32,4,80,98.58,7886.4,50817,50519,298,3.725,74.5,5.5,542.1899999999999,,,,,,,,
413/30-6-26,3287,2026-06-18 00:00:00,MERCEDES,PRATIK,,MH14LX3720,32,4,70,98.58,6900.599999999999,35885,35704,181,2.585714285714286,45.25,24.75,2439.855,,,,,,,,
413/30-6-26,3288,2026-06-18 00:00:00,MERCEDES,PRATIK,,MH14LX3710,32,4,110,98.58,10843.8,38542,38387,155,1.4090909090909092,38.75,71.25,7023.825,,,,,,,,
413/30-6-26,3289,2026-06-18 00:00:00,MERCEDES,PRATIK,,MH14KA9138,32,4,100,98.58,9858,116172,116071,101,1.01,25.25,74.75,7368.855,,,,,,,,
413/30-6-26,3290,2026-06-18 00:00:00,MERCEDES,PRATIK,,MH14LX4889,32,4,100,98.58,9858,25653,25589,64,0.64,16,84,8280.72,,,,,,,,
413/30-6-26,3291,2026-06-18 00:00:00,MERCEDES,PRATIK,,MH14LX3718,32,4,50,98.58,4929,32157,32096,61,1.22,15.25,34.75,3425.6549999999997,,,,,,,,
413/30-6-26,3292,2026-06-18 00:00:00,MERCEDES,PRATIK,,MH14KA9139,32,4,60,98.58,5914.8,116402,116301,101,1.6833333333333333,25.25,34.75,3425.6549999999997,,,,,,,,
413/30-6-26,3293,2026-06-18 00:00:00,MERCEDES,PRATIK,,MH14HU3982,32,4,30,98.58,2957.4,235211,234911,300,10,75,-45,-4436.1,,,,,,,,
413/30-6-26,3294,2026-06-18 00:00:00,MERCEDES,PRATIK,,MH14HU3985,50,4,60,98.58,5914.8,188424,188372,52,0.8666666666666667,13,47,4633.26,,,,,,,,
413/30-6-26,3295,2026-06-18 00:00:00,MERCEDES,PRATIK,,MH14HU3978,32,4,50,98.58,4929,195730,195569,161,3.22,40.25,9.75,961.155,,,,,,,,
2411/20-6-26,3296,2026-06-18 00:00:00,JCB-VENDOR,SAIEE,,MH12YB9901,,,37.31,98.59,3678.3929000000003,0,0,0,0,#DIV/0!,#DIV/0!,#DIV/0!,,,,,,,,
2411/20-6-26,3297,2026-06-18 00:00:00,HYUNDAI,SAIEE,DENIYAL MANKWANI,MH14LX7488,41,5.5,127,98.59,12520.93,48890,48186,704,5.543307086614173,128,-1,-98.59,,,,,,,,
2411/20-6-26,3298,2026-06-18 00:00:00,JCB,SAIEE,CHANDRSHING WAGH,MH14LL4156,30,6,91,98.59,8971.69,160091,159848,243,2.67032967032967,40.5,50.5,4978.795,,,,,,,,
2411/20-6-26,3299,2026-06-18 00:00:00,JCB,SAIEE,KETAN POTE,MH14LL4137,30,6,66,98.59,6506.9400000000005,92000,91632,368,5.575757575757576,61.333333333333336,4.666666666666664,460.0866666666665,,,,,,,,
2411/20-6-26,3300,2026-06-18 00:00:00,JCB,SAIEE,SUSHANT SHELAR,MH14LL4145,30,6,62,98.59,6112.58,112740,112368,372,6,62,0,0,,,,,,,,
2411/20-6-26,3301,2026-06-18 00:00:00,HYUNDAI,SAIEE,ANIL PAWAR,MH14LX7841,40,5.5,145,98.59,14295.550000000001,44009,43213,796,5.489655172413793,144.72727272727272,0.2727272727272805,26.888181818182584,,,,,,,,
2411/20-6-26,3302,2026-06-18 00:00:00,JCB,SAIEE,PANDURANG KADAM,MH14CW2890,36,5,78,98.59,7690.02,467269,466839,430,5.512820512820513,86,-8,-788.72,,,,,,,,
2411/20-6-26,3303,2026-06-18 00:00:00,JCB,SAIEE,PRAVIN SABLE,MH14LL4196,18,10,28.81,98.59,2840.3779,85345,85050,295,10.239500173550852,29.5,-0.6900000000000013,-68.02710000000013,,,,,,,,
2411/20-6-26,3304,2026-06-18 00:00:00,JCB,SAIEE,ASHOK SUKALE,MH14LL4130,30,6,61,98.59,6013.99,106166,105758,408,6.688524590163935,68,-7,-690.13,,,,,,,,
2411/20-6-26,3305,2026-06-18 00:00:00,JCB,SAIEE,DATTA RAUT,MH14LL4121,30,6,51,98.59,5028.09,146621,146316,305,5.980392156862745,50.833333333333336,0.1666666666666643,16.431666666666434,,,,,,,,
2411/20-6-26,3306,2026-06-18 00:00:00,JCB,SAIEE,SHIDESHWAR KORE,MH14LL4183,30,6,29,98.59,2859.11,94314,94154,160,5.517241379310345,26.666666666666668,2.333333333333332,230.04333333333324,,,,,,,,
2411/20-6-26,3307,2026-06-18 00:00:00,JCB,SAIEE,BHAGWAT FHAPAL,MH14LL4198,18,10,51.31,98.59,5058.6529,167048,166547,501,9.764178522705125,50.1,1.2100000000000009,119.2939000000001,,,,,,,,
2411/20-6-26,3308,2026-06-18 00:00:00,JCB,SAIEE,VISHNU YADAV,MH14LL4126,30,6,15,98.59,1478.8500000000001,62063,61562,501,33.4,83.5,-68.5,-6753.415,,,,,,,,
2411/20-6-26,3309,2026-06-18 00:00:00,JCB,SAIEE,ATUL KHARAT,MH14LL4143,30,6,65,98.59,6408.35,74482,74105,377,5.8,62.833333333333336,2.1666666666666643,213.61166666666645,,,,,,,,
2411/20-6-26,3310,2026-06-18 00:00:00,JCB-VENDOR,SAIEE,,MH14LL4301,,,40.7,98.59,4012.6130000000003,0,0,0,0,#DIV/0!,#DIV/0!,#DIV/0!,,,,,,,,
2411/20-6-26,3311,2026-06-18 00:00:00,JCB,SAIEE,GAJANAN MARSHETTI,MH14LL4197,18,10,28.88,98.59,2847.2792,107243,106983,260,9.002770083102494,26,2.879999999999999,283.9391999999999,,,,,,,,
2411/20-6-26,3312,2026-06-18 00:00:00,JCB,SAIEE,ABDUL SHAIKH,MH14LL4278,30,6,90,98.59,8873.1,48831,48287,544,6.044444444444444,90.66666666666667,-0.6666666666666714,-65.72666666666714,,,,,,,,
2411/20-6-26,3313,2026-06-18 00:00:00,JCB,SAIEE,SACHIN RAUT,MH14LL4205,18,10,55,98.59,5422.45,192549,192097,452,8.218181818181819,45.2,9.799999999999997,966.1819999999998,,,,,,,,
2411/20-6-26,3314,2026-06-18 00:00:00,JCB,SAIEE,BALAJI RAWALE,MH14LL4199,18,10,43,98.59,4239.37,177883,177505,378,8.790697674418604,37.8,5.200000000000003,512.6680000000003,,,,,,,,
2411/20-6-26,3315,2026-06-18 00:00:00,JCB,SAIEE,SWAPNIL BORATE,MH14MH5755,17,10,42.33,98.59,4173.3147,0,0,0,0,0,42.33,4173.3147,,,,,,,,
2411/20-6-26,3316,2026-06-18 00:00:00,JCB,SAIEE,SWAPNIL BORATE,MH14MT5755,17,10,40.1,98.59,3953.4590000000003,0,0,0,0,0,40.1,3953.4590000000003,,,,,,,,
2411/20-6-26,3317,2026-06-18 00:00:00,JCB,SAIEE,RAJU KHARAT,MH14LL4208,18,10,33,98.59,3253.4700000000003,144019,143729,290,8.787878787878787,29,4,394.36,,,,,,,,
2411/20-6-26,3318,2026-06-18 00:00:00,JCB,SAIEE,DATTATRAY BIDAVE,MH14LL4128,30,6,130,98.59,12816.7,90099,89994,105,0.8076923076923077,17.5,112.5,11091.375,,,,,,,,
2411/20-6-26,3319,2026-06-18 00:00:00,MITSUBISHI,SAIEE,RAMDAS DATE,MH14LB2872,33,6,66.86,98.59,6591.7274,72518,72182,336,5.025426263834879,56,10.86,1070.6874,,,,,,,,
2411/20-6-26,3320,2026-06-18 00:00:00,BA-VENDER,SAIEE,DATTA DOMBLE,MH14LB2873,36,6,91,98.59,8971.69,0,0,0,0,0,91,8971.69,,,,,,,,
413/30-6-26,3321,2026-06-18 00:00:00,VW,PRATIK,,MH14KA2557,40,5.5,90,98.58,8872.2,213495,213116,379,4.211111111111111,68.9090909090909,21.090909090909093,2079.1418181818185,,,,,,,,
413/30-6-26,3322,2026-06-18 00:00:00,VW,PRATIK,,MH14KA2807,40,5.5,100,98.58,9858,179872,179386,486,4.86,88.36363636363636,11.63636363636364,1147.1127272727276,,,,,,,,
413/30-6-26,3323,2026-06-18 00:00:00,VW,PRATIK,,MH14KA1880,40,5.5,101.05,98.58,9961.509,222424,221757,667,6.600692726373083,121.27272727272727,-20.22272727272727,-1993.5564545454542,,,,,,,,
413/30-6-26,3324,2026-06-18 00:00:00,VW,PRATIK,,MH14KA2816,40,5.5,70,98.58,6900.599999999999,122388,122047,341,4.871428571428571,62,8,788.64,,,,,,,,
413/30-6-26,3325,2026-06-18 00:00:00,VW,PRATIK,,MH14KA1915,40,5.5,60,98.58,5914.8,260258,259934,324,5.4,58.90909090909091,1.0909090909090935,107.54181818181843,,,,,,,,
413/30-6-26,3326,2026-06-18 00:00:00,VW,PRATIK,,MH14KA2563,40,5.5,50,98.58,4929,138831,138694,137,2.74,24.90909090909091,25.09090909090909,2473.461818181818,,,,,,,,
413/30-6-26,3327,2026-06-18 00:00:00,VW,PRATIK,,MH14KA3010,40,5.5,70,98.58,6900.599999999999,195633,195273,360,5.142857142857143,65.45454545454545,4.545454545454547,448.09090909090924,,,,,,,,
413/30-6-26,3328,2026-06-18 00:00:00,VW,PRATIK,,MH14KA1764,40,5.5,60,98.58,5914.8,148568,148377,191,3.183333333333333,34.72727272727273,25.272727272727273,2491.3854545454546,,,,,,,,
413/30-6-26,3329,2026-06-18 00:00:00,VW,PRATIK,,MH14KA2558,40,5.5,80,98.58,7886.4,220925,220566,359,4.4875,65.27272727272727,14.727272727272734,1451.814545454546,,,,,,,,
413/30-6-26,3330,2026-06-18 00:00:00,VW,PRATIK,,MH14KA2602,40,5.5,70,98.58,6900.599999999999,167872,167585,287,4.1,52.18181818181818,17.81818181818182,1756.5163636363638,,,,,,,,
413/30-6-26,3331,2026-06-18 00:00:00,VW,PRATIK,,MH14KA1914,40,5.5,60,98.58,5914.8,127815,127592,223,3.716666666666667,40.54545454545455,19.454545454545453,1917.8290909090908,,,,,,,,
413/30-6-26,3332,2026-06-18 00:00:00,VW,PRATIK,,MH14KA1737,40,5.5,80,98.58,7886.4,164716,164294,422,5.275,76.72727272727273,3.2727272727272663,322.6254545454539,,,,,,,,
413/30-6-26,3333,2026-06-18 00:00:00,VW,PRATIK,,MH14KA1882,40,5.5,120,98.58,11829.6,166417,166094,323,2.691666666666667,58.72727272727273,61.27272727272727,6040.265454545454,,,,,,,,
413/30-6-26,3334,2026-06-18 00:00:00,VW,PRATIK,,MH14KA1907,40,5.5,70,98.58,6900.599999999999,203616,203351,265,3.7857142857142856,48.18181818181818,21.81818181818182,2150.836363636364,,,,,,,,
413/30-6-26,3335,2026-06-18 00:00:00,VW,PRATIK,,MH14KA1894,40,5.5,60,98.58,5914.8,135496,135200,296,4.933333333333334,53.81818181818182,6.18181818181818,609.4036363636361,,,,,,,,
413/30-6-26,3336,2026-06-18 00:00:00,VW,PRATIK,,MH14KA2464,40,5.5,70,98.58,6900.599999999999,145762,145468,294,4.2,53.45454545454545,16.545454545454547,1631.0509090909093,,,,,,,,
413/30-6-26,3337,2026-06-18 00:00:00,VW,PRATIK,,MH14KA1898,40,5.5,70,98.58,6900.599999999999,169258,168926,332,4.742857142857143,60.36363636363637,9.636363636363633,949.952727272727,,,,,,,,
413/30-6-26,3338,2026-06-18 00:00:00,VW,PRATIK,,MH14KA2814,40,5.5,50,98.58,4929,159156,159035,121,2.42,22,28,2760.24,,,,,,,,
413/30-6-26,3339,2026-06-18 00:00:00,VW,PRATIK,,MH14KA1903,40,5.5,80,98.58,7886.4,150301,149796,505,6.3125,91.81818181818181,-11.818181818181813,-1165.0363636363631,,,,,,,,
413/30-6-26,3340,2026-06-18 00:00:00,VW,PRATIK,,MH14KA2935,40,5.5,50,98.58,4929,153926,153728,198,3.96,36,14,1380.12,,,,,,,,
413/30-6-26,3341,2026-06-18 00:00:00,VW,PRATIK,,MH14KA2467,40,5.5,70,98.58,6900.599999999999,151872,151716,156,2.2285714285714286,28.363636363636363,41.63636363636364,4104.512727272728,,,,,,,,
413/30-6-26,3342,2026-06-18 00:00:00,VW,PRATIK,,MH14KA2463,40,5.5,50,98.58,4929,138935,138685,250,5,45.45454545454545,4.545454545454547,448.09090909090924,,,,,,,,
413/30-6-26,3343,2026-06-18 00:00:00,VW,PRATIK,,MH14KA3310,40,5.5,30,98.58,2957.4,159782,159549,233,7.766666666666667,42.36363636363637,-12.363636363636367,-1218.8072727272731,,,,,,,,
413/30-6-26,3344,2026-06-18 00:00:00,VW,PRATIK,,MH14KA2924,40,5.5,100,98.58,9858,120536,120405,131,1.31,23.818181818181817,76.18181818181819,7510.003636363636,,,,,,,,
413/30-6-26,3345,2026-06-18 00:00:00,VW,PRATIK,,MH14KA2560,40,5.5,70,98.58,6900.599999999999,181721,181372,349,4.985714285714286,63.45454545454545,6.545454545454547,645.2509090909092,,,,,,,,
413/30-6-26,3346,2026-06-18 00:00:00,VW,PRATIK,,MH14KA1905,40,5.5,50,98.58,4929,213744,213503,241,4.82,43.81818181818182,6.18181818181818,609.4036363636361,,,,,,,,
413/30-6-26,3347,2026-06-18 00:00:00,VW,PRATIK,,MH14KA2923,40,5.5,50,98.58,4929,162264,162011,253,5.06,46,4,394.32,,,,,,,,
413/30-6-26,3348,2026-06-18 00:00:00,MERCEDES,PRATIK,,MH14HG3119,32,4,50,98.58,4929,241025,240862,163,3.26,40.75,9.25,911.865,,,,,,,,
1482/20-6-26,3349,2026-06-18 00:00:00,BC,SHUBHAM,,MH14GD9106,36,6,30,98.44,2953.2,439492,439421,71,2.3666666666666667,11.833333333333334,18.166666666666664,1788.3266666666664,,,,,,,,
1482/20-6-26,3350,2026-06-18 00:00:00,BC,SHUBHAM,,MH14LB3848,40,5.5,40,98.44,3937.6,114064,113918,146,3.65,26.545454545454547,13.454545454545453,1324.4654545454543,,,,,,,,
1482/20-6-26,3351,2026-06-18 00:00:00,BC-VENDER,SHUBHAM,,MH14LX9897,17,10,30,98.44,2953.2,0,0,0,0,0,30,2953.2,,,,,,,,
1482/20-6-26,3352,2026-06-18 00:00:00,BC-VENDER,SHUBHAM,,MH14LX9322,,,40,98.44,3937.6,0,0,0,0,#DIV/0!,#DIV/0!,#DIV/0!,,,,,,,,
1482/20-6-26,3353,2026-06-18 00:00:00,BC-VENDER,SHUBHAM,,MH14LQ1600,36,6,30,98.44,2953.2,0,0,0,0,0,30,2953.2,,,,,,,,
1482/20-6-26,3354,2026-06-18 00:00:00,BC,SHUBHAM,,MH14LB5344,5,22,10,111.79,1117.9,105358,104991,367,36.7,16.681818181818183,-6.681818181818183,-746.9604545454548,,,,,,,,
1482/20-6-26,3355,2026-06-18 00:00:00,BC,SHUBHAM,RAJ KAMBLE,MH14LB4535,50,3.5,40,98.44,3937.6,112575,112287,288,7.2,82.28571428571429,-42.28571428571429,-4162.605714285714,,,,,,,,
1482/20-6-26,3356,2026-06-18 00:00:00,BC,SHUBHAM,,MH14LB3985,50,4,40,98.44,3937.6,85248,85064,184,4.6,46,-6,-590.64,,,,,,,,
1482/20-6-26,3357,2026-06-18 00:00:00,BC-VENDER,SHUBHAM,Mukund Ramchandra Madvalkar,MH14LX9492,17,10,35,98.44,3445.4,0,0,0,0,0,35,3445.4,,,,,,,,
680/23-6-26,3358,2026-06-18 00:00:00,KB,JAYHIND,,MH14MT2842,40,5.5,90,98.21,8838.9,35432,34941,491,5.455555555555556,89.27272727272727,0.7272727272727337,71.42545454545518,,,,,,,,
680/23-6-26,3359,2026-06-18 00:00:00,VW,JAYHIND,,MH14KA2731,40,5.5,100,98.21,9821,176759,176178,581,5.81,105.63636363636364,-5.63636363636364,-553.547272727273,,,,,,,,
680/23-6-26,3360,2026-06-18 00:00:00,VW,JAYHIND,,MH14KA2810,40,5.5,70,98.21,6874.7,169745,169532,213,3.0428571428571427,38.72727272727273,31.272727272727273,3071.294545454545,,,,,,,,
680/23-6-26,3361,2026-06-18 00:00:00,KB,JAYHIND,DHARMRAJ LOKHANDE,MH14HG9379,33,5.8,68.31,98.21,6708.7251,47253,46913,340,4.977309325135412,58.62068965517241,9.68931034482759,951.5871689655175,,,,,,,,
680/23-6-26,3362,2026-06-18 00:00:00,TML,JAYHIND,VISHNU KALE,MH14CW4613,41,5.5,70,98.21,6874.7,26838,26453,385,5.5,70,0,0,,,,,,,,
680/23-6-26,3363,2026-06-18 00:00:00,TML-VENDER,JAYHIND,BORASE,MH14KQ9520,40,5.5,66.25,98.21,6506.412499999999,0,0,0,0,0,66.25,6506.412499999999,,,,,,,,
,3364,2026-06-18 00:00:00,VW,BPCL,,MH14KA3312,20,8,40,98.15,3926,230271,230112,159,3.975,19.875,20.125,1975.2687500000002,,,,,,,,
,3365,2026-06-18 00:00:00,,HPCL,,MH14GD4456,40,5.5,185.26,98.17,18186.9742,359898,359265,633,3.416819604879629,115.0909090909091,70.1690909090909,6888.499654545453,,,,,,,,
,3366,2026-06-18 00:00:00,BAJAJ WALUJ,HPCL,NAGESH,MH20GC5309,50,5,54,99.44,5369.76,154489,154438,51,0.9444444444444444,10.2,43.8,4355.472,,,,,,,,
,3367,2026-06-18 00:00:00,BAJAJ WALUJ,HPCL,SHAIKH,MH14CW4816,40,5.5,60,99.44,5966.4,304303,303955,348,5.8,63.27272727272727,-3.2727272727272734,-325.44000000000005,,,,,,,,
,3368,2026-06-18 00:00:00,BAJAJ WALUJ,HPCL,NARYAN,MH20GC5342,50,5,40,99.44,3977.6,110242,110075,167,4.175,33.4,6.600000000000001,656.3040000000001,,,,,,,,
,3369,2026-06-18 00:00:00,BAJAJ WALUJ,HPCL,RAMESHWAR,MH20GC5307,40,5.5,47,99.44,4673.68,94510,94189,321,6.829787234042553,58.36363636363637,-11.363636363636367,-1130.0000000000002,,,,,,,,
,3370,2026-06-18 00:00:00,BAJAJ WALUJ,HPCL,JABBAR,MH20GC8872,50,5,35,99.44,3480.4,107859,107653,206,5.885714285714286,41.2,-6.200000000000003,-616.5280000000002,,,,,,,,
,3371,2026-06-18 00:00:00,BAJAJ WALUJ,HPCL,SUDAM,MH14HG5613,32,5.5,60,99.44,5966.4,74486,74125,361,6.016666666666667,65.63636363636364,-5.63636363636364,-560.4800000000004,,,,,,,,
,3372,2026-06-18 00:00:00,BAJAJ WALUJ,HPCL,SAGER,MH20GC8876,50,5,50,99.44,4972,123366,123085,281,5.62,56.2,-6.200000000000003,-616.5280000000002,,,,,,,,
,3373,2026-06-18 00:00:00,BAJAJ WALUJ,HPCL,AJAY,MH14CW4485,50,3.5,55,99.44,5469.2,55933,55733,200,3.6363636363636362,57.142857142857146,-2.142857142857146,-213.08571428571457,,,,,,,,
,3374,2026-06-18 00:00:00,Skoda-vw,SFM,BHARAT,MH20GC2523,40,5,90,99.65,8968.5,61821,61298,523,5.811111111111111,104.6,-14.599999999999994,-1454.8899999999994,,,,,,,,
,3375,2026-06-18 00:00:00,Skoda-vw,SFM,MHAINDRA,MH20GC2533,40,5,60,99.65,5979,47496,46979,517,8.616666666666667,103.4,-43.400000000000006,-4324.81,,,,,,,,
,3376,2026-06-18 00:00:00,Skoda-vw,SFM,RAMRAO,MH20GC8098,20,9,65,99.65,6477.25,27380,26612,768,11.815384615384616,85.33333333333333,-20.33333333333333,-2026.2166666666662,,,,,,,,
,3377,2026-06-18 00:00:00,Skoda-vw,SFM,JAVED,MH20GC7989,20,9,30,99.65,2989.5,12159,11773,386,12.866666666666667,42.888888888888886,-12.888888888888886,-1284.3777777777775,,,,,,,,
,3378,2026-06-18 00:00:00,Skoda-vw,SFM,SACHIN,MH14KA1891,40,5,60,99.65,5979,62731,62218,513,8.55,102.6,-42.599999999999994,-4245.089999999999,,,,,,,,
,3379,2026-06-18 00:00:00,Skoda-vw,SFM,ABDUL,MH20GC2528,40,5,80,99.65,7972,65653,65008,645,8.0625,129,-49,-4882.85,,,,,,,,
,3380,2026-06-18 00:00:00,Skoda-vw,SFM,PARDESHI,MH20GC2534,40,5,50,99.65,4982.5,45853,45378,475,9.5,95,-45,-4484.25,,,,,,,,
,3381,2026-06-18 00:00:00,CITYFLOW MUMBAI,,,MH04MH4081,27,4,55,98.04,5392.200000000001,42363,42038,325,5.909090909090909,81.25,-26.25,-2573.55,,,,,,,,
,3382,2026-06-18 00:00:00,CITYFLOW MUMBAI,,,MH04MH4719,27,4,55,98.04,5392.200000000001,39125,38800,325,5.909090909090909,81.25,-26.25,-2573.55,,,,,,,,
,3383,2026-06-18 00:00:00,CITYFLOW MUMBAI,,,MH04MH5287,27,4,55,98,5390,43506,43309,197,3.581818181818182,49.25,5.75,563.5,,,,,,,,
,3384,2026-06-18 00:00:00,CITYFLOW MUMBAI,,,MH04MH6311,27,4,85,98.04,8333.4,29903,29582,321,3.776470588235294,80.25,4.75,465.69000000000005,,,,,,,,
,3385,2026-06-18 00:00:00,CITYFLOW MUMBAI,,,MH04MH6316,27,4,20,98,1960,8973,8924,49,2.45,12.25,7.75,759.5,,,,,,,,
,3386,2026-06-18 00:00:00,CITYFLOW MUMBAI,,,MH04MR5863,40,3.7,143,98.15,14035.45,20532,20039,493,3.4475524475524475,133.24324324324323,9.756756756756772,957.6256756756773,,,,,,,,
,3387,2026-06-18 00:00:00,LEAR-CHENNAI,,,TN87H2091,24,,70.78,100.03,7080.1234,61869,61256,613,8.660638598474145,#DIV/0!,#DIV/0!,#DIV/0!,,,,,,,,
,3388,2026-06-18 00:00:00,LEAR-CHENNAI,,,TN87H2004,24,,75.06,100.03,7508.2518,77269,76654,615,8.193445243804955,#DIV/0!,#DIV/0!,#DIV/0!,,,,,,,,
,3389,2026-06-18 00:00:00,LEAR-CHENNAI,,,TN87H1946,14,,53.03,100.03,5304.5909,50234,49593,641,12.087497642843672,#DIV/0!,#DIV/0!,#DIV/0!,,,,,,,,
,3390,2026-06-18 00:00:00,LEAR-CHENNAI,,,TN87H2089,24,,64.43,100.03,6444.932900000001,44457,43952,505,7.837963681514822,#DIV/0!,#DIV/0!,#DIV/0!,,,,,,,,
,3391,2026-06-18 00:00:00,LEAR-CHENNAI,,,TN87H1960,32,,77.24,100.03,7726.3171999999995,53855,53303,552,7.146556188503367,#DIV/0!,#DIV/0!,#DIV/0!,,,,,,,,
,3392,2026-06-18 00:00:00,LEAR-CHENNAI,,,TN87H1975,32,,76.8,100.03,7682.304,128089,127540,549,7.1484375,#DIV/0!,#DIV/0!,#DIV/0!,,,,,,,,
,3393,2026-06-18 00:00:00,LEAR-CHENNAI,,,TN87H1913,32,,72.29,100.03,7231.168700000001,133780,133233,547,7.566745054641029,#DIV/0!,#DIV/0!,#DIV/0!,,,,,,,,
,3394,2026-06-18 00:00:00,LEAR-CHENNAI,,,TN87H2067,24,,70.46,100.03,7048.113799999999,75657,75134,523,7.42265114958842,#DIV/0!,#DIV/0!,#DIV/0!,,,,,,,,
,3395,2026-06-18 00:00:00,LEAR-CHENNAI,,,TN87H1962,32,,73.08,100.03,7310.1924,61465,60880,585,8.004926108374384,#DIV/0!,#DIV/0!,#DIV/0!,,,,,,,,
,3396,2026-06-18 00:00:00,LEAR-CHENNAI,,,TN87H2191,4,,24.84,100.42,2494.4328,68952,68589,363,14.61352657004831,#DIV/0!,#DIV/0!,#DIV/0!,,,,,,,,
,3397,2026-06-18 00:00:00,LEAR-CHENNAI,,,TN87H2088,24,,85.97,100.03,8599.5791,56520,55937,583,6.781435384436431,#DIV/0!,#DIV/0!,#DIV/0!,,,,,,,,
,3398,2026-06-18 00:00:00,LEAR-CHENNAI,,,TN87H2018,24,,81.8,100.03,8182.454,85010,84431,579,7.078239608801956,#DIV/0!,#DIV/0!,#DIV/0!,,,,,,,,
,3399,2026-06-18 00:00:00,TMBSL,JABBAR PUMP ,UMESH M AND AKASH ,KA25AB7980,40+1,5.5,102,98.63,10060.26,119587,119008,579,5.676470588235294,105.27272727272727,-3.2727272727272663,-322.78909090909025,,,,,,,,
,3400,2026-06-18 00:00:00,TMBSL,JABBAR PUMP ,ANNAPPA  AND RACHAYYA ,KA25AB7983,55+1,4.5,112,98.63,11046.56,135035,134497,538,4.803571428571429,119.55555555555556,-7.555555555555557,-745.2044444444446,,,,,,,,
,3401,2026-06-18 00:00:00,TML,JABBAR PUMP ,SHARIF NADAF,KA25AA1642,49+1,4.25,180,98.63,17753.399999999998,294123,293354,769,4.272222222222222,180.94117647058823,-0.941176470588232,-92.8282352941173,,,,,,,,
,3402,2026-06-18 00:00:00,TMBSL,JABBAR PUMP ,NINGARAJ BANKAPUR AND HANUMANTH ,KA25AB7987,55+1,4.5,105,98.63,10356.15,142654,142153,501,4.771428571428571,111.33333333333333,-6.333333333333329,-624.6566666666662,,,,,,,,
,3403,2026-06-18 00:00:00,TML,JABBAR PUMP ,BASAVARAJ KURRATI ,KA25AA1644,49+1,4.25,108,98.63,10652.039999999999,210994,210531,463,4.287037037037037,108.94117647058823,-0.941176470588232,-92.8282352941173,,,,,,,,
,3404,2026-06-18 00:00:00,TML,JABBAR PUMP ,NAGARJ NALPOOROSI,KA25AA7674,49+1,4.25,87,98.63,8580.81,322399,322026,373,4.287356321839081,87.76470588235294,-0.764705882352942,-75.42294117647067,,,,,,,,
680/23-6-26,3405,2026-06-19 00:00:00,KB,JAYHIND,,MH14CW4381,37,5,100,98.21,9821,139004,138499,505,5.05,101,-1,-98.21,,,,,,,,
,3406,2026-06-19 00:00:00,KB,IOCL,,MH14MT2841,40,5.5,96,98.15,9422.400000000001,26406,25948,458,4.770833333333333,83.27272727272727,12.727272727272734,1249.181818181819,,,,,,,,
,3407,2026-06-19 00:00:00,JCB,IOCL,BAPU VAMAN,MH14LL4159,30,6,45.89,98.3,4510.987,175988,175710,278,6.057964698191327,46.333333333333336,-0.44333333333333513,-43.579666666666846,,,,,,,,
,3408,2026-06-19 00:00:00,LEAR-CHAKAN,BPCL,NIWAS RATHOD,MH14LB5919,18,12,40,98.18,3927.2000000000003,242139,241806,333,8.325,27.75,12.25,1202.7050000000002,,,,,,,,
,3409,2026-06-19 00:00:00,LEAR-CHAKAN,BPCL,VITTHALRAO,MH14LB5821,18,12,40,98.22,3928.8,79900,79480,420,10.5,35,5,491.1,,,,,,,,
,3410,2026-06-19 00:00:00,JCB,IOCL,VIKAS HEMADE,MH14LL4140,30,6,46.16,98.52,4547.6831999999995,174918,174641,277,6.000866551126517,46.166666666666664,-0.006666666666667709,-0.6568000000001026,,,,,,,,
1482/20-6-26,3411,2026-06-19 00:00:00,BC-VENDER,SHUBHAM,Sudhakar Sharad Daptare,MH14KQ5693,20,10,37.14,98.44,3656.0616,0,0,0,0,0,37.14,3656.0616,,,,,,,,
1482/20-6-26,3412,2026-06-19 00:00:00,BC-VENDER,SHUBHAM,,MH14MH1600,36,6,20.5,98.44,2018.02,0,0,0,0,0,20.5,2018.02,,,,,,,,
1482/20-6-26,3413,2026-06-19 00:00:00,BC-VENDER,SHUBHAM,,MH14MH4066,,,25.38,98.44,2498.4071999999996,0,0,0,0,#DIV/0!,#DIV/0!,#DIV/0!,,,,,,,,
1482/20-6-26,3414,2026-06-19 00:00:00,BC-VENDER,SHUBHAM,Prathmesh Tours & Travels,MH12VF1253,20,10,37.89,98.44,3729.8916,0,0,0,0,0,37.89,3729.8916,,,,,,,,
1482/20-6-26,3415,2026-06-19 00:00:00,VW,SHUBHAM,,MH14KA1741,40,5.5,40,98.44,3937.6,138219,138004,215,5.375,39.09090909090909,0.9090909090909065,89.49090909090883,,,,,,,,
1482/20-6-26,3416,2026-06-19 00:00:00,BC,SHUBHAM,HIMMAT MURADE,MH14LB8052,7,24,30,98.44,2953.2,105164,104810,354,11.8,14.75,15.25,1501.21,,,,,,,,
1482/20-6-26,3417,2026-06-19 00:00:00,BC,SHUBHAM,,MH14GD9126,36,6,40,98.44,3937.6,453117,452930,187,4.675,31.166666666666668,8.833333333333332,869.5533333333332,,,,,,,,
1482/20-6-26,3418,2026-06-19 00:00:00,BC-VENDER,SHUBHAM,,MH14HG3816,,,26.73,98.44,2631.3012,0,0,0,0,#DIV/0!,#DIV/0!,#DIV/0!,,,,,,,,
1482/20-6-26,3419,2026-06-19 00:00:00,BC,SHUBHAM,,MH14GD9122,36,5.5,40,98.44,3937.6,520654,520407,247,6.175,44.90909090909091,-4.9090909090909065,-483.2509090909088,,,,,,,,
1482/20-6-26,3420,2026-06-19 00:00:00,BC,SHUBHAM,,MH14LB3990,50,4,40,98.44,3937.6,73312,73123,189,4.725,47.25,-7.25,-713.6899999999999,,,,,,,,
2411/20-6-26,3421,2026-06-19 00:00:00,JCB,SAIEE,DATTATARY ZAMBHRE,MH14LL4186,30,6,102.34,98.59,10089.7006,76756,76171,585,5.716239984365839,97.5,4.840000000000003,477.1756000000004,,,,,,,,
2411/20-6-26,3422,2026-06-19 00:00:00,JCB,SAIEE,SUSHIL INGALE,MH14LL4193,30,6,88,98.59,8675.92,86005,85473,532,6.045454545454546,88.66666666666667,-0.6666666666666714,-65.72666666666714,,,,,,,,
2411/20-6-26,3423,2026-06-19 00:00:00,JCB,SAIEE,CHANDRAKANT PATTHAR,MH14LL4124,30,6,60,98.59,5915.400000000001,90231,89551,680,11.333333333333334,113.33333333333333,-53.33333333333333,-5258.133333333333,,,,,,,,
2411/20-6-26,3424,2026-06-19 00:00:00,JCB,SAIEE,REVANATH LANDGE,MH14LL4194,30,6,66,98.59,6506.9400000000005,132502,132102,400,6.0606060606060606,66.66666666666667,-0.6666666666666714,-65.72666666666714,,,,,,,,
2411/20-6-26,3425,2026-06-19 00:00:00,JCB,SAIEE,,MH14LL4138,30,6,98,98.59,9661.82,163736,163196,540,5.510204081632653,90,8,788.72,,,,,,,,
2411/20-6-26,3426,2026-06-19 00:00:00,JCB,SAIEE,DAYNESHWAR GAVALI,MH14LL4139,30,6,65,98.59,6408.35,131040,130670,370,5.6923076923076925,61.666666666666664,3.3333333333333357,328.63333333333355,,,,,,,,
2411/20-6-26,3427,2026-06-19 00:00:00,JCB,SAIEE,VIKAS CHAVAN,MH14LL4132,30,6,70,98.59,6901.3,84024,83650,374,5.3428571428571425,62.333333333333336,7.666666666666664,755.8566666666665,,,,,,,,
2411/20-6-26,3428,2026-06-19 00:00:00,JCB,SAIEE,SUSHANT SHELAR,MH14LL4145,30,6,66.11,98.59,6517.784900000001,112918,112740,178,2.6924822265920434,29.666666666666668,36.44333333333333,3592.948233333333,,,,,,,,
2411/20-6-26,3429,2026-06-19 00:00:00,JCB-VENDOR,SAIEE,,MH14LL4301,,,45.61,98.59,4496.6899,0,0,0,0,#DIV/0!,#DIV/0!,#DIV/0!,,,,,,,,
2411/20-6-26,3430,2026-06-19 00:00:00,JCB,SAIEE,BALAJI RAWALE,MH14LL4199,18,10,41,98.59,4042.19,178249,177883,366,8.926829268292684,36.6,4.399999999999999,433.7959999999999,,,,,,,,
2411/20-6-26,3431,2026-06-19 00:00:00,JCB,SAIEE,SACHIN RAUT,MH14LL4205,18,10,42,98.59,4140.78,192929,192549,380,9.047619047619047,38,4,394.36,,,,,,,,
2411/20-6-26,3432,2026-06-19 00:00:00,JCB,SAIEE,SWAPNIL BORATE,MH14MH5755,17,10,44.17,98.59,4354.7203,0,0,0,0,0,44.17,4354.7203,,,,,,,,
2411/20-6-26,3433,2026-06-19 00:00:00,JCB,SAIEE,RAVI WAYKULE,MH14LL4123,30,6,110,98.59,10844.9,130275,129671,604,5.490909090909091,100.66666666666667,9.333333333333329,920.173333333333,,,,,,,,
2411/20-6-26,3434,2026-06-19 00:00:00,JCB,SAIEE,SWAPNIL BORATE,MH14MT5755,17,10,40.1,98.59,3953.4590000000003,0,0,0,0,0,40.1,3953.4590000000003,,,,,,,,
2411/20-6-26,3435,2026-06-19 00:00:00,JCB,SAIEE,GAJANAN MARSHETTI,MH14LL4197,18,10,32,98.59,3154.88,107533,107243,290,9.0625,29,3,295.77,,,,,,,,
2411/20-6-26,3436,2026-06-19 00:00:00,MITSUBISHI,SAIEE,SANTOSH CHAVAN,MH14LB2874,33,6,34,98.59,3352.06,74376,74172,204,6,34,0,0,,,,,,,,
2411/20-6-26,3437,2026-06-19 00:00:00,JCB,SAIEE,,MH14GD5136,36,6,63,98.59,6211.17,451220,450839,381,6.0476190476190474,63.5,-0.5,-49.295,,,,,,,,
2411/20-6-26,3438,2026-06-19 00:00:00,MITSUBISHI,SAIEE,,MH14LB2876,18,10,35,98.59,3450.65,102152,101839,313,8.942857142857143,31.3,3.6999999999999993,364.78299999999996,,,,,,,,
2411/20-6-26,3439,2026-06-19 00:00:00,JCB,SAIEE,SHIDESHWAR KORE,MH14LL4183,30,6,52,98.59,5126.68,94600,94314,286,5.5,47.666666666666664,4.333333333333336,427.2233333333336,,,,,,,,
2411/20-6-26,3440,2026-06-19 00:00:00,JCB,SAIEE,YOURAJ WAGH,MH14LL4179,30,6,96,98.59,9464.64,111371,110793,578,6.020833333333333,96.33333333333333,-0.3333333333333286,-32.86333333333287,,,,,,,,
2411/20-6-26,3441,2026-06-19 00:00:00,JCB,SAIEE,VISHNU YADAV,MH14LL4126,30,6,88,98.59,8675.92,62152,62063,89,1.0113636363636365,14.833333333333334,73.16666666666667,7213.501666666667,,,,,,,,
2411/20-6-26,3442,2026-06-19 00:00:00,JCB,SAIEE,SUNIL WAGH,MH14LL4136,30,6,80,98.59,7887.200000000001,93263,92782,481,6.0125,80.16666666666667,-0.1666666666666714,-16.431666666667134,,,,,,,,
2411/20-6-26,3443,2026-06-19 00:00:00,JCB-VENDOR,SAIEE,VENDOR,MH14HG7555,17,10,50.06,98.59,4935.415400000001,0,0,0,0,0,50.06,4935.415400000001,,,,,,,,
2411/20-6-26,3444,2026-06-19 00:00:00,JCB,SAIEE,BALU FALAKE,MH14LL4144,30,6,80,98.59,7887.200000000001,104999,104498,501,6.2625,83.5,-3.5,-345.065,,,,,,,,
2411/20-6-26,3445,2026-06-19 00:00:00,JCB,SAIEE,,MH14LL4134,30,6,100,98.59,9859,46008,45676,332,3.32,55.333333333333336,44.666666666666664,4403.6866666666665,,,,,,,,
2411/20-6-26,3446,2026-06-19 00:00:00,JCB,SAIEE,PRAVIN SABLE,MH14LL4196,18,10,28,98.59,2760.52,85603,85345,258,9.214285714285714,25.8,2.1999999999999993,216.89799999999994,,,,,,,,
680/23-6-26,3447,2026-06-19 00:00:00,ADMIN,JAYHIND,BADADE/ SALVE/KAMBLE,MH14DM8003,6,12,35,98.21,3437.35,293667,293280,387,11.057142857142857,32.25,2.75,270.0775,,,,,,,,
680/23-6-26,3448,2026-06-19 00:00:00,TML,JAYHIND,DANRAJ KOLI,MH14CW2905,36,5.5,82,98.21,8053.219999999999,556989,556542,447,5.451219512195122,81.27272727272727,0.7272727272727337,71.42545454545518,,,,,,,,
680/23-6-26,3449,2026-06-19 00:00:00,KB,JAYHIND,,MH14HG5612,28,6,100,98.21,9821,414895,414511,384,3.84,64,36,3535.56,,,,,,,,
680/23-6-26,3450,2026-06-19 00:00:00,TML,JAYHIND,AMOL,MH14CW3581,36,5.5,105,98.21,10312.05,86233,85749,484,4.609523809523809,88,17,1669.57,,,,,,,,
680/23-6-26,3451,2026-06-19 00:00:00,TML,JAYHIND,DILIP BARKAMBE,MH14CW4815,41,5,90,98.21,8838.9,504556,504235,321,3.566666666666667,64.2,25.799999999999997,2533.8179999999998,,,,,,,,
680/23-6-26,3452,2026-06-19 00:00:00,TML,JAYHIND,BALAJI JOGE,MH14CW4611,40,5.5,80,98.21,7856.799999999999,447236,446779,457,5.7125,83.0909090909091,-3.0909090909090935,-303.55818181818205,,,,,,,,
680/23-6-26,3453,2026-06-19 00:00:00,TML,JAYHIND,MALLIKARJUN BODALE,MH12KQ0265,44,3.5,170,98.21,16695.7,444755,444250,505,2.9705882352941178,144.28571428571428,25.714285714285722,2525.4000000000005,,,,,,,,
680/23-6-26,3454,2026-06-19 00:00:00,KB,JAYHIND,DHARMA LOKHANDE,MH14HG9380,33,6,100,98.21,9821,291422,290891,531,5.31,88.5,11.5,1129.415,,,,,,,,
680/23-6-26,3455,2026-06-19 00:00:00,KB,JAYHIND,,MH14CW4614,40,5.5,92.36,98.21,9070.675599999999,285423,284985,438,4.7423126894759635,79.63636363636364,12.72363636363636,1249.5883272727267,,,,,,,,
680/23-6-26,3456,2026-06-19 00:00:00,KB,JAYHIND,RAJU JAMADAR,MH14HG5617,28,6,90,98.21,8838.9,409733,409262,471,5.233333333333333,78.5,11.5,1129.415,,,,,,,,
680/23-6-26,3457,2026-06-19 00:00:00,TML,JAYHIND,,MH14CW2897,36,5.5,125,98.21,12276.25,388606,387864,742,5.936,134.9090909090909,-9.909090909090907,-973.1718181818179,,,,,,,,
680/23-6-26,3458,2026-06-19 00:00:00,TML,JAYHIND,,MH14CW3260,36,5,100.1,98.21,9830.820999999998,435778,435334,444,4.4355644355644355,88.8,11.299999999999997,1109.7729999999997,,,,,,,,
680/23-6-26,3459,2026-06-19 00:00:00,TML,JAYHIND,SATISH PADWAL,MH14CW2904,36,5.5,81,98.21,7955.009999999999,400733,400349,384,4.7407407407407405,69.81818181818181,11.181818181818187,1098.1663636363642,,,,,,,,
680/23-6-26,3460,2026-06-19 00:00:00,TML,JAYHIND,RAMDAS MARANE,MH14CW4822,41,5.5,90,98.21,8838.9,484716,484324,392,4.355555555555555,71.27272727272727,18.727272727272734,1839.205454545455,,,,,,,,
680/23-6-26,3461,2026-06-19 00:00:00,TML,JAYHIND,KISHOR SHINDE,MH14CW4823,40,5.3,80,98.21,7856.799999999999,561271,560821,450,5.625,84.90566037735849,-4.905660377358487,-481.784905660377,,,,,,,,
680/23-6-26,3462,2026-06-19 00:00:00,TML-VENDER,JAYHIND,,MH14HU9544,,,137,98.21,13454.769999999999,0,0,0,0,#DIV/0!,#DIV/0!,#DIV/0!,,,,,,,,
680/23-6-26,3463,2026-06-19 00:00:00,TML,JAYHIND,,MH14CW2893,36,5.5,100,98.21,9821,374290,373782,508,5.08,92.36363636363636,7.63636363636364,749.9672727272731,,,,,,,,
680/23-6-26,3464,2026-06-19 00:00:00,KB-VENDER,JAYHIND,,MH14MT9394,,,107,98.21,10508.47,0,0,0,0,#DIV/0!,#DIV/0!,#DIV/0!,,,,,,,,
680/23-6-26,3465,2026-06-19 00:00:00,BC,JAYHIND,LANDAGE,MH14LB3847,40,5.5,68.12,98.21,6690.0652,81535,81248,287,4.213153258954786,52.18181818181818,15.938181818181825,1565.2888363636368,,,,,,,,
680/23-6-26,3466,2026-06-19 00:00:00,BA-VENDER,JAYHIND,VAIBHAV KAWADE,MH14LX8792,17,10,32.91,98.21,3232.0910999999996,0,0,0,0,0,32.91,3232.0910999999996,,,,,,,,
680/23-6-26,3467,2026-06-19 00:00:00,BC,JAYHIND,RAVI TANPURE,MH14LB3843,32,6,69.32,98.21,6807.917199999999,102164,101728,436,6.289671090594346,72.66666666666667,-3.3466666666666782,-328.67613333333446,,,,,,,,
680/23-6-26,3468,2026-06-19 00:00:00,TML,JAYHIND,SOMNATH KALE,MH14CW2902,36,5.5,61,98.21,5990.8099999999995,396640,396089,551,9.032786885245901,100.18181818181819,-39.18181818181819,-3848.046363636364,,,,,,,,
680/23-6-26,3469,2026-06-19 00:00:00,BC,JAYHIND,DANAJI SAKUNDE,MH14LB3846,32,6,56.94,98.21,5592.077399999999,111043,110717,326,5.725324903407095,54.333333333333336,2.606666666666662,256.00073333333285,,,,,,,,
680/23-6-26,3470,2026-06-19 00:00:00,BC,JAYHIND,SOURABHV BOABADE,MH14LB3989,50,4,60,98.21,5892.599999999999,99016,98652,364,6.066666666666666,91,-31,-3044.5099999999998,,,,,,,,
680/23-6-26,3471,2026-06-19 00:00:00,BA-VENDER,JAYHIND,SITARAM POL,MH14LB5428,18,12,33.66,98.21,3305.7485999999994,0,0,0,0,0,33.66,3305.7485999999994,,,,,,,,
680/23-6-26,3472,2026-06-19 00:00:00,BA-VENDER,JAYHIND,ABHAY HANDE,MH14LL1494,17,10,45.69,98.21,4487.2149,0,0,0,0,0,45.69,4487.2149,,,,,,,,
680/23-6-26,3473,2026-06-19 00:00:00,JCB,JAYHIND,PRAMOD BARKUL,MH14LL4188,30,6,75.26,98.21,7391.2846,136952,136535,417,5.540791921339356,69.5,5.760000000000005,565.6896000000005,,,,,,,,
680/23-6-26,3474,2026-06-19 00:00:00,JCB,JAYHIND,,MH14LL4146,30,6,92.31,98.21,9065.7651,136375,135819,556,6.023182753764489,92.66666666666667,-0.35666666666666913,-35.028233333333574,,,,,,,,
680/23-6-26,3475,2026-06-19 00:00:00,KB-VENDER,JAYHIND,NILESH,MH14LL9848,40,5.5,92,98.21,9035.32,0,0,0,0,0,92,9035.32,,,,,,,,
680/23-6-26,3476,2026-06-19 00:00:00,BA-VENDER,JAYHIND,DEVDAS DEKHANE,MH12WR1918,17,10,48.75,98.21,4787.737499999999,0,0,0,0,0,48.75,4787.737499999999,,,,,,,,
680/23-6-26,3477,2026-06-19 00:00:00,BC,JAYHIND,YOGESH GAWANDE,MH14LB4534,50,4,87.41,98.21,8584.5361,75040,74607,433,4.953666628532205,108.25,-20.840000000000003,-2046.6964000000003,,,,,,,,
680/23-6-26,3478,2026-06-19 00:00:00,BC,JAYHIND,ANKIT KAKODIYA,MH14LB3845,32,6,50,98.21,4910.5,95247,94929,318,6.36,53,-3,-294.63,,,,,,,,
680/23-6-26,3479,2026-06-19 00:00:00,KWT,JAYHIND,GOVINDA CHAVAN,MH14GD9102,36,6,50,98.21,4910.5,293497,293218,279,5.58,46.5,3.5,343.73499999999996,,,,,,,,
680/23-6-26,3480,2026-06-19 00:00:00,BA-VENDER,JAYHIND,DATTA DOMBLE,MH14LB2783,36,6,51.82,98.21,5089.2422,0,0,0,0,0,51.82,5089.2422,,,,,,,,
680/23-6-26,3481,2026-06-19 00:00:00,KB-VENDER,JAYHIND,NILESH TATHE,MH14LL4886,40,5.5,81,98.21,7955.009999999999,0,0,0,0,0,81,7955.009999999999,,,,,,,,
680/23-6-26,3482,2026-06-19 00:00:00,TML,JAYHIND,SHIVAJI SAWANT,MH14CW4852,39,4.5,117,98.21,11490.57,89096,88626,470,4.017094017094017,104.44444444444444,12.555555555555557,1233.081111111111,,,,,,,,
680/23-6-26,3483,2026-06-19 00:00:00,TML,JAYHIND,SACHIN KAMBLE,MH14CW3584,36,5.5,60,98.21,5892.599999999999,508074,507650,424,7.066666666666666,77.0909090909091,-17.090909090909093,-1678.498181818182,,,,,,,,
680/23-6-26,3484,2026-06-19 00:00:00,BA-VENDER,JAYHIND,VAIBHAV KAWADE,MH14LB8792,17,10,58.13,98.21,5708.9473,0,0,0,0,0,58.13,5708.9473,,,,,,,,
680/23-6-26,3485,2026-06-19 00:00:00,KB-VENDER,JAYHIND,,MH12ZE0337,,,61.45,98.21,6035.0045,0,0,0,0,#DIV/0!,#DIV/0!,#DIV/0!,,,,,,,,
680/23-6-26,3486,2026-06-19 00:00:00,BA-VENDER,JAYHIND,HEMANT,MH12WF5993,17,10,57.26,98.21,5623.504599999999,0,0,0,0,0,57.26,5623.504599999999,,,,,,,,
680/23-6-26,3487,2026-06-19 00:00:00,TML,JAYHIND,RANGNATH,MH14CW4612,40,5.5,85,98.21,8347.85,262461,261925,536,6.305882352941176,97.45454545454545,-12.454545454545453,-1223.160909090909,,,,,,,,
680/23-6-26,3488,2026-06-19 00:00:00,TML,JAYHIND,GAJANAN PATIL,MH14CW2895,36,5.5,90,98.21,8838.9,425291,424731,560,6.222222222222222,101.81818181818181,-11.818181818181813,-1160.6636363636358,,,,,,,,
680/23-6-26,3489,2026-06-19 00:00:00,TML,JAYHIND,,MH14CW2896,36,5.5,100,98.21,9821,411854,411375,479,4.79,87.0909090909091,12.909090909090907,1267.801818181818,,,,,,,,
680/23-6-26,3490,2026-06-19 00:00:00,KB,JAYHIND,HANUMTRAO,MH14HG5615,28,6,100,98.21,9821,312510,311820,690,6.9,115,-15,-1473.1499999999999,,,,,,,,
680/23-6-26,3491,2026-06-19 00:00:00,TML,JAYHIND,,MH14CW4806,41,5.5,55,98.21,5401.549999999999,405972,405591,381,6.927272727272728,69.27272727272727,-14.272727272727266,-1401.7245454545448,,,,,,,,
680/23-6-26,3492,2026-06-19 00:00:00,LEAR-BHOSARI,JAYHIND,DINKAR,MH14LB5817,18,12,46.55,98.21,4571.675499999999,75296,74795,501,10.762620837808809,41.75,4.799999999999997,471.4079999999997,,,,,,,,
680/23-6-26,3493,2026-06-19 00:00:00,TML,JAYHIND,LAXMAN MAHARAJ,MH14CW3266,36,5,75,98.21,7365.749999999999,173778,173361,417,5.56,83.4,-8.400000000000006,-824.9640000000005,,,,,,,,
680/23-6-26,3494,2026-06-19 00:00:00,TML,JAYHIND,,MH14CW3867,,,90,98.21,8838.9,101621,101325,296,3.2888888888888888,#DIV/0!,#DIV/0!,#DIV/0!,,,,,,,,
680/23-6-26,3495,2026-06-19 00:00:00,KB-VENDER,JAYHIND,AYUB JAMADAR,MH14HU5220,40,5.5,101.01,98.21,9920.1921,0,0,0,0,0,101.01,9920.1921,,,,,,,,
680/23-6-26,3496,2026-06-19 00:00:00,KB-VENDER,JAYHIND,AYUB JAMADAR,MH14KQ5220,40,5.5,90.11,98.21,8849.703099999999,0,0,0,0,0,90.11,8849.703099999999,,,,,,,,
680/23-6-26,3497,2026-06-19 00:00:00,VW,JAYHIND,,MH14KA2569,40,5.5,50,98.21,4910.5,169511,169396,115,2.3,20.90909090909091,29.09090909090909,2857.0181818181813,,,,,,,,
680/23-6-26,3498,2026-06-19 00:00:00,TML,JAYHIND,,MH14CW4802,41,5.3,70,98.21,6874.7,484458,484043,415,5.928571428571429,78.30188679245283,-8.301886792452834,-815.3283018867927,,,,,,,,
680/23-6-26,3499,2026-06-19 00:00:00,KWT,JAYHIND,ARUN,MH14HG6857,17,10,50,98.21,4910.5,353924,353711,213,4.26,21.3,28.7,2818.627,,,,,,,,
680/23-6-26,3500,2026-06-19 00:00:00,TML,JAYHIND,AKASH UNDRE,MH14CW3071,36,5.5,120,98.21,11785.199999999999,89165,88493,672,5.6,122.18181818181819,-2.181818181818187,-214.27636363636412,,,,,,,,
680/23-6-26,3501,2026-06-19 00:00:00,TML,JAYHIND,GANSHAM RAM,MH14CW4610,40,5.5,80,98.21,7856.799999999999,398305,397931,374,4.675,68,12,1178.52,,,,,,,,
680/23-6-26,3502,2026-06-19 00:00:00,KB,JAYHIND,KESHV PAWADE,MH14GD4460,49,4,190,98.21,18659.899999999998,473445,472681,764,4.021052631578947,191,-1,-98.21,,,,,,,,
680/23-6-26,3503,2026-06-19 00:00:00,KB,JAYHIND,SHIVANCHAL,MH14HG5614,28,6,130,98.21,12767.3,382359,381707,652,5.015384615384615,108.66666666666667,21.33333333333333,2095.146666666666,,,,,,,,
680/23-6-26,3504,2026-06-19 00:00:00,TML-VENDER,JAYHIND,BORASE,MH14KA9520,40,5.5,67.63,98.21,6641.942299999999,0,0,0,0,0,67.63,6641.942299999999,,,,,,,,
680/23-6-26,3505,2026-06-19 00:00:00,,JAYHIND,,MH14KQ3557,,,95.49,98.21,9378.0729,0,0,0,0,#DIV/0!,#DIV/0!,#DIV/0!,,,,,,,,
,3506,2026-06-19 00:00:00,JCB,BPCL,JAGDISH PATIL,MH14LL4189,30,6,70,98.19,6873.3,210588,210208,380,5.428571428571429,63.333333333333336,6.666666666666664,654.5999999999998,,,,,,,,
SP/26-27/3058,3507,2026-06-19 00:00:00,VW,SAMRUDDHI,,MH14KA2557,40,5.5,70,98.57,6899.9,213870,213495,375,5.357142857142857,68.18181818181819,1.818181818181813,179.2181818181813,,,,,,,,
SP/26-27/3058,3508,2026-06-19 00:00:00,VW,SAMRUDDHI,,MH14KA3312,20,8,40,98.57,3942.7999999999997,230586,230271,315,7.875,39.375,0.625,61.606249999999996,,,,,,,,
SP/26-27/3058,3509,2026-06-19 00:00:00,VW,SAMRUDDHI,,MH14KA1897,40,5.5,60,98.57,5914.2,216598,216282,316,5.266666666666667,57.45454545454545,2.5454545454545467,250.90545454545466,,,,,,,,
SP/26-27/3058,3510,2026-06-19 00:00:00,VW,SAMRUDDHI,,MH14KA2558,40,5.5,80,98.57,7885.599999999999,221282,220925,357,4.4625,64.9090909090909,15.090909090909093,1487.5109090909093,,,,,,,,
SP/26-27/3058,3511,2026-06-19 00:00:00,VW,SAMRUDDHI,,MH14KA1913,40,5.5,73,98.57,7195.61,299603,299018,585,8.013698630136986,106.36363636363636,-33.36363636363636,-3288.6536363636355,,,,,,,,
SP/26-27/3058,3512,2026-06-19 00:00:00,VW,SAMRUDDHI,,MH14KA2816,40,5.5,70,98.57,6899.9,122717,122388,329,4.7,59.81818181818182,10.18181818181818,1003.621818181818,,,,,,,,
SP/26-27/3058,3513,2026-06-19 00:00:00,VW,SAMRUDDHI,,MH14KA2817,40,5.5,120,98.57,11828.4,153384,153009,375,3.125,68.18181818181819,51.81818181818181,5107.718181818181,,,,,,,,
SP/26-27/3058,3514,2026-06-19 00:00:00,VW,SAMRUDDHI,,MH14KA1763,40,5.5,70,98.57,6899.9,126758,126428,330,4.714285714285714,60,10,985.6999999999999,,,,,,,,
SP/26-27/3058,3515,2026-06-19 00:00:00,VW,SAMRUDDHI,,MH14KA2815,40,5.5,60,98.57,5914.2,195554,195339,215,3.5833333333333335,39.09090909090909,20.909090909090907,2061.0090909090904,,,,,,,,
SP/26-27/3058,3516,2026-06-19 00:00:00,VW,SAMRUDDHI,,MH14KA2819,40,5.5,100,98.57,9857,188154,187610,544,5.44,98.9090909090909,1.0909090909090935,107.53090909090933,,,,,,,,
SP/26-27/3058,3517,2026-06-19 00:00:00,VW,SAMRUDDHI,,MH14KA1879,40,5.5,50,98.57,4928.5,196705,196503,202,4.04,36.72727272727273,13.272727272727273,1308.2927272727272,,,,,,,,
SP/26-27/3058,3518,2026-06-19 00:00:00,VW,SAMRUDDHI,,MH14KA1912,40,5.5,80,98.57,7885.599999999999,225031,224506,525,6.5625,95.45454545454545,-15.454545454545453,-1523.3545454545451,,,,,,,,
SP/26-27/3058,3519,2026-06-19 00:00:00,VW,SAMRUDDHI,,MH14KA1499,40,5.5,101,98.57,9955.57,237587,237303,284,2.8118811881188117,51.63636363636363,49.36363636363637,4865.773636363637,,,,,,,,
SP/26-27/3058,3520,2026-06-19 00:00:00,VW,SAMRUDDHI,,MH14KA1901,40,5.5,80,98.57,7885.599999999999,191238,190831,407,5.0875,74,6,591.42,,,,,,,,
SP/26-27/3058,3521,2026-06-19 00:00:00,VW,SAMRUDDHI,,MH14KA1909,40,5.5,110,98.57,10842.699999999999,155615,155089,526,4.781818181818182,95.63636363636364,14.36363636363636,1415.8236363636358,,,,,,,,
SP/26-27/3058,3522,2026-06-19 00:00:00,VW,SAMRUDDHI,,MH14KA2469,40,5.5,50,98.57,4928.5,142031,141786,245,4.9,44.54545454545455,5.454545454545453,537.6545454545453,,,,,,,,
SP/26-27/3058,3523,2026-06-19 00:00:00,VW,SAMRUDDHI,,MH14KA1886,40,5.5,50,98.57,4928.5,199186,198954,232,4.64,42.18181818181818,7.81818181818182,770.6381818181819,,,,,,,,
SP/26-27/3058,3524,2026-06-19 00:00:00,VW,SAMRUDDHI,,MH14KA1742,40,5.5,60,98.57,5914.2,156274,155942,332,5.533333333333333,60.36363636363637,-0.36363636363636687,-35.843636363636676,,,,,,,,
SP/26-27/3058,3525,2026-06-19 00:00:00,VW,SAMRUDDHI,,MH14KA2808,40,5.5,100,98.57,9857,128032,127794,238,2.38,43.27272727272727,56.72727272727273,5591.607272727272,,,,,,,,
SP/26-27/3058,3526,2026-06-19 00:00:00,VW,SAMRUDDHI,,MH14KA1910,40,5.5,100,98.57,9857,157363,156783,580,5.8,105.45454545454545,-5.454545454545453,-537.6545454545453,,,,,,,,
SP/26-27/3058,3527,2026-06-19 00:00:00,VW,SAMRUDDHI,,MH14KA1883,40,5.5,80,98.57,7885.599999999999,199632,199355,277,3.4625,50.36363636363637,29.636363636363633,2921.256363636363,,,,,,,,
SP/26-27/3058,3528,2026-06-19 00:00:00,VW,SAMRUDDHI,,MH14KA2811,40,5.5,50,98.57,4928.5,189806,189526,280,5.6,50.90909090909091,-0.9090909090909065,-89.60909090909065,,,,,,,,
SP/26-27/3058,3529,2026-06-19 00:00:00,VW,SAMRUDDHI,,MH14KA3315,20,8,40,98.57,3942.7999999999997,152602,152408,194,4.85,24.25,15.75,1552.4775,,,,,,,,
SP/26-27/3058,3530,2026-06-19 00:00:00,VW,SAMRUDDHI,,MH14KA2591,40,5.5,40,98.57,3942.7999999999997,140188,140028,160,4,29.09090909090909,10.90909090909091,1075.3090909090909,,,,,,,,
SP/26-27/3058,3531,2026-06-19 00:00:00,VW,SAMRUDDHI,,MH14KA1894,40,5.5,50,98.57,4928.5,135749,135496,253,5.06,46,4,394.28,,,,,,,,
SP/26-27/3058,3532,2026-06-19 00:00:00,VW,SAMRUDDHI,,MH14KA2809,40,5.5,60,98.57,5914.2,151589,151224,365,6.083333333333333,66.36363636363636,-6.36363636363636,-627.2636363636359,,,,,,,,
SP/26-27/3058,3533,2026-06-19 00:00:00,BC,SAMRUDDHI,PAWALE,MH14LB3991,50,4,56,98.57,5519.92,97458,97287,171,3.0535714285714284,42.75,13.25,1306.0525,,,,,,,,
SP/26-27/3058,3534,2026-06-19 00:00:00,VW,SAMRUDDHI,,MH14KA2923,40,5.5,50,98.57,4928.5,162571,162264,307,6.14,55.81818181818182,-5.81818181818182,-573.4981818181819,,,,,,,,
SP/26-27/3058,3535,2026-06-19 00:00:00,VW,SAMRUDDHI,BARKU KALANTKAR,MH14KA2813,40,5.5,80,98.57,7885.599999999999,118700,118283,417,5.2125,75.81818181818181,4.181818181818187,412.2018181818187,,,,,,,,
SP/26-27/3058,3536,2026-06-19 00:00:00,VW,SAMRUDDHI,,MH14KA1765,40,5.5,60,98.57,5914.2,159946,159718,228,3.8,41.45454545454545,18.545454545454547,1828.0254545454545,,,,,,,,
SP/26-27/3058,3537,2026-06-19 00:00:00,VW,SAMRUDDHI,,MH14KA1890,40,5.5,40,98.57,3942.7999999999997,122032,121826,206,5.15,37.45454545454545,2.5454545454545467,250.90545454545466,,,,,,,,
SP/26-27/3058,3538,2026-06-19 00:00:00,VW,SAMRUDDHI,,MH14KA3311,20,8,36,98.57,3548.5199999999995,167904,167672,232,6.444444444444445,29,7,689.99,,,,,,,,
SP/26-27/3058,3539,2026-06-19 00:00:00,VW,SAMRUDDHI,,MH14KA1904,40,5.5,100,98.57,9857,151948,151496,452,4.52,82.18181818181819,17.818181818181813,1756.3381818181813,,,,,,,,
SP/26-27/3058,3540,2026-06-19 00:00:00,VW,SAMRUDDHI,,MH14KA2925,40,5.5,80.21,98.57,7906.299699999999,192738,192251,487,6.071562149357936,88.54545454545455,-8.335454545454553,-821.6257545454553,,,,,,,,
SP/26-27/3058,3541,2026-06-19 00:00:00,VW,SAMRUDDHI,,MH14KA2560,40,5.5,50,98.57,4928.5,181953,181721,232,4.64,42.18181818181818,7.81818181818182,770.6381818181819,,,,,,,,
SP/26-27/3058,3542,2026-06-19 00:00:00,VW,SAMRUDDHI,,MH14KA1893,40,5.5,100,98.57,9857,168807,168428,379,3.79,68.9090909090909,31.090909090909093,3064.630909090909,,,,,,,,
SP/26-27/3058,3543,2026-06-19 00:00:00,VW,SAMRUDDHI,,MH14KA2554,40,5.5,50,98.57,4928.5,178456,178174,282,5.64,51.27272727272727,-1.2727272727272734,-125.45272727272733,,,,,,,,
SP/26-27/3058,3544,2026-06-19 00:00:00,VW,SAMRUDDHI,,MH14KA1916,40,5.5,40,98.57,3942.7999999999997,138197,137993,204,5.1,37.09090909090909,2.9090909090909065,286.7490909090906,,,,,,,,
,3545,2026-06-19 00:00:00,BAJAJ WALUJ,HPCL,GUNJAL,MH14CW4824,40,5.5,50,99.44,4972,301817,301533,284,5.68,51.63636363636363,-1.6363636363636331,-162.7199999999997,,,,,,,,
,3546,2026-06-19 00:00:00,BAJAJ WALUJ,HPCL,RAJPUT,MH14CW4616,40,5.5,40,99.44,3977.6,295896,295672,224,5.6,40.72727272727273,-0.7272727272727266,-72.31999999999994,,,,,,,,
,3547,2026-06-19 00:00:00,BAJAJ WALUJ,HPCL,SOPAN,MH20GZ5418,50,5,35,99.44,3480.4,9220,9036,184,5.257142857142857,36.8,-1.7999999999999972,-178.9919999999997,,,,,,,,
,3548,2026-06-19 00:00:00,BAJAJ WALUJ,HPCL,ASPAK,MH20GC8875,50,5,60,99.44,5966.4,80031,79693,338,5.633333333333334,67.6,-7.599999999999994,-755.7439999999995,,,,,,,,
,3549,2026-06-19 00:00:00,BAJAJ WALUJ,HPCL,GORAKH,MH14CW4805,40,5.5,51,99.44,5071.44,294081,293795,286,5.607843137254902,52,-1,-99.44,,,,,,,,
,3550,2026-06-19 00:00:00,BAJAJ WALUJ,HPCL,ARVIND,MH14CW4615,40,5.5,61,99.44,6065.84,303861,303513,348,5.704918032786885,63.27272727272727,-2.2727272727272734,-226.00000000000006,,,,,,,,
,3551,2026-06-19 00:00:00,BAJAJ WALUJ,HPCL,GAUTAM,MH14CW4813,40,5.5,47,99.44,4673.68,294430,294167,263,5.595744680851064,47.81818181818182,-0.8181818181818201,-81.36000000000018,,,,,,,,
,3552,2026-06-19 00:00:00,BAJAJ WALUJ,HPCL,YOGESH,MH20GC5343,50,5,40,99.44,3977.6,119176,118954,222,5.55,44.4,-4.399999999999999,-437.53599999999983,,,,,,,,
,3553,2026-06-19 00:00:00,BAJAJ WALUJ,HPCL,DADARAO,MH14CW4609,40,5.5,45,99.44,4474.8,295193,294923,270,6,49.09090909090909,-4.0909090909090935,-406.80000000000024,,,,,,,,
,3554,2026-06-19 00:00:00,BAJAJ WALUJ,HPCL,BHAGWAN,MH20GC5417,50,5,50,99.44,4972,12879,12715,164,3.28,32.8,17.200000000000003,1710.3680000000002,,,,,,,,
,3555,2026-06-19 00:00:00,BAJAJ WALUJ,HPCL,SANJAY,MH20GC8879,50,5,12,99.44,1193.28,136276,135994,282,23.5,56.4,-44.4,-4415.1359999999995,,,,,,,,
,3556,2026-06-19 00:00:00,BAJAJ WALUJ,HPCL,SANJAY,MH20GC8879,50,5,67.9,99.44,6751.976000000001,136351,136276,75,1.1045655375552281,15,52.900000000000006,5260.376,,,,,,,,
,3557,2026-06-19 00:00:00,BAJAJ WALUJ,HPCL,LATE,MH20GC8893,50,5,53,99.44,5270.32,100788,100495,293,5.528301886792453,58.6,-5.600000000000001,-556.8640000000001,,,,,,,,
,3558,2026-06-19 00:00:00,BAJAJ WALUJ,HPCL,JABBAR,MH20GC8872,50,5,51,99.44,5071.44,108156,107859,297,5.823529411764706,59.4,-8.399999999999999,-835.2959999999998,,,,,,,,
,3559,2026-06-19 00:00:00,BAJAJ WALUJ,HPCL,ABHIJEET,MH20GC5419,50,5,60,99.44,5966.4,19715,19410,305,5.083333333333333,61,-1,-99.44,,,,,,,,
,3560,2026-06-19 00:00:00,BAJAJ WALUJ,HPCL,NAZIR,MH14CW4456,40,5.5,70,99.44,6960.8,293709,293361,348,4.9714285714285715,63.27272727272727,6.727272727272727,668.9599999999999,,,,,,,,
,3561,2026-06-19 00:00:00,BAJAJ WALUJ,HPCL,MALODE,MH20GC8878,50,5,55,99.44,5469.2,98475,98165,310,5.636363636363637,62,-7,-696.0799999999999,,,,,,,,
,3562,2026-06-19 00:00:00,BAJAJ WALUJ,HPCL,ADHE,MH20GC8874,50,5,65,99.44,6463.599999999999,101993,101617,376,5.7846153846153845,75.2,-10.200000000000003,-1014.2880000000002,,,,,,,,
,3563,2026-06-19 00:00:00,BAJAJ WALUJ,HPCL,DIVTE,MH20GC8873,50,5,65,99.44,6463.599999999999,108529,108187,342,5.2615384615384615,68.4,-3.4000000000000057,-338.0960000000006,,,,,,,,
,3564,2026-06-19 00:00:00,BAJAJ WALUJ,HPCL,AJAY,MH14HU0836,32,5.5,40,99.44,3977.6,319642,319410,232,5.8,42.18181818181818,-2.18181818181818,-216.9599999999998,,,,,,,,
,3565,2026-06-19 00:00:00,Skoda-vw,SFM,RAHIM,MH20GC7987,20,9,58.55,99.44,5822.2119999999995,39027,38525,502,8.573868488471392,55.77777777777778,2.7722222222222186,275.6697777777774,,,,,,,,
,3566,2026-06-19 00:00:00,BAJAJ WALUJ HK,HPCL,SHINDE,Road sweeper,50,5,32,99.44,3182.08,0,,0,0,0,32,3182.08,,,,,,,,
,3567,2026-06-19 00:00:00,CITYFLOW MUMBAI,,,MH04MH3731,27,4,79.35,98.04,7779.474,50466,50170,296,3.7303087586641466,74,5.349999999999994,524.5139999999994,,,,,,,,
,3568,2026-06-19 00:00:00,CITYFLOW MUMBAI,,,MH04MH5287,27,4,55,98,5390,43817,43506,311,5.654545454545454,77.75,-22.75,-2229.5,,,,,,,,
,3569,2026-06-19 00:00:00,CITYFLOW MUMBAI,,,MH04MH6304,27,4,80,97.89,7831.2,23117,22865,252,3.15,63,17,1664.13,,,,,,,,
,3570,2026-06-19 00:00:00,CITYFLOW MUMBAI,,,MH04MH6308,27,4,85,98.04,8333.4,33520,33328,192,2.2588235294117647,48,37,3627.48,,,,,,,,
,3571,2026-06-19 00:00:00,CITYFLOW MUMBAI,,,MH04MH6317,27,4,85,98.04,8333.4,36840,36615,225,2.6470588235294117,56.25,28.75,2818.65,,,,,,,,
,3572,2026-06-19 00:00:00,CITYFLOW MUMBAI,,,MH04MH6318,27,4,97,98.04,9509.880000000001,35159,34957,202,2.082474226804124,50.5,46.5,4558.860000000001,,,,,,,,
,3573,2026-06-19 00:00:00,CITYFLOW MUMBAI,,,MH04MR5597,27,4,75.5,97.83,7386.165,10401,10097,304,4.026490066225166,76,-0.5,-48.915,,,,,,,,
,3574,2026-06-19 00:00:00,CITYFLOW MUMBAI,,,MH04MR5922,40,3.7,130,97.83,12717.9,20488,20135,353,2.7153846153846155,95.4054054054054,34.5945945945946,3384.3891891891894,,,,,,,,
,3575,2026-06-19 00:00:00,CITYFLOW MUMBAI,,,MH46DC7978,27,3.7,135.58,98.04,13292.263200000001,971,823,148,1.0916064316270835,40,95.58000000000001,9370.663200000003,,,,,,,,
,3576,2026-06-19 00:00:00,CITYFLOW MUMBAI,,,MH46DC8237,40,3.7,50,98.07,4903.5,806,709,97,1.94,26.216216216216214,23.783783783783786,2332.4756756756756,,,,,,,,
,3577,2026-06-19 00:00:00,LEAR-CHENNAI,,,TN87H1975,32,,78.29,100.03,7831.3487000000005,128637,128089,548,6.99961680929876,#DIV/0!,#DIV/0!,#DIV/0!,,,,,,,,
,3578,2026-06-19 00:00:00,LEAR-CHENNAI,,,TN87H1942,32,,80.81,100.03,8083.424300000001,46215,45546,669,8.278678381388442,#DIV/0!,#DIV/0!,#DIV/0!,,,,,,,,
,3579,2026-06-19 00:00:00,LEAR-CHENNAI,,,TN87H2075,24,,86.2,100.03,8622.586000000001,93461,92781,680,7.888631090487238,#DIV/0!,#DIV/0!,#DIV/0!,,,,,,,,
,3580,2026-06-19 00:00:00,LEAR-CHENNAI,,,TN87H2088,24,,80.34,100.03,8036.4102,57209,56520,689,8.576051779935275,#DIV/0!,#DIV/0!,#DIV/0!,,,,,,,,
,3581,2026-06-19 00:00:00,LEAR-CHENNAI,,,TN87H2151,4,,30.64,108.23,3316.1672000000003,86225,85719,506,16.514360313315926,#DIV/0!,#DIV/0!,#DIV/0!,,,,,,,,
,3582,2026-06-19 00:00:00,LEAR-CHENNAI,,,TN87H2091,24,,67.21,100.03,6723.016299999999,62242,61869,373,5.549769379556614,#DIV/0!,#DIV/0!,#DIV/0!,,,,,,,,
,3583,2026-06-19 00:00:00,LEAR-CHENNAI,,,TN87H2059,24,,86.2,100.25,8641.550000000001,50812,50125,687,7.96983758700696,#DIV/0!,#DIV/0!,#DIV/0!,,,,,,,,
,3584,2026-06-19 00:00:00,LEAR-CHENNAI,,,TN87H1956,14,,24.56,100.03,2456.7367999999997,39821,39537,284,11.563517915309447,#DIV/0!,#DIV/0!,#DIV/0!,,,,,,,,
,3585,2026-06-19 00:00:00,LEAR-CHENNAI,,,TN87H2061,24,,86.77,100.25,8698.6925,83650,82977,673,7.7561369136798435,#DIV/0!,#DIV/0!,#DIV/0!,,,,,,,,
,3586,2026-06-19 00:00:00,LEAR-CHENNAI,,,TN87H1962,32,,79.17,100.03,7919.3751,62066,61465,601,7.591259315397246,#DIV/0!,#DIV/0!,#DIV/0!,,,,,,,,
,3587,2026-06-19 00:00:00,LEAR-CHENNAI,,,TN87H1931,32,,86.02,100.03,8604.5806,95252,94590,662,7.695884677981865,#DIV/0!,#DIV/0!,#DIV/0!,,,,,,,,
,3588,2026-06-19 00:00:00,LEAR-CHENNAI,,,TN87H1971,32,,86.95,100.03,8697.6085,75390,74766,624,7.176538240368028,#DIV/0!,#DIV/0!,#DIV/0!,,,,,,,,
,3589,2026-06-19 00:00:00,LEAR-CHENNAI,,,TN87H2065,24,,72.48,100.03,7250.174400000001,34779,34249,530,7.312362030905077,#DIV/0!,#DIV/0!,#DIV/0!,,,,,,,,
,3590,2026-06-19 00:00:00,LEAR-CHENNAI,,,TN87H1913,32,,73.82,100.03,7384.214599999999,134335,133780,555,7.518287726903279,#DIV/0!,#DIV/0!,#DIV/0!,,,,,,,,
,3591,2026-06-19 00:00:00,LEAR-CHENNAI,,,TN87H1996,32,,76.25,100.03,7627.2875,71245,70730,515,6.754098360655738,#DIV/0!,#DIV/0!,#DIV/0!,,,,,,,,
,3592,2026-06-19 00:00:00,LEAR-CHENNAI,,,TN87H1960,32,,65.81,100.03,6582.9743,54324,53855,469,7.126576508129463,#DIV/0!,#DIV/0!,#DIV/0!,,,,,,,,
,3593,2026-06-19 00:00:00,LEAR-CHENNAI,,,TN87H5485,36,,74.33,100.03,7435.2299,285768,285278,490,6.592223866541101,#DIV/0!,#DIV/0!,#DIV/0!,,,,,,,,
,3594,2026-06-19 00:00:00,TML,JABBAR PUMP ,VINOD T,KA25AA1647,49+1,4.25,174,98.63,17161.62,129825,129085,740,4.252873563218391,174.11764705882354,-0.1176470588235361,-11.603529411765365,,,,,,,,
,3595,2026-06-19 00:00:00,TML,JABBAR PUMP ,MAHESH KARGI,KA25AA1646,49+1,4.25,185.92,98.63,18337.289599999996,309825,308981,844,4.539586919104992,198.58823529411765,-12.668235294117665,-1249.4680470588253,,,,,,,,
,3596,2026-06-19 00:00:00,TMBSL,JABBAR PUMP ,SACHIN AND GANESH ,KA25AB7989,40+1,5.5,96,98.63,9468.48,134872,134326,546,5.6875,99.27272727272727,-3.2727272727272663,-322.78909090909025,,,,,,,,
,3597,2026-06-19 00:00:00,TMBSL,JABBAR PUMP ,IRAPPA AND RUDRAYYA ,KA25AB7985,55+1,4.5,110,98.63,10849.3,118792,118263,529,4.8090909090909095,117.55555555555556,-7.555555555555557,-745.2044444444446,,,,,,,,
,3598,2026-06-19 00:00:00,TML,JABBAR PUMP ,NAGAPPA KARKOPPA ,KA25AA1650,49+1,4.25,129,98.63,12723.269999999999,245166,244613,553,4.286821705426356,130.11764705882354,-1.117647058823536,-110.23352941176536,,,,,,,,
,3599,2026-06-19 00:00:00,TMBSL,JABBAR PUMP ,SHANKAR AND MAILARI ,KA25AB7982,55+1,4.5,108,98.63,10652.039999999999,139189,138691,498,4.611111111111111,110.66666666666667,-2.6666666666666714,-263.0133333333338,,,,,,,,
,3600,2026-06-19 00:00:00,TMBSL,JABBAR PUMP ,MAHANETSH AND SHASHANK ,KA25AC0453,55+1,4.5,129,98.63,12723.269999999999,79892,79255,637,4.937984496124031,141.55555555555554,-12.555555555555543,-1238.354444444443,,,,,,,,
,3601,2026-06-19 00:00:00,TMBSL,JABBAR PUMP ,BASAVARJ KITTUR AND IRANNA D,KA25AB7986,55+1,4.5,100,98.63,9863,122628,122149,479,4.79,106.44444444444444,-6.444444444444443,-635.6155555555554,,,,,,,,
,3602,2026-06-19 00:00:00,TMBSL,JABBAR PUMP ,NAGAPPA GIDAMUDI AND ATMANAND ,KA25AB7984,55+1,4.5,110,98.63,10849.3,146629,146107,522,4.745454545454545,116,-6,-591.78,,,,,,,,
,3603,2026-06-19 00:00:00,TMBSL,JABBAR PUMP ,MANJUNATH CHINDI AND MALLESH ,KA25AC0057,55+1,4.5,128,98.63,12624.64,95219,94602,617,4.8203125,137.11111111111111,-9.111111111111114,-898.6288888888892,,,,,,,,
,3604,2026-06-19 00:00:00,TMBSL,JABBAR PUMP ,LOKESH PATIL,KA25AC0452,55+1,4.5,117,98.63,11539.71,116761,116188,573,4.897435897435898,127.33333333333333,-10.333333333333329,-1019.1766666666662,,,,,,,,
,3605,2026-06-20 00:00:00,JCB,BPCL,BADE,MH14LL4191,30,6,70,98.39,6887.3,106678,106295,383,5.4714285714285715,63.833333333333336,6.166666666666664,606.7383333333331,,,,,,,,
680/23-6-26,3606,2026-06-20 00:00:00,JCB,JAYHIND,SACHIN WAGHMARE,MH14LL4187,30,6,90,98.21,8838.9,133544,132992,552,6.133333333333334,92,-2,-196.42,,,,,,,,
680/23-6-26,3607,2026-06-20 00:00:00,JCB,JAYHIND,BALAJI THOBOLE,MH14LL4195,30,6,77,98.21,7562.169999999999,136011,135548,463,6.012987012987013,77.16666666666667,-0.1666666666666714,-16.368333333333798,,,,,,,,
,3608,2026-06-20 00:00:00,JCB,BPCL,LAHU VANVE,MH14LL4154,30,6,80,98.39,7871.2,133528,133082,446,5.575,74.33333333333333,5.666666666666671,557.5433333333337,,,,,,,,
680/23-6-26,3609,2026-06-20 00:00:00,JCB,JAYHIND,MANOJ KAMBLE,MH14LL4153,30,6,87,98.21,8544.269999999999,156850,156326,524,6.022988505747127,87.33333333333333,-0.3333333333333286,-32.7366666666662,,,,,,,,
680/23-6-26,3610,2026-06-20 00:00:00,JCB,JAYHIND,AYUB PATHAN,MH14LL4157,30,6,95,98.21,9329.949999999999,143596,143074,522,5.494736842105263,87,8,785.68,,,,,,,,
680/23-6-26,3611,2026-06-20 00:00:00,KB,JAYHIND,PANDURANG WARE,MH14HU0837,28,6,100,98.21,9821,350935,350598,337,3.37,56.166666666666664,43.833333333333336,4304.871666666667,,,,,,,,
680/23-6-26,3612,2026-06-20 00:00:00,TML,JAYHIND,SATISH SHINDE,MH14CW4061,36,5.5,130,98.21,12767.3,436884,436211,673,5.176923076923077,122.36363636363636,7.63636363636364,749.9672727272731,,,,,,,,
,3613,2026-06-20 00:00:00,JCB,IOCL,BAPU VAMAN,MH14LL4159,30,6,46,98.3,4521.8,176264,175988,276,6,46,0,0,,,,,,,,
,3614,2026-06-20 00:00:00,JCB,BPCL,NITESH DONGARE,MH14LL4184,30,6,55.99,98.23,5499.8977,140243,139608,635,11.34131094838364,105.83333333333333,-49.84333333333333,-4896.110633333333,,,,,,,,
,3615,2026-06-20 00:00:00,LEAR-CHAKAN,BPCL,NIWAS RATHOD,MH14LB5919,18,12,40,98.18,3927.2000000000003,242444,242139,305,7.625,25.416666666666668,14.583333333333332,1431.7916666666667,,,,,,,,
,3616,2026-06-20 00:00:00,LEAR-CHAKAN,BPCL,VITTHALRAO,MH14LB5821,18,12,40.72,98.22,3999.5184,80230,79900,330,8.104125736738704,27.5,13.219999999999999,1298.4684,,,,,,,,
,3617,2026-06-20 00:00:00,VW,BPCL,SITARAM BHOR,MH14KA2465,40,5.5,122,98.63,12032.859999999999,252008,251342,666,5.459016393442623,121.0909090909091,0.9090909090909065,89.6636363636361,,,,,,,,
1482/20-6-26,3618,2026-06-20 00:00:00,LEAR-CHAKAN,SHUBHAM,,MH14LB3844,32,6,40,98.44,3937.6,97542,97287,255,6.375,42.5,-2.5,-246.1,,,,,,,,
1482/20-6-26,3619,2026-06-20 00:00:00,BC,SHUBHAM,RAM SHINDE,MH14LB3988,50,4,40,98.44,3937.6,68378,68238,140,3.5,35,5,492.2,,,,,,,,
1482/20-6-26,3620,2026-06-20 00:00:00,BC,SHUBHAM,,MH14LB3984,50,4,40,98.44,3937.6,56930,56747,183,4.575,45.75,-5.75,-566.03,,,,,,,,
1482/20-6-26,3621,2026-06-20 00:00:00,BC-VENDER,SHUBHAM,,MH14LX9897,17,10,30,98.44,2953.2,0,0,0,0,0,30,2953.2,,,,,,,,
1482/20-6-26,3622,2026-06-20 00:00:00,BC,SHUBHAM,SOURABHV BOABADE,MH14LB3989,50,4,20,98.44,1968.8,99189,99016,173,8.65,43.25,-23.25,-2288.73,,,,,,,,
1482/20-6-26,3623,2026-06-20 00:00:00,BC,SHUBHAM,SAWPNIL,MH14LB3987,50,4,30,98.44,2953.2,60060,59965,95,3.1666666666666665,23.75,6.25,615.25,,,,,,,,
1482/20-6-26,3624,2026-06-20 00:00:00,BC-VENDER,SHUBHAM,,MH14LX9322,,,40,98.44,3937.6,0,0,0,0,#DIV/0!,#DIV/0!,#DIV/0!,,,,,,,,
1482/20-6-26,3625,2026-06-20 00:00:00,BC,SHUBHAM,RAJ KAMBLE,MH14LB4535,50,3.5,40,98.44,3937.6,112720,112575,145,3.625,41.42857142857143,-1.4285714285714306,-140.62857142857163,,,,,,,,
1482/20-6-26,3626,2026-06-20 00:00:00,BC-VENDER,SHUBHAM,Prathmesh Tours & Travels,MH12VF1253,20,10,35,98.44,3445.4,0,0,0,0,0,35,3445.4,,,,,,,,
1482/20-6-26,3627,2026-06-20 00:00:00,BC,SHUBHAM,,MH14LB3985,50,4,40,98.44,3937.6,85440,85248,192,4.8,48,-8,-787.52,,,,,,,,
1482/20-6-26,3628,2026-06-20 00:00:00,BC-VENDER,SHUBHAM,Mukund Ramchandra Madvalkar,MH14LX9492,17,10,35,98.44,3445.4,0,0,0,0,0,35,3445.4,,,,,,,,
1482/20-6-26,3629,2026-06-20 00:00:00,BC-VENDER,SHUBHAM,,MH14MH4066,,,20.79,98.44,2046.5675999999999,0,0,0,0,#DIV/0!,#DIV/0!,#DIV/0!,,,,,,,,
1482/20-6-26,3630,2026-06-20 00:00:00,BC,SHUBHAM,,MH14LB3986,50,4,40,98.44,3937.6,107644,107391,253,6.325,63.25,-23.25,-2288.73,,,,,,,,
1482/20-6-26,3631,2026-06-20 00:00:00,BC,SHUBHAM,,MH14LB2877,18,10,26.55,98.44,2613.582,117041,116811,230,8.662900188323917,23,3.5500000000000007,349.46200000000005,,,,,,,,
1482/20-6-26,3632,2026-06-20 00:00:00,BC,SHUBHAM,,MH14LL4207,18,10,35,98.44,3445.4,122022,121758,264,7.542857142857143,26.4,8.600000000000001,846.5840000000002,,,,,,,,
1482/20-6-26,3633,2026-06-20 00:00:00,BC,SHUBHAM,,MH14HG2520,40,5,40,98.44,3937.6,214202,214006,196,4.9,39.2,0.7999999999999972,78.75199999999973,,,,,,,,
1482/20-6-26,3634,2026-06-20 00:00:00,BC,SHUBHAM,,MH14LB3990,50,4,40,98.44,3937.6,73471,73312,159,3.975,39.75,0.25,24.61,,,,,,,,
1482/20-6-26,3635,2026-06-20 00:00:00,BC,SHUBHAM,BASVARAJ,MH14LL4204,18,10,35,98.44,3445.4,166717,166354,363,10.371428571428572,36.3,-1.2999999999999972,-127.97199999999972,,,,,,,,
1482/20-6-26,3636,2026-06-20 00:00:00,BC-VENDER,SHUBHAM,,MH14HG7929,,,40,98.44,3937.6,0,0,0,0,#DIV/0!,#DIV/0!,#DIV/0!,,,,,,,,
,3637,2026-06-20 00:00:00,LEAR-CHAKAN,HPCL,SWAGAT JADHAV,MH14LB5967,18,12,45,98.57,4435.65,85865,85575,290,6.444444444444445,24.166666666666668,20.833333333333332,2053.5416666666665,,,,,,,,
,3638,2026-06-20 00:00:00,LEAR-CHAKAN,HPCL,,MH14LB4966,17,10,45.01,98.57,4436.6357,119337,119198,139,3.0882026216396357,13.9,31.11,3066.5126999999998,,,,,,,,
,3639,2026-06-20 00:00:00,LEAR-CHAKAN,HPCL,,MH14LB5916,18,12,30.63,98.57,3019.1991,98845,98667,178,5.8112961149200135,14.833333333333334,15.796666666666665,1557.0774333333331,,,,,,,,
,3640,2026-06-20 00:00:00,LEAR-CHAKAN,HPCL,,MH14LB5917,18,12,52.01,98.57,5126.6257,154753,154333,420,8.075370121130552,35,17.009999999999998,1676.6756999999998,,,,,,,,
,3641,2026-06-20 00:00:00,LEAR-CHAKAN,HPCL,,MH14LB5918,18,12,32,98.57,3154.24,120485,120172,313,9.78125,26.083333333333332,5.916666666666668,583.2058333333334,,,,,,,,
,3642,2026-06-20 00:00:00,LEAR-CHAKAN,HPCL,,MH14LB6096,18,12,40,98.57,3942.7999999999997,50750,50533,217,5.425,18.083333333333332,21.916666666666668,2160.3258333333333,,,,,,,,
,3643,2026-06-20 00:00:00,LEAR-CHAKAN,HPCL,,MH14LB5924,18,12,50,98.57,4928.5,91106,90792,314,6.28,26.166666666666668,23.833333333333332,2349.2516666666666,,,,,,,,
,3644,2026-06-20 00:00:00,LEAR-CHAKAN,HPCL,,MH14LB6214,25,7,64.14,98.57,6322.279799999999,203348,202845,503,7.842220143436233,71.85714285714286,-7.717142857142861,-760.6787714285717,,,,,,,,
,3645,2026-06-20 00:00:00,LEAR-CHAKAN,HPCL,NAIKARE,MH14LB6270,40,6,70,98.57,6899.9,178520,177880,640,9.142857142857142,106.66666666666667,-36.66666666666667,-3614.2333333333336,,,,,,,,
,3646,2026-06-20 00:00:00,LEAR-CHAKAN,HPCL,,MH14LB5926,18,12,59.12,98.57,5827.4583999999995,131233,130771,462,7.814614343707714,38.5,20.619999999999997,2032.5133999999996,,,,,,,,
,3647,2026-06-20 00:00:00,LEAR-CHAKAN,HPCL,LAXMAN PATIL,MH14LB5915,18,12,48.61,98.57,4791.4877,126710,126412,298,6.130425838304876,24.833333333333332,23.776666666666667,2343.6660333333334,,,,,,,,
,3648,2026-06-20 00:00:00,LEAR-CHAKAN,HPCL,SUNIL PATHARE,MH14LB6210,25,7,85.01,98.57,8379.4357,75890,75399,491,5.775791083401953,70.14285714285714,14.867142857142866,1465.4542714285722,,,,,,,,
,3649,2026-06-20 00:00:00,LEAR-CHAKAN,HPCL,SUDAM SHEJUL,MH14LB6211,25,7,48.01,98.57,4732.3457,98936,98613,323,6.727765048948136,46.142857142857146,1.867142857142852,184.0442714285709,,,,,,,,
,3650,2026-06-20 00:00:00,LEAR-CHAKAN,HPCL,,MH14LB5922,18,12,59,98.57,5815.629999999999,142574,142153,421,7.135593220338983,35.083333333333336,23.916666666666664,2357.4658333333327,,,,,,,,
,3651,2026-06-20 00:00:00,LEAR-CHAKAN,HPCL,AMOL PATIL,MH14LB5925,18,12,46,98.57,4534.219999999999,132662,132311,351,7.630434782608695,29.25,16.75,1651.0475,,,,,,,,
,3652,2026-06-20 00:00:00,LEAR-CHAKAN,HPCL,SURESH,MH14LB6213,50,5,70,98.57,6899.9,135396,135101,295,4.214285714285714,59,11,1084.27,,,,,,,,
,3653,2026-06-20 00:00:00,BC,HPCL,,MH14GD9122,36,5.5,66,98.57,6505.62,521037,520654,383,5.803030303030303,69.63636363636364,-3.6363636363636402,-358.436363636364,,,,,,,,
,3654,2026-06-20 00:00:00,LEAR-CHAKAN,HPCL,SACHIN,MH14LB5914,18,12,50.79,98.57,5006.3703,195825,195312,513,10.100413467217956,42.75,8.04,792.5027999999999,,,,,,,,
1482/20-6-26,3655,2026-06-20 00:00:00,LEAR-CHAKAN,SHUBHAM,GANPAT,MH14LB6215,25,7,40,98.44,3937.6,123521,123427,94,2.35,13.428571428571429,26.57142857142857,2615.6914285714283,,,,,,,,
2411/20-6-26,3656,2026-06-20 00:00:00,JCB,SAIEE,GANESH KALOKHE,MH14LL4180,30,6,58,98.59,5718.22,81099,80751,348,6,58,0,0,,,,,,,,
2411/20-6-26,3657,2026-06-20 00:00:00,JCB,SAIEE,,MH14LL4138,30,6,51,98.59,5028.09,164016,163736,280,5.490196078431373,46.666666666666664,4.333333333333336,427.2233333333336,,,,,,,,
2411/20-6-26,3658,2026-06-20 00:00:00,JCB,SAIEE,KETAN POTE,MH14LL4137,30,6,65,98.59,6408.35,92361,92000,361,5.553846153846154,60.166666666666664,4.833333333333336,476.5183333333336,,,,,,,,
2411/20-6-26,3659,2026-06-20 00:00:00,JCB,SAIEE,DAYNESHWAR GAVALI,MH14LL4139,30,6,35,98.59,3450.65,131241,131040,201,5.742857142857143,33.5,1.5,147.885,,,,,,,,
2411/20-6-26,3660,2026-06-20 00:00:00,JCB,SAIEE,PANDURANG KADAM,MH14CW2890,36,5,56,98.59,5521.04,467578,467269,309,5.517857142857143,61.8,-5.799999999999997,-571.8219999999998,,,,,,,,
2411/20-6-26,3661,2026-06-20 00:00:00,HYUNDAI,SAIEE,YOGESH DALE,MH14LX2752,40,5.5,53.63,98.59,5287.381700000001,30700,30417,283,5.27689725899683,51.45454545454545,2.1754545454545493,214.47806363636403,,,,,,,,
2411/20-6-26,3662,2026-06-20 00:00:00,JCB,SAIEE,SHANKAR JANORKAR,MH14LX2753,40,5.5,132,98.59,13013.880000000001,65290,64563,727,5.507575757575758,132.1818181818182,-0.18181818181818699,-17.925454545455054,,,,,,,,
2411/20-6-26,3663,2026-06-20 00:00:00,HYUNDAI,SAIEE,VILAS KAMBLE,MH14LX7484,30,6,121,98.59,11929.390000000001,39382,38615,767,6.338842975206612,127.83333333333333,-6.833333333333329,-673.6983333333329,,,,,,,,
2411/20-6-26,3664,2026-06-20 00:00:00,HYUNDAI,SAIEE,PREM SOLANKHI,MH14LX2599,40,5.5,93,98.59,9168.87,40737,40223,514,5.526881720430108,93.45454545454545,-0.45454545454545325,-44.813636363636235,,,,,,,,
2411/20-6-26,3665,2026-06-20 00:00:00,HYUNDAI,SAIEE,KARTIK WAYSE,MH14LL6273,41,5.5,118,98.59,11633.62,65782,65130,652,5.52542372881356,118.54545454545455,-0.5454545454545467,-53.77636363636377,,,,,,,,
2411/20-6-26,3666,2026-06-20 00:00:00,HYUNDAI,SAIEE,VILAS KAMBLE,MH14LL6328,41,5.5,60.85,98.59,5999.2015,42696,42525,171,2.810188989317995,31.09090909090909,29.75909090909091,2933.948772727273,,,,,,,,
2411/20-6-26,3667,2026-06-20 00:00:00,JCB,SAIEE,,MH14LX2893,40,5.5,80,98.59,7887.200000000001,18157,17490,667,8.3375,121.27272727272727,-41.272727272727266,-4069.0781818181813,,,,,,,,
2411/20-6-26,3668,2026-06-20 00:00:00,HYUNDAI,SAIEE,PRASHANT PARGE,MH14LL6274,41,5.5,94,98.59,9267.460000000001,77037,76516,521,5.542553191489362,94.72727272727273,-0.7272727272727337,-71.70181818181882,,,,,,,,
2411/20-6-26,3669,2026-06-20 00:00:00,JCB,SAIEE,RAJU KHARAT,MH14LL4208,18,10,50,98.59,4929.5,144465,144019,446,8.92,44.6,5.399999999999999,532.3859999999999,,,,,,,,
680/23-6-26,3670,2026-06-20 00:00:00,JCB,JAYHIND,DATTATRAY BIDAVE,MH14LL4128,30,6,40,98.21,3928.3999999999996,90846,90099,747,18.675,124.5,-84.5,-8298.744999999999,,,,,,,,
,3671,2026-06-20 00:00:00,JCB,BPCL,JAGDISH PATIL,MH14LL4189,30,6,70,98.49,6894.299999999999,210974,210588,386,5.514285714285714,64.33333333333333,5.666666666666671,558.1100000000005,,,,,,,,
,3672,2026-06-20 00:00:00,JCB,IOCL,VIKAS HEMADE,MH14LL4140,30,6,41.83,98.52,4121.0916,175169,174918,251,6.000478125747072,41.833333333333336,-0.003333333333337407,-0.3284000000004013,,,,,,,,
SP/26-27/3107,3673,2026-06-20 00:00:00,VW,SAMRUDDHI,,MH14KA2559,40,5.5,55,98.57,5421.349999999999,149196,148957,239,4.345454545454546,43.45454545454545,11.545454545454547,1138.0354545454545,,,,,,,,
SP/26-27/3107,3674,2026-06-20 00:00:00,VW,SAMRUDDHI,,MH14KA2557,40,5.5,80,98.57,7885.599999999999,214242,213870,372,4.65,67.63636363636364,12.36363636363636,1218.683636363636,,,,,,,,
SP/26-27/3107,3675,2026-06-20 00:00:00,VW,SAMRUDDHI,,MH14KA1913,40,5.5,49,98.57,4829.929999999999,299899,299603,296,6.040816326530612,53.81818181818182,-4.81818181818182,-474.928181818182,,,,,,,,
SP/26-27/3107,3676,2026-06-20 00:00:00,VW,SAMRUDDHI,,MH14KA1742,40,5.5,60,98.57,5914.2,156533,156274,259,4.316666666666666,47.09090909090909,12.909090909090907,1272.4490909090905,,,,,,,,
SP/26-27/3107,3677,2026-06-20 00:00:00,VW,SAMRUDDHI,,MH14KA1886,40,5.5,60,98.57,5914.2,199386,199186,200,3.3333333333333335,36.36363636363637,23.636363636363633,2329.8363636363633,,,,,,,,
SP/26-27/3107,3678,2026-06-20 00:00:00,VW,SAMRUDDHI,,MH14KA2809,40,5.5,40,98.57,3942.7999999999997,151695,151589,106,2.65,19.272727272727273,20.727272727272727,2043.0872727272724,,,,,,,,
SP/26-27/3107,3679,2026-06-20 00:00:00,VW,SAMRUDDHI,,MH14KA3312,20,8,55,98.57,5421.349999999999,230863,230586,277,5.036363636363636,34.625,20.375,2008.3637499999998,,,,,,,,
SP/26-27/3107,3680,2026-06-20 00:00:00,VW,SAMRUDDHI,,MH14KA1880,40,5.5,90,98.57,8871.3,222893,222424,469,5.211111111111111,85.27272727272727,4.727272727272734,465.9672727272733,,,,,,,,
SP/26-27/3107,3681,2026-06-20 00:00:00,VW,SAMRUDDHI,,MH14KA2561,40,5.5,55,98.57,5421.349999999999,238772,238535,237,4.3090909090909095,43.09090909090909,11.909090909090907,1173.8790909090906,,,,,,,,
SP/26-27/3107,3682,2026-06-20 00:00:00,VW,SAMRUDDHI,,MH14KA2558,40,5.5,130,98.57,12814.099999999999,221635,221282,353,2.7153846153846155,64.18181818181819,65.81818181818181,6487.698181818181,,,,,,,,
SP/26-27/3107,3683,2026-06-20 00:00:00,VW,SAMRUDDHI,,MH14KA1906,40,5.5,40,98.57,3942.7999999999997,170208,169802,406,10.15,73.81818181818181,-33.81818181818181,-3333.458181818181,,,,,,,,
SP/26-27/3107,3684,2026-06-20 00:00:00,VW,SAMRUDDHI,,MH14KA2570,40,5.5,55,98.57,5421.349999999999,180016,179625,391,7.109090909090909,71.0909090909091,-16.090909090909093,-1586.0809090909092,,,,,,,,
SP/26-27/3107,3685,2026-06-20 00:00:00,VW,SAMRUDDHI,,MH14KA1912,40,5.5,92,98.57,9068.439999999999,225295,225031,264,2.869565217391304,48,44,4337.08,,,,,,,,
SP/26-27/3107,3686,2026-06-20 00:00:00,VW,SAMRUDDHI,,MH14KA2816,40,5.5,100,98.57,9857,123043,122717,326,3.26,59.27272727272727,40.72727272727273,4014.4872727272723,,,,,,,,
SP/26-27/3107,3687,2026-06-20 00:00:00,VW,SAMRUDDHI,,MH14KA1915,40,5.5,90,98.57,8871.3,260510,260258,252,2.8,45.81818181818182,44.18181818181818,4355.001818181818,,,,,,,,
SP/26-27/3107,3688,2026-06-20 00:00:00,VW,SAMRUDDHI,,MH14KA2569,40,5.5,60,98.57,5914.2,169638,169511,127,2.1166666666666667,23.09090909090909,36.90909090909091,3638.1290909090903,,,,,,,,
SP/26-27/3107,3689,2026-06-20 00:00:00,VW,SAMRUDDHI,,MH14KA2812,40,5.5,60,98.57,5914.2,130201,129854,347,5.783333333333333,63.09090909090909,-3.0909090909090935,-304.67090909090933,,,,,,,,
SP/26-27/3107,3690,2026-06-20 00:00:00,VW,SAMRUDDHI,,MH14KA1890,40,5.5,30,98.57,2957.1,122163,122032,131,4.366666666666666,23.818181818181817,6.181818181818183,609.3418181818183,,,,,,,,
SP/26-27/3107,3691,2026-06-20 00:00:00,VW,SAMRUDDHI,,MH14KA2806,40,5.5,90,98.57,8871.3,122706,122601,105,1.1666666666666667,19.09090909090909,70.9090909090909,6989.50909090909,,,,,,,,
SP/26-27/3107,3692,2026-06-20 00:00:00,VW,SAMRUDDHI,,MH14KA1739,40,5.5,70,98.57,6899.9,163967,163554,413,5.9,75.0909090909091,-5.0909090909090935,-501.8109090909093,,,,,,,,
SP/26-27/3107,3693,2026-06-20 00:00:00,VW,SAMRUDDHI,,MH14KA2554,40,5.5,50,98.57,4928.5,178653,178456,197,3.94,35.81818181818182,14.18181818181818,1397.9018181818178,,,,,,,,
SP/26-27/3107,3694,2026-06-20 00:00:00,VW,SAMRUDDHI,,MH14KA2463,40,5.5,70,98.57,6899.9,139136,138935,201,2.8714285714285714,36.54545454545455,33.45454545454545,3297.614545454545,,,,,,,,
SP/26-27/3107,3695,2026-06-20 00:00:00,VW,SAMRUDDHI,,MH14KA2923,40,5.5,50,98.57,4928.5,162719,162571,148,2.96,26.90909090909091,23.09090909090909,2276.070909090909,,,,,,,,
413/30-6-26,3696,2026-06-20 00:00:00,MERCEDES,PRATIK,,MH14HG3112,32,4,50,98.58,4929,275604,275279,325,6.5,81.25,-31.25,-3080.625,,,,,,,,
413/30-6-26,3697,2026-06-20 00:00:00,MERCEDES,PRATIK,,MH14HU3985,50,4,40,98.58,3943.2,188676,188424,252,6.3,63,-23,-2267.34,,,,,,,,
413/30-6-26,3698,2026-06-20 00:00:00,MERCEDES,PRATIK,,MH14LX4888,32,4,40,98.58,3943.2,36525,36355,170,4.25,42.5,-2.5,-246.45,,,,,,,,
413/30-6-26,3699,2026-06-20 00:00:00,MERCEDES,PRATIK,,MH14LX3712,32,4,30,98.58,2957.4,35777,35692,85,2.8333333333333335,21.25,8.75,862.5749999999999,,,,,,,,
413/30-6-26,3700,2026-06-20 00:00:00,MERCEDES,PRATIK,,MH14HG3117,32,4,30,98.58,2957.4,243677,243525,152,5.066666666666666,38,-8,-788.64,,,,,,,,
413/30-6-26,3701,2026-06-20 00:00:00,MERCEDES,PRATIK,,MH14KA9139,32,4,50,98.58,4929,116602,116402,200,4,50,0,0,,,,,,,,
,3702,2026-06-20 00:00:00,,BPCL,,MH14GD4456,40,5.5,182.63,98.04,17905.0452,360513,359898,615,3.3674642720254067,111.81818181818181,70.81181818181818,6942.390654545455,,,,,,,,
,3703,2026-06-20 00:00:00,BAJAJ WALUJ,HPCL,NAGESH,MH20GC5309,50,5,63,99.44,6264.72,154843,154489,354,5.619047619047619,70.8,-7.799999999999997,-775.6319999999997,,,,,,,,
,3704,2026-06-20 00:00:00,BAJAJ WALUJ,HPCL,AJAY,MH14CW4485,50,3.5,45,99.44,4474.8,56093,55933,160,3.5555555555555554,45.714285714285715,-0.7142857142857153,-71.02857142857152,,,,,,,,
,3705,2026-06-20 00:00:00,BAJAJ WALUJ,HPCL,MALODE,MH20GC8878,50,5,50,99.44,4972,98757,98475,282,5.64,56.4,-6.399999999999999,-636.4159999999998,,,,,,,,
,3706,2026-06-20 00:00:00,BAJAJ WALUJ,HPCL,MADAN,MH14CW4821,40,5.5,62,99.44,6165.28,291083,290711,372,6,67.63636363636364,-5.63636363636364,-560.4800000000004,,,,,,,,
,3707,2026-06-20 00:00:00,BAJAJ WALUJ,HPCL,SAGER,MH20GC8876,50,5,20,99.44,1988.8,123709,123366,343,17.15,68.6,-48.599999999999994,-4832.784,,,,,,,,
,3708,2026-06-20 00:00:00,BAJAJ WALUJ,HPCL,SAGER,MH20GC8876,50,5,50,99.44,4972,123756,123709,47,0.94,9.4,40.6,4037.264,,,,,,,,
,3709,2026-06-20 00:00:00,BAJAJ WALUJ,HPCL,RAJPUT,MH14CW4616,40,5.5,33,99.44,3281.52,296080,295896,184,5.575757575757576,33.45454545454545,-0.45454545454545325,-45.19999999999987,,,,,,,,
,3710,2026-06-20 00:00:00,BAJAJ WALUJ,HPCL,NIVRUTTI ,MH14KU2284,20,9,48.87,99.44,4859.632799999999,0,0,0,0,0,48.87,4859.632799999999,,,,,,,,
,3711,2026-06-20 00:00:00,BAJAJ WALUJ,HPCL,SHAIKH,MH14CW4816,40,5.5,63,99.44,6264.72,304663,304303,360,5.714285714285714,65.45454545454545,-2.4545454545454533,-244.07999999999987,,,,,,,,
,3712,2026-06-20 00:00:00,BAJAJ WALUJ,HPCL,NARYAN,MH20GC5342,50,5,10,99.44,994.4,110469,110242,227,22.7,45.4,-35.4,-3520.176,,,,,,,,
,3713,2026-06-20 00:00:00,BAJAJ WALUJ,HPCL,NARYAN,MH20GC5342,50,5,36,99.44,3579.84,110494,110469,25,0.6944444444444444,5,31,3082.64,,,,,,,,
,3714,2026-06-20 00:00:00,BAJAJ WALUJ,HPCL,MOHSIN,MH20GC8890,50,5,80,99.44,7955.2,80537,80113,424,5.3,84.8,-4.799999999999997,-477.3119999999997,,,,,,,,
,3715,2026-06-20 00:00:00,BAJAJ WALUJ,HPCL,LATE,MH20GC8893,50,5,38,99.44,3778.72,100997,100788,209,5.5,41.8,-3.799999999999997,-377.87199999999973,,,,,,,,
,3716,2026-06-20 00:00:00,BAJAJ WALUJ,HPCL,JABBAR,MH20GC8872,50,5,51,99.44,5071.44,108452,108156,296,5.803921568627451,59.2,-8.200000000000003,-815.4080000000002,,,,,,,,
,3717,2026-06-20 00:00:00,BAJAJ WALUJ,HPCL,SUDAM,MH14HG5613,32,5.5,60,99.44,5966.4,74851,74486,365,6.083333333333333,66.36363636363636,-6.36363636363636,-632.7999999999996,,,,,,,,
,3718,2026-06-20 00:00:00,BAJAJ WALUJ,HPCL,SANJAY,MH20GC8879,50,5,12,99.44,1193.28,136554,136351,203,16.916666666666668,40.6,-28.6,-2843.984,,,,,,,,
,3719,2026-06-20 00:00:00,BAJAJ WALUJ,HPCL,DAUD,MH14CW4820,40,5.5,50,99.44,4972,269662,269382,280,5.6,50.90909090909091,-0.9090909090909065,-90.39999999999974,,,,,,,,
,3720,2026-06-20 00:00:00,BAJAJ WALUJ,HPCL,ADHE,MH20GC8874,50,5,60,99.44,5966.4,102387,101993,394,6.566666666666666,78.8,-18.799999999999997,-1869.4719999999998,,,,,,,,
,3721,2026-06-20 00:00:00,BAJAJ WALUJ,HPCL,NAZIR,MH14CW4456,40,5.5,50,99.44,4972,294004,293709,295,5.9,53.63636363636363,-3.636363636363633,-361.5999999999997,,,,,,,,
,3722,2026-06-20 00:00:00,BAJAJ WALUJ,HPCL,MANGESH,MH20GC8891,50,5,75,99.44,7458,89533,89082,451,6.013333333333334,90.2,-15.200000000000003,-1511.4880000000003,,,,,,,,
,3723,2026-06-20 00:00:00,BAJAJ WALUJ,HPCL,YOGESH,MH20GC5343,50,5,40,99.44,3977.6,119373,119176,197,4.925,39.4,0.6000000000000014,59.66400000000014,,,,,,,,
,3724,2026-06-20 00:00:00,BAJAJ WALUJ,HPCL,LATE,MH20GC8893,50,5,25,99.44,2486,101136,100997,139,5.56,27.8,-2.8000000000000007,-278.4320000000001,,,,,,,,
,3725,2026-06-20 00:00:00,BAJAJ WALUJ,HPCL,ADHE,MH20GC8874,50,5,58.59,99.44,5826.189600000001,102436,102387,49,0.8363201911589008,9.8,48.790000000000006,4851.677600000001,,,,,,,,
,3726,2026-06-20 00:00:00,BAJAJ WALUJ,HPCL,DIVTE,MH20GC8873,50,5,65,99.44,6463.599999999999,108870,108529,341,5.246153846153846,68.2,-3.200000000000003,-318.20800000000025,,,,,,,,
,3727,2026-06-20 00:00:00,BAJAJ WALUJ,HPCL,ABHIJEET,MH20GC5419,50,5,56,99.44,5568.639999999999,20020,19715,305,5.446428571428571,61,-5,-497.2,,,,,,,,
,3728,2026-06-20 00:00:00,BAJAJ WALUJ,HPCL,SANJAY,MH20GC8879,50,5,25,99.44,2486,136835,136554,281,11.24,56.2,-31.200000000000003,-3102.5280000000002,,,,,,,,
,3729,2026-06-20 00:00:00,BAJAJ WALUJ,HPCL,SANTOSH,MH20DD0957,20,9,58.87,99.44,5854.0328,0,0,0,0,0,58.87,5854.0328,,,,,,,,
,3730,2026-06-20 00:00:00,BAJAJ WALUJ,HPCL,SOPAN,MH20GZ5418,50,5,10,99.44,994.4,9310,9220,90,9,18,-8,-795.52,,,,,,,,
,3731,2026-06-20 00:00:00,CITYFLOW MUMBAI,,,MH04MH3732,27,4,140,98,13720,23315,22822,493,3.5214285714285714,123.25,16.75,1641.5,,,,,,,,
,3732,2026-06-20 00:00:00,CITYFLOW MUMBAI,,,MH04MH3734,27,4,80,97.89,7831.2,25596,25371,225,2.8125,56.25,23.75,2324.8875,,,,,,,,
,3733,2026-06-20 00:00:00,CITYFLOW MUMBAI,,,MH04MH3740,27,4,120,98,11760,39470,39079,391,3.2583333333333333,97.75,22.25,2180.5,,,,,,,,
,3734,2026-06-20 00:00:00,CITYFLOW MUMBAI,,,MH04MH4081,27,4,85,98.04,8333.4,42470,42363,107,1.2588235294117647,26.75,58.25,5710.83,,,,,,,,
,3735,2026-06-20 00:00:00,CITYFLOW MUMBAI,,,MH04MH4720,27,4,110,98,10780,33123,32678,445,4.045454545454546,111.25,-1.25,-122.5,,,,,,,,
,3736,2026-06-20 00:00:00,CITYFLOW MUMBAI,,,MH04MH4721,27,4,130,98,12740,34058,33557,501,3.853846153846154,125.25,4.75,465.5,,,,,,,,
,3737,2026-06-20 00:00:00,CITYFLOW MUMBAI,,,MH04MH4723,27,4,30,97.89,2936.7,27990,27650,340,11.333333333333334,85,-55,-5383.95,,,,,,,,
,3738,2026-06-20 00:00:00,CITYFLOW MUMBAI,,,MH04MH4724,27,4,80.34,97.89,7864.4826,31780,31441,339,4.219566840926064,84.75,-4.409999999999997,-431.6948999999997,,,,,,,,
,3739,2026-06-20 00:00:00,CITYFLOW MUMBAI,,,MH04MH5108,27,4,125,98,12250,39732,39233,499,3.992,124.75,0.25,24.5,,,,,,,,
,3740,2026-06-20 00:00:00,CITYFLOW MUMBAI,,,MH04MH5287,27,4,20,98,1960,43900,43817,83,4.15,20.75,-0.75,-73.5,,,,,,,,
,3741,2026-06-20 00:00:00,CITYFLOW MUMBAI,,,MH04MH5287,27,4,55,98,5390,44036,43900,136,2.4727272727272727,34,21,2058,,,,,,,,
,3742,2026-06-20 00:00:00,CITYFLOW MUMBAI,,,MH04MH5288,27,4,170,98,16660,29006,28750,256,1.5058823529411764,64,106,10388,,,,,,,,
,3743,2026-06-20 00:00:00,CITYFLOW MUMBAI,,,MH04MH5376,27,4,150,98,14700,17947,17471,476,3.1733333333333333,119,31,3038,,,,,,,,
,3744,2026-06-20 00:00:00,CITYFLOW MUMBAI,,,MH04MH5572,27,4,135,98,13230,32212,31766,446,3.303703703703704,111.5,23.5,2303,,,,,,,,
,3745,2026-06-20 00:00:00,CITYFLOW MUMBAI,,,MH04MH5573,27,4,150,98,14700,33338,32817,521,3.473333333333333,130.25,19.75,1935.5,,,,,,,,
,3746,2026-06-20 00:00:00,CITYFLOW MUMBAI,,,MH04MH5664,27,4,150,98,14700,40550,39895,655,4.366666666666666,163.75,-13.75,-1347.5,,,,,,,,
,3747,2026-06-20 00:00:00,CITYFLOW MUMBAI,,,MH04MH5667,27,4,150,98,14700,36125,35581,544,3.6266666666666665,136,14,1372,,,,,,,,
,3748,2026-06-20 00:00:00,CITYFLOW MUMBAI,,,MH04MH6301,27,4,120,98,11760,26450,25836,614,5.116666666666666,153.5,-33.5,-3283,,,,,,,,
,3749,2026-06-20 00:00:00,CITYFLOW MUMBAI,,,MH04MH6306,27,4,141,98,13818,31800,31266,534,3.7872340425531914,133.5,7.5,735,,,,,,,,
,3750,2026-06-20 00:00:00,CITYFLOW MUMBAI,,,MH04MH6307,27,4,150,98,14700,37528,36801,727,4.846666666666667,181.75,-31.75,-3111.5,,,,,,,,
,3751,2026-06-20 00:00:00,CITYFLOW MUMBAI,,,MH04MH6309,27,4,85,98.04,8333.4,33040,32707,333,3.9176470588235293,83.25,1.75,171.57000000000002,,,,,,,,
,3752,2026-06-20 00:00:00,CITYFLOW MUMBAI,,,MH04MH6313,27,4,40,98.07,3922.7999999999997,49921,49815,106,2.65,26.5,13.5,1323.945,,,,,,,,
,3753,2026-06-20 00:00:00,CITYFLOW MUMBAI,,,MH04MH6318,27,4,42,98,4116,35549,35159,390,9.285714285714286,97.5,-55.5,-5439,,,,,,,,
,3754,2026-06-20 00:00:00,CITYFLOW MUMBAI,,,MH04MH6655,27,4,165,98,16170,38258,37618,640,3.878787878787879,160,5,490,,,,,,,,
,3755,2026-06-20 00:00:00,CITYFLOW MUMBAI,,,MH04MR5861,40,3.7,140,98,13720,14403,14010,393,2.807142857142857,106.21621621621621,33.78378378378379,3310.8108108108113,,,,,,,,
,3756,2026-06-20 00:00:00,CITYFLOW MUMBAI,,,MH46DC5010,40,3.7,160,98,15680,5435,4883,552,3.45,149.1891891891892,10.810810810810807,1059.4594594594591,,,,,,,,
,3757,2026-06-20 00:00:00,CITYFLOW MUMBAI,,,MH46DC5012,40,3.7,152.27,98,14922.460000000001,4850,4300,550,3.612004991134169,148.64864864864865,3.6213513513513647,354.89243243243374,,,,,,,,
,3758,2026-06-20 00:00:00,CITYFLOW MUMBAI,,,MH46DC5138,40,3.7,136,98,13328,3678,3294,384,2.823529411764706,103.78378378378378,32.216216216216225,3157.18918918919,,,,,,,,
,3759,2026-06-20 00:00:00,CITYFLOW MUMBAI,,,MH46DC5193,40,3.7,140,98,13720,6376,5839,537,3.835714285714286,145.13513513513513,-5.13513513513513,-503.2432432432427,,,,,,,,
,3760,2026-06-20 00:00:00,CITYFLOW MUMBAI,,,MH46DC5195,40,3.7,96.21,98,9428.58,4210,3828,382,3.9704812389564497,103.24324324324324,-7.033243243243248,-689.2578378378383,,,,,,,,
,3761,2026-06-20 00:00:00,CITYFLOW MUMBAI,,,MH46DC5196,40,3.7,150,98,14700,6473,6117,356,2.3733333333333335,96.21621621621621,53.78378378378379,5270.810810810812,,,,,,,,
,3762,2026-06-20 00:00:00,CITYFLOW MUMBAI,,,MH46DC5197,40,3.7,150,98,14700,6390,5959,431,2.8733333333333335,116.48648648648648,33.513513513513516,3284.3243243243246,,,,,,,,
,3763,2026-06-20 00:00:00,CITYFLOW MUMBAI,,,MH46DC5198,40,3.7,220,98,21560,7866,7138,728,3.309090909090909,196.75675675675674,23.243243243243256,2277.8378378378393,,,,,,,,
,3764,2026-06-20 00:00:00,CITYFLOW MUMBAI,,,MH46DC5201,40,3.7,170,98,16660,7549,6998,551,3.2411764705882353,148.9189189189189,21.081081081081095,2065.945945945947,,,,,,,,
,3765,2026-06-20 00:00:00,CITYFLOW MUMBAI,,,MH46DC5204,40,3.7,151,98,14798,4208,3780,428,2.834437086092715,115.67567567567568,35.32432432432432,3461.7837837837837,,,,,,,,
,3766,2026-06-20 00:00:00,CITYFLOW MUMBAI,,,MH46DC6068,40,3.7,100,98,9800,4627,4296,331,3.31,89.45945945945945,10.540540540540547,1032.9729729729736,,,,,,,,
,3767,2026-06-20 00:00:00,CITYFLOW MUMBAI,,,MH46DC6069,40,3.7,147,98,14406,3692,3179,513,3.489795918367347,138.64864864864865,8.351351351351354,818.4324324324327,,,,,,,,
,3768,2026-06-20 00:00:00,CITYFLOW MUMBAI,,,MH46DC6073,40,3.7,141,98,13818,2946,2542,404,2.8652482269503547,109.18918918918918,31.81081081081082,3117.4594594594605,,,,,,,,
,3769,2026-06-20 00:00:00,CITYFLOW MUMBAI,,,MH46DC6074,40,3.7,145,98,14210,4102,3793,309,2.1310344827586207,83.51351351351352,61.486486486486484,6025.675675675676,,,,,,,,
,3770,2026-06-20 00:00:00,CITYFLOW MUMBAI,,,MH46DC6075,40,3.7,128,98,12544,4869,4332,537,4.1953125,145.13513513513513,-17.13513513513513,-1679.2432432432427,,,,,,,,
,3771,2026-06-20 00:00:00,CITYFLOW MUMBAI,,,MH46DC6076,40,3.7,146.35,98,14342.3,3111,2644,467,3.1909805261359754,126.21621621621621,20.133783783783784,1973.1108108108108,,,,,,,,
,3772,2026-06-20 00:00:00,CITYFLOW MUMBAI,,,MH46DC6332,40,3.7,150,98,14700,2934,2521,413,2.7533333333333334,111.62162162162161,38.378378378378386,3761.0810810810817,,,,,,,,
,3773,2026-06-20 00:00:00,CITYFLOW MUMBAI,,,MH46DC6334,40,3.7,130,98,12740,2831,2450,381,2.9307692307692306,102.97297297297297,27.02702702702703,2648.648648648649,,,,,,,,
,3774,2026-06-20 00:00:00,CITYFLOW MUMBAI,,,MH46DC6335,40,3.7,132,98,12936,1950,1630,320,2.4242424242424243,86.48648648648648,45.513513513513516,4460.324324324324,,,,,,,,
,3775,2026-06-20 00:00:00,CITYFLOW MUMBAI,,,MH46DC6359,40,3.7,151,98,14798,2779,2244,535,3.543046357615894,144.59459459459458,6.405405405405418,627.7297297297309,,,,,,,,
,3776,2026-06-20 00:00:00,CITYFLOW MUMBAI,,,MH46DC7970,40,3.7,251,98,24598,1331,861,470,1.8725099601593624,127.02702702702702,123.97297297297298,12149.351351351352,,,,,,,,
,3777,2026-06-20 00:00:00,CITYFLOW MUMBAI,,,MH46DC7976,40,3.7,250,98,24500,1043,669,374,1.496,101.08108108108108,148.9189189189189,14594.054054054053,,,,,,,,
,3778,2026-06-20 00:00:00,CITYFLOW MUMBAI,,,MH46DC7981,40,3.7,250,98,24500,1102,736,366,1.464,98.91891891891892,151.0810810810811,14805.945945945947,,,,,,,,
,3779,2026-06-20 00:00:00,CITYFLOW MUMBAI,,,MH04MH4725,27,4,70,97.89,6852.3,15050,14720,330,4.714285714285714,82.5,-12.5,-1223.625,,,,,,,,
,3780,2026-06-20 00:00:00,CITYFLOW MUMBAI,,,MH46DC7975,40,3.7,10,98.04,980.4000000000001,950,762,188,18.8,50.81081081081081,-40.81081081081081,-4001.091891891892,,,,,,,,
,3781,2026-06-20 00:00:00,LEAR-CHENNAI,,,TN87H2151,4,,29.91,108.23,3237.1593000000003,86779,86225,554,18.52223336676697,#DIV/0!,#DIV/0!,#DIV/0!,,,,,,,,
,3782,2026-06-20 00:00:00,LEAR-CHENNAI,,,TN87H2004,24,,74.37,100.03,7439.231100000001,77891,77269,622,8.363587468065079,#DIV/0!,#DIV/0!,#DIV/0!,,,,,,,,
,3783,2026-06-20 00:00:00,LEAR-CHENNAI,,,TN87H2067,24,,74.14,100.03,7416.224200000001,76200,75657,543,7.32398165632587,#DIV/0!,#DIV/0!,#DIV/0!,,,,,,,,
,3784,2026-06-20 00:00:00,LEAR-CHENNAI,,,TN87H2083,24,,85.1,100.03,8512.553,155730,155033,697,8.1903642773208,#DIV/0!,#DIV/0!,#DIV/0!,,,,,,,,
,3785,2026-06-20 00:00:00,LEAR-CHENNAI,,,TN87H2058,24,,75.82,100.03,7584.2746,66244,65677,567,7.478237931944078,#DIV/0!,#DIV/0!,#DIV/0!,,,,,,,,
,3786,2026-06-20 00:00:00,LEAR-CHENNAI,,,TN87H1975,32,,78.91,100.03,7893.3673,129183,128637,546,6.919275123558485,#DIV/0!,#DIV/0!,#DIV/0!,,,,,,,,
,3787,2026-06-20 00:00:00,LEAR-CHENNAI,,,TN87H2018,24,,81.3,100.03,8132.438999999999,85624,85010,614,7.552275522755227,#DIV/0!,#DIV/0!,#DIV/0!,,,,,,,,
,3788,2026-06-20 00:00:00,LEAR-CHENNAI,,,TN87H1964,32,,76.44,100.25,7663.11,43660,43256,404,5.285190999476714,#DIV/0!,#DIV/0!,#DIV/0!,,,,,,,,
,3789,2026-06-20 00:00:00,LEAR-CHENNAI,,,TN87H2191,4,,35.25,108.42,3821.805,69523,68952,571,16.19858156028369,#DIV/0!,#DIV/0!,#DIV/0!,,,,,,,,
,3790,2026-06-20 00:00:00,TMBSL,JABBAR PUMP ,NINGARAJ BANKAPUR AND HANUMANTH ,KA25AB7987,55+1,4.5,102,98.63,10060.26,143136,142654,482,4.7254901960784315,107.11111111111111,-5.111111111111114,-504.10888888888917,,,,,,,,
,3791,2026-06-20 00:00:00,TMBSL,JABBAR PUMP ,SHIVARAJ AND NINGARAJ GUTAL,KA25AB7988,55+1,4.5,124,98.63,12230.119999999999,142230,141629,601,4.846774193548387,133.55555555555554,-9.555555555555543,-942.4644444444432,,,,,,,,
680/23-6-26,3792,2026-06-21 00:00:00,JCB,JAYHIND,PRAMOD BARKUL,MH14LL4188,30,6,75,98.21,7365.749999999999,137372,136952,420,5.6,70,5,491.04999999999995,,,,,,,,
,3793,2026-06-21 00:00:00,KB,IOCL,,MH14MT2841,40,5.5,60,98.15,5889,26965,26406,559,9.316666666666666,101.63636363636364,-41.63636363636364,-4086.6090909090917,,,,,,,,
680/23-6-26,3794,2026-06-21 00:00:00,KB,JAYHIND,DHARMA LOKHANDE,MH14HG9380,33,6,100,98.21,9821,291875,291422,453,4.53,75.5,24.5,2406.145,,,,,,,,
680/23-6-26,3795,2026-06-21 00:00:00,KB,JAYHIND,RAJU JAMADAR,MH14HG5617,28,6,90,98.21,8838.9,410151,409733,418,4.644444444444445,69.66666666666667,20.33333333333333,1996.936666666666,,,,,,,,
,3796,2026-06-21 00:00:00,JCB,IOCL,BAPU VAMAN,MH14LL4159,30,6,46,98.3,4521.8,176539,176264,275,5.978260869565218,45.833333333333336,0.1666666666666643,16.3833333333331,,,,,,,,
,3797,2026-06-21 00:00:00,LEAR-CHAKAN,BPCL,VITTHALRAO,MH14LB5821,18,12,40,98.22,3928.8,80605,80230,375,9.375,31.25,8.75,859.425,,,,,,,,
,3798,2026-06-21 00:00:00,LEAR-CHAKAN,BPCL,NIWAS RATHOD,MH14LB5919,18,12,40,98.18,3927.2000000000003,242773,242444,329,8.225,27.416666666666668,12.583333333333332,1235.4316666666666,,,,,,,,
,3799,2026-06-21 00:00:00,BC,SHUBHAM,DANAJI SAKUNDE,MH14LB3846,32,6,20,98.44,1968.8,111260,111043,217,10.85,36.166666666666664,-16.166666666666664,-1591.4466666666665,,,,,,,,
,3800,2026-06-21 00:00:00,BC,SHUBHAM,HIMMAT MURADE,MH14LB8052,7,24,40,98.44,3937.6,105471,105164,307,7.675,12.791666666666666,27.208333333333336,2678.3883333333333,,,,,,,,
,3801,2026-06-21 00:00:00,JCB,SAIEE,ASHOK SUKALE,MH14LL4130,30,6,88,98.59,8675.92,106650,106166,484,5.5,80.66666666666667,7.333333333333329,722.9933333333329,,,,,,,,
,3802,2026-06-21 00:00:00,KB,BPCL,,MH14MT2843,40,5.5,84,98.04,8235.36,25318,24757,561,6.678571428571429,102,-18,-1764.72,,,,,,,,
680/23-6-26,3803,2026-06-21 00:00:00,JCB,JAYHIND,,MH14LL4146,30,6,74,98.21,7267.54,136818,136375,443,5.986486486486487,73.83333333333333,0.1666666666666714,16.368333333333798,,,,,,,,
,3804,2026-06-21 00:00:00,JCB,BPCL,JAGDISH PATIL,MH14LL4189,30,6,70,98.19,6873.3,211360,210974,386,5.514285714285714,64.33333333333333,5.666666666666671,556.4100000000004,,,,,,,,
,3805,2026-06-21 00:00:00,VW,SHUBHAM,MAHADEV MASKE,MH14KA3316,20,8,40,98.44,3937.6,169823,169493,330,8.25,41.25,-1.25,-123.05,,,,,,,,
680/23-6-26,3806,2026-06-21 00:00:00,BA-VENDER,JAYHIND,DINESH,MH14LB9060,18,10,49.02,98.21,4814.2542,0,0,0,0,0,49.02,4814.2542,,,,,,,,
680/23-6-26,3807,2026-06-21 00:00:00,VW,JAYHIND,,MH14KA2816,40,5.5,30,98.21,2946.2999999999997,123507,123043,464,15.466666666666667,84.36363636363636,-54.36363636363636,-5339.052727272727,,,,,,,,
680/23-6-26,3808,2026-06-21 00:00:00,VW,JAYHIND,,MH14KA1744,40,5.5,30,98.21,2946.2999999999997,167236,166971,265,8.833333333333334,48.18181818181818,-18.18181818181818,-1785.6363636363633,,,,,,,,
680/23-6-26,3809,2026-06-21 00:00:00,KB-VENDER,JAYHIND,AYUB JAMADAR,MH14MH5220,40,5.5,93,98.21,9133.529999999999,0,0,0,0,0,93,9133.529999999999,,,,,,,,
680/23-6-26,3810,2026-06-21 00:00:00,KB,JAYHIND,SHIVANCHAL,MH14HG5614,28,6,100,98.21,9821,383015,382359,656,6.56,109.33333333333333,-9.333333333333329,-916.6266666666661,,,,,,,,
,3811,2026-06-21 00:00:00,BC-VENDER,SHUBHAM,Sudhakar Sharad Daptare,MH14KQ5693,20,10,35,98.44,3445.4,0,0,0,0,0,35,3445.4,,,,,,,,
,3812,2026-06-21 00:00:00,CITYFLOW MUMBAI,,,MH04MH3736,27,4,70,98.04,6862.8,32787,32617,170,2.4285714285714284,42.5,27.5,2696.1000000000004,,,,,,,,
,3813,2026-06-21 00:00:00,CITYFLOW MUMBAI,,,MH04MH4719,27,4,80,103.29,8263.2,39339,39125,214,2.675,53.5,26.5,2737.185,,,,,,,,
,3814,2026-06-21 00:00:00,CITYFLOW MUMBAI,,,MH04MH4722,27,4,80,98.04,7843.200000000001,34602,34408,194,2.425,48.5,31.5,3088.26,,,,,,,,
,3815,2026-06-21 00:00:00,CITYFLOW MUMBAI,,,MH04MH5107,27,4,86.71,97.89,8488.0419,29888,29641,247,2.848575712143928,61.75,24.959999999999994,2443.3343999999993,,,,,,,,
,3816,2026-06-21 00:00:00,CITYFLOW MUMBAI,,,MH04MH5287,27,4,55,98,5390,44253,44036,217,3.9454545454545453,54.25,0.75,73.5,,,,,,,,
,3817,2026-06-21 00:00:00,CITYFLOW MUMBAI,,,MH04MH6311,27,4,79.32,98.04,7776.5328,30106,29903,203,2.5592536560766517,50.75,28.569999999999993,2801.0027999999993,,,,,,,,
,3818,2026-06-21 00:00:00,CITYFLOW MUMBAI,,,MH04MH6315,27,4,80,98.04,7843.200000000001,30263,30064,199,2.4875,49.75,30.25,2965.71,,,,,,,,
,3819,2026-06-21 00:00:00,CITYFLOW MUMBAI,,,MH04MH6320,27,4,91.75,97.89,8981.4075,24899,24517,382,4.163487738419619,95.5,-3.75,-367.0875,,,,,,,,
,3820,2026-06-21 00:00:00,LEAR-CHENNAI,,,TN87H1962,32,,76.5,100.25,7669.125,62678,62066,612,8,#DIV/0!,#DIV/0!,#DIV/0!,,,,,,,,
,3821,2026-06-21 00:00:00,LEAR-CHENNAI,,,TN87H1905,32,,83.72,100.25,8392.93,79848,79345,503,6.008122312470139,#DIV/0!,#DIV/0!,#DIV/0!,,,,,,,,
,3822,2026-06-21 00:00:00,LEAR-CHENNAI,,,TN87H1942,32,,80.6,100.03,8062.418,46891,46215,676,8.38709677419355,#DIV/0!,#DIV/0!,#DIV/0!,,,,,,,,
,3823,2026-06-21 00:00:00,LEAR-CHENNAI,,,TN87H1960,32,,57.58,100.03,5759.7274,54780,54324,456,7.919416464050018,#DIV/0!,#DIV/0!,#DIV/0!,,,,,,,,
,3824,2026-06-21 00:00:00,LEAR-CHENNAI,,,TN87H2075,24,,88.42,100.03,8844.6526,94142,93461,681,7.70187740330242,#DIV/0!,#DIV/0!,#DIV/0!,,,,,,,,
,3825,2026-06-21 00:00:00,LEAR-CHENNAI,,,TN87H1931,32,,80.61,100.03,8063.4183,95891,95252,639,7.927056196501675,#DIV/0!,#DIV/0!,#DIV/0!,,,,,,,,
,3826,2026-06-21 00:00:00,LEAR-CHENNAI,,,TN87H1971,32,,84.6,100.03,8462.537999999999,76018,75390,628,7.423167848699764,#DIV/0!,#DIV/0!,#DIV/0!,,,,,,,,
,3827,2026-06-21 00:00:00,LEAR-CHENNAI,,,TN87H1913,32,,77.6,100.03,7762.3279999999995,134886,134335,551,7.100515463917526,#DIV/0!,#DIV/0!,#DIV/0!,,,,,,,,
,3828,2026-06-21 00:00:00,LEAR-CHENNAI,,,TN87H2151,4,,29.45,108.23,3187.3735,87234,86779,455,15.449915110356537,#DIV/0!,#DIV/0!,#DIV/0!,,,,,,,,
,3829,2026-06-21 00:00:00,LEAR-CHENNAI,,,TN87H1975,32,,77.55,100.03,7757.3265,129743,129183,560,7.221147646679562,#DIV/0!,#DIV/0!,#DIV/0!,,,,,,,,
680/23-6-26,3830,2026-06-22 00:00:00,TML,JAYHIND,GANSHAM RAM,MH14CW4610,40,5.5,50,98.21,4910.5,398924,398305,619,12.38,112.54545454545455,-62.54545454545455,-6142.58909090909,,,,,,,,
,3831,2026-06-22 00:00:00,KB,IOCL,,MH14MT2841,40,5.5,96,98.15,9422.400000000001,27239,26965,274,2.8541666666666665,49.81818181818182,46.18181818181818,4532.745454545455,,,,,,,,
,3832,2026-06-22 00:00:00,JCB,IOCL,BAPU VAMAN,MH14LL4159,30,6,15,98.3,1474.5,176633,176539,94,6.266666666666667,15.666666666666666,-0.6666666666666661,-65.53333333333327,,,,,,,,
,3833,2026-06-22 00:00:00,LEAR-CHAKAN,BPCL,NIWAS RATHOD,MH14LB5919,18,12,40,98.18,3927.2000000000003,243085,242773,312,7.8,26,14,1374.52,,,,,,,,
,3834,2026-06-22 00:00:00,JCB-VENDOR,SAIEE,,MH14LL4301,,,49.69,98.59,4898.9371,0,0,0,0,#DIV/0!,#DIV/0!,#DIV/0!,,,,,,,,
,3835,2026-06-22 00:00:00,JCB,SAIEE,,MH14LL4138,30,6,65,98.59,6408.35,164377,164016,361,5.553846153846154,60.166666666666664,4.833333333333336,476.5183333333336,,,,,,,,
,3836,2026-06-22 00:00:00,JCB,SAIEE,,MH14LX1060,50,4,110,98.59,10844.9,32722,32122,600,5.454545454545454,150,-40,-3943.6000000000004,,,,,,,,
,3837,2026-06-22 00:00:00,JCB,SAIEE,SUSHANT SHELAR,MH14LL4145,30,6,77,98.59,7591.43,113381,112918,463,6.012987012987013,77.16666666666667,-0.1666666666666714,-16.431666666667134,,,,,,,,
,3838,2026-06-22 00:00:00,JCB,SAIEE,VIKAS CHAVAN,MH14LL4132,30,6,110.02,98.59,10846.8718,84660,84024,636,5.7807671332485,106,4.019999999999996,396.33179999999965,,,,,,,,
,3839,2026-06-22 00:00:00,JCB-VENDOR,SAIEE,,MH12YB9901,,,42.16,98.59,4156.5544,0,0,0,0,#DIV/0!,#DIV/0!,#DIV/0!,,,,,,,,
,3840,2026-06-22 00:00:00,JCB,SAIEE,PRALHAD VANAVE,MH14LL4148,30,6,75,98.59,7394.25,87328,86982,346,4.613333333333333,57.666666666666664,17.333333333333336,1708.8933333333337,,,,,,,,
,3841,2026-06-22 00:00:00,JCB,SAIEE,REVANATH LANDGE,MH14LL4194,30,6,78.16,98.59,7705.7944,132976,132502,474,6.064483111566019,79,-0.8400000000000034,-82.81560000000034,,,,,,,,
,3842,2026-06-22 00:00:00,JCB,SAIEE,SUNIL BARMUKH,MH14LL4209,30,6,80,98.59,7887.200000000001,79996,79514,482,6.025,80.33333333333333,-0.3333333333333286,-32.86333333333287,,,,,,,,
,3843,2026-06-22 00:00:00,JCB,SAIEE,PRAVIN SABLE,MH14LL4196,18,10,31,98.59,3056.29,85887,85603,284,9.161290322580646,28.4,2.6000000000000014,256.3340000000002,,,,,,,,
,3844,2026-06-22 00:00:00,JCB,SAIEE,SHIDESHWAR KORE,MH14LL4183,30,6,82,98.59,8084.38,95049,94600,449,5.475609756097561,74.83333333333333,7.166666666666671,706.5616666666672,,,,,,,,
,3845,2026-06-22 00:00:00,JCB,SAIEE,DATTA RAUT,MH14LL4121,30,6,26,98.59,2563.34,146777,146621,156,6,26,0,0,,,,,,,,
,3846,2026-06-22 00:00:00,JCB,SAIEE,RANGNATH KHODAVE,MH14LL4129,30,6,93,98.59,9168.87,63315,62760,555,5.967741935483871,92.5,0.5,49.295,,,,,,,,
,3847,2026-06-22 00:00:00,JCB,SAIEE,GANESH MORE,MH14LL4182,30,6,93,98.59,9168.87,54394,53836,558,6,93,0,0,,,,,,,,
,3848,2026-06-22 00:00:00,JCB,SAIEE,SWAPNIL BORATE,MH14MH5755,17,10,45.77,98.59,4512.464300000001,0,0,0,0,0,45.77,4512.464300000001,,,,,,,,
,3849,2026-06-22 00:00:00,JCB,SAIEE,SACHIN RAUT,MH14LL4205,18,10,50,98.59,4929.5,193384,192929,455,9.1,45.5,4.5,443.65500000000003,,,,,,,,
,3850,2026-06-22 00:00:00,JCB,SAIEE,BALAJI RAWALE,MH14LL4199,18,10,41,98.59,4042.19,178615,178249,366,8.926829268292684,36.6,4.399999999999999,433.7959999999999,,,,,,,,
,3851,2026-06-22 00:00:00,JCB,SAIEE,SWAPNIL BORATE,MH14MT5755,17,10,32.45,98.59,3199.2455000000004,0,0,0,0,0,32.45,3199.2455000000004,,,,,,,,
,3852,2026-06-22 00:00:00,JCB,SAIEE,SAINATH GOTAWALE,MH14LL4181,30,6,124,98.59,12225.16,81833,81092,741,5.975806451612903,123.5,0.5,49.295,,,,,,,,
,3853,2026-06-22 00:00:00,JCB,SAIEE,SANTOSH SHINDE,MH14LL4125,30,6,100,98.59,9859,100935,100335,600,6,100,0,0,,,,,,,,
,3854,2026-06-22 00:00:00,HYUNDAI,SAIEE,VISHMBER MUNDE,MH14LX7487,30,6,109,98.59,10746.31,36350,35748,602,5.522935779816514,100.33333333333333,8.666666666666671,854.4466666666672,,,,,,,,
,3855,2026-06-22 00:00:00,JCB,SAIEE,GAJANAN MARSHETTI,MH14LL4197,18,10,46,98.59,4535.14,107952,107533,419,9.108695652173912,41.9,4.100000000000001,404.21900000000016,,,,,,,,
,3856,2026-06-22 00:00:00,MITSUBISHI,SAIEE,,MH14LB2876,18,10,25,98.59,2464.75,102377,102152,225,9,22.5,2.5,246.47500000000002,,,,,,,,
,3857,2026-06-22 00:00:00,HYUNDAI,SAIEE,NAVNATH BHANUSE,MH14LL6272,41,5.5,142,98.59,13999.78,81623,80812,811,5.711267605633803,147.45454545454547,-5.4545454545454675,-537.7636363636376,,,,,,,,
,3858,2026-06-22 00:00:00,BA-VENDER,SAIEE,DATTA DOMBLE,MH14LB2873,36,6,52,98.59,5126.68,0,0,0,0,0,52,5126.68,,,,,,,,
680/23-6-26,3859,2026-06-22 00:00:00,TML,JAYHIND,AMOL,MH14CW3581,36,5.5,90,98.21,8838.9,86792,86233,559,6.211111111111111,101.63636363636364,-11.63636363636364,-1142.8072727272731,,,,,,,,
680/23-6-26,3860,2026-06-22 00:00:00,TML-VENDER,JAYHIND,BORASE,MH14KQ9520,40,5.5,52.85,98.21,5190.3985,0,0,0,0,0,52.85,5190.3985,,,,,,,,
680/23-6-26,3861,2026-06-22 00:00:00,TML,JAYHIND,DILIP BARKAMBE,MH14CW4815,41,5,80,98.21,7856.799999999999,505021,504556,465,5.8125,93,-13,-1276.73,,,,,,,,
680/23-6-26,3862,2026-06-22 00:00:00,TML,JAYHIND,RAMDAS MARANE,MH14CW4822,41,5.5,70,98.21,6874.7,485099,484716,383,5.4714285714285715,69.63636363636364,0.36363636363635976,35.71272727272689,,,,,,,,
680/23-6-26,3863,2026-06-22 00:00:00,KB,JAYHIND,AMOL BANSODE,MH14GD4458,49,4,170,98.21,16695.7,454454,453872,582,3.4235294117647057,145.5,24.5,2406.145,,,,,,,,
680/23-6-26,3864,2026-06-22 00:00:00,TML,JAYHIND,DANRAJ KOLI,MH14CW2905,36,5.5,100,98.21,9821,557478,556989,489,4.89,88.9090909090909,11.090909090909093,1089.238181818182,,,,,,,,
680/23-6-26,3865,2026-06-22 00:00:00,KB-VENDER,JAYHIND,AYUB JAMADAR,MH14LX5220,40,5.5,82.01,98.21,8054.2021,0,0,0,0,0,82.01,8054.2021,,,,,,,,
680/23-6-26,3866,2026-06-22 00:00:00,TML,JAYHIND,,MH14CW3260,36,5,80,98.21,7856.799999999999,436225,435778,447,5.5875,89.4,-9.400000000000006,-923.1740000000005,,,,,,,,
680/23-6-26,3867,2026-06-22 00:00:00,TML,JAYHIND,BALAJI JOGE,MH14CW4611,40,5.5,80,98.21,7856.799999999999,447692,447236,456,5.7,82.9090909090909,-2.9090909090909065,-285.7018181818179,,,,,,,,
680/23-6-26,3868,2026-06-22 00:00:00,KB,JAYHIND,,MH14CW4614,40,5.5,112,98.21,10999.519999999999,286006,285423,583,5.205357142857143,106,6,589.26,,,,,,,,
680/23-6-26,3869,2026-06-22 00:00:00,KB,JAYHIND,PANDURANG WARE,MH14HU0837,28,6,101,98.21,9919.21,351480,350935,545,5.396039603960396,90.83333333333333,10.166666666666671,998.4683333333337,,,,,,,,
680/23-6-26,3870,2026-06-22 00:00:00,KB,JAYHIND,AMOL PAIK,MH14CW3580,36,5.5,130,98.21,12767.3,365774,365222,552,4.246153846153846,100.36363636363636,29.63636363636364,2910.587272727273,,,,,,,,
680/23-6-26,3871,2026-06-22 00:00:00,TML,JAYHIND,SATISH PADWAL,MH14CW2904,36,5.5,100,98.21,9821,401239,400733,506,5.06,92,8,785.68,,,,,,,,
680/23-6-26,3872,2026-06-22 00:00:00,KB-VENDER,JAYHIND,,MH14MT4842,,,102,98.21,10017.42,0,0,0,0,#DIV/0!,#DIV/0!,#DIV/0!,,,,,,,,
680/23-6-26,3873,2026-06-22 00:00:00,LEAR-CHAKAN,JAYHIND,,MH14LB5917,18,12,30,98.21,2946.2999999999997,155148,154753,395,13.166666666666666,32.916666666666664,-2.9166666666666643,-286.4458333333331,,,,,,,,
680/23-6-26,3874,2026-06-22 00:00:00,TML,JAYHIND,MALLIKARJUN BODALE,MH12KQ0265,44,3.5,150,98.21,14731.499999999998,445345,444755,590,3.933333333333333,168.57142857142858,-18.571428571428584,-1823.900000000001,,,,,,,,
680/23-6-26,3875,2026-06-22 00:00:00,KB-VENDER,JAYHIND,VIJAY GAWAI,MH14LB9489,40,5.5,93.89,98.21,9220.936899999999,0,0,0,0,0,93.89,9220.936899999999,,,,,,,,
680/23-6-26,3876,2026-06-22 00:00:00,TML-VENDER,JAYHIND,,MH14MH2897,40,5.5,80,98.21,7856.799999999999,0,0,0,0,0,80,7856.799999999999,,,,,,,,
680/23-6-26,3877,2026-06-22 00:00:00,TML,JAYHIND,KISHOR SHINDE,MH14CW4823,40,5.3,81,98.21,7955.009999999999,561726,561271,455,5.617283950617284,85.84905660377359,-4.84905660377359,-476.22584905660426,,,,,,,,
680/23-6-26,3878,2026-06-22 00:00:00,TML,JAYHIND,SOMNATH KALE,MH14CW2902,36,5.5,115,98.21,11294.15,397076,396640,436,3.791304347826087,79.27272727272727,35.727272727272734,3508.775454545455,,,,,,,,
680/23-6-26,3879,2026-06-22 00:00:00,TML-VENDER,JAYHIND,BORASE,MH14KA9502,40,5.5,95.01,98.21,9330.9321,0,0,0,0,0,95.01,9330.9321,,,,,,,,
680/23-6-26,3880,2026-06-22 00:00:00,BA-VENDER,JAYHIND,VAIBHAV KAWADE,MH14LX8792,17,10,26.83,98.21,2634.9743,0,0,0,0,0,26.83,2634.9743,,,,,,,,
680/23-6-26,3881,2026-06-22 00:00:00,BA-VENDER,JAYHIND,DEVDAS DEKHANE,MH12WR1918,17,10,29.07,98.21,2854.9647,0,0,0,0,0,29.07,2854.9647,,,,,,,,
680/23-6-26,3882,2026-06-22 00:00:00,BC,JAYHIND,DANAJI SAKUNDE,MH14LB3846,32,6,39.01,98.21,3831.1721,111391,111260,131,3.3581133042809537,21.833333333333332,17.176666666666666,1686.9204333333332,,,,,,,,
680/23-6-26,3883,2026-06-22 00:00:00,BC,JAYHIND,YOGESH GAWANDE,MH14LB4534,50,4,65,98.21,6383.65,75358,75040,318,4.892307692307693,79.5,-14.5,-1424.0449999999998,,,,,,,,
680/23-6-26,3884,2026-06-22 00:00:00,BA-VENDER,JAYHIND,DATTA DOMBLE,MH14LB2783,36,6,26.72,98.21,2624.1711999999998,0,0,0,0,0,26.72,2624.1711999999998,,,,,,,,
680/23-6-26,3885,2026-06-22 00:00:00,BC,JAYHIND,SOURABHV BOABADE,MH14LB3989,50,4,60,98.21,5892.599999999999,99335,99189,146,2.433333333333333,36.5,23.5,2307.935,,,,,,,,
680/23-6-26,3886,2026-06-22 00:00:00,BA-VENDER,JAYHIND,SITARAM POL,MH14LB5428,18,12,26.22,98.21,2575.0661999999998,0,0,0,0,0,26.22,2575.0661999999998,,,,,,,,
680/23-6-26,3887,2026-06-22 00:00:00,BC,JAYHIND,ANKIT KAKODIYA,MH14LB3845,32,6,55,98.21,5401.549999999999,95480,95247,233,4.236363636363636,38.833333333333336,16.166666666666664,1587.728333333333,,,,,,,,
680/23-6-26,3888,2026-06-22 00:00:00,BA-VENDER,JAYHIND,VAIBHAV KAWADE,MH14LB8792,17,10,41.43,98.21,4068.8403,0,0,0,0,0,41.43,4068.8403,,,,,,,,
680/23-6-26,3889,2026-06-22 00:00:00,BA-VENDER,JAYHIND,ABHAY HANDE,MH14LL1494,17,10,21.83,98.21,2143.9242999999997,0,0,0,0,0,21.83,2143.9242999999997,,,,,,,,
680/23-6-26,3890,2026-06-22 00:00:00,TML,JAYHIND,SACHIN GAIKWAD,MH14CW4377,37,5,70,98.21,6874.7,225689,225237,452,6.457142857142857,90.4,-20.400000000000006,-2003.4840000000004,,,,,,,,
680/23-6-26,3891,2026-06-22 00:00:00,KB,JAYHIND,DHARMRAJ LOKHANDE,MH14HG9379,33,5.8,60,98.21,5892.599999999999,47586,47253,333,5.55,57.41379310344828,2.5862068965517224,253.99137931034466,,,,,,,,
680/23-6-26,3892,2026-06-22 00:00:00,KB-VENDER,JAYHIND,,MH14HG8154,,,103.3,98.21,10145.092999999999,0,0,0,0,#DIV/0!,#DIV/0!,#DIV/0!,,,,,,,,
680/23-6-26,3893,2026-06-22 00:00:00,TML,JAYHIND,,MH14CW3867,,,70,98.21,6874.7,102002,101621,381,5.442857142857143,#DIV/0!,#DIV/0!,#DIV/0!,,,,,,,,
680/23-6-26,3894,2026-06-22 00:00:00,TML,JAYHIND,SHIVAJI SAWANT,MH14CW4852,39,4.5,103,98.21,10115.63,89547,89096,451,4.378640776699029,100.22222222222223,2.7777777777777715,272.8055555555549,,,,,,,,
680/23-6-26,3895,2026-06-22 00:00:00,TML,JAYHIND,,MH14CW4806,41,5.5,90,98.21,8838.9,406307,405972,335,3.7222222222222223,60.90909090909091,29.090909090909093,2857.018181818182,,,,,,,,
680/23-6-26,3896,2026-06-22 00:00:00,TML,JAYHIND,MANGESH WARKE,MH14CW2906,36,5.5,93,98.21,9133.529999999999,380942,380431,511,5.494623655913978,92.9090909090909,0.09090909090909349,8.928181818182072,,,,,,,,
680/23-6-26,3897,2026-06-22 00:00:00,TML,JAYHIND,RANGNATH,MH14CW4612,40,5.5,95,98.21,9329.949999999999,262814,262461,353,3.7157894736842105,64.18181818181819,30.818181818181813,3026.6536363636355,,,,,,,,
680/23-6-26,3898,2026-06-22 00:00:00,TML,JAYHIND,SACHIN KAMBLE,MH14CW3584,36,5.5,70,98.21,6874.7,508371,508074,297,4.242857142857143,54,16,1571.36,,,,,,,,
680/23-6-26,3899,2026-06-22 00:00:00,LEAR-BHOSARI,JAYHIND,TEJAS,MH14LB6269,18,12,52.84,98.21,5189.4164,54564,54041,523,9.897804693414079,43.583333333333336,9.256666666666668,909.0972333333334,,,,,,,,
680/23-6-26,3900,2026-06-22 00:00:00,LEAR-BHOSARI,JAYHIND,GOPAL PATIL,MH14LB5818,33,6,45,98.21,4419.45,31972,31453,519,11.533333333333333,86.5,-41.5,-4075.7149999999997,,,,,,,,
680/23-6-26,3901,2026-06-22 00:00:00,LEAR-BHOSARI,JAYHIND,NIMBHALKAR,MH14LB6092,18,12,45,98.21,4419.45,49165,48899,266,5.911111111111111,22.166666666666668,22.833333333333332,2242.4616666666666,,,,,,,,
680/23-6-26,3902,2026-06-22 00:00:00,LEAR-BHOSARI,JAYHIND,APPA,MH14LB6095,18,12,45,98.21,4419.45,49888,49444,444,9.866666666666667,37,8,785.68,,,,,,,,
680/23-6-26,3903,2026-06-22 00:00:00,LEAR-BHOSARI,JAYHIND,VITTHAL,MH14LB5820,18,12,44,98.21,4321.24,42329,41931,398,9.045454545454545,33.166666666666664,10.833333333333336,1063.9416666666668,,,,,,,,
680/23-6-26,3904,2026-06-22 00:00:00,KB,JAYHIND,,MH14HG5612,28,6,100,98.21,9821,415471,414895,576,5.76,96,4,392.84,,,,,,,,
680/23-6-26,3905,2026-06-22 00:00:00,KWT,JAYHIND,BHAIRU KAWADE,MH14GD9124,36,6,50,98.21,4910.5,326226,325919,307,6.14,51.166666666666664,-1.1666666666666643,-114.57833333333309,,,,,,,,
680/23-6-26,3906,2026-06-22 00:00:00,TML,JAYHIND,LAXMAN MAHARAJ,MH14CW3266,36,5,90,98.21,8838.9,174263,173778,485,5.388888888888889,97,-7,-687.4699999999999,,,,,,,,
680/23-6-26,3907,2026-06-22 00:00:00,LEAR-BHOSARI,JAYHIND,AKBAR SHAIKH,MH14LB5815,18,12,49.28,98.21,4839.788799999999,46845,46376,469,9.517045454545455,39.083333333333336,10.196666666666665,1001.4146333333332,,,,,,,,
680/23-6-26,3908,2026-06-22 00:00:00,KB,JAYHIND,HANUMTRAO,MH14HG5615,28,6,121.42,98.21,11924.6582,312785,312510,275,2.264865755229781,45.833333333333336,75.58666666666667,7423.366533333334,,,,,,,,
680/23-6-26,3909,2026-06-22 00:00:00,KB,JAYHIND,KESHV PAWADE,MH14GD4460,49,4,135,98.21,13258.349999999999,473904,473445,459,3.4,114.75,20.25,1988.7524999999998,,,,,,,,
680/23-6-26,3910,2026-06-22 00:00:00,KB-VENDER,JAYHIND,AYUB JAMADAR,MH14KQ5220,40,5.5,69.89,98.21,6863.8969,0,0,0,0,0,69.89,6863.8969,,,,,,,,
680/23-6-26,3911,2026-06-22 00:00:00,KB,JAYHIND,SHIVANCHAL,MH14HG5614,28,6,102,98.21,10017.42,383654,383015,639,6.264705882352941,106.5,-4.5,-441.945,,,,,,,,
680/23-6-26,3912,2026-06-22 00:00:00,KB-VENDER,JAYHIND,,MH12ZE6744,,,100,98.21,9821,0,0,0,0,#DIV/0!,#DIV/0!,#DIV/0!,,,,,,,,
680/23-6-26,3913,2026-06-22 00:00:00,TML-VENDER,JAYHIND,,MH14LL9502,,,105.3,98.21,10341.512999999999,0,0,0,0,#DIV/0!,#DIV/0!,#DIV/0!,,,,,,,,
680/23-6-26,3914,2026-06-22 00:00:00,TML,JAYHIND,,MH14CW4802,41,5.3,46,98.21,4517.66,484725,484458,267,5.804347826086956,50.37735849056604,-4.3773584905660385,-429.90037735849063,,,,,,,,
,3915,2026-06-22 00:00:00,BC-VENDER,SHUBHAM,,MH14LX9322,,,30,98.44,2953.2,0,0,0,0,#DIV/0!,#DIV/0!,#DIV/0!,,,,,,,,
,3916,2026-06-22 00:00:00,BC-VENDER,SHUBHAM,,MH14LX9897,17,10,30,98.44,2953.2,0,0,0,0,0,30,2953.2,,,,,,,,
,3917,2026-06-22 00:00:00,BC-VENDER,SHUBHAM,,MH14LQ1600,36,6,30,98.44,2953.2,0,0,0,0,0,30,2953.2,,,,,,,,
,3918,2026-06-22 00:00:00,BC-VENDER,SHUBHAM,,MH14MH1600,36,6,28.64,98.44,2819.3216,0,0,0,0,0,28.64,2819.3216,,,,,,,,
,3919,2026-06-22 00:00:00,BC,SHUBHAM,PAWALE,MH14LB3991,50,4,30,98.44,2953.2,97793,97458,335,11.166666666666666,83.75,-53.75,-5291.15,,,,,,,,
,3920,2026-06-22 00:00:00,BC,SHUBHAM,,MH14LB3849,40,5.5,30,98.44,2953.2,99014,98701,313,10.433333333333334,56.90909090909091,-26.909090909090907,-2648.9309090909087,,,,,,,,
,3921,2026-06-22 00:00:00,BC,SHUBHAM,,MH14LB3985,50,4,40,98.44,3937.6,85582,85440,142,3.55,35.5,4.5,442.98,,,,,,,,
,3922,2026-06-22 00:00:00,BC-VENDER,SHUBHAM,,MH14MH4066,,,30,98.44,2953.2,0,0,0,0,#DIV/0!,#DIV/0!,#DIV/0!,,,,,,,,
,3923,2026-06-22 00:00:00,BC-VENDER,SHUBHAM,Mukund Ramchandra Madvalkar,MH12LB9492,17,10,35,98.44,3445.4,0,0,0,0,0,35,3445.4,,,,,,,,
,3924,2026-06-22 00:00:00,BC,SHUBHAM,SAWPNIL,MH14LB3987,50,4,30,98.44,2953.2,60143,60060,83,2.7666666666666666,20.75,9.25,910.5699999999999,,,,,,,,
,3925,2026-06-22 00:00:00,BC-VENDER,SHUBHAM,Prathmesh Tours & Travels,MH12VF1253,20,10,35,98.44,3445.4,0,0,0,0,0,35,3445.4,,,,,,,,
,3926,2026-06-22 00:00:00,BC,SHUBHAM,BASVARAJ,MH14LL4204,18,10,30,98.44,2953.2,167058,166717,341,11.366666666666667,34.1,-4.100000000000001,-403.60400000000016,,,,,,,,
,3927,2026-06-22 00:00:00,BC,SHUBHAM,,MH14LB3990,50,4,31.34,98.44,3085.1096,73610,73471,139,4.435226547543076,34.75,-3.41,-335.6804,,,,,,,,
,3928,2026-06-22 00:00:00,BC,SHUBHAM,,MH14HG2520,40,5,30,98.44,2953.2,214403,214202,201,6.7,40.2,-10.200000000000003,-1004.0880000000003,,,,,,,,
,3929,2026-06-22 00:00:00,BC-VENDER,SHUBHAM,Mukund Ramchandra Madvalkar,MH14LX9492,17,10,40,98.44,3937.6,0,0,0,0,0,40,3937.6,,,,,,,,
,3930,2026-06-22 00:00:00,JCB,BPCL,NITESH DONGARE,MH14LL4184,30,6,20.36,98.23,1999.9628,140685,140243,442,21.709233791748527,73.66666666666667,-53.30666666666667,-5236.313866666667,,,,,,,,
680/23-6-26,3931,2026-06-22 00:00:00,KB,JAYHIND,,MH14CW2908,36,5.5,130,98.21,12767.3,353146,352461,685,5.269230769230769,124.54545454545455,5.454545454545453,535.6909090909089,,,,,,,,
680/23-6-26,3932,2026-06-22 00:00:00,ADMIN,JAYHIND,BADADE/ SALVE/KAMBLE,MH14DM8003,6,12,41,98.21,4026.6099999999997,293965,293667,298,7.2682926829268295,24.833333333333332,16.166666666666668,1587.7283333333332,,,,,,,,
SP/26-27/3151,3933,2026-06-22 00:00:00,VW,SAMRUDDHI,,MH14KA2557,40,5.5,70,98.57,6899.9,214584,214242,342,4.885714285714286,62.18181818181818,7.81818181818182,770.6381818181819,,,,,,,,
SP/26-27/3151,3934,2026-06-22 00:00:00,VW,SAMRUDDHI,,MH14KA1740,40,5.5,90,98.57,8871.3,180403,179865,538,5.977777777777778,97.81818181818181,-7.818181818181813,-770.6381818181812,,,,,,,,
SP/26-27/3151,3935,2026-06-22 00:00:00,VW,SAMRUDDHI,,MH14KA3312,20,8,36,98.57,3548.5199999999995,231224,230863,361,10.027777777777779,45.125,-9.125,-899.45125,,,,,,,,
SP/26-27/3151,3936,2026-06-22 00:00:00,VW,SAMRUDDHI,,MH14KA1913,40,5.5,82,98.57,8082.74,300490,299899,591,7.2073170731707314,107.45454545454545,-25.454545454545453,-2509.054545454545,,,,,,,,
SP/26-27/3151,3937,2026-06-22 00:00:00,VW,SAMRUDDHI,,MH14KA1880,40,5.5,97,98.57,9561.289999999999,223548,222893,655,6.752577319587629,119.0909090909091,-22.090909090909093,-2177.5009090909093,,,,,,,,
SP/26-27/3151,3938,2026-06-22 00:00:00,VW,SAMRUDDHI,,MH14KA1910,40,5.5,90,98.57,8871.3,157726,157363,363,4.033333333333333,66,24,2365.68,,,,,,,,
SP/26-27/3151,3939,2026-06-22 00:00:00,VW,SAMRUDDHI,,MH14KA2558,40,5.5,70,98.57,6899.9,222222,221635,587,8.385714285714286,106.72727272727273,-36.727272727272734,-3620.207272727273,,,,,,,,
SP/26-27/3151,3940,2026-06-22 00:00:00,VW,SAMRUDDHI,,MH14KA2815,40,5.5,50,98.57,4928.5,195807,195554,253,5.06,46,4,394.28,,,,,,,,
SP/26-27/3151,3941,2026-06-22 00:00:00,VW,SAMRUDDHI,,MH14KA2817,40,5.5,100,98.57,9857,153941,153384,557,5.57,101.27272727272727,-1.2727272727272663,-125.45272727272663,,,,,,,,
SP/26-27/3151,3942,2026-06-22 00:00:00,VW,SAMRUDDHI,,MH14KA1888,40,5.5,75,98.57,7392.749999999999,171715,171303,412,5.493333333333333,74.9090909090909,0.09090909090909349,8.960909090909345,,,,,,,,
SP/26-27/3151,3943,2026-06-22 00:00:00,VW,SAMRUDDHI,,MH14KA2591,40,5.5,35,98.57,3449.95,140350,140188,162,4.628571428571429,29.454545454545453,5.545454545454547,546.6154545454547,,,,,,,,
SP/26-27/3151,3944,2026-06-22 00:00:00,VW,SAMRUDDHI,,MH14KA3010,40,5.5,60,98.57,5914.2,195965,195633,332,5.533333333333333,60.36363636363637,-0.36363636363636687,-35.843636363636676,,,,,,,,
SP/26-27/3151,3945,2026-06-22 00:00:00,VW,SAMRUDDHI,,MH14KA2602,40,5.5,60,98.57,5914.2,168195,167872,323,5.383333333333334,58.72727272727273,1.2727272727272734,125.45272727272733,,,,,,,,
SP/26-27/3151,3946,2026-06-22 00:00:00,VW,SAMRUDDHI,,MH14KA2563,40,5.5,90,98.57,8871.3,139193,138831,362,4.022222222222222,65.81818181818181,24.181818181818187,2383.6018181818185,,,,,,,,
SP/26-27/3151,3947,2026-06-22 00:00:00,VW,SAMRUDDHI,,MH14KA1914,40,5.5,50,98.57,4928.5,128031,127815,216,4.32,39.27272727272727,10.727272727272727,1057.3872727272726,,,,,,,,
SP/26-27/3151,3948,2026-06-22 00:00:00,VW,SAMRUDDHI,,MH14KA1909,40,5.5,60,98.57,5914.2,155987,155615,372,6.2,67.63636363636364,-7.63636363636364,-752.716363636364,,,,,,,,
SP/26-27/3151,3949,2026-06-22 00:00:00,VW,SAMRUDDHI,,MH14KA1883,40,5.5,50,98.57,4928.5,199871,199632,239,4.78,43.45454545454545,6.545454545454547,645.1854545454546,,,,,,,,
SP/26-27/3151,3950,2026-06-22 00:00:00,VW,SAMRUDDHI,,MH14KA2464,40,5.5,70,98.57,6899.9,146155,145762,393,5.614285714285714,71.45454545454545,-1.4545454545454533,-143.3745454545453,,,,,,,,
SP/26-27/3151,3951,2026-06-22 00:00:00,VW,SAMRUDDHI,,MH14KA1879,40,5.5,60,98.57,5914.2,196993,196705,288,4.8,52.36363636363637,7.636363636363633,752.7163636363632,,,,,,,,
SP/26-27/3151,3952,2026-06-22 00:00:00,VW,SAMRUDDHI,,MH14KA2807,40,5.5,80,98.57,7885.599999999999,180302,179872,430,5.375,78.18181818181819,1.818181818181813,179.2181818181813,,,,,,,,
SP/26-27/3151,3953,2026-06-22 00:00:00,LEAR-CHAKAN,SAMRUDDHI,,MH14LB6214,25,7,30,98.57,2957.1,203859,203348,511,17.033333333333335,73,-43,-4238.509999999999,,,,,,,,
SP/26-27/3151,3954,2026-06-22 00:00:00,LEAR-CHAKAN,SAMRUDDHI,SACHIN,MH14LB5914,18,12,30,98.57,2957.1,196365,195825,540,18,45,-15,-1478.55,,,,,,,,
SP/26-27/3151,3955,2026-06-22 00:00:00,LEAR-CHAKAN,SAMRUDDHI,AMOL PATIL,MH14LB5925,18,12,30,98.57,2957.1,132955,132662,293,9.766666666666667,24.416666666666668,5.583333333333332,550.3491666666665,,,,,,,,
SP/26-27/3151,3956,2026-06-22 00:00:00,LEAR-CHAKAN,SAMRUDDHI,,MH14LB5922,18,12,30,98.57,2957.1,142943,142574,369,12.3,30.75,-0.75,-73.9275,,,,,,,,
SP/26-27/3151,3957,2026-06-22 00:00:00,VW,SAMRUDDHI,,MH14KA1886,40,5.5,40,98.57,3942.7999999999997,199641,199386,255,6.375,46.36363636363637,-6.363636363636367,-627.2636363636367,,,,,,,,
SP/26-27/3151,3958,2026-06-22 00:00:00,VW,SAMRUDDHI,,MH14KA1743,40,5.5,60,98.57,5914.2,95626,95617,9,0.15,1.6363636363636365,58.36363636363637,5752.903636363636,,,,,,,,
SP/26-27/3151,3959,2026-06-22 00:00:00,VW,SAMRUDDHI,,MH14KA1765,40,5.5,60,98.57,5914.2,160154,159946,208,3.466666666666667,37.81818181818182,22.18181818181818,2186.4618181818178,,,,,,,,
SP/26-27/3151,3960,2026-06-22 00:00:00,VW,SAMRUDDHI,,MH14KA2935,40,5.5,50,98.57,4928.5,154208,153926,282,5.64,51.27272727272727,-1.2727272727272734,-125.45272727272733,,,,,,,,
SP/26-27/3151,3961,2026-06-22 00:00:00,VW,SAMRUDDHI,,MH14KA2467,40,5.5,70,98.57,6899.9,152270,151872,398,5.685714285714286,72.36363636363636,-2.3636363636363598,-232.98363636363595,,,,,,,,
SP/26-27/3151,3962,2026-06-22 00:00:00,VW,SAMRUDDHI,,MH14KA2810,40,5.5,70,98.57,6899.9,170108,169745,363,5.185714285714286,66,4,394.28,,,,,,,,
SP/26-27/3151,3963,2026-06-22 00:00:00,VW,SAMRUDDHI,,MH14KA1895,40,5.5,70,98.57,6899.9,175673,175258,415,5.928571428571429,75.45454545454545,-5.454545454545453,-537.6545454545453,,,,,,,,
SP/26-27/3151,3964,2026-06-22 00:00:00,VW,SAMRUDDHI,,MH14KA1898,40,5.5,70,98.57,6899.9,169622,169258,364,5.2,66.18181818181819,3.818181818181813,376.35818181818127,,,,,,,,
SP/26-27/3151,3965,2026-06-22 00:00:00,VW,SAMRUDDHI,,MH14KA2554,40,5.5,60,98.57,5914.2,178813,178653,160,2.6666666666666665,29.09090909090909,30.90909090909091,3046.7090909090907,,,,,,,,
SP/26-27/3151,3966,2026-06-22 00:00:00,VW,SAMRUDDHI,,MH14KA1894,40,5.5,70,98.57,6899.9,136127,135749,378,5.4,68.72727272727273,1.2727272727272663,125.45272727272663,,,,,,,,
SP/26-27/3151,3967,2026-06-22 00:00:00,VW,SAMRUDDHI,,MH14KA2814,40,5.5,40,98.57,3942.7999999999997,159388,159156,232,5.8,42.18181818181818,-2.18181818181818,-215.06181818181798,,,,,,,,
SP/26-27/3151,3968,2026-06-22 00:00:00,VW,SAMRUDDHI,,MH14KA1882,40,5.5,100,98.57,9857,166953,166417,536,5.36,97.45454545454545,2.5454545454545467,250.90545454545466,,,,,,,,
SP/26-27/3151,3969,2026-06-22 00:00:00,VW,SAMRUDDHI,,MH14KA2560,40,5.5,60,98.57,5914.2,182176,181953,223,3.716666666666667,40.54545454545455,19.454545454545453,1917.634545454545,,,,,,,,
SP/26-27/3151,3970,2026-06-22 00:00:00,VW,SAMRUDDHI,,MH14KA1890,40,5.5,40,98.57,3942.7999999999997,122391,122163,228,5.7,41.45454545454545,-1.4545454545454533,-143.3745454545453,,,,,,,,
SP/26-27/3151,3971,2026-06-22 00:00:00,VW,SAMRUDDHI,,MH14KA2924,40,5.5,90,98.57,8871.3,121012,120536,476,5.288888888888889,86.54545454545455,3.4545454545454533,340.5145454545453,,,,,,,,
SP/26-27/3151,3972,2026-06-22 00:00:00,VW,SAMRUDDHI,,MH14KA2816,40,5.5,90,98.57,8871.3,123534,123507,27,0.3,4.909090909090909,85.0909090909091,8387.41090909091,,,,,,,,
SP/26-27/3151,3973,2026-06-22 00:00:00,VW,SAMRUDDHI,,MH14KA1897,40,5.5,40,98.57,3942.7999999999997,216810,216598,212,5.3,38.54545454545455,1.4545454545454533,143.3745454545453,,,,,,,,
SP/26-27/3151,3974,2026-06-22 00:00:00,VW,SAMRUDDHI,,MH14KA1742,40,5.5,40,98.57,3942.7999999999997,156727,156533,194,4.85,35.27272727272727,4.727272727272727,465.96727272727264,,,,,,,,
SP/26-27/3151,3975,2026-06-22 00:00:00,VW,SAMRUDDHI,,MH14KA2811,40,5.5,60,98.57,5914.2,189943,189806,137,2.283333333333333,24.90909090909091,35.09090909090909,3458.910909090909,,,,,,,,
680/23-6-26,3976,2026-06-22 00:00:00,KB,JAYHIND,,MH14CW4381,37,5,100,98.21,9821,139595,139004,591,5.91,118.2,-18.200000000000003,-1787.4220000000003,,,,,,,,
680/23-6-26,3977,2026-06-22 00:00:00,JCB,JAYHIND,DANAJI WAIDANDE,MH14LL4201,18,10,51.86,98.21,5093.1705999999995,136258,135707,551,10.62475896644813,55.1,-3.240000000000002,-318.2004000000002,,,,,,,,
,3978,2026-06-22 00:00:00,JCB,IOCL,VIKAS HEMADE,MH14LL4140,30,6,57,98.52,5615.639999999999,175511,175169,342,6,57,0,0,,,,,,,,
,3979,2026-06-22 00:00:00,JCB,BPCL,JAGDISH PATIL,MH14LL4189,30,6,23,98.37,2262.51,211490,211360,130,5.6521739130434785,21.666666666666668,1.3333333333333321,131.15999999999988,,,,,,,,
413/30-6-26,3980,2026-06-22 00:00:00,MERCEDES,PRATIK,,MH14KA9143,32,4,93,98.57,9167.01,96122,95854,268,2.881720430107527,67,26,2562.8199999999997,,,,,,,,
413/30-6-26,3981,2026-06-22 00:00:00,MERCEDES,PRATIK,,MH14LX3723,32,4,100,98.57,9857,30891,30686,205,2.05,51.25,48.75,4805.287499999999,,,,,,,,
413/30-6-26,3982,2026-06-22 00:00:00,MERCEDES,PRATIK,,MH14HU3982,32,4,100,98.57,9857,235410,235211,199,1.99,49.75,50.25,4953.1425,,,,,,,,
413/30-6-26,3983,2026-06-22 00:00:00,MERCEDES,PRATIK,,MH14HG3119,32,4,80,98.57,7885.599999999999,241180,241025,155,1.9375,38.75,41.25,4066.0125,,,,,,,,
413/30-6-26,3984,2026-06-22 00:00:00,MERCEDES,PRATIK,,MH14HU3978,32,4,120,98.57,11828.4,196036,195730,306,2.55,76.5,43.5,4287.795,,,,,,,,
413/30-6-26,3985,2026-06-22 00:00:00,MERCEDES,PRATIK,,MH14HU3981,32,4,60,98.57,5914.2,257203,256929,274,4.566666666666666,68.5,-8.5,-837.8449999999999,,,,,,,,
413/30-6-26,3986,2026-06-22 00:00:00,MERCEDES,PRATIK,,MH14HG3114,32,4,117,98.57,11532.689999999999,233981,233736,245,2.094017094017094,61.25,55.75,5495.277499999999,,,,,,,,
413/30-6-26,3987,2026-06-22 00:00:00,MERCEDES,PRATIK,BALIRAM MOHITE,MH14LX3721,32,4,80,98.57,7885.599999999999,36379,36199,180,2.25,45,35,3449.95,,,,,,,,
413/30-6-26,3988,2026-06-22 00:00:00,MERCEDES,PRATIK,,MH14LX3719,32,4,80,98.57,7885.599999999999,37946,37771,175,2.1875,43.75,36.25,3573.1625,,,,,,,,
413/30-6-26,3989,2026-06-22 00:00:00,MERCEDES,PRATIK,,MH14KA9148,32,4,130,98.57,12814.099999999999,111305,111010,295,2.269230769230769,73.75,56.25,5544.5625,,,,,,,,
413/30-6-26,3990,2026-06-22 00:00:00,MERCEDES,PRATIK,,MH14HG3113,32,4,100,98.57,9857,284781,284539,242,2.42,60.5,39.5,3893.515,,,,,,,,
413/30-6-26,3991,2026-06-22 00:00:00,MERCEDES,PRATIK,,MH14KA9139,32,4,130,98.57,12814.099999999999,116709,116602,107,0.823076923076923,26.75,103.25,10177.352499999999,,,,,,,,
413/30-6-26,3992,2026-06-22 00:00:00,MERCEDES,PRATIK,,MH14LX4885,32,4,120,98.57,11828.4,38772,38491,281,2.341666666666667,70.25,49.75,4903.8575,,,,,,,,
413/30-6-26,3993,2026-06-22 00:00:00,MERCEDES,PRATIK,,MH14HG3116,32,4,110,98.57,10842.699999999999,287207,286841,366,3.327272727272727,91.5,18.5,1823.5449999999998,,,,,,,,
413/30-6-26,3994,2026-06-22 00:00:00,MERCEDES,PRATIK,,MH14KA9152,32,4,90,98.57,8871.3,117960,117796,164,1.8222222222222222,41,49,4829.929999999999,,,,,,,,
413/30-6-26,3995,2026-06-22 00:00:00,MERCEDES,PRATIK,,MH14KA9150,32,4,130,98.57,12814.099999999999,130419,130118,301,2.3153846153846156,75.25,54.75,5396.7074999999995,,,,,,,,
413/30-6-26,3996,2026-06-22 00:00:00,MERCEDES,PRATIK,,MH14HG3112,32,4,120,98.57,11828.4,275762,275604,158,1.3166666666666667,39.5,80.5,7934.884999999999,,,,,,,,
413/30-6-26,3997,2026-06-22 00:00:00,MERCEDES,PRATIK,,MH14LX3720,32,4,100,98.57,9857,36062,35885,177,1.77,44.25,55.75,5495.277499999999,,,,,,,,
413/30-6-26,3998,2026-06-22 00:00:00,MERCEDES,PRATIK,,MH14KA9141,32,4,133,98.57,13109.81,103604,103337,267,2.007518796992481,66.75,66.25,6530.2625,,,,,,,,
413/30-6-26,3999,2026-06-22 00:00:00,MERCEDES,PRATIK,,MH14LX3725,32,4,100,98.57,9857,31054,30860,194,1.94,48.5,51.5,5076.355,,,,,,,,
413/30-6-26,4000,2026-06-22 00:00:00,MERCEDES,PRATIK,,MH14LX3726,32,4,90,98.57,8871.3,34949,34693,256,2.8444444444444446,64,26,2562.8199999999997,,,,,,,,
413/30-6-26,4001,2026-06-22 00:00:00,MERCEDES,PRATIK,,MH14HU3983,32,4,130,98.57,12814.099999999999,188145,187996,149,1.146153846153846,37.25,92.75,9142.367499999998,,,,,,,,
413/30-6-26,4002,2026-06-22 00:00:00,MERCEDES,PRATIK,,MH14KA9138,32,4,120,98.57,11828.4,116401,116172,229,1.9083333333333334,57.25,62.75,6185.2675,,,,,,,,
413/30-6-26,4003,2026-06-22 00:00:00,MERCEDES,PRATIK,,MH14HU3985,50,4,110,98.57,10842.699999999999,188779,188676,103,0.9363636363636364,25.75,84.25,8304.5225,,,,,,,,
413/30-6-26,4004,2026-06-22 00:00:00,MERCEDES,PRATIK,,MH14LX4889,32,4,110,98.57,10842.699999999999,25859,25653,206,1.8727272727272728,51.5,58.5,5766.344999999999,,,,,,,,
413/30-6-26,4005,2026-06-22 00:00:00,VW,PRATIK,,MH14KA2880,40,5.5,100,98.57,9857,151315,150769,546,5.46,99.27272727272727,0.7272727272727337,71.68727272727335,,,,,,,,
413/30-6-26,4006,2026-06-22 00:00:00,MERCEDES,PRATIK,,MH14LX3716,32,4,90,98.57,8871.3,34686,34412,274,3.0444444444444443,68.5,21.5,2119.2549999999997,,,,,,,,
413/30-6-26,4007,2026-06-22 00:00:00,MERCEDES,PRATIK,,MH14LX3718,32,4,90,98.57,8871.3,32452,32157,295,3.2777777777777777,73.75,16.25,1601.7624999999998,,,,,,,,
413/30-6-26,4008,2026-06-22 00:00:00,MERCEDES,PRATIK,,MH14LX4888,32,4,100,98.57,9857,36730,36525,205,2.05,51.25,48.75,4805.287499999999,,,,,,,,
413/30-6-26,4009,2026-06-22 00:00:00,MERCEDES,PRATIK,YASHPAL KAMBLE,MH14HG3115,36,4,110,98.57,10842.699999999999,267670,267302,368,3.3454545454545452,92,18,1774.2599999999998,,,,,,,,
413/30-6-26,4010,2026-06-22 00:00:00,MERCEDES,PRATIK,,MH14LX3714,32,4,80,98.57,7885.599999999999,39750,39555,195,2.4375,48.75,31.25,3080.3125,,,,,,,,
413/30-6-26,4011,2026-06-22 00:00:00,MERCEDES,PRATIK,,MH14LX3713,32,4,100,98.57,9857,51063,50817,246,2.46,61.5,38.5,3794.9449999999997,,,,,,,,
413/30-6-26,4012,2026-06-22 00:00:00,MERCEDES,PRATIK,,MH14LX3712,32,4,90,98.57,8871.3,35812,35777,35,0.3888888888888889,8.75,81.25,8008.812499999999,,,,,,,,
413/30-6-26,4013,2026-06-22 00:00:00,MERCEDES,PRATIK,,MH14HG3117,32,4,90,98.57,8871.3,243766,243677,89,0.9888888888888889,22.25,67.75,6678.117499999999,,,,,,,,
,4014,2026-06-22 00:00:00,CITY FLOW PUNE,HPCL,,MH14MT2064,17,10,65.16,98.19,6398.060399999999,10520,10166,354,5.432780847145488,35.4,29.759999999999998,2922.1344,,,,,,,,
,4015,2026-06-22 00:00:00,CITY FLOW PUNE,HPCL,,MH14MT2065,17,10,59.19,98.19,5811.866099999999,8547,8235,312,5.271160669031931,31.2,27.99,2748.3381,,,,,,,,
,4016,2026-06-22 00:00:00,CITY FLOW PUNE,HPCL,,MH14MT2066,17,10,59.81,98.19,5872.7439,10638,10293,345,5.768266176224711,34.5,25.310000000000002,2485.1889,,,,,,,,
,4017,2026-06-22 00:00:00,CITY FLOW PUNE,HPCL,,MH14MT2067,17,10,53,98.19,5204.07,11462,11143,319,6.018867924528302,31.9,21.1,2071.809,,,,,,,,
,4018,2026-06-22 00:00:00,CITY FLOW PUNE,HPCL,,MH14MT2472,26,4,70,98.19,6873.3,8108,7860,248,3.5428571428571427,62,8,785.52,,,,,,,,
,4019,2026-06-22 00:00:00,CITY FLOW PUNE,HPCL,,MH14MT2473,28,4.75,86.76,98.19,8518.9644,10307,9984,323,3.7229137851544487,68,18.760000000000005,1842.0444000000005,,,,,,,,
,4020,2026-06-22 00:00:00,CITY FLOW PUNE,HPCL,,MH14MT2474,26,4,77.76,98.19,7635.254400000001,8862,8663,199,2.559156378600823,49.75,28.010000000000005,2750.3019000000004,,,,,,,,
,4021,2026-06-22 00:00:00,CITY FLOW PUNE,HPCL,,MH14MT2476,26,4,81.81,98.19,8032.9239,11580,11309,271,3.312553477569979,67.75,14.060000000000002,1380.5514000000003,,,,,,,,
,4022,2026-06-22 00:00:00,CITY FLOW PUNE,HPCL,,MH14MT2477,26,4,74.05,98.19,7270.969499999999,7924,7700,224,3.024983119513842,56,18.049999999999997,1772.3294999999996,,,,,,,,
,4023,2026-06-22 00:00:00,BC,SHUBHAM,PAWALE,MH14LB3991,50,4,40,98.44,3937.6,97962,97793,169,4.225,42.25,-2.25,-221.49,,,,,,,,
,4024,2026-06-22 00:00:00,BC,SHUBHAM,,MH14LB3849,40,5.5,40,98.44,3937.6,99128,99014,114,2.85,20.727272727272727,19.272727272727273,1897.2072727272728,,,,,,,,
,4025,2026-06-22 00:00:00,BC,SHUBHAM,AJINKYA KAMBLE,MH14LB3879,32,6,50,98.44,4922,105405,105130,275,5.5,45.833333333333336,4.166666666666664,410.1666666666664,,,,,,,,
,4026,2026-06-22 00:00:00,BC-VENDER,SHUBHAM,Sudhakar Sharad Daptare,MH14KQ5693,20,10,40,98.44,3937.6,0,0,0,0,0,40,3937.6,,,,,,,,
,4027,2026-06-22 00:00:00,BC-VENDER,SHUBHAM,,MH14LX9322,,,50,98.44,4922,0,0,0,0,#DIV/0!,#DIV/0!,#DIV/0!,,,,,,,,
,4028,2026-06-22 00:00:00,BC-VENDER,SHUBHAM,,MH14MH4066,,,30,98.44,2953.2,0,0,0,0,#DIV/0!,#DIV/0!,#DIV/0!,,,,,,,,
,4029,2026-06-22 00:00:00,BC-VENDER,SHUBHAM,,MH12YQ7251,,,30,98.44,2953.2,0,0,0,0,#DIV/0!,#DIV/0!,#DIV/0!,,,,,,,,
,4030,2026-06-22 00:00:00,BAJAJ WALUJ,HPCL,SAGER,MH20GC8876,50,5,56,99.44,5568.639999999999,123800,123756,44,0.7857142857142857,8.8,47.2,4693.568,,,,,,,,
,4031,2026-06-22 00:00:00,BAJAJ WALUJ,HPCL,GORAKH,MH14CW4805,40,5.5,51,99.44,5071.44,294367,294081,286,5.607843137254902,52,-1,-99.44,,,,,,,,
,4032,2026-06-22 00:00:00,BAJAJ WALUJ,HPCL,JABBAR,MH20GC8872,50,5,51,99.44,5071.44,108750,108452,298,5.8431372549019605,59.6,-8.600000000000001,-855.1840000000001,,,,,,,,
,4033,2026-06-22 00:00:00,BAJAJ WALUJ,HPCL,ARVIND,MH14CW4615,40,5.5,62,99.44,6165.28,304214,303861,353,5.693548387096774,64.18181818181819,-2.181818181818187,-216.96000000000052,,,,,,,,
,4034,2026-06-22 00:00:00,BAJAJ WALUJ,HPCL,SOPAN,MH20GZ5418,50,5,30,99.44,2983.2,9390,9310,80,2.6666666666666665,16,14,1392.1599999999999,,,,,,,,
,4035,2026-06-22 00:00:00,BAJAJ WALUJ,HPCL,LATE,MH20GC8893,50,5,20,99.44,1988.8,101242,101136,106,5.3,21.2,-1.1999999999999993,-119.32799999999993,,,,,,,,
,4036,2026-06-22 00:00:00,BAJAJ WALUJ,HPCL,GAUTAM,MH14CW4813,40,5.5,47,99.44,4673.68,294693,294430,263,5.595744680851064,47.81818181818182,-0.8181818181818201,-81.36000000000018,,,,,,,,
,4037,2026-06-22 00:00:00,BAJAJ WALUJ,HPCL,NARYAN,MH20GC5342,50,5,23,99.44,2287.12,110620,110494,126,5.478260869565218,25.2,-2.1999999999999993,-218.76799999999992,,,,,,,,
,4038,2026-06-22 00:00:00,BAJAJ WALUJ,HPCL,BHAGWAN,MH20GC5417,50,5,38,99.44,3778.72,13091,12879,212,5.578947368421052,42.4,-4.399999999999999,-437.53599999999983,,,,,,,,
,4039,2026-06-22 00:00:00,BAJAJ WALUJ,HPCL,DADARAO,MH14CW4609,40,5.5,65,99.44,6463.599999999999,295553,295193,360,5.538461538461538,65.45454545454545,-0.45454545454545325,-45.19999999999987,,,,,,,,
,4040,2026-06-22 00:00:00,BAJAJ WALUJ,HPCL,SANJAY,MH20GC8879,50,5,70,99.44,6960.8,136978,136835,143,2.0428571428571427,28.6,41.4,4116.816,,,,,,,,
,4041,2026-06-22 00:00:00,BAJAJ WALUJ,HPCL,DAUD,MH14CW4820,40,5.5,40,99.44,3977.6,269889,269662,227,5.675,41.27272727272727,-1.2727272727272734,-126.56000000000006,,,,,,,,
,4042,2026-06-22 00:00:00,BAJAJ WALUJ,HPCL,NAGESH,MH20GC5309,50,5,51,99.44,5071.44,155123,154843,280,5.490196078431373,56,-5,-497.2,,,,,,,,
,4043,2026-06-22 00:00:00,Skoda-vw,SFM,WAHULE,MH20GC2527,40,5,58,99.65,5779.700000000001,61389,60675,714,12.310344827586206,142.8,-84.80000000000001,-8450.320000000002,,,,,,,,
,4044,2026-06-22 00:00:00,Skoda-vw,SFM,GIRI,MH20GC2530,40,5,40,99.65,3986,56444,55822,622,15.55,124.4,-84.4,-8410.460000000001,,,,,,,,
,4045,2026-06-22 00:00:00,Skoda-vw,SFM,BALKRISHNA,MH20GC2531,40,5,40,99.65,3986,45197,44688,509,12.725,101.8,-61.8,-6158.37,,,,,,,,
,4046,2026-06-22 00:00:00,Skoda-vw,SFM,ZUBAIR,MH14KA1892,40,5,40,99.65,3986,62602,62030,572,14.3,114.4,-74.4,-7413.960000000001,,,,,,,,
,4047,2026-06-22 00:00:00,CITYFLOW MUMBAI,,,MH04MH4723,27,4,85,97.89,8320.65,28020,27990,30,0.35294117647058826,7.5,77.5,7586.475,,,,,,,,
,4048,2026-06-22 00:00:00,CITYFLOW MUMBAI,,,MH04MH3731,27,4,72.98,97.89,7144.0122,50728,50466,262,3.5900246642915867,65.5,7.480000000000004,732.2172000000004,,,,,,,,
,4049,2026-06-22 00:00:00,CITYFLOW MUMBAI,,,MH04MH5287,27,4,55,98,5390,44450,44253,197,3.581818181818182,49.25,5.75,563.5,,,,,,,,
,4050,2026-06-22 00:00:00,CITYFLOW MUMBAI,,,MH04MH5289,27,4,94,97.89,9201.66,29592,29133,459,4.882978723404255,114.75,-20.75,-2031.2175,,,,,,,,
,4051,2026-06-22 00:00:00,CITYFLOW MUMBAI,,,MH04MH6308,27,4,70,98.04,6862.8,33839,33520,319,4.557142857142857,79.75,-9.75,-955.8900000000001,,,,,,,,
,4052,2026-06-22 00:00:00,CITYFLOW MUMBAI,,,MH04MH6313,27,4,39,98.07,3824.7299999999996,50136,49921,215,5.512820512820513,53.75,-14.75,-1446.5324999999998,,,,,,,,
,4053,2026-06-22 00:00:00,CITYFLOW MUMBAI,,,MH04MH6316,27,4,20,98,1960,9035,8973,62,3.1,15.5,4.5,441,,,,,,,,
,4054,2026-06-22 00:00:00,CITYFLOW MUMBAI,,,MH04MH6317,27,4,77.16,98.04,7564.7664,37057,36840,217,2.8123379989631934,54.25,22.909999999999997,2246.0964,,,,,,,,
,4055,2026-06-22 00:00:00,CITYFLOW MUMBAI,,,MH04MH6318,27,4,80,98.04,7843.200000000001,35748,35549,199,2.4875,49.75,30.25,2965.71,,,,,,,,
,4056,2026-06-22 00:00:00,CITYFLOW MUMBAI,,,MH04MR5568,17,5.5,65,97.83,6358.95,8272,7971,301,4.630769230769231,54.72727272727273,10.272727272727273,1004.9809090909091,,,,,,,,
,4057,2026-06-22 00:00:00,CITYFLOW MUMBAI,,,MH04MR5596,27,4,71,97.83,6945.93,10830,10565,265,3.732394366197183,66.25,4.75,464.6925,,,,,,,,
,4058,2026-06-22 00:00:00,CITYFLOW MUMBAI,,,MH04MR5860,40,3.7,140,97.83,13696.199999999999,16826,16289,537,3.835714285714286,145.13513513513513,-5.13513513513513,-502.3702702702697,,,,,,,,
,4059,2026-06-22 00:00:00,CITYFLOW MUMBAI,,,MH04MR5863,40,3.7,140,98.15,13741,21002,20532,470,3.357142857142857,127.02702702702702,12.972972972972983,1273.2972972972982,,,,,,,,
,4060,2026-06-22 00:00:00,CITYFLOW MUMBAI,,,MH04MR5864,40,3.7,130,97.83,12717.9,17289,16854,435,3.3461538461538463,117.56756756756756,12.432432432432435,1216.264864864865,,,,,,,,
,4061,2026-06-22 00:00:00,LEAR-CHENNAI,,,TN87H2083,24,,79.77,100.03,7979.393099999999,156403,155730,673,8.436755672558606,#DIV/0!,#DIV/0!,#DIV/0!,,,,,,,,
,4062,2026-06-22 00:00:00,LEAR-CHENNAI,,,TN87H1913,32,,63.86,100.03,6387.9158,135313,134886,427,6.686501722518008,#DIV/0!,#DIV/0!,#DIV/0!,,,,,,,,
,4063,2026-06-22 00:00:00,LEAR-CHENNAI,,,TN87H2067,24,,75,100.03,7502.25,76825,76200,625,8.333333333333334,#DIV/0!,#DIV/0!,#DIV/0!,,,,,,,,
,4064,2026-06-22 00:00:00,LEAR-CHENNAI,,,TN87H2091,24,,63.86,100.03,6387.9158,62759,62242,517,8.095834638271219,#DIV/0!,#DIV/0!,#DIV/0!,,,,,,,,
,4065,2026-06-22 00:00:00,LEAR-CHENNAI,,,TN87H1946,14,,50,100.03,5001.5,50858,50234,624,12.48,#DIV/0!,#DIV/0!,#DIV/0!,,,,,,,,
,4066,2026-06-22 00:00:00,LEAR-CHENNAI,,,TN87H2191,4,,26.84,117.11,3143.2324,69895,69523,372,13.859910581222056,#DIV/0!,#DIV/0!,#DIV/0!,,,,,,,,
,4067,2026-06-22 00:00:00,LEAR-CHENNAI,,,TN87H2151,4,,22.65,117.11,2652.5415,87583,87234,349,15.408388520971304,#DIV/0!,#DIV/0!,#DIV/0!,,,,,,,,
,4068,2026-06-22 00:00:00,LEAR-CHENNAI,,,TN87H2004,24,,71.58,100.03,7160.1474,78508,77891,617,8.619726180497345,#DIV/0!,#DIV/0!,#DIV/0!,,,,,,,,
,4069,2026-06-22 00:00:00,LEAR-CHENNAI,,,TN87H2018,24,,78.27,100.03,7829.348099999999,86222,85624,598,7.640219752140029,#DIV/0!,#DIV/0!,#DIV/0!,,,,,,,,
,4070,2026-06-22 00:00:00,LEAR-CHENNAI,,,TN87H1962,32,,70.19,100.25,7036.5475,63256,62678,578,8.234791280809233,#DIV/0!,#DIV/0!,#DIV/0!,,,,,,,,
,4071,2026-06-22 00:00:00,LEAR-CHENNAI,,,TN87H1960,32,,57.67,100.03,5768.730100000001,55225,54780,445,7.716316975897347,#DIV/0!,#DIV/0!,#DIV/0!,,,,,,,,
,4072,2026-06-22 00:00:00,LEAR-CHENNAI,,,TN87H2075,24,,84.18,100.03,8420.5254,94817,94142,675,8.018531717747683,#DIV/0!,#DIV/0!,#DIV/0!,,,,,,,,
,4073,2026-06-22 00:00:00,LEAR-CHENNAI,,,TN87H1996,32,,76.52,100.03,7654.2955999999995,71798,71245,553,7.2268687924725565,#DIV/0!,#DIV/0!,#DIV/0!,,,,,,,,
,4074,2026-06-22 00:00:00,TMBSL,JABBAR PUMP ,UMESH M AND AKASH ,KA25AB7980,40+1,5.5,100,98.63,9863,120154,119587,567,5.67,103.0909090909091,-3.0909090909090935,-304.8563636363639,,,,,,,,
,4075,2026-06-22 00:00:00,TMBSL,JABBAR PUMP ,ANNAPPA  AND RACHAYYA ,KA25AB7983,55+1,4.5,124,98.63,12230.119999999999,135620,135035,585,4.717741935483871,130,-6,-591.78,,,,,,,,
,4076,2026-06-22 00:00:00,TML,JABBAR PUMP ,NAGARJ NALPOOROSI,KA25AA7674,49+1,4.25,150,98.63,14794.5,322667,322399,268,1.7866666666666666,63.05882352941177,86.94117647058823,8575.008235294117,,,,,,,,
,4077,2026-06-22 00:00:00,TML,JABBAR PUMP ,BASAVARAJ KUNDAGOL,KA25AA1649,49+1,4.25,108,98.63,10652.039999999999,311413,310951,462,4.277777777777778,108.70588235294117,-0.705882352941174,-69.62117647058798,,,,,,,,
,4078,2026-06-22 00:00:00,TMBSL,JABBAR PUMP ,SACHIN AND GANESH ,KA25AB7989,40+1,5.5,104,98.63,10257.52,135472,134872,600,5.769230769230769,109.0909090909091,-5.0909090909090935,-502.1163636363639,,,,,,,,
,4079,2026-06-22 00:00:00,TMBSL,JABBAR PUMP ,LOKESH PATIL,KA25AC0452,55+1,4.5,123,98.63,12131.49,117363,116761,602,4.894308943089431,133.77777777777777,-10.777777777777771,-1063.0122222222215,,,,,,,,
,4080,2026-06-22 00:00:00,TML,JABBAR PUMP ,SHARIF NADAF,KA25AA1642,49+1,4.25,173,98.63,17062.989999999998,294862,294123,739,4.271676300578035,173.88235294117646,-0.8823529411764639,-87.02647058823463,,,,,,,,
,4081,2026-06-22 00:00:00,TMBSL,JABBAR PUMP ,MAHANETSH AND SHASHANK ,KA25AC0453,55+1,4.5,134,98.63,13216.42,80581,79892,689,5.141791044776119,153.11111111111111,-19.111111111111114,-1884.928888888889,,,,,,,,
,4082,2026-06-22 00:00:00,TMBSL,JABBAR PUMP ,MANJUNATH CHINDI AND MALLESH ,KA25AC0057,55+1,4.5,121,98.63,11934.23,95794,95219,575,4.75206611570248,127.77777777777777,-6.7777777777777715,-668.4922222222216,,,,,,,,
,4083,2026-06-22 00:00:00,TML,JABBAR PUMP ,NAGAPPA KARKOPPA ,KA25AA1650,49+1,4.25,171,98.63,16865.73,245896,245166,730,4.269005847953216,171.76470588235293,-0.7647058823529278,-75.42294117646927,,,,,,,,
413/30-6-26,4084,2026-06-23 00:00:00,MERCEDES,PRATIK,,MH14HU3979,32,4,60,98.57,5914.2,206425,206248,177,2.95,44.25,15.75,1552.4775,,,,,,,,
,4085,2026-06-23 00:00:00,JCB,BPCL,BADE,MH14LL4191,30,6,55,98.39,5411.45,107074,106678,396,7.2,66,-11,-1082.29,,,,,,,,
680/23-6-26,4086,2026-06-23 00:00:00,JCB,JAYHIND,SACHIN WAGHMARE,MH14LL4187,30,6,100,98.21,9821,134124,133544,580,5.8,96.66666666666667,3.3333333333333286,327.36666666666616,,,,,,,,
680/23-6-26,4087,2026-06-23 00:00:00,KB,JAYHIND,TEJAS UNDRE,MH14MT2840,40,5.5,67,98.21,6580.07,39765,39365,400,5.970149253731344,72.72727272727273,-5.727272727272734,-562.4754545454551,,,,,,,,
680/23-6-26,4088,2026-06-23 00:00:00,JCB,JAYHIND,BALAJI THOBOLE,MH14LL4195,30,6,87,98.21,8544.269999999999,136535,136011,524,6.022988505747127,87.33333333333333,-0.3333333333333286,-32.7366666666662,,,,,,,,
,4089,2026-06-23 00:00:00,JCB,BPCL,LAHU VANVE,MH14LL4154,30,6,100,98.39,9839,134078,133528,550,5.5,91.66666666666667,8.333333333333329,819.9166666666662,,,,,,,,
,4090,2026-06-23 00:00:00,JCB,BPCL,MANOJ KAMBLE,MH14LL4153,30,6,90,98.39,8855.1,157387,156850,537,5.966666666666667,89.5,0.5,49.195,,,,,,,,
680/23-6-26,4091,2026-06-23 00:00:00,JCB,JAYHIND,AYUB PATHAN,MH14LL4157,30,6,95,98.21,9329.949999999999,144126,143596,530,5.578947368421052,88.33333333333333,6.666666666666671,654.7333333333338,,,,,,,,
,4092,2026-06-23 00:00:00,KB,HPCL,,MH14GD4457,49,4,181,98.27,17786.87,332327,331078,1249,6.900552486187845,312.25,-131.25,-12897.9375,,,,,,,,
680/23-6-26,4093,2026-06-23 00:00:00,JCB,JAYHIND,PRAMOD BARKUL,MH14LL4188,30,6,55,98.21,5401.549999999999,137654,137372,282,5.127272727272727,47,8,785.68,,,,,,,,
680/23-6-26,4094,2026-06-23 00:00:00,KWT,JAYHIND,GOVINDA CHAVAN,MH14GD9102,36,6,50,98.21,4910.5,293775,293497,278,5.56,46.333333333333336,3.6666666666666643,360.10333333333307,,,,,,,,
680/23-6-26,4095,2026-06-23 00:00:00,KB,JAYHIND,DHARMA LOKHANDE,MH14HG9380,33,6,100,98.21,9821,292297,291875,422,4.22,70.33333333333333,29.66666666666667,2913.5633333333335,,,,,,,,
680/23-6-26,4096,2026-06-23 00:00:00,KB,JAYHIND,RAJU JAMADAR,MH14HG5617,28,6,60,98.21,5892.599999999999,410467,410151,316,5.266666666666667,52.666666666666664,7.333333333333336,720.2066666666668,,,,,,,,
,4097,2026-06-23 00:00:00,JCB,SAIEE,SHIDESHWAR KORE,MH14LL4183,30,6,52,98.59,5126.68,95335,95049,286,5.5,47.666666666666664,4.333333333333336,427.2233333333336,,,,,,,,
,4098,2026-06-23 00:00:00,JCB,SAIEE,GAJANAN MARSHETTI,MH14LL4197,18,10,38,98.59,3746.42,108295,107952,343,9.026315789473685,34.3,3.700000000000003,364.7830000000003,,,,,,,,
,4099,2026-06-23 00:00:00,JCB,SAIEE,PRAVIN SABLE,MH14LL4196,18,10,21,98.59,2070.39,86078,85887,191,9.095238095238095,19.1,1.8999999999999986,187.32099999999986,,,,,,,,
,4100,2026-06-23 00:00:00,JCB,SAIEE,DASHRATH BHOITE,MH14LL4192,30,6,91,98.59,8971.69,78806,78260,546,6,91,0,0,,,,,,,,
,4101,2026-06-23 00:00:00,MITSUBISHI,SAIEE,AMIT KAMBLE,MH14LB2875,18,10,50,98.59,4929.5,113869,113435,434,8.68,43.4,6.600000000000001,650.6940000000002,,,,,,,,
,4102,2026-06-23 00:00:00,JCB,SAIEE,ATUL KHARAT,MH14LL4143,30,6,72,98.59,7098.4800000000005,74916,74482,434,6.027777777777778,72.33333333333333,-0.3333333333333286,-32.86333333333287,,,,,,,,
,4103,2026-06-23 00:00:00,HYUNDAI,SAIEE,SANJAY ROUNDHAL,MH14LX2894,40,5.5,115,98.59,11337.85,56955,56325,630,5.478260869565218,114.54545454545455,0.45454545454545325,44.813636363636235,,,,,,,,
,4104,2026-06-23 00:00:00,HYUNDAI,SAIEE,GANESH SHELAR,MH14LX7842,40,5.5,106,98.59,10450.54,36042,35458,584,5.509433962264151,106.18181818181819,-0.18181818181818699,-17.925454545455054,,,,,,,,
,4105,2026-06-23 00:00:00,HYUNDAI,SAIEE,RAJU RATHOD,MH14LX7485,41,5.5,111,98.59,10943.49,39518,38910,608,5.4774774774774775,110.54545454545455,0.45454545454545325,44.813636363636235,,,,,,,,
,4106,2026-06-23 00:00:00,JCB,SAIEE,ASHOK SUKALE,MH14LL4130,30,6,49,98.59,4830.91,106945,106650,295,6.020408163265306,49.166666666666664,-0.1666666666666643,-16.431666666666434,,,,,,,,
,4107,2026-06-23 00:00:00,JCB-VENDOR,SAIEE,,MH14LL4301,,,42.94,98.59,4233.4546,0,0,0,0,#DIV/0!,#DIV/0!,#DIV/0!,,,,,,,,
,4108,2026-06-23 00:00:00,JCB-VENDOR,SAIEE,,MH12YB9901,,,45.73,98.59,4508.5207,0,0,0,0,#DIV/0!,#DIV/0!,#DIV/0!,,,,,,,,
,4109,2026-06-23 00:00:00,JCB,SAIEE,PANDURANG KADAM,MH14CW2890,36,5,78,98.59,7690.02,468005,467578,427,5.4743589743589745,85.4,-7.400000000000006,-729.5660000000006,,,,,,,,
,4110,2026-06-23 00:00:00,JCB,SAIEE,SACHIN RAUT,MH14LL4205,18,10,50,98.59,4929.5,193841,193384,457,9.14,45.7,4.299999999999997,423.9369999999997,,,,,,,,
,4111,2026-06-23 00:00:00,JCB,SAIEE,BALAJI RAWALE,MH14LL4199,18,10,41,98.59,4042.19,178973,178615,358,8.731707317073171,35.8,5.200000000000003,512.6680000000003,,,,,,,,
,4112,2026-06-23 00:00:00,JCB,SAIEE,SWAPNIL BORATE,MH14MH5755,17,10,44.22,98.59,4359.6498,0,0,0,0,0,44.22,4359.6498,,,,,,,,
,4113,2026-06-23 00:00:00,JCB,SAIEE,RAVI WAYKULE,MH14LL4123,30,6,110,98.59,10844.9,130882,130275,607,5.5181818181818185,101.16666666666667,8.833333333333329,870.8783333333329,,,,,,,,
,4114,2026-06-23 00:00:00,JCB,SAIEE,SWAPNIL BORATE,MH14MT5755,17,10,36.08,98.59,3557.1272,0,0,0,0,0,36.08,3557.1272,,,,,,,,
,4115,2026-06-23 00:00:00,JCB,SAIEE,RAJU KHARAT,MH14LL4208,18,10,38.01,98.59,3747.4058999999997,144806,144465,341,8.97132333596422,34.1,3.9099999999999966,385.48689999999965,,,,,,,,
,4116,2026-06-23 00:00:00,JCB,SAIEE,DATTATRAY BIDAVE,MH14LL4128,30,6,135,98.59,13309.65,91217,90846,371,2.748148148148148,61.833333333333336,73.16666666666666,7213.501666666666,,,,,,,,
,4117,2026-06-23 00:00:00,MITSUBISHI,SAIEE,,MH14LB2876,18,10,19,98.59,1873.21,102575,102377,198,10.421052631578947,19.8,-0.8000000000000007,-78.87200000000007,,,,,,,,
,4118,2026-06-23 00:00:00,MITSUBISHI,SAIEE,SANTOSH CHAVAN,MH14LB2874,33,6,54,98.59,5323.860000000001,74698,74376,322,5.962962962962963,53.666666666666664,0.3333333333333357,32.86333333333357,,,,,,,,
,4119,2026-06-23 00:00:00,JCB,SAIEE,YOURAJ WAGH,MH14LL4179,30,6,124,98.59,12225.16,112116,111371,745,6.008064516129032,124.16666666666667,-0.1666666666666714,-16.431666666667134,,,,,,,,
,4120,2026-06-23 00:00:00,JCB,SAIEE,,MH14GD5136,36,6,64,98.59,6309.76,451605,451220,385,6.015625,64.16666666666667,-0.1666666666666714,-16.431666666667134,,,,,,,,
,4121,2026-06-23 00:00:00,JCB,SAIEE,DAYNESHWAR GAVALI,MH14LL4139,30,6,77,98.59,7591.43,131681,131241,440,5.714285714285714,73.33333333333333,3.6666666666666714,361.4966666666671,,,,,,,,
,4122,2026-06-23 00:00:00,JCB,SAIEE,GANESH KALOKHE,MH14LL4180,30,6,60,98.59,5915.400000000001,81459,81099,360,6,60,0,0,,,,,,,,
,4123,2026-06-23 00:00:00,LEAR-CHAKAN,BPCL,NIWAS RATHOD,MH14LB5919,18,12,40,98.18,3927.2000000000003,243411,243085,326,8.15,27.166666666666668,12.833333333333332,1259.9766666666667,,,,,,,,
,4124,2026-06-23 00:00:00,JCB,BPCL,NITESH DONGARE,MH14LL4184,30,6,61.08,98.23,5999.8884,141039,140685,354,5.7956777996070725,59,2.0799999999999983,204.31839999999985,,,,,,,,
,4125,2026-06-23 00:00:00,JCB,IOCL,BAPU VAMAN,MH14LL4159,30,6,47,98.3,4620.099999999999,176913,176633,280,5.957446808510638,46.666666666666664,0.3333333333333357,32.7666666666669,,,,,,,,
SP/26-27/3206,4126,2026-06-23 00:00:00,VW,SAMRUDDHI,,MH14KA2557,40,5.5,80,98.57,7885.599999999999,214950,214584,366,4.575,66.54545454545455,13.454545454545453,1326.2145454545453,,,,,,,,
SP/26-27/3206,4127,2026-06-23 00:00:00,VW,SAMRUDDHI,,MH14KA1737,40,5.5,75,98.57,7392.749999999999,165130,164716,414,5.52,75.27272727272727,-0.27272727272726627,-26.882727272726633,,,,,,,,
SP/26-27/3206,4128,2026-06-23 00:00:00,VW,SAMRUDDHI,,MH14KA1901,40,5.5,100,98.57,9857,191719,191238,481,4.81,87.45454545454545,12.545454545454547,1236.6054545454547,,,,,,,,
SP/26-27/3206,4129,2026-06-23 00:00:00,VW,SAMRUDDHI,,MH14KA2923,40,5.5,50,98.57,4928.5,162970,162719,251,5.02,45.63636363636363,4.363636363636367,430.12363636363665,,,,,,,,
SP/26-27/3206,4130,2026-06-23 00:00:00,VW,SAMRUDDHI,,MH14KA2563,40,5.5,90,98.57,8871.3,139520,139193,327,3.6333333333333333,59.45454545454545,30.545454545454547,3010.8654545454547,,,,,,,,
SP/26-27/3206,4131,2026-06-23 00:00:00,VW,SAMRUDDHI,,MH14KA1763,40,5.5,50,98.57,4928.5,126779,126758,21,0.42,3.8181818181818183,46.18181818181818,4552.141818181818,,,,,,,,
SP/26-27/3206,4132,2026-06-23 00:00:00,VW,SAMRUDDHI,,MH14KA1902,40,5.5,100,98.57,9857,170372,169896,476,4.76,86.54545454545455,13.454545454545453,1326.2145454545453,,,,,,,,
SP/26-27/3206,4133,2026-06-23 00:00:00,VW,SAMRUDDHI,,MH14KA1907,40,5.5,100,98.57,9857,204187,203616,571,5.71,103.81818181818181,-3.818181818181813,-376.35818181818127,,,,,,,,
SP/26-27/3206,4134,2026-06-23 00:00:00,VW,SAMRUDDHI,,MH14KA1744,40,5.5,50,98.57,4928.5,167421,167236,185,3.7,33.63636363636363,16.363636363636367,1612.9636363636366,,,,,,,,
SP/26-27/3206,4135,2026-06-23 00:00:00,VW,SAMRUDDHI,,MH14KQ1004,40,5.5,70,98.57,6899.9,85824,85482,342,4.885714285714286,62.18181818181818,7.81818181818182,770.6381818181819,,,,,,,,
SP/26-27/3206,4136,2026-06-23 00:00:00,VW,SAMRUDDHI,,MH14KA2558,40,5.5,80,98.57,7885.599999999999,222587,222222,365,4.5625,66.36363636363636,13.63636363636364,1344.136363636364,,,,,,,,
SP/26-27/3206,4137,2026-06-23 00:00:00,VW,SAMRUDDHI,,MH14KA1499,40,5.5,126,98.57,12419.82,238243,237587,656,5.2063492063492065,119.27272727272727,6.727272727272734,663.1072727272733,,,,,,,,
SP/26-27/3206,4138,2026-06-23 00:00:00,VW,SAMRUDDHI,,MH14KA2808,40,5.5,90,98.57,8871.3,128523,128032,491,5.455555555555556,89.27272727272727,0.7272727272727337,71.68727272727335,,,,,,,,
SP/26-27/3206,4139,2026-06-23 00:00:00,VW,SAMRUDDHI,,MH14KA1879,40,5.5,60,98.57,5914.2,197307,196993,314,5.233333333333333,57.09090909090909,2.9090909090909065,286.7490909090906,,,,,,,,
SP/26-27/3206,4140,2026-06-23 00:00:00,VW,SAMRUDDHI,,MH14KA1912,40,5.5,104,98.57,10251.279999999999,225812,225295,517,4.971153846153846,94,10,985.6999999999999,,,,,,,,
SP/26-27/3206,4141,2026-06-23 00:00:00,VW,SAMRUDDHI,,MH14KA2591,40,5.5,35,98.57,3449.95,140480,140350,130,3.7142857142857144,23.636363636363637,11.363636363636363,1120.1136363636363,,,,,,,,
SP/26-27/3206,4142,2026-06-23 00:00:00,VW,SAMRUDDHI,,MH14KA1764,40,5.5,50,98.57,4928.5,148724,148568,156,3.12,28.363636363636363,21.636363636363637,2132.6963636363635,,,,,,,,
SP/26-27/3206,4143,2026-06-23 00:00:00,VW,SAMRUDDHI,,MH14KA2469,40,5.5,50,98.57,4928.5,142308,142031,277,5.54,50.36363636363637,-0.36363636363636687,-35.843636363636676,,,,,,,,
SP/26-27/3206,4144,2026-06-23 00:00:00,BC,SAMRUDDHI,RAJ KAMBLE,MH14LB4535,50,3.5,60,98.57,5914.2,112822,112720,102,1.7,29.142857142857142,30.857142857142858,3041.5885714285714,,,,,,,,
SP/26-27/3206,4145,2026-06-23 00:00:00,BC,SAMRUDDHI,,MH14LB3986,50,4,69,98.57,6801.33,107796,107644,152,2.2028985507246377,38,31,3055.6699999999996,,,,,,,,
SP/26-27/3206,4146,2026-06-23 00:00:00,VW,SAMRUDDHI,,MH14KA2467,40,5.5,30,98.57,2957.1,152426,152270,156,5.2,28.363636363636363,1.6363636363636367,161.29636363636365,,,,,,,,
SP/26-27/3206,4147,2026-06-23 00:00:00,VW,SAMRUDDHI,,MH14KA2731,40,5.5,70,98.57,6899.9,177237,176759,478,6.828571428571428,86.9090909090909,-16.909090909090907,-1666.7290909090905,,,,,,,,
SP/26-27/3206,4148,2026-06-23 00:00:00,VW,SAMRUDDHI,,MH14KA3310,40,5.5,40,98.57,3942.7999999999997,160147,159782,365,9.125,66.36363636363636,-26.36363636363636,-2598.6636363636358,,,,,,,,
SP/26-27/3206,4149,2026-06-23 00:00:00,VW,SAMRUDDHI,,MH14KA1742,40,5.5,30,98.57,2957.1,156876,156727,149,4.966666666666667,27.09090909090909,2.90909090909091,286.74909090909097,,,,,,,,
SP/26-27/3206,4150,2026-06-23 00:00:00,VW,SAMRUDDHI,,MH14KA1898,40,5.5,50,98.57,4928.5,169857,169622,235,4.7,42.72727272727273,7.272727272727273,716.8727272727273,,,,,,,,
SP/26-27/3206,4151,2026-06-23 00:00:00,VW,SAMRUDDHI,,MH14KA1916,40,5.5,35,98.57,3449.95,138330,138197,133,3.8,24.181818181818183,10.818181818181817,1066.3481818181815,,,,,,,,
SP/26-27/3206,4152,2026-06-23 00:00:00,VW,SAMRUDDHI,,MH14KA1904,40,5.5,70,98.57,6899.9,152305,151948,357,5.1,64.9090909090909,5.0909090909090935,501.8109090909093,,,,,,,,
SP/26-27/3206,4153,2026-06-23 00:00:00,VW,SAMRUDDHI,,MH14KA2809,40,5.5,70,98.57,6899.9,152072,151695,377,5.385714285714286,68.54545454545455,1.4545454545454533,143.3745454545453,,,,,,,,
SP/26-27/3206,4154,2026-06-23 00:00:00,VW,SAMRUDDHI,,MH14KA1886,40,5.5,30,98.57,2957.1,199787,199641,146,4.866666666666666,26.545454545454547,3.4545454545454533,340.5145454545453,,,,,,,,
SP/26-27/3206,4155,2026-06-23 00:00:00,VW,SAMRUDDHI,,MH14KA2818,40,5.5,70,98.57,6899.9,130625,130235,390,5.571428571428571,70.9090909090909,-0.9090909090909065,-89.60909090909065,,,,,,,,
SP/26-27/3206,4156,2026-06-23 00:00:00,VW,SAMRUDDHI,,MH14KA2879,40,5.5,110,98.57,10842.699999999999,196242,195160,1082,9.836363636363636,196.72727272727272,-86.72727272727272,-8548.707272727272,,,,,,,,
SP/26-27/3206,4157,2026-06-23 00:00:00,VW,SAMRUDDHI,,MH14KA2556,40,5.5,70,98.57,6899.9,165224,164863,361,5.1571428571428575,65.63636363636364,4.36363636363636,430.12363636363597,,,,,,,,
SP/26-27/3206,4158,2026-06-23 00:00:00,VW,SAMRUDDHI,,MH14KA3311,20,8,30,98.57,2957.1,168109,167904,205,6.833333333333333,25.625,4.375,431.24375,,,,,,,,
SP/26-27/3206,4159,2026-06-23 00:00:00,VW,SAMRUDDHI,,MH14KA2569,40,5.5,100,98.57,9857,170007,169638,369,3.69,67.0909090909091,32.90909090909091,3243.8490909090906,,,,,,,,
SP/26-27/3206,4160,2026-06-23 00:00:00,VW,SAMRUDDHI,,MH14KA2560,40,5.5,40,98.57,3942.7999999999997,182404,182176,228,5.7,41.45454545454545,-1.4545454545454533,-143.3745454545453,,,,,,,,
SP/26-27/3206,4161,2026-06-23 00:00:00,VW,SAMRUDDHI,MAHADEV MASKE,MH14KA3316,20,8,40,98.57,3942.7999999999997,170133,169823,310,7.75,38.75,1.25,123.21249999999999,,,,,,,,
SP/26-27/3206,4162,2026-06-23 00:00:00,VW,SAMRUDDHI,,MH14KA1890,40,5.5,35,98.57,3449.95,122535,122391,144,4.114285714285714,26.181818181818183,8.818181818181817,869.2081818181816,,,,,,,,
SP/26-27/3206,4163,2026-06-23 00:00:00,VW,SAMRUDDHI,,MH14KA2935,40,5.5,50,98.57,4928.5,154347,154208,139,2.78,25.272727272727273,24.727272727272727,2437.3672727272724,,,,,,,,
SP/26-27/3206,4164,2026-06-23 00:00:00,VW,SAMRUDDHI,,MH14KA2463,40,5.5,50,98.57,4928.5,139432,139136,296,5.92,53.81818181818182,-3.81818181818182,-376.358181818182,,,,,,,,
,4165,2026-06-23 00:00:00,BC,SHUBHAM,,MH14LB3984,50,4,48.24,98.44,4748.7456,57077,56930,147,3.0472636815920398,36.75,11.490000000000002,1131.0756000000001,,,,,,,,
,4166,2026-06-23 00:00:00,BC,SHUBHAM,,MH14GD9106,36,6,40,98.44,3937.6,439681,439492,189,4.725,31.5,8.5,836.74,,,,,,,,
,4167,2026-06-23 00:00:00,BC,SHUBHAM,RAM SHINDE,MH14LB3988,50,4,40,98.44,3937.6,68525,68378,147,3.675,36.75,3.25,319.93,,,,,,,,
,4168,2026-06-23 00:00:00,LEAR-CHAKAN,SHUBHAM,,MH14LB3844,32,6,50,98.44,4922,97791,97542,249,4.98,41.5,8.5,836.74,,,,,,,,
,4169,2026-06-23 00:00:00,BC,SHUBHAM,,MH14GD9126,36,6,50,98.44,4922,453426,453117,309,6.18,51.5,-1.5,-147.66,,,,,,,,
,4170,2026-06-23 00:00:00,BC-VENDER,SHUBHAM,,MH14LX9897,17,10,35,98.44,3445.4,0,0,0,0,0,35,3445.4,,,,,,,,
,4171,2026-06-23 00:00:00,BC-VENDER,SHUBHAM,,MH14LQ1600,36,6,20.89,98.44,2056.4116,0,0,0,0,0,20.89,2056.4116,,,,,,,,
,4172,2026-06-23 00:00:00,BC-VENDER,SHUBHAM,,MH14MT9600,18,10,40,98.44,3937.6,0,0,0,0,0,40,3937.6,,,,,,,,
,4173,2026-06-23 00:00:00,BC,SHUBHAM,,MH14GD9109,36,6,20,98.44,1968.8,309397,309288,109,5.45,18.166666666666668,1.8333333333333321,180.47333333333322,,,,,,,,
,4174,2026-06-23 00:00:00,BC-VENDER,SHUBHAM,Prathmesh Tours & Travels,MH12VF1253,20,10,35,98.44,3445.4,0,0,0,0,0,35,3445.4,,,,,,,,
,4175,2026-06-23 00:00:00,BC-VENDER,SHUBHAM,Mukund Ramchandra Madvalkar,MH12LB9492,17,10,35,98.44,3445.4,0,0,0,0,0,35,3445.4,,,,,,,,
,4176,2026-06-23 00:00:00,BC,SHUBHAM,,MH14LB3985,50,4,36,98.44,3543.84,85723,85582,141,3.9166666666666665,35.25,0.75,73.83,,,,,,,,
,4177,2026-06-23 00:00:00,BC,SHUBHAM,,MH14HG2520,40,5,40,98.44,3937.6,214504,214403,101,2.525,20.2,19.8,1949.112,,,,,,,,
,4178,2026-06-23 00:00:00,BC,SHUBHAM,BASVARAJ,MH14LL4204,18,10,21.83,98.44,2148.9451999999997,167326,167058,268,12.276683463124142,26.8,-4.970000000000002,-489.24680000000023,,,,,,,,
,4179,2026-06-23 00:00:00,LEAR-CHAKAN,HPCL,SACHIN,MH14LB5914,18,12,46.19,98.57,4552.948299999999,196617,196365,252,5.4557263476943065,21,25.189999999999998,2482.9782999999998,,,,,,,,
,4180,2026-06-23 00:00:00,LEAR-CHAKAN,HPCL,NAIKARE,MH14LB6270,40,6,100,98.57,9857,178982,178520,462,4.62,77,23,2267.1099999999997,,,,,,,,
,4181,2026-06-23 00:00:00,LEAR-CHAKAN,HPCL,GANPAT,MH14LB6215,25,7,65.04,98.57,6410.9928,123759,123521,238,3.659286592865928,34,31.040000000000006,3059.6128000000003,,,,,,,,
,4182,2026-06-23 00:00:00,LEAR-CHAKAN,HPCL,,MH14LB5922,18,12,50,98.57,4928.5,143140,142943,197,3.94,16.416666666666668,33.58333333333333,3310.309166666666,,,,,,,,
,4183,2026-06-23 00:00:00,LEAR-CHAKAN,HPCL,SUDAM SHEJUL,MH14LB6211,25,7,50,98.57,4928.5,99363,98936,427,8.54,61,-11,-1084.27,,,,,,,,
,4184,2026-06-23 00:00:00,LEAR-CHAKAN,HPCL,SURESH,MH14LB6213,50,5,70,98.57,6899.9,135783,135396,387,5.5285714285714285,77.4,-7.400000000000006,-729.4180000000005,,,,,,,,
,4185,2026-06-23 00:00:00,LEAR-CHAKAN,HPCL,AMOL PATIL,MH14LB5925,18,12,32.25,98.57,3178.8824999999997,133138,132955,183,5.674418604651163,15.25,17,1675.6899999999998,,,,,,,,
,4186,2026-06-23 00:00:00,BC,HPCL,,MH14GD9122,36,5.5,43.01,98.57,4239.4956999999995,521356,521037,319,7.41687979539642,58,-14.990000000000002,-1477.5643,,,,,,,,
,4187,2026-06-23 00:00:00,LEAR-CHAKAN,HPCL,VITTHALRAO,MH14LB5821,18,12,40,98.57,3942.7999999999997,81082,80605,477,11.925,39.75,0.25,24.6425,,,,,,,,
,4188,2026-06-23 00:00:00,LEAR-CHAKAN,HPCL,,MH14LB5917,18,12,50,98.57,4928.5,155422,155148,274,5.48,22.833333333333332,27.166666666666668,2677.818333333333,,,,,,,,
,4189,2026-06-23 00:00:00,LEAR-CHAKAN,HPCL,SWAGAT JADHAV,MH14LB5967,18,12,30,98.57,2957.1,86221,85865,356,11.866666666666667,29.666666666666668,0.33333333333333215,32.85666666666655,,,,,,,,
,4190,2026-06-23 00:00:00,LEAR-CHAKAN,HPCL,LAXMAN PATIL,MH14LB5915,18,12,50,98.57,4928.5,127138,126710,428,8.56,35.666666666666664,14.333333333333336,1412.8366666666668,,,,,,,,
,4191,2026-06-23 00:00:00,LEAR-CHAKAN,HPCL,,MH14LB6096,18,12,50,98.57,4928.5,51093,50750,343,6.86,28.583333333333332,21.416666666666668,2111.0408333333335,,,,,,,,
,4192,2026-06-23 00:00:00,LEAR-CHAKAN,HPCL,,MH14LB5926,18,12,40,98.57,3942.7999999999997,131594,131233,361,9.025,30.083333333333332,9.916666666666668,977.4858333333334,,,,,,,,
,4193,2026-06-23 00:00:00,LEAR-CHAKAN,HPCL,,MH14LB5916,18,12,39.11,98.57,3855.0726999999997,99120,98845,275,7.0314497570953725,22.916666666666668,16.19333333333333,1596.1768666666665,,,,,,,,
,4194,2026-06-23 00:00:00,LEAR-CHAKAN,HPCL,,MH14LB5918,18,12,40,98.57,3942.7999999999997,120928,120485,443,11.075,36.916666666666664,3.0833333333333357,303.9241666666669,,,,,,,,
,4195,2026-06-23 00:00:00,LEAR-CHAKAN,HPCL,,MH14LB5924,18,12,40,98.57,3942.7999999999997,91504,91106,398,9.95,33.166666666666664,6.833333333333336,673.5616666666668,,,,,,,,
680/23-6-26,4196,2026-06-23 00:00:00,VW,JAYHIND,,MH14KA1879,40,5.5,50,98.21,4910.5,197539,197307,232,4.64,42.18181818181818,7.81818181818182,767.8236363636365,,,,,,,,
680/23-6-26,4197,2026-06-23 00:00:00,TML-VENDER,JAYHIND,,MH14MT4480,,,139.66,98.21,13716.0086,0,0,0,0,#DIV/0!,#DIV/0!,#DIV/0!,,,,,,,,
680/23-6-26,4198,2026-06-23 00:00:00,TML,JAYHIND,,MH14CW2893,36,5.5,90,98.21,8838.9,374829,374290,539,5.988888888888889,98,-8,-785.68,,,,,,,,
,4199,2026-06-23 00:00:00,JCB,IOCL,VIKAS HEMADE,MH14LL4140,30,6,52,98.52,5123.04,175823,175511,312,6,52,0,0,,,,,,,,
,4200,2026-06-23 00:00:00,JCB,BPCL,JAGDISH PATIL,MH14LL4189,30,6,68,98.37,6689.16,211865,211490,375,5.514705882352941,62.5,5.5,541.0350000000001,,,,,,,,
,4201,2026-06-23 00:00:00,CITY FLOW PUNE,HPCL,,MH14MT2475,17,10,97.87,98.19,9609.855300000001,14627,14251,376,3.841831000306529,37.6,60.27,5917.9113,,,,,,,,
,4202,2026-06-23 00:00:00,BAJAJ WALUJ,HPCL,NAKIM,MH20GZ5478,50,5,52,99.44,5170.88,7523,7237,286,5.5,57.2,-5.200000000000003,-517.0880000000003,,,,,,,,
,4203,2026-06-23 00:00:00,BAJAJ WALUJ,HPCL,NIVRUTTI ,MH14KU2284,20,9,39.73,99.44,3950.7511999999997,0,0,0,0,0,39.73,3950.7511999999997,,,,,,,,
,4204,2026-06-23 00:00:00,BAJAJ WALUJ,HPCL,SHAIKH,MH14CW4816,40,5.5,62,99.44,6165.28,305028,304663,365,5.887096774193548,66.36363636363636,-4.36363636363636,-433.9199999999996,,,,,,,,
,4205,2026-06-23 00:00:00,BAJAJ WALUJ,HPCL,RAMESHWAR,MH20GC5307,40,5.5,56,99.44,5568.639999999999,94838,94510,328,5.857142857142857,59.63636363636363,-3.636363636363633,-361.5999999999997,,,,,,,,
,4206,2026-06-23 00:00:00,BAJAJ WALUJ,HPCL,NARYAN,MH20GC5342,50,5,20,99.44,1988.8,110729,110620,109,5.45,21.8,-1.8000000000000007,-178.99200000000008,,,,,,,,
,4207,2026-06-23 00:00:00,BAJAJ WALUJ,HPCL,ABHIJEET,MH20GC5419,50,5,50,99.44,4972,20293,20020,273,5.46,54.6,-4.600000000000001,-457.42400000000015,,,,,,,,
,4208,2026-06-23 00:00:00,BAJAJ WALUJ,HPCL,JABBAR,MH20GC8872,50,5,51,99.44,5071.44,109045,108750,295,5.784313725490196,59,-8,-795.52,,,,,,,,
,4209,2026-06-23 00:00:00,BAJAJ WALUJ,HPCL,LATE,MH20GC8893,50,5,27,99.44,2684.88,101389,101242,147,5.444444444444445,29.4,-2.3999999999999986,-238.65599999999986,,,,,,,,
,4210,2026-06-23 00:00:00,BAJAJ WALUJ,HPCL,SAGER,MH20GC8876,50,5,48,99.44,4773.12,124000,123800,200,4.166666666666667,40,8,795.52,,,,,,,,
,4211,2026-06-23 00:00:00,BAJAJ WALUJ,HPCL,SUDAM,MH14HG5613,32,5.5,62,99.44,6165.28,75234,74851,383,6.17741935483871,69.63636363636364,-7.63636363636364,-759.3600000000004,,,,,,,,
,4212,2026-06-23 00:00:00,BAJAJ WALUJ,HPCL,DAUD,MH14CW4820,40,5.5,35,99.44,3480.4,270085,269889,196,5.6,35.63636363636363,-0.6363636363636331,-63.279999999999674,,,,,,,,
,4213,2026-06-23 00:00:00,BAJAJ WALUJ,HPCL,NAZIR,MH14CW4456,40,5.5,65,99.44,6463.599999999999,294358,294004,354,5.446153846153846,64.36363636363636,0.6363636363636402,63.280000000000385,,,,,,,,
,4214,2026-06-23 00:00:00,BAJAJ WALUJ,HPCL,ASLAM,MH20GC5308,40,5.5,51,99.44,5071.44,98653,98343,310,6.078431372549019,56.36363636363637,-5.363636363636367,-533.3600000000004,,,,,,,,
,4215,2026-06-23 00:00:00,BAJAJ WALUJ,HPCL,DIVTE,MH20GC8873,50,5,65,99.44,6463.599999999999,109211,108870,341,5.246153846153846,68.2,-3.200000000000003,-318.20800000000025,,,,,,,,
,4216,2026-06-23 00:00:00,BAJAJ WALUJ,HPCL,MAJID,MH20EG5161,20,9,46.21,99.44,4595.1224,0,0,0,0,0,46.21,4595.1224,,,,,,,,
,4217,2026-06-23 00:00:00,BAJAJ WALUJ,HPCL,MANGESH,MH20GC8891,50,5,58,99.44,5767.5199999999995,89849,89533,316,5.448275862068965,63.2,-5.200000000000003,-517.0880000000003,,,,,,,,
,4218,2026-06-23 00:00:00,BAJAJ WALUJ,HPCL,AJAY,MH14HU0836,32,5.5,38,99.44,3778.72,319862,319642,220,5.7894736842105265,40,-2,-198.88,,,,,,,,
,4219,2026-06-23 00:00:00,BAJAJ WALUJ,HPCL,ADHE,MH20GC8874,50,5,68,99.44,6761.92,102836,102436,400,5.882352941176471,80,-12,-1193.28,,,,,,,,
,4220,2026-06-23 00:00:00,BAJAJ WALUJ,HPCL,RAJPUT,MH14CW4616,40,5.5,50,99.44,4972,296360,296080,280,5.6,50.90909090909091,-0.9090909090909065,-90.39999999999974,,,,,,,,
,4221,2026-06-23 00:00:00,BAJAJ WALUJ,HPCL,MALODE,MH20GC8878,50,5,50,99.44,4972,99093,98757,336,6.72,67.2,-17.200000000000003,-1710.3680000000002,,,,,,,,
,4222,2026-06-23 00:00:00,BAJAJ WALUJ,HPCL,GUNJAL,MH14CW4824,40,5.5,50,99.44,4972,302097,301817,280,5.6,50.90909090909091,-0.9090909090909065,-90.39999999999974,,,,,,,,
,4223,2026-06-23 00:00:00,BAJAJ WALUJ,HPCL,SANJAY,MH20GC8879,50,5,12,99.44,1193.28,137183,136978,205,17.083333333333332,41,-29,-2883.7599999999998,,,,,,,,
,4224,2026-06-23 00:00:00,BAJAJ WALUJ,HPCL,YOGESH,MH20GC5343,50,5,35,99.44,3480.4,119547,119373,174,4.9714285714285715,34.8,0.20000000000000284,19.888000000000282,,,,,,,,
,4225,2026-06-23 00:00:00,BAJAJ WALUJ,HPCL,AJAY,MH14CW4485,50,3.5,55,99.44,5469.2,56313,56093,220,4,62.857142857142854,-7.857142857142854,-781.3142857142853,,,,,,,,
,4226,2026-06-23 00:00:00,BAJAJ WALUJ,HPCL,ASPAK,MH20GC8875,50,5,60,99.44,5966.4,80360,80031,329,5.483333333333333,65.8,-5.799999999999997,-576.7519999999997,,,,,,,,
,4227,2026-06-23 00:00:00,CITYFLOW MUMBAI,,,MH04MH3731,27,4,78.48,98.04,7694.1792000000005,51027,50728,299,3.809887869520897,74.75,3.730000000000004,365.6892000000004,,,,,,,,
,4228,2026-06-23 00:00:00,CITYFLOW MUMBAI,,,MH04MH3734,27,4,80,97.89,7831.2,25811,25596,215,2.6875,53.75,26.25,2569.6125,,,,,,,,
,4229,2026-06-23 00:00:00,CITYFLOW MUMBAI,,,MH04MH3735,27,4,80,97.89,7831.2,24398,24092,306,3.825,76.5,3.5,342.615,,,,,,,,
,4230,2026-06-23 00:00:00,CITYFLOW MUMBAI,,,MH04MH3741,27,4,86,97.89,8418.54,22373,22092,281,3.2674418604651163,70.25,15.75,1541.7675,,,,,,,,
,4231,2026-06-23 00:00:00,CITYFLOW MUMBAI,,,MH04MH5287,27,4,55,98,5390,44720,44450,270,4.909090909090909,67.5,-12.5,-1225,,,,,,,,
,4232,2026-06-23 00:00:00,CITYFLOW MUMBAI,,,MH04MH6313,27,4,50,98.07,4903.5,50306,50136,170,3.4,42.5,7.5,735.525,,,,,,,,
,4233,2026-06-23 00:00:00,CITYFLOW MUMBAI,,,MH04MH6315,27,4,40,98.04,3921.6000000000004,30556,30263,293,7.325,73.25,-33.25,-3259.8300000000004,,,,,,,,
,4234,2026-06-23 00:00:00,CITYFLOW MUMBAI,,,MH04MR5597,27,4,78.51,97.83,7680.6333,10722,10401,321,4.088651127244937,80.25,-1.7399999999999949,-170.22419999999948,,,,,,,,
,4235,2026-06-23 00:00:00,CITYFLOW MUMBAI,,,MH46DC8236,40,3.7,144,98.07,14122.079999999998,708,680,28,0.19444444444444445,7.5675675675675675,136.43243243243242,13379.928648648647,,,,,,,,
,4236,2026-06-23 00:00:00,LEAR-CHENNAI,,,TN87H2058,24,,75.09,100.03,7511.2527,66793,66244,549,7.3112265281662,#DIV/0!,#DIV/0!,#DIV/0!,,,,,,,,
,4237,2026-06-23 00:00:00,LEAR-CHENNAI,,,TN87H1975,32,,76.32,100.03,7634.289599999999,130291,129743,548,7.180293501048219,#DIV/0!,#DIV/0!,#DIV/0!,,,,,,,,
,4238,2026-06-23 00:00:00,LEAR-CHENNAI,,,TN87H1931,32,,81.99,100.03,8201.4597,96549,95891,658,8.025368947432614,#DIV/0!,#DIV/0!,#DIV/0!,,,,,,,,
,4239,2026-06-23 00:00:00,LEAR-CHENNAI,,,TN87H1942,32,,78.4,100.03,7842.352000000001,47550,46891,659,8.40561224489796,#DIV/0!,#DIV/0!,#DIV/0!,,,,,,,,
,4240,2026-06-23 00:00:00,LEAR-CHENNAI,,,TN87H2089,24,,82.47,100.03,8249.4741,45125,44457,668,8.099915120649934,#DIV/0!,#DIV/0!,#DIV/0!,,,,,,,,
,4241,2026-06-23 00:00:00,LEAR-CHENNAI,,,TN87H1989,14,,53.64,100.03,5365.6092,28214,27602,612,11.409395973154362,#DIV/0!,#DIV/0!,#DIV/0!,,,,,,,,
,4242,2026-06-23 00:00:00,LEAR-CHENNAI,,,TN87H1913,32,,75.34,100.03,7536.260200000001,135869,135313,556,7.379877886912662,#DIV/0!,#DIV/0!,#DIV/0!,,,,,,,,
,4243,2026-06-23 00:00:00,LEAR-CHENNAI,,,TN87H1962,32,,76.69,100.03,7671.3007,63862,63256,606,7.901942886947451,#DIV/0!,#DIV/0!,#DIV/0!,,,,,,,,
,4244,2026-06-23 00:00:00,LEAR-CHENNAI,,,TN87H2083,24,,83.7,100.03,8372.511,157084,156403,681,8.136200716845877,#DIV/0!,#DIV/0!,#DIV/0!,,,,,,,,
,4245,2026-06-23 00:00:00,LEAR-CHENNAI,,,TN87H2088,24,,84.56,100.25,8477.14,57862,57209,653,7.7223273415326394,#DIV/0!,#DIV/0!,#DIV/0!,,,,,,,,
,4246,2026-06-23 00:00:00,TML,JABBAR PUMP ,VINOD T,KA25AA1647,49+1,4.25,153,98.63,15090.39,130479,129825,654,4.2745098039215685,153.88235294117646,-0.8823529411764639,-87.02647058823463,,,,,,,,
,4247,2026-06-23 00:00:00,TMBSL,JABBAR PUMP ,BASAVARAJ S AND NAGU M ,KA25AB7981,40+1,5.5,102,98.63,10060.26,130463,129895,568,5.568627450980392,103.27272727272727,-1.2727272727272663,-125.52909090909027,,,,,,,,
,4248,2026-06-23 00:00:00,TML,JABBAR PUMP ,BASAVARAJ KURRATI ,KA25AA1644,49+1,4.25,104,98.63,10257.52,211438,210994,444,4.269230769230769,104.47058823529412,-0.470588235294116,-46.41411764705865,,,,,,,,
,4249,2026-06-23 00:00:00,TMBSL,JABBAR PUMP ,NAGAPPA GIDAMUDI AND ATMANAND ,KA25AB7984,55+1,4.5,115,98.63,11342.449999999999,147163,146629,534,4.643478260869565,118.66666666666667,-3.6666666666666714,-361.64333333333377,,,,,,,,
,4250,2026-06-23 00:00:00,TML,JABBAR PUMP ,ANAND NANDIHALLI,KA25AA7672,49+1,4.25,100,98.63,9863,136468,136205,263,2.63,61.88235294117647,38.11764705882353,3759.5435294117647,,,,,,,,
,4251,2026-06-23 00:00:00,TML,JABBAR PUMP ,BASAVARAJ KUNDAGOL,KA25AA1649,49+1,4.25,111,98.63,10947.93,311886,311413,473,4.261261261261262,111.29411764705883,-0.29411764705882604,-29.008823529412012,,,,,,,,
,4252,2026-06-24 00:00:00,BC,JAYHIND,ANKIT KAKODIYA,MH14LB3845,32,6,55,98.21,5401.549999999999,95742,95480,262,4.763636363636364,43.666666666666664,11.333333333333336,1113.0466666666669,,,,,,,,
,4253,2026-06-24 00:00:00,VW,JAYHIND,,MH14KA1898,40,5.5,50,98.21,4910.5,170124,169857,267,5.34,48.54545454545455,1.4545454545454533,142.85090909090894,,,,,,,,
,4254,2026-06-24 00:00:00,KB-VENDER,JAYHIND,NILESH,MH14LL9848,40,5.5,80,98.21,7856.799999999999,0,0,0,0,0,80,7856.799999999999,,,,,,,,
,4255,2026-06-24 00:00:00,BA-VENDER,JAYHIND,SITARAM POL,MH14LB5428,18,12,35.08,98.21,3445.2067999999995,0,0,0,0,0,35.08,3445.2067999999995,,,,,,,,
,4256,2026-06-24 00:00:00,BA-VENDER,JAYHIND,DEVDAS DEKHANE,MH12WR1918,17,10,52.04,98.21,5110.8484,0,0,0,0,0,52.04,5110.8484,,,,,,,,
,4257,2026-06-24 00:00:00,MITSUBISHI,JAYHIND,AMIT KAMBLE,MH14LB2875,18,10,43.95,98.21,4316.3295,114279,113869,410,9.328782707622297,41,2.950000000000003,289.71950000000027,,,,,,,,
,4258,2026-06-24 00:00:00,BA-VENDER,JAYHIND,DATTA DOMBLE,MH14LB2783,36,6,50,98.21,4910.5,0,0,0,0,0,50,4910.5,,,,,,,,
,4259,2026-06-24 00:00:00,KWT,JAYHIND,ARUN,MH14HG6857,17,10,50,98.21,4910.5,354236,353924,312,6.24,31.2,18.8,1846.348,,,,,,,,
,4260,2026-06-24 00:00:00,KB,JAYHIND,DHARMRAJ LOKHANDE,MH14HG9379,33,5.8,50.14,98.21,4924.2494,47730,47586,144,2.8719585161547667,24.82758620689655,25.31241379310345,2485.9321586206897,,,,,,,,
,4261,2026-06-24 00:00:00,TML-VENDER,JAYHIND,,MH14MT3575,40,5.5,68.02,98.21,6680.244199999999,0,0,0,0,0,68.02,6680.244199999999,,,,,,,,
,4262,2026-06-24 00:00:00,TML,JAYHIND,SACHIN KAMBLE,MH14CW3584,36,5.5,70,98.21,6874.7,508795,508371,424,6.057142857142857,77.0909090909091,-7.0909090909090935,-696.398181818182,,,,,,,,
,4263,2026-06-24 00:00:00,TML,JAYHIND,GAJANAN PATIL,MH14CW2895,36,5.5,100,98.21,9821,425811,425291,520,5.2,94.54545454545455,5.454545454545453,535.6909090909089,,,,,,,,
,4264,2026-06-24 00:00:00,LEAR-BHOSARI,JAYHIND,DINKAR,MH14LB5817,18,12,35.66,98.21,3502.1685999999995,75671,75296,375,10.515984296130119,31.25,4.409999999999997,433.1060999999996,,,,,,,,
,4265,2026-06-24 00:00:00,TML,JAYHIND,SHIVAJI SAWANT,MH14CW4852,39,4.5,70,98.21,6874.7,89963,89547,416,5.942857142857143,92.44444444444444,-22.444444444444443,-2204.268888888889,,,,,,,,
,4266,2026-06-24 00:00:00,KB,JAYHIND,,MH14HG5612,28,6,120,98.21,11785.199999999999,415939,415471,468,3.9,78,42,4124.82,,,,,,,,
,4267,2026-06-24 00:00:00,KB,JAYHIND,HANUMTRAO,MH14HG5615,28,6,60,98.21,5892.599999999999,313134,312785,349,5.816666666666666,58.166666666666664,1.8333333333333357,180.05166666666688,,,,,,,,
,4268,2026-06-24 00:00:00,KB,JAYHIND,SHIVANCHAL,MH14HG5614,28,6,125,98.21,12276.25,383744,383654,90,0.72,15,110,10803.099999999999,,,,,,,,
,4269,2026-06-24 00:00:00,TML,JAYHIND,LAXMAN MAHARAJ,MH14CW3266,36,5,70,98.21,6874.7,174684,174263,421,6.014285714285714,84.2,-14.200000000000003,-1394.582,,,,,,,,
,4270,2026-06-24 00:00:00,KB-VENDER,JAYHIND,,MH12ZE0337,,,57.35,98.21,5632.3435,0,0,0,0,#DIV/0!,#DIV/0!,#DIV/0!,,,,,,,,
,4271,2026-06-24 00:00:00,BA-VENDER,JAYHIND,,MH12ZE2777,30,6,50.5,98.21,4959.605,0,0,0,0,0,50.5,4959.605,,,,,,,,
,4272,2026-06-24 00:00:00,TML,JAYHIND,,MH14CW3256,36,5,126,98.21,12374.46,313799,313229,570,4.523809523809524,114,12,1178.52,,,,,,,,
,4273,2026-06-24 00:00:00,KB,JAYHIND,,MH14CW4381,37,5,110,98.21,10803.099999999999,140191,139595,596,5.418181818181818,119.2,-9.200000000000003,-903.5320000000003,,,,,,,,
,4274,2026-06-24 00:00:00,TML,JAYHIND,,MH14CW4806,41,5.5,95,98.21,9329.949999999999,406620,406307,313,3.294736842105263,56.90909090909091,38.09090909090909,3740.9081818181817,,,,,,,,
,4275,2026-06-24 00:00:00,TML,JAYHIND,,MH14CW2897,36,5.5,80,98.21,7856.799999999999,389157,388606,551,6.8875,100.18181818181819,-20.181818181818187,-1982.056363636364,,,,,,,,
,4276,2026-06-24 00:00:00,TML,JAYHIND,,MH14CW4802,41,5.3,57,98.21,5597.969999999999,485125,484725,400,7.017543859649122,75.47169811320755,-18.47169811320755,-1814.1054716981134,,,,,,,,
,4277,2026-06-24 00:00:00,BA-VENDER,JAYHIND,VAIBHAV KAWADE,MH14LB8792,17,10,60,98.21,5892.599999999999,0,0,0,0,0,60,5892.599999999999,,,,,,,,
,4278,2026-06-24 00:00:00,KB-VENDER,JAYHIND,AYUB JAMADAR,MH14HU5220,40,5.5,86,98.21,8446.06,0,0,0,0,0,86,8446.06,,,,,,,,
,4279,2026-06-24 00:00:00,,JAYHIND,,MH14GD9116,,,98.21,98.21,9645.204099999999,0,0,0,0,#DIV/0!,#DIV/0!,#DIV/0!,,,,,,,,
,4280,2026-06-24 00:00:00,KB-VENDER,JAYHIND,,MH14WX3358,,,88.81,98.21,8722.0301,0,0,0,0,#DIV/0!,#DIV/0!,#DIV/0!,,,,,,,,
,4281,2026-06-24 00:00:00,TML-VENDER,JAYHIND,BORASE,MH14KA9520,40,5.5,97.06,98.21,9532.2626,0,0,0,0,0,97.06,9532.2626,,,,,,,,
,4282,2026-06-24 00:00:00,TML,JAYHIND,AMOL,MH14CW3581,36,5.5,90,98.21,8838.9,87196,86792,404,4.488888888888889,73.45454545454545,16.545454545454547,1624.929090909091,,,,,,,,
,4283,2026-06-24 00:00:00,KB-VENDER,JAYHIND,AYUB JAMADAR,MH14MH5220,40,5.5,66,98.21,6481.86,0,0,0,0,0,66,6481.86,,,,,,,,
,4284,2026-06-24 00:00:00,TML,JAYHIND,DANRAJ KOLI,MH14CW2905,36,5.5,95,98.21,9329.949999999999,557937,557478,459,4.831578947368421,83.45454545454545,11.545454545454547,1133.879090909091,,,,,,,,
,4285,2026-06-24 00:00:00,TML,JAYHIND,DILIP BARKAMBE,MH14CW4815,41,5,80,98.21,7856.799999999999,505421,505021,400,5,80,0,0,,,,,,,,
,4286,2026-06-24 00:00:00,TML,JAYHIND,SOMNATH KALE,MH14CW2902,36,5.5,80,98.21,7856.799999999999,397550,397076,474,5.925,86.18181818181819,-6.181818181818187,-607.1163636363641,,,,,,,,
,4287,2026-06-24 00:00:00,TML-VENDER,JAYHIND,BORASE,MH14KQ9520,40,5.5,75.03,98.21,7368.6963,0,0,0,0,0,75.03,7368.6963,,,,,,,,
,4288,2026-06-24 00:00:00,TML,JAYHIND,BALAJI JOGE,MH14CW4611,40,5.5,83,98.21,8151.429999999999,448160,447692,468,5.63855421686747,85.0909090909091,-2.0909090909090935,-205.34818181818207,,,,,,,,
,4289,2026-06-24 00:00:00,TML,JAYHIND,,MH14CW3260,36,5,83,98.21,8151.429999999999,436664,436225,439,5.289156626506024,87.8,-4.799999999999997,-471.4079999999997,,,,,,,,
,4290,2026-06-24 00:00:00,TML,JAYHIND,RAMDAS MARANE,MH14CW4822,41,5.5,60,98.21,5892.599999999999,485489,485099,390,6.5,70.9090909090909,-10.909090909090907,-1071.3818181818178,,,,,,,,
,4291,2026-06-24 00:00:00,TML,JAYHIND,SATISH PADWAL,MH14CW2904,36,5.5,70,98.21,6874.7,401628,401239,389,5.557142857142857,70.72727272727273,-0.7272727272727337,-71.42545454545518,,,,,,,,
,4292,2026-06-24 00:00:00,TML,JAYHIND,MALLIKARJUN BODALE,MH12KQ0265,44,3.5,145,98.21,14240.449999999999,445850,445345,505,3.4827586206896552,144.28571428571428,0.7142857142857224,70.15000000000079,,,,,,,,
,4293,2026-06-24 00:00:00,KB,JAYHIND,,MH14CW4614,40,5.5,100,98.21,9821,286408,286006,402,4.02,73.0909090909091,26.909090909090907,2642.741818181818,,,,,,,,
,4294,2026-06-24 00:00:00,TML,JAYHIND,GANSHAM RAM,MH14CW4610,40,5.5,60,98.21,5892.599999999999,399245,398924,321,5.35,58.36363636363637,1.6363636363636331,160.7072727272724,,,,,,,,
,4295,2026-06-24 00:00:00,KB-VENDER,JAYHIND,NILESH TATHE,MH14LL4886,40,5.5,73,98.21,7169.33,0,0,0,0,0,73,7169.33,,,,,,,,
,4296,2026-06-24 00:00:00,TML,JAYHIND,KISHOR SHINDE,MH14CW4823,40,5.3,81,98.21,7955.009999999999,562181,561726,455,5.617283950617284,85.84905660377359,-4.84905660377359,-476.22584905660426,,,,,,,,
,4297,2026-06-24 00:00:00,BA-VENDER,JAYHIND,ABHAY HANDE,MH14LL1494,17,10,47.12,98.21,4627.655199999999,0,0,0,0,0,47.12,4627.655199999999,,,,,,,,
,4298,2026-06-24 00:00:00,BC,JAYHIND,LANDAGE,MH14LB3847,40,5.5,70,98.21,6874.7,82070,81535,535,7.642857142857143,97.27272727272727,-27.272727272727266,-2678.4545454545446,,,,,,,,
,4299,2026-06-24 00:00:00,KB,JAYHIND,,MH14MT2843,40,5.5,106.71,98.21,10479.989099999999,25625,25318,307,2.87695623652891,55.81818181818182,50.891818181818174,4998.085463636363,,,,,,,,
,4300,2026-06-24 00:00:00,BA-VENDER,JAYHIND,VAIBHAV KAWADE,MH14LX8792,17,10,36.07,98.21,3542.4347,0,0,0,0,0,36.07,3542.4347,,,,,,,,
,4301,2026-06-24 00:00:00,BA-VENDER,JAYHIND,DINESH,MH14LB9060,18,10,39.48,98.21,3877.3307999999993,0,0,0,0,0,39.48,3877.3307999999993,,,,,,,,
,4302,2026-06-24 00:00:00,BC,JAYHIND,DANAJI SAKUNDE,MH14LB3846,32,6,48.99,98.21,4811.3079,111677,111391,286,5.83792610736885,47.666666666666664,1.3233333333333377,129.96456666666708,,,,,,,,
,4303,2026-06-24 00:00:00,BC,JAYHIND,RAVI TANPURE,MH14LB3843,32,6,79.5,98.21,7807.695,102664,102164,500,6.289308176100629,83.33333333333333,-3.8333333333333286,-376.4716666666662,,,,,,,,
,4304,2026-06-24 00:00:00,JCB,JAYHIND,,MH14LL4146,30,6,87,98.21,8544.269999999999,137345,136818,527,6.057471264367816,87.83333333333333,-0.8333333333333286,-81.8416666666662,,,,,,,,
,4305,2026-06-24 00:00:00,BC,JAYHIND,YOGESH GAWANDE,MH14LB4534,50,4,62,98.21,6089.0199999999995,75660,75358,302,4.870967741935484,75.5,-13.5,-1325.8349999999998,,,,,,,,
,4306,2026-06-24 00:00:00,BC,JAYHIND,SOURABHV BOABADE,MH14LB3989,50,4,70.01,98.21,6875.6821,99575,99335,240,3.428081702613912,60,10.010000000000005,983.0821000000004,,,,,,,,
,4307,2026-06-24 00:00:00,LEAR-CHAKAN,BPCL,NIWAS RATHOD,MH14LB5919,18,12,40,98.18,3927.2000000000003,243741,243411,330,8.25,27.5,12.5,1227.25,,,,,,,,
,4308,2026-06-24 00:00:00,JCB,IOCL,BAPU VAMAN,MH14LL4159,30,6,47,98.3,4620.099999999999,177195,176913,282,6,47,0,0,,,,,,,,
,4309,2026-06-24 00:00:00,JCB,BPCL,NITESH DONGARE,MH14LL4184,30,6,61.08,98.23,5999.8884,141390,141039,351,5.74656188605108,58.5,2.5799999999999983,253.43339999999984,,,,,,,,
,4310,2026-06-24 00:00:00,VW,BPCL,SITARAM BHOR,MH14KA2465,40,5.5,124.4,98.63,12269.572,252802,252008,794,6.382636655948553,144.36363636363637,-19.96363636363637,-1969.0134545454548,,,,,,,,
SP/26-27/3298,4311,2026-06-24 00:00:00,VW,SAMRUDDHI,,MH14KA2562,40,5.5,50,98.57,4928.5,148640,148379,261,5.22,47.45454545454545,2.5454545454545467,250.90545454545466,,,,,,,,
SP/26-27/3298,4312,2026-06-24 00:00:00,VW,SAMRUDDHI,,MH14KA2815,40,5.5,50,98.57,4928.5,196025,195807,218,4.36,39.63636363636363,10.363636363636367,1021.5436363636367,,,,,,,,
SP/26-27/3298,4313,2026-06-24 00:00:00,VW,SAMRUDDHI,,MH14KA2557,40,5.5,50,98.57,4928.5,215184,214950,234,4.68,42.54545454545455,7.454545454545453,734.7945454545453,,,,,,,,
SP/26-27/3298,4314,2026-06-24 00:00:00,VW,SAMRUDDHI,,MH14KA1880,40,5.5,110,98.57,10842.699999999999,224211,223548,663,6.027272727272727,120.54545454545455,-10.545454545454547,-1039.4654545454546,,,,,,,,
SP/26-27/3298,4315,2026-06-24 00:00:00,VW,SAMRUDDHI,,MH14KA1739,40,5.5,90,98.57,8871.3,164451,163967,484,5.377777777777778,88,2,197.14,,,,,,,,
SP/26-27/3298,4316,2026-06-24 00:00:00,VW,SAMRUDDHI,,MH14KA2559,40,5.5,50,98.57,4928.5,149473,149196,277,5.54,50.36363636363637,-0.36363636363636687,-35.843636363636676,,,,,,,,
SP/26-27/3298,4317,2026-06-24 00:00:00,VW,SAMRUDDHI,,MH14KA3315,20,8,40,98.57,3942.7999999999997,153021,152602,419,10.475,52.375,-12.375,-1219.8037499999998,,,,,,,,
SP/26-27/3298,4318,2026-06-24 00:00:00,VW,SAMRUDDHI,,MH14KA2563,40,5.5,80,98.57,7885.599999999999,139835,139520,315,3.9375,57.27272727272727,22.727272727272727,2240.2272727272725,,,,,,,,
SP/26-27/3298,4319,2026-06-24 00:00:00,VW,SAMRUDDHI,,MH14KA1909,40,5.5,80,98.57,7885.599999999999,156448,155987,461,5.7625,83.81818181818181,-3.818181818181813,-376.35818181818127,,,,,,,,
SP/26-27/3298,4320,2026-06-24 00:00:00,VW,SAMRUDDHI,,MH14KA2591,40,5.5,50,98.57,4928.5,140606,140480,126,2.52,22.90909090909091,27.09090909090909,2670.3509090909088,,,,,,,,
SP/26-27/3298,4321,2026-06-24 00:00:00,VW,SAMRUDDHI,,MH14KA1744,40,5.5,50,98.57,4928.5,167615,167421,194,3.88,35.27272727272727,14.727272727272727,1451.6672727272726,,,,,,,,
SP/26-27/3298,4322,2026-06-24 00:00:00,VW,SAMRUDDHI,,MH14KA3010,40,5.5,50,98.57,4928.5,196253,195965,288,5.76,52.36363636363637,-2.363636363636367,-232.98363636363666,,,,,,,,
SP/26-27/3298,4323,2026-06-24 00:00:00,VW,SAMRUDDHI,,MH14KA2810,40,5.5,50,98.57,4928.5,170374,170108,266,5.32,48.36363636363637,1.6363636363636331,161.2963636363633,,,,,,,,
SP/26-27/3298,4324,2026-06-24 00:00:00,VW,SAMRUDDHI,,MH14KA1913,40,5.5,106,98.57,10448.42,301083,300490,593,5.59433962264151,107.81818181818181,-1.818181818181813,-179.2181818181813,,,,,,,,
SP/26-27/3298,4325,2026-06-24 00:00:00,VW,SAMRUDDHI,,MH14KA2558,40,5.5,70,98.57,6899.9,222943,222587,356,5.085714285714285,64.72727272727273,5.272727272727266,519.7327272727266,,,,,,,,
SP/26-27/3298,4326,2026-06-24 00:00:00,VW,SAMRUDDHI,,MH14KA2812,40,5.5,100,98.57,9857,130487,130201,286,2.86,52,48,4731.36,,,,,,,,
SP/26-27/3298,4327,2026-06-24 00:00:00,VW,SAMRUDDHI,,MH14KA2820,40,5.5,80,98.57,7885.599999999999,126721,126261,460,5.75,83.63636363636364,-3.6363636363636402,-358.436363636364,,,,,,,,
SP/26-27/3298,4328,2026-06-24 00:00:00,VW,SAMRUDDHI,,MH14KA2464,40,5.5,60,98.57,5914.2,146454,146155,299,4.983333333333333,54.36363636363637,5.636363636363633,555.5763636363632,,,,,,,,
SP/26-27/3298,4329,2026-06-24 00:00:00,VW,SAMRUDDHI,,MH14KA2925,40,5.5,117,98.57,11532.689999999999,193472,192738,734,6.273504273504273,133.45454545454547,-16.454545454545467,-1621.9245454545467,,,,,,,,
SP/26-27/3298,4330,2026-06-24 00:00:00,VW,SAMRUDDHI,,MH14KA1883,40,5.5,60,98.57,5914.2,200192,199871,321,5.35,58.36363636363637,1.6363636363636331,161.2963636363633,,,,,,,,
SP/26-27/3298,4331,2026-06-24 00:00:00,VW,SAMRUDDHI,,MH14KA2561,40,5.5,50,98.57,4928.5,239003,238772,231,4.62,42,8,788.56,,,,,,,,
SP/26-27/3298,4332,2026-06-24 00:00:00,VW,SAMRUDDHI,,MH14KA1894,40,5.5,70,98.57,6899.9,136470,136127,343,4.9,62.36363636363637,7.636363636363633,752.7163636363632,,,,,,,,
SP/26-27/3298,4333,2026-06-24 00:00:00,VW,SAMRUDDHI,,MH14KA1765,40,5.5,60,98.57,5914.2,160368,160154,214,3.566666666666667,38.90909090909091,21.090909090909093,2078.930909090909,,,,,,,,
SP/26-27/3298,4334,2026-06-24 00:00:00,VW,SAMRUDDHI,,MH14KA1914,40,5.5,35,98.57,3449.95,128207,128031,176,5.0285714285714285,32,3,295.71,,,,,,,,
SP/26-27/3298,4335,2026-06-24 00:00:00,VW,SAMRUDDHI,,MH14KA2811,40,5.5,60,98.57,5914.2,190220,189943,277,4.616666666666666,50.36363636363637,9.636363636363633,949.8563636363632,,,,,,,,
SP/26-27/3298,4336,2026-06-24 00:00:00,VW,SAMRUDDHI,,MH14KA2467,40,5.5,30,98.57,2957.1,152581,152426,155,5.166666666666667,28.181818181818183,1.8181818181818166,179.21818181818165,,,,,,,,
SP/26-27/3298,4337,2026-06-24 00:00:00,VW,SAMRUDDHI,,MH14KA2602,40,5.5,100,98.57,9857,168405,168195,210,2.1,38.18181818181818,61.81818181818182,6093.418181818181,,,,,,,,
SP/26-27/3298,4338,2026-06-24 00:00:00,VW,SAMRUDDHI,,MH14KA2554,40,5.5,100,98.57,9857,179108,178813,295,2.95,53.63636363636363,46.36363636363637,4570.063636363637,,,,,,,,
SP/26-27/3298,4339,2026-06-24 00:00:00,VW,SAMRUDDHI,,MH14KA3312,20,8,40,98.57,3942.7999999999997,231471,231224,247,6.175,30.875,9.125,899.45125,,,,,,,,
SP/26-27/3298,4340,2026-06-24 00:00:00,VW,SAMRUDDHI,,MH14KA2814,40,5.5,60,98.57,5914.2,159700,159388,312,5.2,56.72727272727273,3.2727272727272734,322.5927272727273,,,,,,,,
SP/26-27/3298,4341,2026-06-24 00:00:00,VW,SAMRUDDHI,,MH14KA2463,40,5.5,50,98.57,4928.5,139673,139432,241,4.82,43.81818181818182,6.18181818181818,609.341818181818,,,,,,,,
SP/26-27/3298,4342,2026-06-24 00:00:00,VW,SAMRUDDHI,,MH14KA2880,40,5.5,70,98.57,6899.9,151695,151315,380,5.428571428571429,69.0909090909091,0.9090909090909065,89.60909090909065,,,,,,,,
SP/26-27/3298,4343,2026-06-24 00:00:00,VW,SAMRUDDHI,,MH14KA1742,40,5.5,50,98.57,4928.5,157021,156876,145,2.9,26.363636363636363,23.636363636363637,2329.8363636363633,,,,,,,,
SP/26-27/3298,4344,2026-06-24 00:00:00,VW,SAMRUDDHI,,MH14KA1897,40,5.5,50,98.57,4928.5,217065,216810,255,5.1,46.36363636363637,3.636363636363633,358.4363636363633,,,,,,,,
SP/26-27/3298,4345,2026-06-24 00:00:00,VW,SAMRUDDHI,,MH14KA1915,40,5.5,90,98.57,8871.3,261010,260510,500,5.555555555555555,90.9090909090909,-0.9090909090909065,-89.60909090909065,,,,,,,,
SP/26-27/3298,4346,2026-06-24 00:00:00,VW,SAMRUDDHI,,MH14KA1895,40,5.5,60,98.57,5914.2,176005,175673,332,5.533333333333333,60.36363636363637,-0.36363636363636687,-35.843636363636676,,,,,,,,
SP/26-27/3298,4347,2026-06-24 00:00:00,VW,SAMRUDDHI,,MH14KA3310,40,5.5,20,98.57,1971.3999999999999,160276,160147,129,6.45,23.454545454545453,-3.4545454545454533,-340.5145454545453,,,,,,,,
,4348,2026-06-23 00:00:00,BC-VENDER,SHUBHAM,Sudhakar Sharad Daptare,MH14KQ5693,20,10,30,98.44,2953.2,0,0,0,0,0,30,2953.2,,,,,,,,
,4349,2026-06-24 00:00:00,BC-VENDER,SHUBHAM,Mukund Ramchandra Madvalkar,MH12LB9492,17,10,30,98.44,2953.2,0,0,0,0,0,30,2953.2,,,,,,,,
,4350,2026-06-24 00:00:00,HYUNDAI,SAIEE,,MH14LX2568,40,5.5,113.63,98.59,11202.7817,54677,53969,708,6.230748921939629,128.72727272727272,-15.097272727272724,-1488.440118181818,,,,,,,,
,4351,2026-06-24 00:00:00,JCB,SAIEE,SUSHIL INGALE,MH14LL4193,30,6,91.64,98.59,9034.7876,86577,86005,572,6.241815800960279,95.33333333333333,-3.693333333333328,-364.12573333333285,,,,,,,,
,4352,2026-06-24 00:00:00,JCB,SAIEE,PRAVIN SABLE,MH14LL4196,18,10,23,98.59,2267.57,86291,86078,213,9.26086956521739,21.3,1.6999999999999993,167.60299999999992,,,,,,,,
,4353,2026-06-24 00:00:00,JCB,SAIEE,SHIDESHWAR KORE,MH14LL4183,30,6,40,98.59,3943.6000000000004,95549,95335,214,5.35,35.666666666666664,4.333333333333336,427.2233333333336,,,,,,,,
,4354,2026-06-24 00:00:00,JCB,SAIEE,CHANDRSHING WAGH,MH14LL4156,30,6,60,98.59,5915.400000000001,160507,160091,416,6.933333333333334,69.33333333333333,-9.333333333333329,-920.173333333333,,,,,,,,
,4355,2026-06-24 00:00:00,JCB,SAIEE,,MH14LL4138,30,6,95,98.59,9366.050000000001,164900,164377,523,5.505263157894737,87.16666666666667,7.833333333333329,772.2883333333328,,,,,,,,
,4356,2026-06-24 00:00:00,JCB,SAIEE,HANUMANT GHOLAP,MH14LL4135,30,6,60,98.59,5915.400000000001,130391,129984,407,6.783333333333333,67.83333333333333,-7.833333333333329,-772.2883333333328,,,,,,,,
,4357,2026-06-24 00:00:00,JCB,SAIEE,KETAN POTE,MH14LL4137,30,6,64,98.59,6309.76,92712,92361,351,5.484375,58.5,5.5,542.245,,,,,,,,
,4358,2026-06-24 00:00:00,JCB-VENDOR,SAIEE,,MH14LL4301,,,45.72,98.59,4507.5348,0,0,0,0,#DIV/0!,#DIV/0!,#DIV/0!,,,,,,,,
,4359,2026-06-24 00:00:00,JCB,SAIEE,BALU FALAKE,MH14LL4144,30,6,64,98.59,6309.76,105384,104999,385,6.015625,64.16666666666667,-0.1666666666666714,-16.431666666667134,,,,,,,,
,4360,2026-06-24 00:00:00,JCB,SAIEE,REVANATH LANDGE,MH14LL4194,30,6,64.43,98.59,6352.153700000001,133377,132976,401,6.223808784727611,66.83333333333333,-2.4033333333333218,-236.9446333333322,,,,,,,,
,4361,2026-06-24 00:00:00,JCB,SAIEE,CHANDRAKANT PATTHAR,MH14LL4124,30,6,91.29,98.59,9000.2811,90481,90231,250,2.738525577828897,41.666666666666664,49.62333333333334,4892.364433333334,,,,,,,,
,4362,2026-06-24 00:00:00,JCB,SAIEE,SACHIN RAUT,MH14LL4205,18,10,50,98.59,4929.5,194295,193841,454,9.08,45.4,4.600000000000001,453.5140000000002,,,,,,,,
,4363,2026-06-24 00:00:00,JCB,SAIEE,BALAJI RAWALE,MH14LL4199,18,10,40,98.59,3943.6000000000004,179337,178973,364,9.1,36.4,3.6000000000000014,354.92400000000015,,,,,,,,
,4364,2026-06-24 00:00:00,JCB,SAIEE,SWAPNIL BORATE,MH14MH5755,17,10,45.19,98.59,4455.2821,0,0,0,0,0,45.19,4455.2821,,,,,,,,
,4365,2026-06-24 00:00:00,JCB,SAIEE,SWAPNIL BORATE,MH14MT5755,17,10,39.44,98.59,3888.3896,0,0,0,0,0,39.44,3888.3896,,,,,,,,
,4366,2026-06-24 00:00:00,JCB-VENDOR,SAIEE,VENDOR,MH14HG7555,17,10,45.19,98.59,4455.2821,0,0,0,0,0,45.19,4455.2821,,,,,,,,
,4367,2026-06-24 00:00:00,JCB,SAIEE,BHAGWAT FHAPAL,MH14LL4198,18,10,66,98.59,6506.9400000000005,167712,167048,664,10.06060606060606,66.4,-0.4000000000000057,-39.43600000000056,,,,,,,,
,4368,2026-06-24 00:00:00,JCB,SAIEE,SUNIL WAGH,MH14LL4136,30,6,103,98.59,10154.77,93882,93263,619,6.009708737864078,103.16666666666667,-0.1666666666666714,-16.431666666667134,,,,,,,,
,4369,2026-06-24 00:00:00,JCB,SAIEE,ABDUL SHAIKH,MH14LL4278,30,6,83,98.59,8182.97,49325,48831,494,5.951807228915663,82.33333333333333,0.6666666666666714,65.72666666666714,,,,,,,,
,4370,2026-06-24 00:00:00,MITSUBISHI,SAIEE,RAMDAS DATE,MH14LB2872,33,6,73.01,98.59,7198.055900000001,72946,72518,428,5.8622106560745095,71.33333333333333,1.6766666666666765,165.30256666666764,,,,,,,,
,4371,2026-06-24 00:00:00,BA-VENDER,SAIEE,DATTA DOMBLE,MH14LB2873,36,6,48.07,98.59,4739.2213,0,0,0,0,0,48.07,4739.2213,,,,,,,,
,4372,2026-06-24 00:00:00,MITSUBISHI,SAIEE,,MH14LB2876,18,10,19,98.59,1873.21,102720,102575,145,7.631578947368421,14.5,4.5,443.65500000000003,,,,,,,,
,4373,2026-06-24 00:00:00,JCB,SAIEE,VISHNU YADAV,MH14LL4126,30,6,87,98.59,8577.33,62635,62152,483,5.551724137931035,80.5,6.5,640.835,,,,,,,,
,4374,2026-06-24 00:00:00,JCB,SAIEE,,MH14LL4134,30,6,30,98.59,2957.7000000000003,46612,46008,604,20.133333333333333,100.66666666666667,-70.66666666666667,-6967.026666666668,,,,,,,,
,4375,2026-06-24 00:00:00,JCB,SAIEE,ASHOK SUKALE,MH14LL4130,30,6,20,98.59,1971.8000000000002,107273,106945,328,16.4,54.666666666666664,-34.666666666666664,-3417.7866666666664,,,,,,,,
,4376,2026-06-24 00:00:00,JCB,IOCL,VIKAS HEMADE,MH14LL4140,30,6,50,98.52,4926,176123,175823,300,6,50,0,0,,,,,,,,
,4377,2026-06-24 00:00:00,JCB,BPCL,JAGDISH PATIL,MH14LL4189,30,6,63,98.19,6185.97,212211,211865,346,5.492063492063492,57.666666666666664,5.333333333333336,523.6800000000002,,,,,,,,
,4378,2026-06-24 00:00:00,,JAYHIND,,MH14KQ3557,,,90.89,98.21,8926.3069,0,0,0,0,#DIV/0!,#DIV/0!,#DIV/0!,,,,,,,,
,4379,2026-06-24 00:00:00,KB,IOCL,,MH14MT2841,40,5.5,96,98.15,9422.400000000001,27799,27239,560,5.833333333333333,101.81818181818181,-5.818181818181813,-571.054545454545,,,,,,,,
,4380,2026-06-24 00:00:00,,BPCL,,MH14GD4456,40,5.5,179.52,98.04,17600.1408,360995,360513,482,2.6849376114081993,87.63636363636364,91.88363636363637,9008.27170909091,,,,,,,,
,4381,2026-06-24 00:00:00,KWT,JAYHIND,BHAIRU KAWADE,MH14GD9124,36,6,50,98.21,4910.5,326526,326226,300,6,50,0,0,,,,,,,,
,4382,2026-06-24 00:00:00,LEAR-CHAKAN,SHUBHAM,,MH14LB5924,18,12,30,98.44,2953.2,91747,91504,243,8.1,20.25,9.75,959.79,,,,,,,,
,4383,2026-06-24 00:00:00,LEAR-CHAKAN,SHUBHAM,SWAGAT JADHAV,MH14LB5967,18,12,30,98.44,2953.2,86426,86221,205,6.833333333333333,17.083333333333332,12.916666666666668,1271.5166666666667,,,,,,,,
,4384,2026-06-24 00:00:00,LEAR-CHAKAN,SHUBHAM,,MH14LB3844,32,6,30,98.44,2953.2,97965,97791,174,5.8,29,1,98.44,,,,,,,,
,4385,2026-06-24 00:00:00,BC,SHUBHAM,,MH14LL4207,18,10,30,98.44,2953.2,122265,122022,243,8.1,24.3,5.699999999999999,561.108,,,,,,,,
,4386,2026-06-24 00:00:00,BC,SHUBHAM,,MH14LB3848,40,5.5,30,98.44,2953.2,114265,114064,201,6.7,36.54545454545455,-6.545454545454547,-644.3345454545456,,,,,,,,
,4387,2026-06-24 00:00:00,BC,SHUBHAM,,MH14LB2877,18,10,30,98.44,2953.2,117265,117041,224,7.466666666666667,22.4,7.600000000000001,748.1440000000001,,,,,,,,
,4388,2026-06-24 00:00:00,BC-VENDER,SHUBHAM,Sudhakar Sharad Daptare,MH14KQ5693,20,10,30,98.44,2953.2,0,0,0,0,0,30,2953.2,,,,,,,,
,4389,2026-06-24 00:00:00,BC,SHUBHAM,PAWALE,MH14LB3991,50,4,30,98.44,2953.2,98095,97962,133,4.433333333333334,33.25,-3.25,-319.93,,,,,,,,
,4390,2026-06-24 00:00:00,BC-VENDER,SHUBHAM,,MH14MH4066,,,28.61,98.44,2816.3684,0,0,0,0,#DIV/0!,#DIV/0!,#DIV/0!,,,,,,,,
,4391,2026-06-24 00:00:00,BC-VENDER,SHUBHAM,,MH14LX9322,,,30,98.44,2953.2,0,0,0,0,#DIV/0!,#DIV/0!,#DIV/0!,,,,,,,,
,4392,2026-06-24 00:00:00,BC-VENDER,SHUBHAM,,MH14LQ1600,36,6,30,98.44,2953.2,0,0,0,0,0,30,2953.2,,,,,,,,
,4393,2026-06-24 00:00:00,BC-VENDER,SHUBHAM,,MH14LX9897,17,10,30,98.44,2953.2,0,0,0,0,0,30,2953.2,,,,,,,,
,4394,2026-06-24 00:00:00,BC,SHUBHAM,,MH14LB3985,50,4,30,98.44,2953.2,85924,85723,201,6.7,50.25,-20.25,-1993.4099999999999,,,,,,,,
,4395,2026-06-24 00:00:00,BC-VENDER,SHUBHAM,Mukund Ramchandra Madvalkar,MH14LX9492,17,10,30,98.44,2953.2,0,0,0,0,0,30,2953.2,,,,,,,,
,4396,2026-06-24 00:00:00,BC-VENDER,SHUBHAM,Prathmesh Tours & Travels,MH12VF1253,20,10,35,98.44,3445.4,0,0,0,0,0,35,3445.4,,,,,,,,
,4397,2026-06-24 00:00:00,BC,SHUBHAM,,MH14LB3990,50,4,40,98.44,3937.6,73825,73610,215,5.375,53.75,-13.75,-1353.55,,,,,,,,
413/30-6-26,4398,2026-06-24 00:00:00,MERCEDES,PRATIK,,MH14LX4888,32,4,20,98.57,1971.3999999999999,36936,36730,206,10.3,51.5,-31.5,-3104.955,,,,,,,,
,4399,2026-06-24 00:00:00,BAJAJ WALUJ,HPCL,YOGESH,MH20GC5343,50,5,40,99.44,3977.6,119735,119547,188,4.7,37.6,2.3999999999999986,238.65599999999986,,,,,,,,
,4400,2026-06-24 00:00:00,BAJAJ WALUJ,HPCL,GORAKH,MH14CW4805,40,5.5,44,99.44,4375.36,294613,294367,246,5.590909090909091,44.72727272727273,-0.7272727272727266,-72.31999999999994,,,,,,,,
,4401,2026-06-24 00:00:00,BAJAJ WALUJ,HPCL,MALODE,MH20GC8878,50,5,50,99.44,4972,99325,99093,232,4.64,46.4,3.6000000000000014,357.98400000000015,,,,,,,,
,4402,2026-06-24 00:00:00,BAJAJ WALUJ,HPCL,MOHSIN,MH20GC8890,50,5,80,99.44,7955.2,80998,80537,461,5.7625,92.2,-12.200000000000003,-1213.1680000000003,,,,,,,,
,4403,2026-06-24 00:00:00,BAJAJ WALUJ,HPCL,BHAGWAN,MH20GC5417,50,5,45,99.44,4474.8,13339,13091,248,5.511111111111111,49.6,-4.600000000000001,-457.42400000000015,,,,,,,,
,4404,2026-06-24 00:00:00,BAJAJ WALUJ,HPCL,ARVIND,MH14CW4615,40,5.5,61,99.44,6065.84,304580,304214,366,6,66.54545454545455,-5.545454545454547,-551.4400000000002,,,,,,,,
,4405,2026-06-24 00:00:00,BAJAJ WALUJ,HPCL,NAGESH,MH20GC5309,50,5,62,99.44,6165.28,155464,155123,341,5.5,68.2,-6.200000000000003,-616.5280000000002,,,,,,,,
,4406,2026-06-24 00:00:00,BAJAJ WALUJ,HPCL,JABBAR,MH20GC8872,50,5,51,99.44,5071.44,109340,109045,295,5.784313725490196,59,-8,-795.52,,,,,,,,
,4407,2026-06-24 00:00:00,BAJAJ WALUJ,HPCL,DADARAO,MH14CW4609,40,5.5,55,99.44,5469.2,295869,295553,316,5.745454545454545,57.45454545454545,-2.4545454545454533,-244.07999999999987,,,,,,,,
,4408,2026-06-24 00:00:00,BAJAJ WALUJ,HPCL,SOPAN,MH20GZ5418,50,5,27,99.44,2684.88,9538,9390,148,5.481481481481482,29.6,-2.6000000000000014,-258.54400000000015,,,,,,,,
,4409,2026-06-24 00:00:00,BAJAJ WALUJ,HPCL,NARYAN,MH20GC5342,50,5,20,99.44,1988.8,110841,110729,112,5.6,22.4,-2.3999999999999986,-238.65599999999986,,,,,,,,
,4410,2026-06-24 00:00:00,BAJAJ WALUJ,HPCL,MADAN,MH14CW4821,40,5.5,65,99.44,6463.599999999999,291453,291083,370,5.6923076923076925,67.27272727272727,-2.2727272727272663,-225.99999999999935,,,,,,,,
,4411,2026-06-24 00:00:00,BAJAJ WALUJ,HPCL,SANJAY,MH20GC8879,50,5,70,99.44,6960.8,137473,137183,290,4.142857142857143,58,12,1193.28,,,,,,,,
,4412,2026-06-24 00:00:00,BAJAJ WALUJ,HPCL,LATE,MH20GC8893,50,5,35,99.44,3480.4,101588,101389,199,5.685714285714286,39.8,-4.799999999999997,-477.3119999999997,,,,,,,,
,4413,2026-06-24 00:00:00,CITYFLOW MUMBAI,,,MH04MH4081,27,4,85,98.04,8333.4,42907,42470,437,5.141176470588236,109.25,-24.25,-2377.4700000000003,,,,,,,,
,4414,2026-06-24 00:00:00,CITYFLOW MUMBAI,,,MH04MH3732,27,4,20,98,1960,23806,23315,491,24.55,122.75,-102.75,-10069.5,,,,,,,,
,4415,2026-06-24 00:00:00,CITYFLOW MUMBAI,,,Vendors Bus,45,3.5,75,98.04,7353.000000000001,,,0,0,0,75,7353.000000000001,,,,,,,,
,4416,2026-06-24 00:00:00,CITYFLOW MUMBAI,,,MH04MH3736,27,4,45,98.04,4411.8,33049,32787,262,5.822222222222222,65.5,-20.5,-2009.8200000000002,,,,,,,,
,4417,2026-06-24 00:00:00,CITYFLOW MUMBAI,,,MH04MH4722,27,4,40,98.04,3921.6000000000004,34902,34602,300,7.5,75,-35,-3431.4,,,,,,,,
,4418,2026-06-24 00:00:00,CITYFLOW MUMBAI,,,MH04MH5287,27,4,55,98,5390,44945,44720,225,4.090909090909091,56.25,-1.25,-122.5,,,,,,,,
,4419,2026-06-24 00:00:00,CITYFLOW MUMBAI,,,MH04MH6309,27,4,80,98.04,7843.200000000001,33365,33040,325,4.0625,81.25,-1.25,-122.55000000000001,,,,,,,,
,4420,2026-06-24 00:00:00,CITYFLOW MUMBAI,,,MH04MH6311,27,4,50,98.04,4902,30419,30106,313,6.26,78.25,-28.25,-2769.63,,,,,,,,
,4421,2026-06-24 00:00:00,CITYFLOW MUMBAI,,,MH04MR5569,17,5.5,70.92,97.83,6938.1036,10396,9940,456,6.429780033840947,82.9090909090909,-11.989090909090905,-1172.8927636363633,,,,,,,,
,4422,2026-06-24 00:00:00,CITYFLOW MUMBAI,,,MH04MR5922,40,3.7,149,98.25,14639.25,20916,20488,428,2.87248322147651,115.67567567567568,33.32432432432432,3274.1148648648646,,,,,,,,
,4423,2026-06-24 00:00:00,CITYFLOW MUMBAI,,,MH46DC7978,27,3.7,60,98.04,5882.400000000001,1190,971,219,3.65,59.189189189189186,0.8108108108108141,79.49189189189222,,,,,,,,
,4424,2026-06-24 00:00:00,CITYFLOW MUMBAI,,,MH46DC8237,40,3.7,11,98,1078,862,806,56,5.090909090909091,15.135135135135135,-4.135135135135135,-405.2432432432432,,,,,,,,
,4425,2026-06-24 00:00:00,LEAR-CHENNAI,,,TN87H1960,32,,66.69,100.03,6671.0007,55713,55225,488,7.317438896386265,#DIV/0!,#DIV/0!,#DIV/0!,,,,,,,,
,4426,2026-06-24 00:00:00,LEAR-CHENNAI,,,TN87H1956,14,,44.73,100.03,4474.341899999999,40379,39821,558,12.474849094567405,#DIV/0!,#DIV/0!,#DIV/0!,,,,,,,,
,4427,2026-06-24 00:00:00,LEAR-CHENNAI,,,TN87H2075,24,,75.95,100.03,7597.2785,95412,94817,595,7.834101382488479,#DIV/0!,#DIV/0!,#DIV/0!,,,,,,,,
,4428,2026-06-24 00:00:00,LEAR-CHENNAI,,,TN87H2191,4,,32.29,108.42,3500.8818,70314,69895,419,12.976153607928152,#DIV/0!,#DIV/0!,#DIV/0!,,,,,,,,
,4429,2026-06-24 00:00:00,LEAR-CHENNAI,,,TN87H1971,32,,82.3,100.03,8232.469,76630,76018,612,7.436208991494532,#DIV/0!,#DIV/0!,#DIV/0!,,,,,,,,
,4430,2026-06-24 00:00:00,LEAR-CHENNAI,,,TN87H2067,24,,76.6,100.03,7662.298,77419,76825,594,7.754569190600523,#DIV/0!,#DIV/0!,#DIV/0!,,,,,,,,
,4431,2026-06-24 00:00:00,LEAR-CHENNAI,,,TN87H2091,24,,70.08,100.03,7010.1024,63307,62759,548,7.819634703196347,#DIV/0!,#DIV/0!,#DIV/0!,,,,,,,,
,4432,2026-06-24 00:00:00,LEAR-CHENNAI,,,TN87H2065,24,,80.01,100.03,8003.4003,35348,34779,569,7.111611048618922,#DIV/0!,#DIV/0!,#DIV/0!,,,,,,,,
,4433,2026-06-24 00:00:00,LEAR-CHENNAI,,,TN87H2151,4,,37.56,108.23,4065.1188,88170,87583,587,15.6283280085197,#DIV/0!,#DIV/0!,#DIV/0!,,,,,,,,
,4434,2026-06-24 00:00:00,LEAR-CHENNAI,,,TN87H1975,32,,83.05,100.03,8307.4915,130838,130291,547,6.58639373871162,#DIV/0!,#DIV/0!,#DIV/0!,,,,,,,,
,4435,2026-06-24 00:00:00,LEAR-CHENNAI,,,TN87H1913,32,,76.86,100.03,7688.3058,136452,135869,583,7.585219880301848,#DIV/0!,#DIV/0!,#DIV/0!,,,,,,,,
,4436,2026-06-24 00:00:00,LEAR-CHENNAI,,,TN87H2083,24,,83.01,100.03,8303.490300000001,157765,157084,681,8.203830863751355,#DIV/0!,#DIV/0!,#DIV/0!,,,,,,,,
,4437,2026-06-24 00:00:00,LEAR-CHENNAI,,,TN87H2018,24,,81.93,100.03,8195.457900000001,86840,86222,618,7.543024533138044,#DIV/0!,#DIV/0!,#DIV/0!,,,,,,,,
,4438,2026-06-24 00:00:00,TMBSL,JABBAR PUMP ,NINGARAJ BANKAPUR AND HANUMANTH ,KA25AB7987,55+1,4.5,122,98.63,12032.859999999999,143711,143136,575,4.713114754098361,127.77777777777777,-5.7777777777777715,-569.8622222222216,,,,,,,,
,4439,2026-06-24 00:00:00,TML,JABBAR PUMP ,MUTTU TALVAR,KA25AA1757,40+1,5.5,121,98.63,11934.23,516697,516135,562,4.644628099173554,102.18181818181819,18.818181818181813,1856.0372727272722,,,,,,,,
,4440,2026-06-24 00:00:00,TMBSL,JABBAR PUMP ,SAGAR AND HANUMANTH ,KA25AC0058,55+1,4.5,117,98.63,11539.71,108501,107932,569,4.863247863247863,126.44444444444444,-9.444444444444443,-931.5055555555554,,,,,,,,
,4441,2026-06-24 00:00:00,TMBSL,JABBAR PUMP ,BASAVARJ KITTUR AND IRANNA D,KA25AB7986,55+1,4.5,114,98.63,11243.82,123177,122628,549,4.815789473684211,122,-8,-789.04,,,,,,,,
,4442,2026-06-24 00:00:00,TML,JABBAR PUMP ,NINGARAJ DODDAMANI,KA25AA1756,40+1,5.5,111.78,98.63,11024.8614,307675,307093,582,5.2066559312936125,105.81818181818181,5.961818181818188,588.0141272727278,,,,,,,,
,4443,2026-06-24 00:00:00,TML,JABBAR PUMP ,SUBASH AND TAMMANNA ,KA25AA1645,49+1,4.25,152,98.63,14991.759999999998,360688,359997,691,4.546052631578948,162.58823529411765,-10.588235294117652,-1044.317647058824,,,,,,,,
,4444,2026-06-24 00:00:00,TML,JABBAR PUMP ,MANJUNATH NEMNNAVAR,KA25AA1643,49+1,4.25,172,98.63,16964.36,266120,265388,732,4.255813953488372,172.23529411764707,-0.2352941176470722,-23.20705882353073,,,,,,,,
,4445,2026-06-24 00:00:00,TMBSL,JABBAR PUMP ,LOKESH PATIL,KA25AC0452,55+1,4.5,118,98.63,11638.34,117936,117363,573,4.8559322033898304,127.33333333333333,-9.333333333333329,-920.5466666666662,,,,,,,,
,4446,2026-06-24 00:00:00,TML,JABBAR PUMP ,FAKIRAYYA HIREMATH ,KA25AA1641,49+1,4.25,170,98.63,16767.1,233878,232884,994,5.847058823529411,233.88235294117646,-63.882352941176464,-6300.716470588234,,,,,,,,
,4447,2026-06-24 00:00:00,TML,JABBAR PUMP ,BASAYYA BHANAVI,KA25AC3423,24+1,6.5,110.84,98.63,10932.1492,13504,12703,801,7.226632984482136,123.23076923076923,-12.390769230769223,-1222.1015692307685,,,,,,,,
,4448,2026-06-24 00:00:00,TMBSL,JABBAR PUMP ,MANJUNATH CHINDI AND MALLESH ,KA25AC0057,55+1,4.5,113,98.63,11145.189999999999,96336,95794,542,4.79646017699115,120.44444444444444,-7.444444444444443,-734.2455555555554,,,,,,,,
SP/26-27/3299,4449,2026-06-25 00:00:00,VW,SAMRUDDHI,,MH14KA1912,40,5.5,128,98.57,12616.96,226332,225812,520,4.0625,94.54545454545455,33.45454545454545,3297.614545454545,,,,,,,,
SP/26-27/3299,4450,2026-06-25 00:00:00,VW,SAMRUDDHI,,MH14KA2557,40,5.5,129,98.57,12715.529999999999,215545,215184,361,2.798449612403101,65.63636363636364,63.36363636363636,6245.753636363635,,,,,,,,
SP/26-27/3299,4451,2026-06-25 00:00:00,VW,SAMRUDDHI,,MH14KA1737,40,5.5,40,98.57,3942.7999999999997,165322,165130,192,4.8,34.90909090909091,5.0909090909090935,501.8109090909093,,,,,,,,
SP/26-27/3299,4452,2026-06-25 00:00:00,VW,SAMRUDDHI,,MH14KA1740,40,5.5,80,98.57,7885.599999999999,180841,180403,438,5.475,79.63636363636364,0.36363636363635976,35.84363636363598,,,,,,,,
SP/26-27/3299,4453,2026-06-25 00:00:00,VW,SAMRUDDHI,,MH14KA1882,40,5.5,80,98.57,7885.599999999999,167394,166953,441,5.5125,80.18181818181819,-0.18181818181818699,-17.92181818181869,,,,,,,,
SP/26-27/3299,4454,2026-06-25 00:00:00,VW,SAMRUDDHI,,MH14KA1744,40,5.5,40,98.57,3942.7999999999997,167806,167615,191,4.775,34.72727272727273,5.272727272727273,519.7327272727273,,,,,,,,
SP/26-27/3299,4455,2026-06-25 00:00:00,VW,SAMRUDDHI,,MH14KA2463,40,5.5,40,98.57,3942.7999999999997,139848,139673,175,4.375,31.818181818181817,8.181818181818183,806.4818181818183,,,,,,,,
SP/26-27/3299,4456,2026-06-25 00:00:00,VW,SAMRUDDHI,,MH14KA2563,40,5.5,90,98.57,8871.3,140152,139835,317,3.522222222222222,57.63636363636363,32.36363636363637,3190.0836363636363,,,,,,,,
SP/26-27/3299,4457,2026-06-25 00:00:00,VW,SAMRUDDHI,,MH14KA1910,40,5.5,100,98.57,9857,158175,157726,449,4.49,81.63636363636364,18.36363636363636,1810.1036363636358,,,,,,,,
SP/26-27/3299,4458,2026-06-25 00:00:00,VW,SAMRUDDHI,,MH14KA2807,40,5.5,80,98.57,7885.599999999999,180753,180302,451,5.6375,82,-2,-197.14,,,,,,,,
SP/26-27/3299,4459,2026-06-25 00:00:00,VW,SAMRUDDHI,,MH14KA1886,40,5.5,40,98.57,3942.7999999999997,200004,199787,217,5.425,39.45454545454545,0.5454545454545467,53.765454545454666,,,,,,,,
SP/26-27/3299,4460,2026-06-25 00:00:00,VW,SAMRUDDHI,,MH14KA2817,40,5.5,85,98.57,8378.449999999999,154409,153941,468,5.5058823529411764,85.0909090909091,-0.09090909090909349,-8.960909090909345,,,,,,,,
SP/26-27/3299,4461,2026-06-25 00:00:00,VW,SAMRUDDHI,,MH14KA2469,40,5.5,50,98.57,4928.5,142561,142308,253,5.06,46,4,394.28,,,,,,,,
SP/26-27/3299,4462,2026-06-25 00:00:00,VW,SAMRUDDHI,,MH14KA1893,40,5.5,80,98.57,7885.599999999999,169234,168807,427,5.3375,77.63636363636364,2.3636363636363598,232.98363636363595,,,,,,,,
SP/26-27/3299,4463,2026-06-25 00:00:00,VW,SAMRUDDHI,,MH14KA2560,40,5.5,85,98.57,8378.449999999999,182645,182404,241,2.835294117647059,43.81818181818182,41.18181818181818,4059.2918181818177,,,,,,,,
SP/26-27/3299,4464,2026-06-25 00:00:00,VW,SAMRUDDHI,,MH14KA3010,40,5.5,50,98.57,4928.5,196451,196253,198,3.96,36,14,1379.98,,,,,,,,
SP/26-27/3299,4465,2026-06-25 00:00:00,VW,SAMRUDDHI,,MH14KA2558,40,5.5,100,98.57,9857,223297,222943,354,3.54,64.36363636363636,35.63636363636364,3512.676363636364,,,,,,,,
SP/26-27/3299,4466,2026-06-25 00:00:00,VW,SAMRUDDHI,,MH14KA2808,40,5.5,60,98.57,5914.2,128865,128523,342,5.7,62.18181818181818,-2.18181818181818,-215.06181818181798,,,,,,,,
SP/26-27/3299,4467,2026-06-25 00:00:00,VW,SAMRUDDHI,,MH14KA2731,40,5.5,65,98.57,6407.049999999999,177608,177237,371,5.707692307692308,67.45454545454545,-2.4545454545454533,-241.9445454545453,,,,,,,,
SP/26-27/3299,4468,2026-06-25 00:00:00,VW,SAMRUDDHI,,MH14KA2923,40,5.5,50,98.57,4928.5,163243,162970,273,5.46,49.63636363636363,0.36363636363636687,35.843636363636676,,,,,,,,
SP/26-27/3299,4469,2026-06-25 00:00:00,VW,SAMRUDDHI,,MH14KA1906,40,5.5,100,98.57,9857,170338,170208,130,1.3,23.636363636363637,76.36363636363636,7527.163636363635,,,,,,,,
SP/26-27/3299,4470,2026-06-25 00:00:00,VW,SAMRUDDHI,,MH14KA2809,40,5.5,40,98.57,3942.7999999999997,152295,152072,223,5.575,40.54545454545455,-0.5454545454545467,-53.765454545454666,,,,,,,,
SP/26-27/3299,4471,2026-06-25 00:00:00,VW,SAMRUDDHI,,MH14KA2924,40,5.5,100,98.57,9857,121428,121012,416,4.16,75.63636363636364,24.36363636363636,2401.523636363636,,,,,,,,
SP/26-27/3299,4472,2026-06-25 00:00:00,VW,SAMRUDDHI,,MH14KA1909,40,5.5,60,98.57,5914.2,156681,156448,233,3.8833333333333333,42.36363636363637,17.636363636363633,1738.4163636363633,,,,,,,,
SP/26-27/3299,4473,2026-06-25 00:00:00,VW,SAMRUDDHI,,MH14KA2464,40,5.5,40,98.57,3942.7999999999997,146602,146454,148,3.7,26.90909090909091,13.09090909090909,1290.370909090909,,,,,,,,
SP/26-27/3299,4474,2026-06-25 00:00:00,VW,SAMRUDDHI,,MH14KA1894,40,5.5,70,98.57,6899.9,136797,136470,327,4.671428571428572,59.45454545454545,10.545454545454547,1039.4654545454546,,,,,,,,
SP/26-27/3299,4475,2026-06-25 00:00:00,VW,SAMRUDDHI,,MH14KA2935,40,5.5,50,98.57,4928.5,154628,154347,281,5.62,51.09090909090909,-1.0909090909090935,-107.53090909090933,,,,,,,,
SP/26-27/3299,4476,2026-06-25 00:00:00,VW,SAMRUDDHI,,MH14KA1738,40,5.5,80,98.57,7885.599999999999,154765,154317,448,5.6,81.45454545454545,-1.4545454545454533,-143.3745454545453,,,,,,,,
SP/26-27/3299,4477,2026-06-25 00:00:00,VW,SAMRUDDHI,,MH14KA2467,40,5.5,40,98.57,3942.7999999999997,152768,152581,187,4.675,34,6,591.42,,,,,,,,
SP/26-27/3299,4478,2026-06-25 00:00:00,VW,SAMRUDDHI,,MH14KA1879,40,5.5,60,98.57,5914.2,197791,197539,252,4.2,45.81818181818182,14.18181818181818,1397.9018181818178,,,,,,,,
SP/26-27/3299,4479,2026-06-25 00:00:00,VW,SAMRUDDHI,,MH14KA1890,40,5.5,35,98.57,3449.95,122693,122535,158,4.514285714285714,28.727272727272727,6.272727272727273,618.3027272727273,,,,,,,,
SP/26-27/3299,4480,2026-06-25 00:00:00,VW,SAMRUDDHI,,MH14KA1741,40,5.5,40,98.57,3942.7999999999997,138438,138219,219,5.475,39.81818181818182,0.18181818181817988,17.92181818181799,,,,,,,,
SP/26-27/3299,4481,2026-06-25 00:00:00,VW,SAMRUDDHI,,MH14KA2556,40,5.5,60,98.57,5914.2,165610,165224,386,6.433333333333334,70.18181818181819,-10.181818181818187,-1003.6218181818186,,,,,,,,
SP/26-27/3299,4482,2026-06-25 00:00:00,VW,SAMRUDDHI,,MH14KA1916,40,5.5,40,98.57,3942.7999999999997,138522,138330,192,4.8,34.90909090909091,5.0909090909090935,501.8109090909093,,,,,,,,
SP/26-27/3299,4483,2026-06-25 00:00:00,VW,SAMRUDDHI,MAHADEV MASKE,MH14KA3316,20,8,35,98.57,3449.95,170420,170133,287,8.2,35.875,-0.875,-86.24875,,,,,,,,
SP/26-27/3299,4484,2026-06-25 00:00:00,VW,SAMRUDDHI,,MH14KA2814,40,5.5,60,98.57,5914.2,159903,159700,203,3.3833333333333333,36.90909090909091,23.090909090909093,2276.070909090909,,,,,,,,
SP/26-27/3299,4485,2026-06-25 00:00:00,VW,SAMRUDDHI,,MH14KA2569,40,5.5,60,98.57,5914.2,170336,170007,329,5.483333333333333,59.81818181818182,0.18181818181817988,17.92181818181799,,,,,,,,
SP/26-27/3299,4486,2026-06-25 00:00:00,VW,SAMRUDDHI,,MH14KA1897,40,5.5,40,98.57,3942.7999999999997,217272,217065,207,5.175,37.63636363636363,2.363636363636367,232.98363636363666,,,,,,,,
SP/26-27/3299,4487,2026-06-25 00:00:00,VW,SAMRUDDHI,,MH14KA1742,40,5.5,50,98.57,4928.5,157194,157021,173,3.46,31.454545454545453,18.545454545454547,1828.0254545454545,,,,,,,,
SP/26-27/3299,4488,2026-06-25 00:00:00,VW,SAMRUDDHI,,MH14GD9129,36,6,30,98.57,2957.1,303124,302828,296,9.866666666666667,49.333333333333336,-19.333333333333336,-1905.6866666666667,,,,,,,,
,4489,2026-06-25 00:00:00,LEAR-CHAKAN,BPCL,,MH14LB4966,17,10,40,98.18,3927.2000000000003,119685,119337,348,8.7,34.8,5.200000000000003,510.53600000000034,,,,,,,,
,4490,2026-06-25 00:00:00,JCB,IOCL,BAPU VAMAN,MH14LL4159,30,6,47,98.3,4620.099999999999,177477,177195,282,6,47,0,0,,,,,,,,
,4491,2026-06-25 00:00:00,JCB,SAIEE,SHIDESHWAR KORE,MH14LL4183,30,6,34,98.59,3352.06,95738,95549,189,5.5588235294117645,31.5,2.5,246.47500000000002,,,,,,,,
,4492,2026-06-25 00:00:00,JCB,SAIEE,FALKE,MH14LL4149,30,6,110.56,98.59,10900.110400000001,146237,145958,279,2.5235166425470332,46.5,64.06,6315.6754,,,,,,,,
,4493,2026-06-25 00:00:00,JCB,SAIEE,SUNIL BARMUKH,MH14LL4209,30,6,67,98.59,6605.530000000001,80398,79996,402,6,67,0,0,,,,,,,,
,4494,2026-06-25 00:00:00,JCB,SAIEE,BADE,MH14LL4191,30,6,62,98.59,6112.58,107352,107074,278,4.483870967741935,46.333333333333336,15.666666666666664,1544.5766666666666,,,,,,,,
,4495,2026-06-25 00:00:00,JCB,SAIEE,DAYNESHWAR GAVALI,MH14LL4139,30,6,81,98.59,7985.79,132145,131681,464,5.728395061728395,77.33333333333333,3.6666666666666714,361.4966666666671,,,,,,,,
,4496,2026-06-25 00:00:00,HYUNDAI,SAIEE,GANESH SHELAR,MH14LX7842,40,5.5,70.01,98.59,6902.285900000001,36223,36042,181,2.5853449507213253,32.90909090909091,37.1009090909091,3657.778627272728,,,,,,,,
,4497,2026-06-25 00:00:00,JCB,SAIEE,ASHOK SUKALE,MH14LL4130,30,6,60,98.59,5915.400000000001,107362,107273,89,1.4833333333333334,14.833333333333334,45.166666666666664,4452.981666666667,,,,,,,,
,4498,2026-06-25 00:00:00,HYUNDAI,SAIEE,ASHIVIN SIRSATH,MH14LX2567,40,5.5,123.45,98.59,12170.935500000001,37699,36940,759,6.14823815309842,138,-14.549999999999997,-1434.4844999999998,,,,,,,,
,4499,2026-06-25 00:00:00,JCB-VENDOR,SAIEE,,MH14LL4301,,,39.65,98.59,3909.0935,0,0,0,0,#DIV/0!,#DIV/0!,#DIV/0!,,,,,,,,
,4500,2026-06-25 00:00:00,JCB,SAIEE,ATUL KHARAT,MH14LL4143,30,6,71,98.59,6999.89,75338,74916,422,5.943661971830986,70.33333333333333,0.6666666666666714,65.72666666666714,,,,,,,,
,4501,2026-06-25 00:00:00,JCB,SAIEE,DATTATARY ZAMBHRE,MH14LL4186,30,6,106.89,98.59,10538.285100000001,77328,76756,572,5.3512957245766675,95.33333333333333,11.556666666666672,1139.3717666666673,,,,,,,,
,4502,2026-06-25 00:00:00,JCB,SAIEE,PRAVIN SABLE,MH14LL4196,18,10,39,98.59,3845.01,86649,86291,358,9.179487179487179,35.8,3.200000000000003,315.4880000000003,,,,,,,,
,4503,2026-06-25 00:00:00,JCB,SAIEE,SACHIN RAUT,MH14LL4205,18,10,55,98.59,5422.45,194769,194295,474,8.618181818181819,47.4,7.600000000000001,749.2840000000002,,,,,,,,
,4504,2026-06-25 00:00:00,JCB-VENDOR,SAIEE,,MH12YB9901,,,53.19,98.59,5244.0021,0,0,0,0,#DIV/0!,#DIV/0!,#DIV/0!,,,,,,,,
,4505,2026-06-25 00:00:00,JCB,SAIEE,BALAJI RAWALE,MH14LL4199,18,10,41,98.59,4042.19,179505,179337,168,4.097560975609756,16.8,24.2,2385.878,,,,,,,,
,4506,2026-06-25 00:00:00,JCB,SAIEE,SWAPNIL BORATE,MH14MH5755,17,10,44.47,98.59,4384.2973,0,0,0,0,0,44.47,4384.2973,,,,,,,,
,4507,2026-06-25 00:00:00,JCB-VENDOR,SAIEE,,MH12YB9902,,,42.59,98.59,4198.9481000000005,0,0,0,0,#DIV/0!,#DIV/0!,#DIV/0!,,,,,,,,
,4508,2026-06-25 00:00:00,JCB,SAIEE,SWAPNIL BORATE,MH14MT5755,17,10,27,98.59,2661.9300000000003,0,0,0,0,0,27,2661.9300000000003,,,,,,,,
,4509,2026-06-25 00:00:00,JCB,SAIEE,RAJU KHARAT,MH14LL4208,18,10,38,98.59,3746.42,145146,144806,340,8.947368421052632,34,4,394.36,,,,,,,,
,4510,2026-06-25 00:00:00,JCB,SAIEE,SWAPNIL BORATE,MH14NE5755,17,10,60,98.59,5915.400000000001,0,0,0,0,0,60,5915.400000000001,,,,,,,,
,4511,2026-06-25 00:00:00,JCB,SAIEE,RAVI WAYKULE,MH14LL4123,30,6,125,98.59,12323.75,131571,130882,689,5.512,114.83333333333333,10.166666666666671,1002.3316666666672,,,,,,,,
,4512,2026-06-25 00:00:00,JCB,SAIEE,SANTOSH SHINDE,MH14LL4125,30,6,111,98.59,10943.49,101600,100935,665,5.990990990990991,110.83333333333333,0.1666666666666714,16.431666666667134,,,,,,,,
,4513,2026-06-25 00:00:00,JCB,SAIEE,GAJANAN MARSHETTI,MH14LL4197,18,10,56,98.59,5521.04,108798,108295,503,8.982142857142858,50.3,5.700000000000003,561.9630000000003,,,,,,,,
,4514,2026-06-25 00:00:00,JCB,SAIEE,,MH14LL4134,30,6,84,98.59,8281.56,46693,46612,81,0.9642857142857143,13.5,70.5,6950.595,,,,,,,,
,4515,2026-06-25 00:00:00,LEAR-CHAKAN,HPCL,AMOL PATIL,MH14LB5925,18,12,46.12,98.57,4546.0484,133514,133138,376,8.152645273200347,31.333333333333332,14.786666666666665,1457.521733333333,,,,,,,,
,4516,2026-06-25 00:00:00,LEAR-CHAKAN,HPCL,,MH14LB5922,18,12,50,98.57,4928.5,143528,143140,388,7.76,32.333333333333336,17.666666666666664,1741.403333333333,,,,,,,,
,4517,2026-06-25 00:00:00,LEAR-CHAKAN,HPCL,SUDAM SHEJUL,MH14LB6211,25,7,50,98.57,4928.5,99695,99363,332,6.64,47.42857142857143,2.5714285714285694,253.46571428571406,,,,,,,,
,4518,2026-06-25 00:00:00,LEAR-CHAKAN,HPCL,NAIKARE,MH14LB6270,40,6,50,98.57,4928.5,179306,178982,324,6.48,54,-4,-394.28,,,,,,,,
,4519,2026-06-25 00:00:00,LEAR-CHAKAN,HPCL,GANPAT,MH14LB6215,25,7,71.02,98.57,7000.441399999999,124126,123759,367,5.167558434243875,52.42857142857143,18.591428571428565,1832.5571142857136,,,,,,,,
,4520,2026-06-25 00:00:00,LEAR-CHAKAN,HPCL,LAXMAN PATIL,MH14LB5915,18,12,41,98.57,4041.37,127499,127138,361,8.804878048780488,30.083333333333332,10.916666666666668,1076.0558333333333,,,,,,,,
,4521,2026-06-25 00:00:00,LEAR-CHAKAN,HPCL,SACHIN,MH14LB5914,18,12,50,98.57,4928.5,196840,196617,223,4.46,18.583333333333332,31.416666666666668,3096.7408333333333,,,,,,,,
,4522,2026-06-25 00:00:00,LEAR-CHAKAN,HPCL,,MH14LB5926,18,12,45,98.57,4435.65,131763,131594,169,3.7555555555555555,14.083333333333334,30.916666666666664,3047.455833333333,,,,,,,,
,4523,2026-06-25 00:00:00,LEAR-CHAKAN,HPCL,VITTHALRAO,MH14LB5821,18,12,45.41,98.57,4476.0637,81751,81082,669,14.732437789033254,55.75,-10.340000000000003,-1019.2138000000002,,,,,,,,
,4524,2026-06-25 00:00:00,LEAR-CHAKAN,HPCL,SURESH,MH14LB6213,50,5,61.08,98.57,6020.655599999999,136068,135783,285,4.6660117878192535,57,4.079999999999998,402.1655999999998,,,,,,,,
,4525,2026-06-25 00:00:00,LEAR-CHAKAN,HPCL,,MH14LB5917,18,12,50,98.57,4928.5,155929,155422,507,10.14,42.25,7.75,763.9174999999999,,,,,,,,
,4526,2026-06-25 00:00:00,LEAR-CHAKAN,HPCL,,MH14LB5918,18,12,40,98.57,3942.7999999999997,121284,120928,356,8.9,29.666666666666668,10.333333333333332,1018.5566666666665,,,,,,,,
,4527,2026-06-25 00:00:00,LEAR-CHAKAN,HPCL,,MH14LB6096,18,12,30,98.57,2957.1,51438,51093,345,11.5,28.75,1.25,123.21249999999999,,,,,,,,
,4528,2026-06-25 00:00:00,LEAR-CHAKAN,HPCL,SWAGAT JADHAV,MH14LB5967,18,12,10,98.57,985.6999999999999,86609,86426,183,18.3,15.25,-5.25,-517.4925,,,,,,,,
,4529,2026-06-25 00:00:00,LEAR-CHAKAN,HPCL,,MH14LB5916,18,12,20,98.57,1971.3999999999999,99325,99120,205,10.25,17.083333333333332,2.916666666666668,287.49583333333345,,,,,,,,
,4530,2026-06-25 00:00:00,LEAR-CHAKAN,HPCL,,MH14LB5924,18,12,20,98.57,1971.3999999999999,91939,91747,192,9.6,16,4,394.28,,,,,,,,
,4531,2026-06-25 00:00:00,BC,SHUBHAM,RAM SHINDE,MH14LB3988,50,4,50,98.44,4922,68694,68525,169,3.38,42.25,7.75,762.91,,,,,,,,
,4532,2026-06-25 00:00:00,BC,SHUBHAM,,MH14LB3848,40,5.5,30,98.44,2953.2,114448,114265,183,6.1,33.27272727272727,-3.2727272727272734,-322.1672727272728,,,,,,,,
,4533,2026-06-25 00:00:00,BC,SHUBHAM,,MH14GD9106,36,6,30,98.44,2953.2,439788,439681,107,3.566666666666667,17.833333333333332,12.166666666666668,1197.6866666666667,,,,,,,,
,4534,2026-06-25 00:00:00,BC,SHUBHAM,,MH14LB3984,50,4,30,98.44,2953.2,57561,57077,484,16.133333333333333,121,-91,-8958.039999999999,,,,,,,,
,4535,2026-06-25 00:00:00,BC,SHUBHAM,AJINKYA KAMBLE,MH14LB3879,32,6,30,98.44,2953.2,105674,105405,269,8.966666666666667,44.833333333333336,-14.833333333333336,-1460.1933333333336,,,,,,,,
,4536,2026-06-25 00:00:00,BC,SHUBHAM,,MH14HG2520,40,5,40,98.44,3937.6,214690,214504,186,4.65,37.2,2.799999999999997,275.6319999999997,,,,,,,,
,4537,2026-06-25 00:00:00,LEAR-CHAKAN,SHUBHAM,,MH14LB3844,32,6,30,98.44,2953.2,98213,97965,248,8.266666666666667,41.333333333333336,-11.333333333333336,-1115.6533333333336,,,,,,,,
,4538,2026-06-25 00:00:00,BC,SHUBHAM,PAWALE,MH14LB3991,50,4,50,98.44,4922,98301,98095,206,4.12,51.5,-1.5,-147.66,,,,,,,,
,4539,2026-06-25 00:00:00,BC-VENDER,SHUBHAM,Sudhakar Sharad Daptare,MH14KQ5693,20,10,24.22,98.44,2384.2167999999997,0,0,0,0,0,24.22,2384.2167999999997,,,,,,,,
,4540,2026-06-25 00:00:00,BC,SHUBHAM,RAJ KAMBLE,MH14LB4535,50,3.5,30,98.44,2953.2,113265,112822,443,14.766666666666667,126.57142857142857,-96.57142857142857,-9506.491428571428,,,,,,,,
,4541,2026-06-25 00:00:00,BC,SHUBHAM,,MH14LB3986,50,4,40,98.44,3937.6,107953,107796,157,3.925,39.25,0.75,73.83,,,,,,,,
,4542,2026-06-25 00:00:00,BC,SHUBHAM,,MH14LB3849,40,5.5,30,98.44,2953.2,99308,99128,180,6,32.72727272727273,-2.7272727272727266,-268.4727272727272,,,,,,,,
,4543,2026-06-25 00:00:00,BC-VENDER,SHUBHAM,,MH14LQ1600,36,6,30,98.44,2953.2,0,0,0,0,0,30,2953.2,,,,,,,,
,4544,2026-06-25 00:00:00,BC,SHUBHAM,,MH14GD9109,36,6,50,98.44,4922,309517,309397,120,2.4,20,30,2953.2,,,,,,,,
,4545,2026-06-25 00:00:00,BC-VENDER,SHUBHAM,,MH14LX9897,17,10,30,98.44,2953.2,0,0,0,0,0,30,2953.2,,,,,,,,
,4546,2026-06-25 00:00:00,BC-VENDER,SHUBHAM,,MH14MH4066,,,30,98.44,2953.2,0,0,0,0,#DIV/0!,#DIV/0!,#DIV/0!,,,,,,,,
,4547,2026-06-25 00:00:00,BC-VENDER,SHUBHAM,Mukund Ramchandra Madvalkar,MH12LB9492,17,10,28.43,98.44,2798.6492,0,0,0,0,0,28.43,2798.6492,,,,,,,,
,4548,2026-06-25 00:00:00,BC,SHUBHAM,,MH14LB3985,50,4,36.93,98.44,3635.3892,86057,85924,133,3.601408069320336,33.25,3.6799999999999997,362.25919999999996,,,,,,,,
,4549,2026-06-25 00:00:00,BC,SHUBHAM,,MH14LB3990,50,4,40,98.44,3937.6,74022,73825,197,4.925,49.25,-9.25,-910.5699999999999,,,,,,,,
,4550,2026-06-25 00:00:00,BC,SHUBHAM,SAWPNIL,MH14LB3987,50,4,30,98.44,2953.2,60358,60143,215,7.166666666666667,53.75,-23.75,-2337.95,,,,,,,,
,4551,2026-06-25 00:00:00,BC-VENDER,SHUBHAM,Prathmesh Tours & Travels,MH12VF1253,20,10,40,98.44,3937.6,0,0,0,0,0,40,3937.6,,,,,,,,
,4552,2026-06-25 00:00:00,BC-VENDER,SHUBHAM,,MH12YQ7251,,,40,98.44,3937.6,0,0,0,0,#DIV/0!,#DIV/0!,#DIV/0!,,,,,,,,
,4553,2026-06-25 00:00:00,BC,SHUBHAM,,MH14LB2877,18,10,22.73,98.44,2237.5412,117519,117265,254,11.17465904091509,25.4,-2.669999999999998,-262.8347999999998,,,,,,,,
,4554,2026-06-25 00:00:00,BC,SHUBHAM,HIMMAT MURADE,MH14LB8052,7,24,40,98.44,3937.6,105995,105471,524,13.1,21.833333333333332,18.166666666666668,1788.3266666666668,,,,,,,,
,4555,2026-06-25 00:00:00,BC-VENDER,SHUBHAM,,MH14HG3816,,,40,98.44,3937.6,0,0,0,0,#DIV/0!,#DIV/0!,#DIV/0!,,,,,,,,
,4556,2026-06-25 00:00:00,JCB,BPCL,NITESH DONGARE,MH14LL4184,30,6,61.08,98.23,5999.8884,141738,141390,348,5.697445972495089,58,3.0799999999999983,302.54839999999984,,,,,,,,
,4557,2026-06-25 00:00:00,JCB,BPCL,JAGDISH PATIL,MH14LL4189,30,6,70,98.15,6870.5,212599,212211,388,5.542857142857143,64.66666666666667,5.333333333333329,523.4666666666662,,,,,,,,
,4558,2026-06-25 00:00:00,JCB,IOCL,VIKAS HEMADE,MH14LL4140,30,6,43.5,98.52,4285.62,176384,176123,261,6,43.5,0,0,,,,,,,,
,4559,2026-06-25 00:00:00,JCB,SAIEE,DATTATRAY BIDAVE,MH14LL4128,30,6,111,98.59,10943.49,91756,91217,539,4.8558558558558556,89.83333333333333,21.16666666666667,2086.821666666667,,,,,,,,
,4560,2026-06-25 00:00:00,JCB,SAIEE,YOURAJ WAGH,MH14LL4179,30,6,95,98.59,9366.050000000001,112689,112116,573,6.031578947368421,95.5,-0.5,-49.295,,,,,,,,
,4561,2026-06-25 00:00:00,MITSUBISHI,SAIEE,SANTOSH CHAVAN,MH14LB2874,33,6,34,98.59,3352.06,74899,74698,201,5.911764705882353,33.5,0.5,49.295,,,,,,,,
,4562,2026-06-25 00:00:00,MITSUBISHI,SAIEE,,MH14LB2876,18,10,19,98.59,1873.21,102894,102720,174,9.157894736842104,17.4,1.6000000000000014,157.74400000000014,,,,,,,,
413/30-6-26,4563,2026-06-25 00:00:00,MERCEDES,PRATIK,,MH14HU3978,32,4,80,98.57,7885.599999999999,196304,196036,268,3.35,67,13,1281.4099999999999,,,,,,,,
413/30-6-26,4564,2026-06-25 00:00:00,MERCEDES,PRATIK,,MH14LX3711,32,4,80,98.57,7885.599999999999,33509,33079,430,5.375,107.5,-27.5,-2710.6749999999997,,,,,,,,
413/30-6-26,4565,2026-06-25 00:00:00,MERCEDES,PRATIK,,MH14HU3984,32,4,80,98.57,7885.599999999999,228470,228011,459,5.7375,114.75,-34.75,-3425.3075,,,,,,,,
413/30-6-26,4566,2026-06-25 00:00:00,MERCEDES,PRATIK,,MH14LX4888,32,4,80,98.57,7885.599999999999,37143,36936,207,2.5875,51.75,28.25,2784.6025,,,,,,,,
413/30-6-26,4567,2026-06-25 00:00:00,MERCEDES,PRATIK,,MH14HU3979,32,4,80,98.57,7885.599999999999,206577,206425,152,1.9,38,42,4139.94,,,,,,,,
413/30-6-26,4568,2026-06-25 00:00:00,MERCEDES,PRATIK,,MH14HG3112,32,4,80,98.57,7885.599999999999,276021,275762,259,3.2375,64.75,15.25,1503.1924999999999,,,,,,,,
413/30-6-26,4569,2026-06-25 00:00:00,MERCEDES,PRATIK,,MH14HG3119,32,4,70,98.57,6899.9,241414,241180,234,3.342857142857143,58.5,11.5,1133.5549999999998,,,,,,,,
413/30-6-26,4570,2026-06-25 00:00:00,MERCEDES,PRATIK,,MH14HU3983,32,4,80,98.57,7885.599999999999,188702,188145,557,6.9625,139.25,-59.25,-5840.2725,,,,,,,,
413/30-6-26,4571,2026-06-25 00:00:00,MERCEDES,PRATIK,,MH14LX3710,32,4,80,98.57,7885.599999999999,38848,38542,306,3.825,76.5,3.5,344.995,,,,,,,,
413/30-6-26,4572,2026-06-25 00:00:00,MERCEDES,PRATIK,,MH14LX4885,32,4,80,98.57,7885.599999999999,39051,38772,279,3.4875,69.75,10.25,1010.3425,,,,,,,,
413/30-6-26,4573,2026-06-25 00:00:00,MERCEDES,PRATIK,,MH14LX3720,32,4,70,98.57,6899.9,36364,36062,302,4.314285714285714,75.5,-5.5,-542.135,,,,,,,,
413/30-6-26,4574,2026-06-25 00:00:00,MERCEDES,PRATIK,,MH14LX3719,32,4,70,98.57,6899.9,38260,37946,314,4.485714285714286,78.5,-8.5,-837.8449999999999,,,,,,,,
413/30-6-26,4575,2026-06-25 00:00:00,MERCEDES,PRATIK,BALIRAM MOHITE,MH14LX3721,32,4,70,98.57,6899.9,36550,36379,171,2.442857142857143,42.75,27.25,2686.0325,,,,,,,,
413/30-6-26,4576,2026-06-25 00:00:00,MERCEDES,PRATIK,,MH14HG3117,32,4,30,98.57,2957.1,243984,243766,218,7.266666666666667,54.5,-24.5,-2414.9649999999997,,,,,,,,
413/30-6-26,4577,2026-06-25 00:00:00,MERCEDES,PRATIK,,MH14LX3726,32,4,80,98.57,7885.599999999999,35316,34949,367,4.5875,91.75,-11.75,-1158.1975,,,,,,,,
413/30-6-26,4578,2026-06-25 00:00:00,MERCEDES,PRATIK,YASHPAL KAMBLE,MH14HG3115,36,4,70,98.57,6899.9,267973,267670,303,4.328571428571428,75.75,-5.75,-566.7774999999999,,,,,,,,
413/30-6-26,4579,2026-06-25 00:00:00,MERCEDES,PRATIK,,MH14HU3985,50,4,80,98.57,7885.599999999999,189078,188779,299,3.7375,74.75,5.25,517.4925,,,,,,,,
413/30-6-26,4580,2026-06-25 00:00:00,MERCEDES,PRATIK,,MH14KA9138,32,4,80,98.57,7885.599999999999,116721,116401,320,4,80,0,0,,,,,,,,
413/30-6-26,4581,2026-06-25 00:00:00,MERCEDES,PRATIK,,MH14KA9152,32,4,70,98.57,6899.9,118295,117960,335,4.785714285714286,83.75,-13.75,-1355.3374999999999,,,,,,,,
413/30-6-26,4582,2026-06-25 00:00:00,MERCEDES,PRATIK,,MH14KA9148,32,4,80,98.57,7885.599999999999,111700,111305,395,4.9375,98.75,-18.75,-1848.1874999999998,,,,,,,,
413/30-6-26,4583,2026-06-25 00:00:00,MERCEDES,PRATIK,,MH14KA9141,32,4,75,98.57,7392.749999999999,104047,103604,443,5.906666666666666,110.75,-35.75,-3523.8774999999996,,,,,,,,
413/30-6-26,4584,2026-06-25 00:00:00,MERCEDES,PRATIK,,MH14HU3982,32,4,30,98.57,2957.1,235711,235410,301,10.033333333333333,75.25,-45.25,-4460.2925,,,,,,,,
413/30-6-26,4585,2026-06-25 00:00:00,MERCEDES,PRATIK,,MH14KA9150,32,4,70,98.57,6899.9,130855,130419,436,6.228571428571429,109,-39,-3844.2299999999996,,,,,,,,
413/30-6-26,4586,2026-06-25 00:00:00,MERCEDES,PRATIK,,MH14KA9143,32,4,70,98.57,6899.9,96371,96122,249,3.557142857142857,62.25,7.75,763.9174999999999,,,,,,,,
413/30-6-26,4587,2026-06-25 00:00:00,MERCEDES,PRATIK,,MH14HU3981,32,4,80,98.57,7885.599999999999,257468,257203,265,3.3125,66.25,13.75,1355.3374999999999,,,,,,,,
413/30-6-26,4588,2026-06-25 00:00:00,MERCEDES,PRATIK,,MH14LX3723,32,4,70,98.57,6899.9,31149,30891,258,3.6857142857142855,64.5,5.5,542.135,,,,,,,,
413/30-6-26,4589,2026-06-25 00:00:00,MERCEDES,PRATIK,,MH14LX3714,32,4,70,98.57,6899.9,39925,39750,175,2.5,43.75,26.25,2587.4624999999996,,,,,,,,
413/30-6-26,4590,2026-06-25 00:00:00,MERCEDES,PRATIK,,MH14LX3718,32,4,60,98.57,5914.2,32703,32452,251,4.183333333333334,62.75,-2.75,-271.0675,,,,,,,,
413/30-6-26,4591,2026-06-25 00:00:00,MERCEDES,PRATIK,,MH14HG3116,32,4,80,98.57,7885.599999999999,287526,287207,319,3.9875,79.75,0.25,24.6425,,,,,,,,
413/30-6-26,4592,2026-06-25 00:00:00,MERCEDES,PRATIK,,MH14KA9139,32,4,100,98.57,9857,117060,116709,351,3.51,87.75,12.25,1207.4824999999998,,,,,,,,
413/30-6-26,4593,2026-06-25 00:00:00,MERCEDES,PRATIK,,MH14LX3725,32,4,50,98.57,4928.5,31344,31054,290,5.8,72.5,-22.5,-2217.825,,,,,,,,
413/30-6-26,4594,2026-06-25 00:00:00,MERCEDES,PRATIK,,MH14HU3980,32,4,70,98.57,6899.9,235308,235070,238,3.4,59.5,10.5,1034.985,,,,,,,,
,4595,2026-06-25 00:00:00,JCB,BPCL,MANOJ KAMBLE,MH14LL4153,30,6,60,98.39,5903.4,157743,157387,356,5.933333333333334,59.333333333333336,0.6666666666666643,65.5933333333331,,,,,,,,
,4596,2026-06-25 00:00:00,JCB,BPCL,LAHU VANVE,MH14LL4154,30,6,80,98.39,7871.2,134529,134078,451,5.6375,75.16666666666667,4.833333333333329,475.5516666666662,,,,,,,,
,4597,2026-06-25 00:00:00,KB,HPCL,,MH14GD4457,49,4,174.01,98.27,17099.9627,332934,332327,607,3.48830526981208,151.75,22.25999999999999,2187.490199999999,,,,,,,,
,4598,2026-06-25 00:00:00,,JAYHIND,BORASE,MH14KA9520,40,5.5,69.51,98.21,6826.5771,8108,0,8108,116.64508703783628,1474.1818181818182,-1404.6718181818183,-137952.81926363637,,,,,,,,
,4599,2026-06-25 00:00:00,KB,JAYHIND,,MH14MT2842,40,5.5,105.3,98.21,10341.512999999999,35865,35432,433,4.112060778727446,78.72727272727273,26.572727272727263,2609.7075454545443,,,,,,,,
,4600,2026-06-25 00:00:00,KB,JAYHIND,RAJU JAMADAR,MH14HG5617,28,6,85,98.21,8347.85,410903,410467,436,5.129411764705883,72.66666666666667,12.333333333333329,1211.2566666666662,,,,,,,,
,4601,2026-06-25 00:00:00,KWT,JAYHIND,GOVINDA CHAVAN,MH14GD9102,36,6,50,98.21,4910.5,294075,293775,300,6,50,0,0,,,,,,,,
,4602,2026-06-25 00:00:00,JCB,JAYHIND,BALAJI THOBOLE,MH14LL4195,30,6,74,98.21,7267.54,136980,136535,445,6.013513513513513,74.16666666666667,-0.1666666666666714,-16.368333333333798,,,,,,,,
,4603,2026-06-25 00:00:00,JCB,JAYHIND,SACHIN WAGHMARE,MH14LL4187,30,6,100,98.21,9821,134623,134124,499,4.99,83.16666666666667,16.83333333333333,1653.2016666666661,,,,,,,,
,4604,2026-06-25 00:00:00,JCB,JAYHIND,AYUB PATHAN,MH14LL4157,30,6,85,98.21,8347.85,144591,144126,465,5.470588235294118,77.5,7.5,736.5749999999999,,,,,,,,
,4605,2026-06-25 00:00:00,JCB,JAYHIND,PRAMOD BARKUL,MH14LL4188,30,6,65,98.21,6383.65,138074,137654,420,6.461538461538462,70,-5,-491.04999999999995,,,,,,,,
,4606,2026-06-25 00:00:00,KB,JAYHIND,DHARMA LOKHANDE,MH14HG9380,33,6,100,98.21,9821,292687,292297,390,3.9,65,35,3437.35,,,,,,,,
,4607,2026-06-25 00:00:00,ADMIN,JAYHIND,BADADE/ SALVE/KAMBLE,MH14DM8003,6,12,40.5,98.21,3977.5049999999997,294216,293965,251,6.197530864197531,20.916666666666668,19.583333333333332,1923.2791666666665,,,,,,,,
,4608,2026-06-25 00:00:00,KB,JAYHIND,TEJAS UNDRE,MH14MT2840,40,5.5,104.4,98.21,10253.124,40498,39765,733,7.021072796934866,133.27272727272728,-28.872727272727275,-2835.5905454545455,,,,,,,,
413/30-6-26,4609,2026-06-25 00:00:00,VW,PRATIK,,MH14KA1905,40,5.5,50,98.57,4928.5,213965,213744,221,4.42,40.18181818181818,9.81818181818182,967.7781818181819,,,,,,,,
,4610,2026-06-25 00:00:00,BAJAJ WALUJ,HPCL,MALODE,MH20GC8878,50,5,45,99.44,4474.8,99570,99325,245,5.444444444444445,49,-4,-397.76,,,,,,,,
,4611,2026-06-25 00:00:00,BAJAJ WALUJ,HPCL,NAZIR,MH14CW4456,40,5.5,51,99.44,5071.44,294653,294358,295,5.784313725490196,53.63636363636363,-2.636363636363633,-262.1599999999997,,,,,,,,
,4612,2026-06-25 00:00:00,BAJAJ WALUJ,HPCL,JABBAR,MH20GC8872,50,5,51,99.44,5071.44,109635,109340,295,5.784313725490196,59,-8,-795.52,,,,,,,,
,4613,2026-06-25 00:00:00,BAJAJ WALUJ,HPCL,NIVRUTTI ,MH14KU2284,20,9,33.64,99.44,3345.1616,0,0,0,0,0,33.64,3345.1616,,,,,,,,
,4614,2026-06-25 00:00:00,BAJAJ WALUJ,HPCL,LATE,MH20GC8893,50,5,30,99.44,2983.2,101751,101588,163,5.433333333333334,32.6,-2.6000000000000014,-258.54400000000015,,,,,,,,
,4615,2026-06-25 00:00:00,BAJAJ WALUJ,HPCL,NARYAN,MH20GC5342,50,5,20,99.44,1988.8,110952,110841,111,5.55,22.2,-2.1999999999999993,-218.76799999999992,,,,,,,,
,4616,2026-06-25 00:00:00,BAJAJ WALUJ,HPCL,GAUTAM,MH14CW4813,40,5.5,48,99.44,4773.12,294958,294693,265,5.520833333333333,48.18181818181818,-0.18181818181817988,-18.079999999999806,,,,,,,,
,4617,2026-06-25 00:00:00,BAJAJ WALUJ,HPCL,DAUD,MH14CW4820,40,5.5,48,99.44,4773.12,270353,270085,268,5.583333333333333,48.72727272727273,-0.7272727272727266,-72.31999999999994,,,,,,,,
,4618,2026-06-25 00:00:00,BAJAJ WALUJ,HPCL,ASPAK,MH20GC8875,50,5,67,99.44,6662.48,80730,80360,370,5.522388059701493,74,-7,-696.0799999999999,,,,,,,,
,4619,2026-06-25 00:00:00,BAJAJ WALUJ,HPCL,ABHIJEET,MH20GC5419,50,5,60,99.44,5966.4,20600,20293,307,5.116666666666666,61.4,-1.3999999999999986,-139.21599999999987,,,,,,,,
,4620,2026-06-25 00:00:00,BAJAJ WALUJ,HPCL,RAJPUT,MH14CW4616,40,5.5,60,99.44,5966.4,296696,296360,336,5.6,61.09090909090909,-1.0909090909090935,-108.48000000000026,,,,,,,,
,4621,2026-06-25 00:00:00,BAJAJ WALUJ,HPCL,GUNJAL,MH14CW4824,40,5.5,51,99.44,5071.44,302402,302097,305,5.980392156862745,55.45454545454545,-4.454545454545453,-442.95999999999987,,,,,,,,
,4622,2026-06-25 00:00:00,BAJAJ WALUJ,HPCL,AJAY,MH14CW4485,50,3.5,55,99.44,5469.2,56533,56313,220,4,62.857142857142854,-7.857142857142854,-781.3142857142853,,,,,,,,
,4623,2026-06-25 00:00:00,BAJAJ WALUJ HK,HPCL,SHINDE,Road sweeper,50,5,32,99.44,3182.08,0,,0,0,0,32,3182.08,,,,,,,,
,4624,2026-06-25 00:00:00,BAJAJ WALUJ,HPCL,SUDAM,MH14HG5613,32,5.5,63,99.44,6264.72,75617,75234,383,6.079365079365079,69.63636363636364,-6.63636363636364,-659.9200000000004,,,,,,,,
,4625,2026-06-25 00:00:00,BAJAJ WALUJ,HPCL,YOGESH,MH20GC5343,50,5,40,99.44,3977.6,119935,119735,200,5,40,0,0,,,,,,,,
,4626,2026-06-25 00:00:00,BAJAJ WALUJ,HPCL,MANGESH,MH20GC8891,50,5,57,99.44,5668.08,90153,89849,304,5.333333333333333,60.8,-3.799999999999997,-377.87199999999973,,,,,,,,
,4627,2026-06-25 00:00:00,BAJAJ WALUJ,HPCL,DIVTE,MH20GC8873,50,5,62,99.44,6165.28,109557,109211,346,5.580645161290323,69.2,-7.200000000000003,-715.9680000000003,,,,,,,,
,4628,2026-06-25 00:00:00,BAJAJ WALUJ,HPCL,ADHE,MH20GC8874,50,5,54,99.44,5369.76,103131,102836,295,5.462962962962963,59,-5,-497.2,,,,,,,,
,4629,2026-06-25 00:00:00,BAJAJ WALUJ,HPCL,SAGER,MH20GC8876,50,5,20,99.44,1988.8,124684,124000,684,34.2,136.8,-116.80000000000001,-11614.592,,,,,,,,
,4630,2026-06-25 00:00:00,BAJAJ WALUJ,HPCL,ASLAM,MH20GC5308,40,5.5,46,99.44,4574.24,98942,98653,289,6.282608695652174,52.54545454545455,-6.545454545454547,-650.8800000000001,,,,,,,,
,4631,2026-06-25 00:00:00,CITYFLOW MUMBAI,,,MH04MH3731,27,4,69.78,97.89,6830.7642000000005,51290,51027,263,3.768988248781886,65.75,4.030000000000001,394.4967000000001,,,,,,,,
,4632,2026-06-25 00:00:00,CITYFLOW MUMBAI,,,MH04MH3742,27,4,120,98.07,11768.4,38627,38259,368,3.066666666666667,92,28,2745.96,,,,,,,,
,4633,2026-06-25 00:00:00,CITYFLOW MUMBAI,,,MH04MH4719,27,4,55,98.04,5392.200000000001,39662,39339,323,5.872727272727273,80.75,-25.75,-2524.53,,,,,,,,
,4634,2026-06-25 00:00:00,CITYFLOW MUMBAI,,,MH04MH4721,27,4,14,98,1372,34457,34058,399,28.5,99.75,-85.75,-8403.5,,,,,,,,
,4635,2026-06-25 00:00:00,CITYFLOW MUMBAI,,,MH04MH5108,27,4,65,98,6370,40059,39732,327,5.030769230769231,81.75,-16.75,-1641.5,,,,,,,,
,4636,2026-06-25 00:00:00,CITYFLOW MUMBAI,,,MH04MH5287,27,4,55,98,5390,45109,44945,164,2.981818181818182,41,14,1372,,,,,,,,
,4637,2026-06-25 00:00:00,CITYFLOW MUMBAI,,,MH04MH5288,27,4,15,98,1470,29494,29006,488,32.53333333333333,122,-107,-10486,,,,,,,,
,4638,2026-06-25 00:00:00,CITYFLOW MUMBAI,,,MH04MH5376,27,4,15,98,1470,18437,17947,490,32.666666666666664,122.5,-107.5,-10535,,,,,,,,
,4639,2026-06-25 00:00:00,CITYFLOW MUMBAI,,,MH04MH5573,27,4,10,98,980,33824,33338,486,48.6,121.5,-111.5,-10927,,,,,,,,
,4640,2026-06-25 00:00:00,CITYFLOW MUMBAI,,,MH04MH5664,27,4,30,98,2940,41075,40550,525,17.5,131.25,-101.25,-9922.5,,,,,,,,
,4641,2026-06-25 00:00:00,CITYFLOW MUMBAI,,,MH04MH5667,27,4,10,98,980,36505,36125,380,38,95,-85,-8330,,,,,,,,
,4642,2026-06-25 00:00:00,CITYFLOW MUMBAI,,,MH04MH6304,27,4,80,97.89,7831.2,23363,23117,246,3.075,61.5,18.5,1810.965,,,,,,,,
,4643,2026-06-25 00:00:00,CITYFLOW MUMBAI,,,MH04MH6306,27,4,10,98,980,32213,31800,413,41.3,103.25,-93.25,-9138.5,,,,,,,,
,4644,2026-06-25 00:00:00,CITYFLOW MUMBAI,,,MH04MH6307,27,4,20,98,1960,38054,37528,526,26.3,131.5,-111.5,-10927,,,,,,,,
,4645,2026-06-25 00:00:00,CITYFLOW MUMBAI,,,MH04MH6313,27,4,50,98.07,4903.5,50471,50306,165,3.3,41.25,8.75,858.1125,,,,,,,,
,4646,2026-06-25 00:00:00,CITYFLOW MUMBAI,,,MH04MH6316,27,4,20,98,1960,9121,9035,86,4.3,21.5,-1.5,-147,,,,,,,,
,4647,2026-06-25 00:00:00,CITYFLOW MUMBAI,,,MH04MH6655,27,4,35,98,3430,38776,38258,518,14.8,129.5,-94.5,-9261,,,,,,,,
,4648,2026-06-25 00:00:00,CITYFLOW MUMBAI,,,MH04MR5861,40,3.7,40,98,3920,14731,14403,328,8.2,88.64864864864865,-48.648648648648646,-4767.5675675675675,,,,,,,,
,4649,2026-06-25 00:00:00,CITYFLOW MUMBAI,,,MH46DC5010,40,3.7,40,98,3920,5854,5435,419,10.475,113.24324324324324,-73.24324324324324,-7177.8378378378375,,,,,,,,
,4650,2026-06-25 00:00:00,CITYFLOW MUMBAI,,,MH46DC5012,40,3.7,139,98,13622,5099,4850,249,1.79136690647482,67.29729729729729,71.70270270270271,7026.864864864865,,,,,,,,
,4651,2026-06-25 00:00:00,CITYFLOW MUMBAI,,,MH46DC5138,40,3.7,136,98,13328,3980,3678,302,2.2205882352941178,81.62162162162161,54.378378378378386,5329.081081081082,,,,,,,,
,4652,2026-06-25 00:00:00,CITYFLOW MUMBAI,,,MH46DC5193,40,3.7,143,98,14014,6591,6376,215,1.5034965034965035,58.108108108108105,84.8918918918919,8319.405405405407,,,,,,,,
,4653,2026-06-25 00:00:00,CITYFLOW MUMBAI,,,MH46DC5195,40,3.7,140,98,13720,4614,4210,404,2.8857142857142857,109.18918918918918,30.81081081081082,3019.4594594594605,,,,,,,,
,4654,2026-06-25 00:00:00,CITYFLOW MUMBAI,,,MH46DC5196,40,3.7,154,98,15092,6617,6473,144,0.935064935064935,38.91891891891892,115.08108108108108,11277.945945945947,,,,,,,,
,4655,2026-06-25 00:00:00,CITYFLOW MUMBAI,,,MH46DC5197,40,3.7,156,98,15288,6601,6390,211,1.3525641025641026,57.027027027027025,98.97297297297297,9699.351351351352,,,,,,,,
,4656,2026-06-25 00:00:00,CITYFLOW MUMBAI,,,MH46DC5198,40,3.7,70,98,6860,8329,7866,463,6.614285714285714,125.13513513513513,-55.13513513513513,-5403.243243243242,,,,,,,,
,4657,2026-06-25 00:00:00,CITYFLOW MUMBAI,,,MH46DC5201,40,3.7,110,98,10780,7766,7549,217,1.9727272727272727,58.648648648648646,51.351351351351354,5032.4324324324325,,,,,,,,
,4658,2026-06-25 00:00:00,CITYFLOW MUMBAI,,,MH46DC6069,40,3.7,60,98,5880,4095,3692,403,6.716666666666667,108.91891891891892,-48.91891891891892,-4794.054054054054,,,,,,,,
,4659,2026-06-25 00:00:00,CITYFLOW MUMBAI,,,MH46DC6073,40,3.7,145,98,14210,3101,2946,155,1.0689655172413792,41.89189189189189,103.10810810810811,10104.594594594595,,,,,,,,
,4660,2026-06-25 00:00:00,CITYFLOW MUMBAI,,,MH46DC6074,40,3.7,137,98,13426,4271,4102,169,1.2335766423357664,45.67567567567567,91.32432432432432,8949.783783783783,,,,,,,,
,4661,2026-06-25 00:00:00,CITYFLOW MUMBAI,,,MH46DC6075,40,3.7,135,98,13230,5086,4869,217,1.6074074074074074,58.648648648648646,76.35135135135135,7482.4324324324325,,,,,,,,
,4662,2026-06-25 00:00:00,CITYFLOW MUMBAI,,,MH46DC6076,40,3.7,147,98,14406,3291,3111,180,1.2244897959183674,48.648648648648646,98.35135135135135,9638.432432432433,,,,,,,,
,4663,2026-06-25 00:00:00,CITYFLOW MUMBAI,,,MH46DC6167,40,3.7,149,98,14602,2437,2157,280,1.8791946308724832,75.67567567567568,73.32432432432432,7185.783783783783,,,,,,,,
,4664,2026-06-25 00:00:00,CITYFLOW MUMBAI,,,MH46DC6334,40,3.7,120,98,11760,2977,2831,146,1.2166666666666666,39.45945945945946,80.54054054054055,7892.972972972973,,,,,,,,
,4665,2026-06-25 00:00:00,CITYFLOW MUMBAI,,,MH46DC6335,40,3.7,145,98,14210,2015,1950,65,0.4482758620689655,17.56756756756757,127.43243243243244,12488.378378378378,,,,,,,,
,4666,2026-06-25 00:00:00,CITYFLOW MUMBAI,,,MH46DC6359,40,3.7,133,98,13034,3002,2779,223,1.6766917293233083,60.27027027027027,72.72972972972974,7127.513513513514,,,,,,,,
,4667,2026-06-25 00:00:00,CITYFLOW MUMBAI,,,MH46DC7970,40,3.7,150,98,14700,1666,1331,335,2.2333333333333334,90.54054054054053,59.45945945945947,5827.0270270270275,,,,,,,,
,4668,2026-06-25 00:00:00,CITYFLOW MUMBAI,,,MH46DC7976,40,3.7,149,98,14602,1337,1043,294,1.9731543624161074,79.45945945945945,69.54054054054055,6814.972972972973,,,,,,,,
,4669,2026-06-25 00:00:00,CITYFLOW MUMBAI,,,MH46DC7981,40,3.7,150,98,14700,1428,1102,326,2.1733333333333333,88.1081081081081,61.8918918918919,6065.405405405407,,,,,,,,
,4670,2026-06-25 00:00:00,CITYFLOW MUMBAI,,,MH46DC8237,40,3.7,129.9,97.89,12715.911,888,862,26,0.20015396458814472,7.027027027027026,122.87297297297297,12028.035324324324,,,,,,,,
,4671,2026-06-25 00:00:00,LEAR-CHENNAI,,,TN87H2004,24,,70.22,100.03,7024.1066,79120,78508,612,8.715465679293649,#DIV/0!,#DIV/0!,#DIV/0!,,,,,,,,
,4672,2026-06-25 00:00:00,LEAR-CHENNAI,,,TN87H1942,32,,83.3,100.03,8332.499,48224,47550,674,8.091236494597839,#DIV/0!,#DIV/0!,#DIV/0!,,,,,,,,
,4673,2026-06-25 00:00:00,LEAR-CHENNAI,,,TN87H1931,32,,86.83,100.03,8685.6049,97239,96549,690,7.9465622480709435,#DIV/0!,#DIV/0!,#DIV/0!,,,,,,,,
,4674,2026-06-25 00:00:00,LEAR-CHENNAI,,,TN87H1996,32,,87,100.03,8702.61,72346,71798,548,6.2988505747126435,#DIV/0!,#DIV/0!,#DIV/0!,,,,,,,,
,4675,2026-06-25 00:00:00,LEAR-CHENNAI,,,TN87H1962,32,,75.85,100.25,7603.9625,64463,63862,601,7.923533289386948,#DIV/0!,#DIV/0!,#DIV/0!,,,,,,,,
,4676,2026-06-25 00:00:00,LEAR-CHENNAI,,,TN87H1964,32,,59.08,100.25,5922.7699999999995,44076,43660,416,7.0412999322951935,#DIV/0!,#DIV/0!,#DIV/0!,,,,,,,,
,4677,2026-06-25 00:00:00,LEAR-CHENNAI,,,TN87H2151,4,,30.45,108.23,3295.6035,88634,88170,464,15.238095238095239,#DIV/0!,#DIV/0!,#DIV/0!,,,,,,,,
,4678,2026-06-25 00:00:00,LEAR-CHENNAI,,,TN87H1905,32,,84.24,100.25,8445.06,80381,79848,533,6.327160493827161,#DIV/0!,#DIV/0!,#DIV/0!,,,,,,,,
,4679,2026-06-25 00:00:00,LEAR-CHENNAI,,,TN87H2059,24,,84.91,100.25,8512.227499999999,51500,50812,688,8.102696973265811,#DIV/0!,#DIV/0!,#DIV/0!,,,,,,,,
,4680,2026-06-25 00:00:00,LEAR-CHENNAI,,,TN87H2061,24,,81.6,100.25,8180.4,84316,83650,666,8.161764705882353,#DIV/0!,#DIV/0!,#DIV/0!,,,,,,,,
,4681,2026-06-25 00:00:00,LEAR-CHENNAI,,,TN87H1975,32,,74.94,100.03,7496.2482,131370,130838,532,7.099012543368028,#DIV/0!,#DIV/0!,#DIV/0!,,,,,,,,
,4682,2026-06-25 00:00:00,LEAR-CHENNAI,,,TN87H5485,36,,77.69,100.03,7771.3306999999995,286246,285768,478,6.1526579997425666,#DIV/0!,#DIV/0!,#DIV/0!,,,,,,,,
,4683,2026-06-25 00:00:00,TML,JABBAR PUMP ,CHIDANAND BHANJANTRI,KA25AA1651,49+1,4.25,205.51,98.63,20269.451299999997,111703,110791,912,4.437740255948616,214.58823529411765,-9.078235294117661,-895.3863470588249,,,,,,,,
,4684,2026-06-25 00:00:00,TMBSL,JABBAR PUMP ,MAHANETSH AND SHASHANK ,KA25AC0453,55+1,4.5,123,98.63,12131.49,81194,80581,613,4.983739837398374,136.22222222222223,-13.222222222222229,-1304.1077777777784,,,,,,,,
,4685,2026-06-25 00:00:00,TMBSL,JABBAR PUMP ,SHIVARAJ AND NINGARAJ GUTAL,KA25AB7988,55+1,4.5,124,98.63,12230.119999999999,142818,142230,588,4.741935483870968,130.66666666666666,-6.666666666666657,-657.5333333333324,,,,,,,,
,4686,2026-06-25 00:00:00,TMBSL,JABBAR PUMP ,IRAPPA AND RUDRAYYA ,KA25AB7985,55+1,4.5,104,98.63,10257.52,119290,118792,498,4.788461538461538,110.66666666666667,-6.666666666666671,-657.5333333333338,,,,,,,,
,4687,2026-06-25 00:00:00,TMBSL,JABBAR PUMP ,SACHIN AND GANESH ,KA25AB7989,40+1,5.5,98,98.63,9665.74,136035,135472,563,5.744897959183674,102.36363636363636,-4.36363636363636,-430.38545454545414,,,,,,,,
,4688,2026-06-25 00:00:00,TMBSL,JABBAR PUMP ,UMESH M AND AKASH ,KA25AB7980,40+1,5.5,98,98.63,9665.74,120717,120154,563,5.744897959183674,102.36363636363636,-4.36363636363636,-430.38545454545414,,,,,,,,
,4689,2026-06-25 00:00:00,TML,JABBAR PUMP ,NAGAPPA KARKOPPA ,KA25AA1650,49+1,4.25,188,98.63,18542.44,246733,245896,837,4.452127659574468,196.94117647058823,-8.941176470588232,-881.8682352941173,,,,,,,,
,4690,2026-06-25 00:00:00,TML,JABBAR PUMP ,VINOD T,KA25AA1647,49+1,4.25,162.57,98.63,16034.279099999998,131205,130479,726,4.465768591991142,170.8235294117647,-8.253529411764703,-814.0456058823526,,,,,,,,
,4691,2026-06-26 00:00:00,BC,SHUBHAM,,MH14GD9122,36,5.5,30,98.44,2953.2,521563,521356,207,6.9,37.63636363636363,-7.636363636363633,-751.723636363636,,,,,,,,
,4692,2026-06-26 00:00:00,LEAR-CHAKAN,SHUBHAM,,MH14LB5924,18,12,30,98.44,2953.2,92198,91939,259,8.633333333333333,21.583333333333332,8.416666666666668,828.5366666666667,,,,,,,,
,4693,2026-06-26 00:00:00,BC,SHUBHAM,,MH14LL4207,18,10,30,98.44,2953.2,122626,122265,361,12.033333333333333,36.1,-6.100000000000001,-600.4840000000002,,,,,,,,
,4694,2026-06-26 00:00:00,BC,SHUBHAM,,MH14LB3848,40,5.5,40,98.44,3937.6,114530,114448,82,2.05,14.909090909090908,25.090909090909093,2469.949090909091,,,,,,,,
,4695,2026-06-26 00:00:00,BC,SHUBHAM,PAWALE,MH14LB3991,50,4,40,98.44,3937.6,98469,98301,168,4.2,42,-2,-196.88,,,,,,,,
,4696,2026-06-26 00:00:00,BC-VENDER,SHUBHAM,Sudhakar Sharad Daptare,MH14KQ5693,20,10,34.84,98.44,3429.6496,0,0,0,0,0,34.84,3429.6496,,,,,,,,
,4697,2026-06-26 00:00:00,BC,SHUBHAM,,MH14LB3985,50,4,37,98.44,3642.2799999999997,86246,86057,189,5.108108108108108,47.25,-10.25,-1009.01,,,,,,,,
,4698,2026-06-26 00:00:00,BC,SHUBHAM,,MH14GD9106,36,6,14.22,98.44,1399.8168,439861,439788,73,5.133614627285513,12.166666666666666,2.0533333333333346,202.13013333333345,,,,,,,,
,4699,2026-06-26 00:00:00,BC-VENDER,SHUBHAM,,MH14LX9897,17,10,30,98.44,2953.2,0,0,0,0,0,30,2953.2,,,,,,,,
,4700,2026-06-26 00:00:00,BC-VENDER,SHUBHAM,Prathmesh Tours & Travels,MH12VF1253,20,10,35,98.44,3445.4,0,0,0,0,0,35,3445.4,,,,,,,,
,4701,2026-06-26 00:00:00,BC-VENDER,SHUBHAM,,MH14MH4066,,,30,98.44,2953.2,0,0,0,0,#DIV/0!,#DIV/0!,#DIV/0!,,,,,,,,
,4702,2026-06-26 00:00:00,BC-VENDER,SHUBHAM,,MH14MH1600,36,6,30,98.44,2953.2,0,0,0,0,0,30,2953.2,,,,,,,,
,4703,2026-06-26 00:00:00,BC,SHUBHAM,,MH14LB3990,50,4,40,98.44,3937.6,74325,74022,303,7.575,75.75,-35.75,-3519.23,,,,,,,,
,4704,2026-06-26 00:00:00,BC-VENDER,SHUBHAM,Mukund Ramchandra Madvalkar,MH12LB9492,17,10,32.63,98.44,3212.0972,0,0,0,0,0,32.63,3212.0972,,,,,,,,
,4705,2026-06-26 00:00:00,LEAR-CHAKAN,SHUBHAM,SHIVAJI SHINDE,MH14LB5921,18,12,30,98.44,2953.2,212998,212663,335,11.166666666666666,27.916666666666668,2.083333333333332,205.0833333333332,,,,,,,,
,4706,2026-06-26 00:00:00,TML,JAYHIND,DILIP BARKAMBE,MH14CW4815,41,5,80,98.21,7856.799999999999,505821,505421,400,5,80,0,0,,,,,,,,
,4707,2026-06-26 00:00:00,TML,JAYHIND,AMOL,MH14CW3581,36,5.5,95,98.21,9329.949999999999,87681,87196,485,5.105263157894737,88.18181818181819,6.818181818181813,669.6136363636358,,,,,,,,
,4708,2026-06-26 00:00:00,KB-VENDER,JAYHIND,AYUB JAMADAR,MH14KQ5220,40,5.5,100.75,98.21,9894.6575,0,0,0,0,0,100.75,9894.6575,,,,,,,,
,4709,2026-06-26 00:00:00,TML,JAYHIND,DANRAJ KOLI,MH14CW2905,36,5.5,52,98.21,5106.92,558385,557937,448,8.615384615384615,81.45454545454545,-29.454545454545453,-2892.730909090909,,,,,,,,
,4710,2026-06-26 00:00:00,TML-VENDER,JAYHIND,BORASE,MH14KQ9520,40,5.5,71.29,98.21,7001.3909,0,0,0,0,0,71.29,7001.3909,,,,,,,,
,4711,2026-06-26 00:00:00,TML-VENDER,JAYHIND,NANA RASKAR,MH14GD4572,50,4,8,98.21,785.68,0,0,0,0,0,8,785.68,,,,,,,,
,4712,2026-06-26 00:00:00,TML,JAYHIND,BALAJI JOGE,MH14CW4611,40,5.5,75,98.21,7365.749999999999,448604,448160,444,5.92,80.72727272727273,-5.727272727272734,-562.4754545454551,,,,,,,,
,4713,2026-06-26 00:00:00,TML,JAYHIND,SACHIN GAIKWAD,MH14CW4377,37,5,130,98.21,12767.3,226411,225689,722,5.553846153846154,144.4,-14.400000000000006,-1414.2240000000004,,,,,,,,
,4714,2026-06-26 00:00:00,KB,JAYHIND,AMOL BANSODE,MH14GD4458,49,4,164.64,98.21,16169.294399999997,455004,454454,550,3.340621963070943,137.5,27.139999999999986,2665.4193999999984,,,,,,,,
,4715,2026-06-26 00:00:00,TML,JAYHIND,RAMDAS MARANE,MH14CW4822,41,5.5,60,98.21,5892.599999999999,485736,485489,247,4.116666666666666,44.90909090909091,15.090909090909093,1482.078181818182,,,,,,,,
,4716,2026-06-26 00:00:00,TML,JAYHIND,MALLIKARJUN BODALE,MH12KQ0265,44,3.5,150,98.21,14731.499999999998,446359,445850,509,3.3933333333333335,145.42857142857142,4.571428571428584,448.9600000000012,,,,,,,,
,4717,2026-06-26 00:00:00,KB,JAYHIND,,MH14CW4614,40,5.5,78.51,98.21,7710.4671,286878,286408,470,5.986498535218443,85.45454545454545,-6.944545454545448,-682.0238090909085,,,,,,,,
,4718,2026-06-26 00:00:00,TML,JAYHIND,SATISH PADWAL,MH14CW2904,36,5.5,95.73,98.21,9401.6433,401988,401628,360,3.760576621748668,65.45454545454545,30.27545454545455,2973.3523909090914,,,,,,,,
,4719,2026-06-26 00:00:00,KB,JAYHIND,PANDURANG WARE,MH14HU0837,28,6,100,98.21,9821,352138,351480,658,6.58,109.66666666666667,-9.666666666666671,-949.3633333333337,,,,,,,,
,4720,2026-06-26 00:00:00,TML,JAYHIND,KISHOR SHINDE,MH14CW4823,40,5.3,139,98.21,13651.189999999999,562631,562181,450,3.237410071942446,84.90566037735849,54.09433962264151,5312.605094339623,,,,,,,,
,4721,2026-06-26 00:00:00,TML,JAYHIND,,MH14CW3260,36,5,49,98.21,4812.29,436912,436664,248,5.061224489795919,49.6,-0.6000000000000014,-58.92600000000014,,,,,,,,
,4722,2026-06-26 00:00:00,TML-VENDER,JAYHIND,,MH14HU9544,,,135.59,98.21,13316.293899999999,0,0,0,0,#DIV/0!,#DIV/0!,#DIV/0!,,,,,,,,
,4723,2026-06-26 00:00:00,TML-VENDER,JAYHIND,BORASE,MH14KA9502,40,5.5,98,98.21,9624.58,0,0,0,0,0,98,9624.58,,,,,,,,
,4724,2026-06-26 00:00:00,TML-VENDER,JAYHIND,,MH14MH2897,40,5.5,38,98.21,3731.9799999999996,0,0,0,0,0,38,3731.9799999999996,,,,,,,,
,4725,2026-06-26 00:00:00,KB,JAYHIND,AMOL PAIK,MH14CW3580,36,5.5,100,98.21,9821,366324,365774,550,5.5,100,0,0,,,,,,,,
,4726,2026-06-26 00:00:00,BC,JAYHIND,LANDAGE,MH14LB3847,40,5.5,70,98.21,6874.7,82318,82070,248,3.5428571428571427,45.09090909090909,24.909090909090907,2446.321818181818,,,,,,,,
,4727,2026-06-26 00:00:00,BA-VENDER,JAYHIND,VAIBHAV KAWADE,MH14LX8792,17,10,31.06,98.21,3050.4026,0,0,0,0,0,31.06,3050.4026,,,,,,,,
,4728,2026-06-26 00:00:00,BC,JAYHIND,DANAJI SAKUNDE,MH14LB3846,32,6,60,98.21,5892.599999999999,112040,111677,363,6.05,60.5,-0.5,-49.105,,,,,,,,
,4729,2026-06-26 00:00:00,JCB,JAYHIND,,MH14LL4146,30,6,74.28,98.21,7295.038799999999,137785,137345,440,5.923532579429187,73.33333333333333,0.9466666666666725,92.9721333333339,,,,,,,,
,4730,2026-06-26 00:00:00,BC,JAYHIND,SOURABHV BOABADE,MH14LB3989,50,4,60,98.21,5892.599999999999,99874,99575,299,4.983333333333333,74.75,-14.75,-1448.5974999999999,,,,,,,,
,4731,2026-06-26 00:00:00,BA-VENDER,JAYHIND,SITARAM POL,MH14LB5428,18,12,35.09,98.21,3446.1889,0,0,0,0,0,35.09,3446.1889,,,,,,,,
,4732,2026-06-26 00:00:00,BC,JAYHIND,YOGESH GAWANDE,MH14LB4534,50,4,68.33,98.21,6710.689299999999,76064,75660,404,5.912483535782234,101,-32.67,-3208.5207,,,,,,,,
,4733,2026-06-26 00:00:00,KB-VENDER,JAYHIND,,MH14HG8154,,,99.84,98.21,9805.286399999999,0,0,0,0,#DIV/0!,#DIV/0!,#DIV/0!,,,,,,,,
,4734,2026-06-26 00:00:00,BA-VENDER,JAYHIND,DEVDAS DEKHANE,MH12WR1918,17,10,46.83,98.21,4599.1743,0,0,0,0,0,46.83,4599.1743,,,,,,,,
,4735,2026-06-26 00:00:00,TML,JAYHIND,,MH14CW3867,,,30,98.21,2946.2999999999997,102218,102002,216,7.2,#DIV/0!,#DIV/0!,#DIV/0!,,,,,,,,
,4736,2026-06-26 00:00:00,TML,JAYHIND,VISHNU KALE,MH14CW4613,41,5.5,93.01,98.21,9134.5121,27145,26838,307,3.3007203526502527,55.81818181818182,37.191818181818185,3652.608463636364,,,,,,,,
,4737,2026-06-26 00:00:00,JCB,JAYHIND,DANAJI WAIDANDE,MH14LL4201,18,10,46.58,98.21,4574.6218,136778,136258,520,11.163589523400601,52,-5.420000000000002,-532.2982000000002,,,,,,,,
,4738,2026-06-26 00:00:00,TML,JAYHIND,SACHIN KAMBLE,MH14CW3584,36,5.5,60,98.21,5892.599999999999,509219,508795,424,7.066666666666666,77.0909090909091,-17.090909090909093,-1678.498181818182,,,,,,,,
,4739,2026-06-26 00:00:00,KB,JAYHIND,SHIVANCHAL,MH14HG5614,28,6,120.48,98.21,11832.3408,384327,383744,583,4.838977423638778,97.16666666666667,23.313333333333333,2289.6024666666663,,,,,,,,
,4740,2026-06-26 00:00:00,TML,JAYHIND,GAJANAN PATIL,MH14CW2895,36,5.5,10,98.21,982.0999999999999,426091,425811,280,28,50.90909090909091,-40.90909090909091,-4017.6818181818176,,,,,,,,
,4741,2026-06-26 00:00:00,,JAYHIND,,MH14GD9116,,,75,98.21,7365.749999999999,0,0,0,0,#DIV/0!,#DIV/0!,#DIV/0!,,,,,,,,
,4742,2026-06-26 00:00:00,BA-VENDER,JAYHIND,DATTA DOMBLE,MH14LB2783,36,6,35.01,98.21,3438.3320999999996,0,0,0,0,0,35.01,3438.3320999999996,,,,,,,,
,4743,2026-06-26 00:00:00,KB,JAYHIND,DHARMRAJ LOKHANDE,MH14HG9379,33,5.8,70.01,98.21,6875.6821,47987,47730,257,3.670904156549064,44.310344827586206,25.6996551724138,2523.963134482759,,,,,,,,
,4744,2026-06-26 00:00:00,KB,JAYHIND,HANUMTRAO,MH14HG5615,28,6,96.13,98.21,9440.9273,313640,313134,506,5.263705398938937,84.33333333333333,11.796666666666667,1158.5506333333333,,,,,,,,
,4745,2026-06-26 00:00:00,TML,JAYHIND,GANSHAM RAM,MH14CW4610,40,5.5,55,98.21,5401.549999999999,399465,399245,220,4,40,15,1473.1499999999999,,,,,,,,
,4746,2026-06-26 00:00:00,KB,JAYHIND,,MH14HG5612,28,6,100,98.21,9821,416472,415939,533,5.33,88.83333333333333,11.166666666666671,1096.6783333333337,,,,,,,,
,4747,2026-06-26 00:00:00,TML,JAYHIND,CHATURBHUJ CHAVAN,MH14CW4062,36,5.5,117,98.21,11490.57,399425,398797,628,5.367521367521367,114.18181818181819,2.818181818181813,276.77363636363583,,,,,,,,
,4748,2026-06-26 00:00:00,TML,JAYHIND,LAXMAN MAHARAJ,MH14CW3266,36,5,60,98.21,5892.599999999999,175101,174684,417,6.95,83.4,-23.400000000000006,-2298.1140000000005,,,,,,,,
,4749,2026-06-26 00:00:00,TML,JAYHIND,SHIVAJI SAWANT,MH14CW4852,39,4.5,55,98.21,5401.549999999999,90235,89963,272,4.945454545454545,60.44444444444444,-5.444444444444443,-534.6988888888887,,,,,,,,
,4750,2026-06-26 00:00:00,KB,JAYHIND,KESHV PAWADE,MH14GD4460,49,4,136.74,98.21,13429.2354,474403,473904,499,3.64926137194676,124.75,11.990000000000009,1177.5379000000007,,,,,,,,
,4751,2026-06-26 00:00:00,TML-VENDER,JAYHIND,,MH14LL9502,,,104.72,98.21,10284.5512,0,0,0,0,#DIV/0!,#DIV/0!,#DIV/0!,,,,,,,,
,4752,2026-06-26 00:00:00,BA-VENDER,JAYHIND,HEMANT,MH12WF5993,17,10,43.76,98.21,4297.669599999999,0,0,0,0,0,43.76,4297.669599999999,,,,,,,,
,4753,2026-06-26 00:00:00,KB-VENDER,JAYHIND,,MH12ZE0337,,,48.03,98.21,4717.0262999999995,0,0,0,0,#DIV/0!,#DIV/0!,#DIV/0!,,,,,,,,
,4754,2026-06-26 00:00:00,BA-VENDER,JAYHIND,MARAL,MH12UM9865,17,10,59.79,98.21,5871.9758999999995,0,0,0,0,0,59.79,5871.9758999999995,,,,,,,,
,4755,2026-06-26 00:00:00,TML,JAYHIND,,MH14CW4802,41,5.3,70,98.21,6874.7,485534,485125,409,5.8428571428571425,77.16981132075472,-7.169811320754718,-704.1471698113209,,,,,,,,
,4756,2026-06-26 00:00:00,KWT,JAYHIND,BHAIRU KAWADE,MH14GD9124,36,6,50,98.21,4910.5,326827,326526,301,6.02,50.166666666666664,-0.1666666666666643,-16.3683333333331,,,,,,,,
,4757,2026-06-26 00:00:00,KB-VENDER,JAYHIND,NILESH,MH14LL9848,40,5.5,101.02,98.21,9921.1742,0,0,0,0,0,101.02,9921.1742,,,,,,,,
,4758,2026-06-26 00:00:00,LEAR-CHAKAN,BPCL,NIWAS RATHOD,MH14LB5919,18,12,40,98.18,3927.2000000000003,244145,243741,404,10.1,33.666666666666664,6.333333333333336,621.806666666667,,,,,,,,
,4759,2026-06-26 00:00:00,JCB,BPCL,BAPU VAMAN,MH14LL4159,30,6,46,98.3,4521.8,177775,177477,298,6.478260869565218,49.666666666666664,-3.6666666666666643,-360.4333333333331,,,,,,,,
,4760,2026-06-26 00:00:00,JCB,BPCL,NITESH DONGARE,MH14LL4184,30,6,61.08,98.23,5999.8884,142410,141738,672,11.00196463654224,112,-50.92,-5001.8716,,,,,,,,
,4761,2026-06-26 00:00:00,JCB,IOCL,VIKAS HEMADE,MH14LL4140,30,6,38,98.52,3743.7599999999998,176612,176384,228,6,38,0,0,,,,,,,,
,4762,2026-06-26 00:00:00,JCB,BPCL,JAGDISH PATIL,MH14LL4189,30,6,70,98.37,6885.900000000001,212985,212599,386,5.514285714285714,64.33333333333333,5.666666666666671,557.4300000000005,,,,,,,,
,4763,2026-06-26 00:00:00,VW,BPCL,SITARAM BHOR,MH14KA2465,40,5.5,92,98.63,9073.96,253343,252802,541,5.880434782608695,98.36363636363636,-6.36363636363636,-627.6454545454542,,,,,,,,
,4764,2026-06-26 00:00:00,VW,SAMRUDDHI,,MH14KA2561,40,5.5,40,98.57,3942.7999999999997,239202,239003,199,4.975,36.18181818181818,3.81818181818182,376.358181818182,,,,,,,,
,4765,2026-06-26 00:00:00,VW,SAMRUDDHI,,MH14KA1880,40,5.5,100,98.57,9857,224885,224211,674,6.74,122.54545454545455,-22.545454545454547,-2222.3054545454547,,,,,,,,
,4766,2026-06-26 00:00:00,VW,SAMRUDDHI,,MH14KA2815,40,5.5,40,98.57,3942.7999999999997,196244,196025,219,5.475,39.81818181818182,0.18181818181817988,17.92181818181799,,,,,,,,
,4767,2026-06-26 00:00:00,VW,SAMRUDDHI,,MH14KA1901,40,5.5,100,98.57,9857,192210,191719,491,4.91,89.27272727272727,10.727272727272734,1057.3872727272733,,,,,,,,
,4768,2026-06-26 00:00:00,VW,SAMRUDDHI,,MH14KA1499,40,5.5,123,98.57,12124.109999999999,238904,238243,661,5.373983739837398,120.18181818181819,2.818181818181813,277.7881818181813,,,,,,,,
,4769,2026-06-26 00:00:00,VW,SAMRUDDHI,,MH14KA2469,40,5.5,55,98.57,5421.349999999999,142886,142561,325,5.909090909090909,59.09090909090909,-4.0909090909090935,-403.2409090909093,,,,,,,,
,4770,2026-06-26 00:00:00,VW,SAMRUDDHI,,MH14KA1913,40,5.5,86,98.57,8477.019999999999,301641,301083,558,6.488372093023256,101.45454545454545,-15.454545454545453,-1523.3545454545451,,,,,,,,
,4771,2026-06-26 00:00:00,VW,SAMRUDDHI,,MH14KA2563,40,5.5,90,98.57,8871.3,140488,140152,336,3.7333333333333334,61.09090909090909,28.909090909090907,2849.5690909090904,,,,,,,,
,4772,2026-06-26 00:00:00,VW,SAMRUDDHI,,MH14KA1888,40,5.5,70,98.57,6899.9,172085,171715,370,5.285714285714286,67.27272727272727,2.7272727272727337,268.82727272727334,,,,,,,,
,4773,2026-06-26 00:00:00,VW,SAMRUDDHI,,MH14KA1744,40,5.5,70,98.57,6899.9,167991,167806,185,2.642857142857143,33.63636363636363,36.36363636363637,3584.3636363636365,,,,,,,,
,4774,2026-06-26 00:00:00,VW,SAMRUDDHI,,MH14KA3312,20,8,40,98.57,3942.7999999999997,231770,231471,299,7.475,37.375,2.625,258.74625,,,,,,,,
,4775,2026-06-26 00:00:00,VW,SAMRUDDHI,,MH14KA1886,40,5.5,35,98.57,3449.95,200135,200004,131,3.742857142857143,23.818181818181817,11.181818181818183,1102.1918181818182,,,,,,,,
,4776,2026-06-26 00:00:00,VW,SAMRUDDHI,,MH14KA1763,40,5.5,70,98.57,6899.9,127321,126779,542,7.742857142857143,98.54545454545455,-28.545454545454547,-2813.7254545454543,,,,,,,,
,4777,2026-06-26 00:00:00,VW,SAMRUDDHI,,MH14KA2559,40,5.5,40,98.57,3942.7999999999997,149684,149473,211,5.275,38.36363636363637,1.6363636363636331,161.2963636363633,,,,,,,,
,4778,2026-06-26 00:00:00,VW,SAMRUDDHI,,MH14KA2463,40,5.5,40,98.57,3942.7999999999997,139971,139848,123,3.075,22.363636363636363,17.636363636363637,1738.4163636363635,,,,,,,,
,4779,2026-06-26 00:00:00,VW,SAMRUDDHI,,MH14KA1907,40,5.5,65,98.57,6407.049999999999,204547,204187,360,5.538461538461538,65.45454545454545,-0.45454545454545325,-44.80454545454533,,,,,,,,
,4780,2026-06-26 00:00:00,VW,SAMRUDDHI,,MH14KA2591,40,5.5,50,98.57,4928.5,140864,140606,258,5.16,46.90909090909091,3.0909090909090935,304.67090909090933,,,,,,,,
,4781,2026-06-26 00:00:00,VW,SAMRUDDHI,,MH14KA1915,40,5.5,80,98.57,7885.599999999999,261416,261010,406,5.075,73.81818181818181,6.181818181818187,609.3418181818187,,,,,,,,
,4782,2026-06-26 00:00:00,VW,SAMRUDDHI,,MH14KA1883,40,5.5,50,98.57,4928.5,200435,200192,243,4.86,44.18181818181818,5.81818181818182,573.4981818181819,,,,,,,,
,4783,2026-06-26 00:00:00,VW,SAMRUDDHI,,MH14KA2570,40,5.5,45,98.57,4435.65,180322,180016,306,6.8,55.63636363636363,-10.636363636363633,-1048.4263636363632,,,,,,,,
,4784,2026-06-26 00:00:00,VW,SAMRUDDHI,,MH14KA1894,40,5.5,70,98.57,6899.9,137043,136797,246,3.5142857142857142,44.72727272727273,25.272727272727273,2491.132727272727,,,,,,,,
,4785,2026-06-26 00:00:00,VW,SAMRUDDHI,,MH14KA2816,40,5.5,70,98.57,6899.9,123926,123534,392,5.6,71.27272727272727,-1.2727272727272663,-125.45272727272663,,,,,,,,
,4786,2026-06-26 00:00:00,VW,SAMRUDDHI,,MH14KA2464,40,5.5,35,98.57,3449.95,146751,146602,149,4.257142857142857,27.09090909090909,7.90909090909091,779.5990909090909,,,,,,,,
,4787,2026-06-26 00:00:00,VW,SAMRUDDHI,,MH14KA1914,40,5.5,35,98.57,3449.95,128352,128207,145,4.142857142857143,26.363636363636363,8.636363636363637,851.2863636363636,,,,,,,,
,4788,2026-06-26 00:00:00,VW,SAMRUDDHI,,MH14KA1741,40,5.5,40,98.57,3942.7999999999997,138650,138438,212,5.3,38.54545454545455,1.4545454545454533,143.3745454545453,,,,,,,,
,4789,2026-06-26 00:00:00,BC,SAMRUDDHI,RAJ KAMBLE,MH14LB4535,50,3.5,60,98.57,5914.2,113412,113265,147,2.45,42,18,1774.2599999999998,,,,,,,,
,4790,2026-06-26 00:00:00,LEAR-CHAKAN,SAMRUDDHI,,MH14LB6214,25,7,30,98.57,2957.1,204112,203859,253,8.433333333333334,36.142857142857146,-6.142857142857146,-605.5014285714288,,,,,,,,
,4791,2026-06-26 00:00:00,VW,SAMRUDDHI,,MH14KA1765,40,5.5,40,98.57,3942.7999999999997,160578,160368,210,5.25,38.18181818181818,1.8181818181818201,179.218181818182,,,,,,,,
,4792,2026-06-26 00:00:00,VW,SAMRUDDHI,,MH14KA1897,40,5.5,30,98.57,2957.1,217439,217272,167,5.566666666666666,30.363636363636363,-0.3636363636363633,-35.84363636363633,,,,,,,,
,4793,2026-06-26 00:00:00,VW,SAMRUDDHI,,MH14KA1903,40,5.5,90,98.57,8871.3,150830,150301,529,5.877777777777778,96.18181818181819,-6.181818181818187,-609.3418181818187,,,,,,,,
,4794,2026-06-26 00:00:00,VW,SAMRUDDHI,,MH14KA2809,40,5.5,30,98.57,2957.1,152543,152295,248,8.266666666666667,45.09090909090909,-15.090909090909093,-1487.5109090909093,,,,,,,,
,4795,2026-06-26 00:00:00,VW,SAMRUDDHI,,MH14KQ1004,40,5.5,30,98.57,2957.1,86004,85824,180,6,32.72727272727273,-2.7272727272727266,-268.82727272727266,,,,,,,,
,4796,2026-06-26 00:00:00,VW,SAMRUDDHI,BARKU KALANTKAR,MH14KA2813,40,5.5,60,98.57,5914.2,119207,118700,507,8.45,92.18181818181819,-32.18181818181819,-3172.1618181818185,,,,,,,,
,4797,2026-06-26 00:00:00,VW,SAMRUDDHI,,MH14KA2562,40,5.5,50,98.57,4928.5,148804,148640,164,3.28,29.818181818181817,20.181818181818183,1989.3218181818181,,,,,,,,
,4798,2026-06-26 00:00:00,VW,SAMRUDDHI,,MH14KA3310,40,5.5,31,98.57,3055.6699999999996,160531,160276,255,8.225806451612904,46.36363636363637,-15.363636363636367,-1514.3936363636367,,,,,,,,
,4799,2026-06-26 00:00:00,VW,SAMRUDDHI,,MH14KA1916,40,5.5,50,98.57,4928.5,138621,138522,99,1.98,18,32,3154.24,,,,,,,,
,4800,2026-06-26 00:00:00,VW,SAMRUDDHI,,MH14KA2467,40,5.5,60,98.57,5914.2,152934,152768,166,2.7666666666666666,30.181818181818183,29.818181818181817,2939.1781818181817,,,,,,,,
,4801,2026-06-26 00:00:00,VW,SAMRUDDHI,,MH14KA1905,40,5.5,80,98.57,7885.599999999999,214304,213965,339,4.2375,61.63636363636363,18.363636363636367,1810.1036363636365,,,,,,,,
,4802,2026-06-26 00:00:00,VW,SAMRUDDHI,,MH14KA2879,40,5.5,70,98.57,6899.9,196699,196242,457,6.5285714285714285,83.0909090909091,-13.090909090909093,-1290.3709090909092,,,,,,,,
,4803,2026-06-26 00:00:00,VW,SAMRUDDHI,,MH14KA1890,40,5.5,20,98.57,1971.3999999999999,122753,122693,60,3,10.909090909090908,9.090909090909092,896.0909090909091,,,,,,,,
,4804,2026-06-26 00:00:00,VW,SAMRUDDHI,,MH14KA2811,40,5.5,60,98.57,5914.2,190549,190220,329,5.483333333333333,59.81818181818182,0.18181818181817988,17.92181818181799,,,,,,,,
,4805,2026-06-26 00:00:00,VW,SAMRUDDHI,,MH14KA2558,40,5.5,80,98.57,7885.599999999999,223663,223297,366,4.575,66.54545454545455,13.454545454545453,1326.2145454545453,,,,,,,,
,4806,2026-06-26 00:00:00,VW,SAMRUDDHI,,MH14KA2602,40,5.5,60,98.57,5914.2,168723,168405,318,5.3,57.81818181818182,2.18181818181818,215.06181818181798,,,,,,,,
,4807,2026-06-26 00:00:00,VW,SAMRUDDHI,,MH14KA2814,40,5.5,60,98.57,5914.2,160132,159903,229,3.816666666666667,41.63636363636363,18.363636363636367,1810.1036363636365,,,,,,,,
,4808,2026-06-26 00:00:00,VW,SAMRUDDHI,,MH14KA1895,40,5.5,50,98.57,4928.5,176263,176005,258,5.16,46.90909090909091,3.0909090909090935,304.67090909090933,,,,,,,,
,4809,2026-06-26 00:00:00,VW,SAMRUDDHI,,MH14KA2818,40,5.5,45,98.57,4435.65,130881,130625,256,5.688888888888889,46.54545454545455,-1.5454545454545467,-152.33545454545467,,,,,,,,
,4810,2026-06-26 00:00:00,VW,SAMRUDDHI,,MH14KA2935,40,5.5,40,98.57,3942.7999999999997,154767,154628,139,3.475,25.272727272727273,14.727272727272727,1451.6672727272726,,,,,,,,
,4811,2026-06-26 00:00:00,VW,SAMRUDDHI,,MH14KA2923,40,5.5,40,98.57,3942.7999999999997,163439,163243,196,4.9,35.63636363636363,4.363636363636367,430.12363636363665,,,,,,,,
,4812,2026-06-26 00:00:00,VW,SAMRUDDHI,,MH14KA1904,40,5.5,70,98.57,6899.9,152694,152305,389,5.557142857142857,70.72727272727273,-0.7272727272727337,-71.68727272727335,,,,,,,,
,4813,2026-06-26 00:00:00,HYUNDAI-IFM,SAIEE,,HYUNDAI-IFM,,,35,111.94,3917.9,0,0,0,0,#DIV/0!,#DIV/0!,#DIV/0!,,,,,,,,
,4814,2026-06-26 00:00:00,KB,IOCL,,MH14MT2841,40,5.5,96,98.15,9422.400000000001,28110,27799,311,3.2395833333333335,56.54545454545455,39.45454545454545,3872.4636363636364,,,,,,,,
,4815,2026-06-26 00:00:00,,BPCL,,MH14GD4456,40,5.5,183.33,98.04,17973.6732,361596,360995,601,3.2782414225713192,109.27272727272727,74.05727272727275,7260.57501818182,,,,,,,,
413/30-6-26,4816,2026-06-26 00:00:00,MERCEDES,PRATIK,,MH14LX3712,32,4,25,98.57,2464.25,36003,35812,191,7.64,47.75,-22.75,-2242.4674999999997,,,,,,,,
413/30-6-26,4817,2026-06-26 00:00:00,MERCEDES,PRATIK,,MH14LX4889,32,4,25,98.57,2464.25,26125,25859,266,10.64,66.5,-41.5,-4090.6549999999997,,,,,,,,
,4818,2026-06-26 00:00:00,CITY FLOW PUNE,HPCL,,MH14MT2067,17,10,53.67,98.19,5269.8573,11785,11462,323,6.01825973542016,32.3,21.370000000000005,2098.3203000000003,,,,,,,,
,4819,2026-06-26 00:00:00,BAJAJ WALUJ,HPCL,GORAKH,MH14CW4805,40,5.5,51,99.44,5071.44,294902,294613,289,5.666666666666667,52.54545454545455,-1.5454545454545467,-153.68000000000012,,,,,,,,
,4820,2026-06-26 00:00:00,BAJAJ WALUJ,HPCL,NAGESH,MH20GC5309,50,5,46,99.44,4574.24,155717,155464,253,5.5,50.6,-4.600000000000001,-457.42400000000015,,,,,,,,
,4821,2026-06-26 00:00:00,BAJAJ WALUJ,HPCL,DAUD,MH14CW4820,40,5.5,42,99.44,4176.48,270589,270353,236,5.619047619047619,42.90909090909091,-0.9090909090909065,-90.39999999999974,,,,,,,,
,4822,2026-06-26 00:00:00,BAJAJ WALUJ,HPCL,SHAIKH,MH14CW4816,40,5.5,60,99.44,5966.4,305388,305028,360,6,65.45454545454545,-5.454545454545453,-542.3999999999999,,,,,,,,
,4823,2026-06-26 00:00:00,BAJAJ WALUJ,HPCL,RAMESHWAR,MH20GC5307,40,5.5,50,99.44,4972,95129,94838,291,5.82,52.90909090909091,-2.9090909090909065,-289.27999999999975,,,,,,,,
,4824,2026-06-26 00:00:00,BAJAJ WALUJ,HPCL,JABBAR,MH20GC8872,50,5,51,99.44,5071.44,109931,109635,296,5.803921568627451,59.2,-8.200000000000003,-815.4080000000002,,,,,,,,
,4825,2026-06-26 00:00:00,BAJAJ WALUJ,HPCL,SOPAN,MH20GZ5418,50,5,30,99.44,2983.2,9656,9538,118,3.933333333333333,23.6,6.399999999999999,636.4159999999998,,,,,,,,
,4826,2026-06-26 00:00:00,BAJAJ WALUJ,HPCL,NARYAN,MH20GC5342,50,5,21,99.44,2088.24,111066,110952,114,5.428571428571429,22.8,-1.8000000000000007,-178.99200000000008,,,,,,,,
,4827,2026-06-26 00:00:00,BAJAJ WALUJ,HPCL,BHAGWAN,MH20GC5417,50,5,40,99.44,3977.6,13558,13339,219,5.475,43.8,-3.799999999999997,-377.87199999999973,,,,,,,,
,4828,2026-06-26 00:00:00,BAJAJ WALUJ,HPCL,LATE,MH20GC8893,50,5,32,99.44,3182.08,101927,101751,176,5.5,35.2,-3.200000000000003,-318.20800000000025,,,,,,,,
,4829,2026-06-26 00:00:00,BAJAJ WALUJ,HPCL,DADARAO,MH14CW4609,40,5.5,50,99.44,4972,296149,295869,280,5.6,50.90909090909091,-0.9090909090909065,-90.39999999999974,,,,,,,,
,4830,2026-06-26 00:00:00,BAJAJ WALUJ,HPCL,SANJAY,MH20GC8879,50,5,70,99.44,6960.8,137865,137473,392,5.6,78.4,-8.400000000000006,-835.2960000000005,,,,,,,,
,4831,2026-06-26 00:00:00,BAJAJ WALUJ,HPCL,ARVIND,MH14CW4615,40,5.5,64,99.44,6364.16,304944,304580,364,5.6875,66.18181818181819,-2.181818181818187,-216.96000000000052,,,,,,,,
,4832,2026-06-26 00:00:00,BAJAJ WALUJ,HPCL,ABHIJEET,MH20GC5419,50,5,60,99.44,5966.4,20909,20600,309,5.15,61.8,-1.7999999999999972,-178.9919999999997,,,,,,,,
,4833,2026-06-26 00:00:00,BAJAJ WALUJ,HPCL,SAGER,MH20GC8876,50,5,50,99.44,4972,124780,124684,96,1.92,19.2,30.8,3062.752,,,,,,,,
,4834,2026-06-26 00:00:00,Skoda-vw,SFM,SACHIN,MH20GC2532,40,5,30,99.65,2989.5,48802,48141,661,22.033333333333335,132.2,-102.19999999999999,-10184.23,,,,,,,,
,4835,2026-06-26 00:00:00,Skoda-vw,SFM,MUSTAK,MH20GC2529,40,5,30,99.65,2989.5,43477,42840,637,21.233333333333334,127.4,-97.4,-9705.910000000002,,,,,,,,
,4836,2026-06-26 00:00:00,Skoda-vw,SFM,AMIR,MH20GC2544,40,5,30,99.65,2989.5,42539,41953,586,19.533333333333335,117.2,-87.2,-8689.480000000001,,,,,,,,
,4837,2026-06-26 00:00:00,Skoda-vw,SFM,JAGTAP,MH20GC2524,40,5,30,99.65,2989.5,43164,42572,592,19.733333333333334,118.4,-88.4,-8809.060000000001,,,,,,,,
,4838,2026-06-26 00:00:00,Skoda-vw,SFM,KHANEDEKAR,MH14KA1878,40,5,30,99.65,2989.5,58592,58027,565,18.833333333333332,113,-83,-8270.95,,,,,,,,
,4839,2026-06-26 00:00:00,Skoda-vw,SFM,FEROZ,MH14KA1889,40,5,40,99.65,3986,65444,64687,757,18.925,151.4,-111.4,-11101.010000000002,,,,,,,,
,4840,2026-06-26 00:00:00,Skoda-vw,SFM,THAIR,MH14KA1887,40,5,30,99.65,2989.5,63450,62954,496,16.533333333333335,99.2,-69.2,-6895.780000000001,,,,,,,,
,4841,2026-06-26 00:00:00,CITYFLOW MUMBAI,,,MH04MH4725,27,4,70,97.89,6852.3,15271,15050,221,3.157142857142857,55.25,14.75,1443.8775,,,,,,,,
,4842,2026-06-26 00:00:00,CITYFLOW MUMBAI,,,MH04MH5287,27,4,55,98,5390,45333,45109,224,4.072727272727272,56,-1,-98,,,,,,,,
,4843,2026-06-26 00:00:00,CITYFLOW MUMBAI,,,MH04MH6311,27,4,90.13,98.04,8836.3452,30599,30419,180,1.9971152779318764,45,45.129999999999995,4424.5452,,,,,,,,
,4844,2026-06-26 00:00:00,CITYFLOW MUMBAI,,,MH04MH6313,27,4,50,98.07,4903.5,50630,50471,159,3.18,39.75,10.25,1005.2175,,,,,,,,
,4845,2026-06-26 00:00:00,CITYFLOW MUMBAI,,,MH04MH6317,27,4,85,98.04,8333.4,37423,37057,366,4.305882352941176,91.5,-6.5,-637.26,,,,,,,,
,4846,2026-06-26 00:00:00,CITYFLOW MUMBAI,,,MH04MH6318,27,4,85,98.04,8333.4,36051,35748,303,3.5647058823529414,75.75,9.25,906.87,,,,,,,,
,4847,2026-06-26 00:00:00,LEAR-CHENNAI,,,TN87H2083,24,,84.09,100.03,8411.5227,158449,157765,684,8.134141990724224,#DIV/0!,#DIV/0!,#DIV/0!,,,,,,,,
,4848,2026-06-26 00:00:00,LEAR-CHENNAI,,,TN87H2089,24,,66.68,100.03,6670.000400000001,45684,45125,559,8.383323335332932,#DIV/0!,#DIV/0!,#DIV/0!,,,,,,,,
,4849,2026-06-26 00:00:00,LEAR-CHENNAI,,,TN87H1913,32,,73.25,100.03,7327.1975,137000,136452,548,7.48122866894198,#DIV/0!,#DIV/0!,#DIV/0!,,,,,,,,
,4850,2026-06-26 00:00:00,LEAR-CHENNAI,,,TN87H2067,24,,80.3,100.03,8032.409,78051,77419,632,7.870485678704857,#DIV/0!,#DIV/0!,#DIV/0!,,,,,,,,
,4851,2026-06-26 00:00:00,LEAR-CHENNAI,,,TN87H2191,4,,34.41,108.42,3730.7321999999995,70760,70314,446,12.961348445219414,#DIV/0!,#DIV/0!,#DIV/0!,,,,,,,,
,4852,2026-06-26 00:00:00,LEAR-CHENNAI,,,TN87H2075,24,,84.18,100.03,8420.5254,96077,95412,665,7.899738655262532,#DIV/0!,#DIV/0!,#DIV/0!,,,,,,,,
,4853,2026-06-26 00:00:00,LEAR-CHENNAI,,,TN87H1946,14,,42.28,100.03,4229.2684,51386,50858,528,12.488174077578051,#DIV/0!,#DIV/0!,#DIV/0!,,,,,,,,
,4854,2026-06-26 00:00:00,LEAR-CHENNAI,,,TN87H2058,24,,72.22,100.03,7224.1666,67426,66793,633,8.764885073386873,#DIV/0!,#DIV/0!,#DIV/0!,,,,,,,,
,4855,2026-06-26 00:00:00,LEAR-CHENNAI,,,TN87H1971,32,,82.42,100.03,8244.472600000001,77249,76630,619,7.510313030817763,#DIV/0!,#DIV/0!,#DIV/0!,,,,,,,,
,4856,2026-06-26 00:00:00,LEAR-CHENNAI,,,TN87H2018,24,,80.23,100.03,8025.406900000001,87450,86840,610,7.6031409697120775,#DIV/0!,#DIV/0!,#DIV/0!,,,,,,,,
,4857,2026-06-26 00:00:00,LEAR-CHENNAI,,,TN87H1962,32,,73.24,100.03,7326.1972,65037,64463,574,7.837247405789187,#DIV/0!,#DIV/0!,#DIV/0!,,,,,,,,
,4858,2026-06-26 00:00:00,TML,JABBAR PUMP ,SHARIF NADAF,KA25AA1642,49+1,4.25,187,98.63,18443.809999999998,295659,294862,797,4.262032085561497,187.52941176470588,-0.529411764705884,-52.21588235294134,,,,,,,,
,4859,2026-06-26 00:00:00,TMBSL,JABBAR PUMP ,NAGAPPA GIDAMUDI AND ATMANAND ,KA25AB7984,55+1,4.5,117,98.63,11539.71,147728,147163,565,4.829059829059829,125.55555555555556,-8.555555555555557,-843.8344444444446,,,,,,,,
,4860,2026-06-26 00:00:00,TMBSL,JABBAR PUMP ,ANNAPPA  AND RACHAYYA ,KA25AB7983,55+1,4.5,103,98.63,10158.89,136110,135620,490,4.757281553398058,108.88888888888889,-5.888888888888886,-580.8211111111108,,,,,,,,
,4861,2026-06-26 00:00:00,TML,JABBAR PUMP ,MAHESH KARGI,KA25AA1646,49+1,4.25,219.53,98.63,21652.243899999998,310783,309825,958,4.363868264018585,225.41176470588235,-5.881764705882347,-580.1184529411759,,,,,,,,
,4862,2026-06-26 00:00:00,TMBSL,JABBAR PUMP ,LOKESH PATIL,KA25AC0452,55+1,4.5,125,98.63,12328.75,118545,117936,609,4.872,135.33333333333334,-10.333333333333343,-1019.1766666666675,,,,,,,,
,4863,2026-06-27 00:00:00,VW,SAMRUDDHI,,MH14KA1744,40,5.5,30,98.57,2957.1,168178,167991,187,6.233333333333333,34,-4,-394.28,,,,,,,,
,4864,2026-06-27 00:00:00,BC-VENDER,SHUBHAM,Prathmesh Tours & Travels,MH12VF1253,20,10,40,98.44,3937.6,0,0,0,0,0,40,3937.6,,,,,,,,
,4865,2026-06-27 00:00:00,BC-VENDER,SHUBHAM,,MH14MH4066,,,33.14,98.44,3262.3016,0,0,0,0,#DIV/0!,#DIV/0!,#DIV/0!,,,,,,,,
,4866,2026-06-27 00:00:00,BC,SHUBHAM,RAM SHINDE,MH14LB3988,50,4,40,98.44,3937.6,68864,68694,170,4.25,42.5,-2.5,-246.1,,,,,,,,
,4867,2026-06-27 00:00:00,BC,SHUBHAM,AJINKYA KAMBLE,MH14LB3879,32,6,30,98.44,2953.2,105855,105674,181,6.033333333333333,30.166666666666668,-0.16666666666666785,-16.406666666666784,,,,,,,,
,4868,2026-06-27 00:00:00,LEAR-CHAKAN,SHUBHAM,,MH14LB3844,32,6,40,98.44,3937.6,98418,98213,205,5.125,34.166666666666664,5.833333333333336,574.2333333333336,,,,,,,,
,4869,2026-06-27 00:00:00,BC-VENDER,SHUBHAM,,MH14MH1600,36,6,23.51,98.44,2314.3244,0,0,0,0,0,23.51,2314.3244,,,,,,,,
,4870,2026-06-27 00:00:00,BC-VENDER,SHUBHAM,,MH14LX9322,,,40,98.44,3937.6,0,0,0,0,#DIV/0!,#DIV/0!,#DIV/0!,,,,,,,,
,4871,2026-06-27 00:00:00,BC,SHUBHAM,,MH14LB3849,40,5.5,30,98.44,2953.2,99515,99308,207,6.9,37.63636363636363,-7.636363636363633,-751.723636363636,,,,,,,,
,4872,2026-06-27 00:00:00,BC-VENDER,SHUBHAM,Sudhakar Sharad Daptare,MH14KQ5693,20,10,32.5,98.44,3199.2999999999997,0,0,0,0,0,32.5,3199.2999999999997,,,,,,,,
,4873,2026-06-27 00:00:00,BC-VENDER,SHUBHAM,,MH14LQ1600,36,6,35,98.44,3445.4,0,0,0,0,0,35,3445.4,,,,,,,,
,4874,2026-06-27 00:00:00,BC,SHUBHAM,PAWALE,MH14LB3991,50,4,40,98.44,3937.6,98639,98469,170,4.25,42.5,-2.5,-246.1,,,,,,,,
,4875,2026-06-27 00:00:00,BC,SHUBHAM,SAWPNIL,MH14LB3987,50,4,30,98.44,2953.2,60519,60358,161,5.366666666666666,40.25,-10.25,-1009.01,,,,,,,,
,4876,2026-06-27 00:00:00,BC-VENDER,SHUBHAM,,MH14LX9897,17,10,30.84,98.44,3035.8896,0,0,0,0,0,30.84,3035.8896,,,,,,,,
,4877,2026-06-27 00:00:00,BC-VENDER,SHUBHAM,Mukund Ramchandra Madvalkar,MH12LB9492,17,10,33.87,98.44,3334.1627999999996,0,0,0,0,0,33.87,3334.1627999999996,,,,,,,,
,4878,2026-06-27 00:00:00,BC-VENDER,SHUBHAM,,MH14HG3816,,,30,98.44,2953.2,0,0,0,0,#DIV/0!,#DIV/0!,#DIV/0!,,,,,,,,
,4879,2026-06-27 00:00:00,BC,SHUBHAM,,MH14LB3985,50,4,26.85,98.44,2643.114,86382,86246,136,5.065176908752328,34,-7.149999999999999,-703.8459999999999,,,,,,,,
,4880,2026-06-27 00:00:00,LEAR-CHAKAN,SHUBHAM,SHIVAJI SHINDE,MH14LB5921,18,12,22.72,98.44,2236.5568,213164,212998,166,7.306338028169014,13.833333333333334,8.886666666666665,874.8034666666665,,,,,,,,
,4881,2026-06-27 00:00:00,BC,SHUBHAM,,MH14LB2877,18,10,30,98.44,2953.2,117835,117519,316,10.533333333333333,31.6,-1.6000000000000014,-157.50400000000013,,,,,,,,
,4882,2026-06-27 00:00:00,BC,SHUBHAM,,MH14LB3848,40,5.5,20,98.44,1968.8,114835,114530,305,15.25,55.45454545454545,-35.45454545454545,-3490.1454545454544,,,,,,,,
,4883,2026-06-27 00:00:00,BC,SHUBHAM,,MH14HG2520,40,5,40,98.44,3937.6,214856,214690,166,4.15,33.2,6.799999999999997,669.3919999999997,,,,,,,,
,4884,2026-06-27 00:00:00,BC-VENDER,SHUBHAM,,MH14MT9600,18,10,50,98.44,4922,0,0,0,0,0,50,4922,,,,,,,,
,4885,2026-06-27 00:00:00,BC-VENDER,SHUBHAM,,MH14HG7929,,,40,98.44,3937.6,0,0,0,0,#DIV/0!,#DIV/0!,#DIV/0!,,,,,,,,
,4886,2026-06-27 00:00:00,BA-VENDER,SHUBHAM,ABHAY HANDE,MH14LL1494,17,10,40,98.44,3937.6,0,0,0,0,0,40,3937.6,,,,,,,,
,4887,2026-06-27 00:00:00,LEAR-CHAKAN,BPCL,VITTHALRAO,MH14LB5821,18,12,40,98.21,3928.3999999999996,82456,81751,705,17.625,58.75,-18.75,-1841.4374999999998,,,,,,,,
,4888,2026-06-27 00:00:00,JCB,IOCL,BAPU VAMAN,MH14LL4159,30,6,46,98.3,4521.8,178032,177775,257,5.586956521739131,42.833333333333336,3.1666666666666643,311.2833333333331,,,,,,,,
,4889,2026-06-27 00:00:00,JCB,BPCL,JAGDISH PATIL,MH14LL4189,30,6,70,98.37,6885.900000000001,213371,212985,386,5.514285714285714,64.33333333333333,5.666666666666671,557.4300000000005,,,,,,,,
,4890,2026-06-27 00:00:00,LEAR-CHAKAN,HPCL,,MH14LB6214,25,7,77.1,98.57,7599.7469999999985,204658,204112,546,7.08171206225681,78,-0.9000000000000057,-88.71300000000055,,,,,,,,
,4891,2026-06-27 00:00:00,LEAR-CHAKAN,HPCL,SUNIL PATHARE,MH14LB6210,25,7,30,98.57,2957.1,76369,75890,479,15.966666666666667,68.42857142857143,-38.42857142857143,-3787.904285714286,,,,,,,,
,4892,2026-06-27 00:00:00,LEAR-CHAKAN,HPCL,,MH14LB5926,18,12,45,98.57,4435.65,131989,131763,226,5.022222222222222,18.833333333333332,26.166666666666668,2579.2483333333334,,,,,,,,
,4893,2026-06-27 00:00:00,LEAR-CHAKAN,HPCL,,MH14LB5917,18,12,50,98.57,4928.5,156384,155929,455,9.1,37.916666666666664,12.083333333333336,1191.0541666666668,,,,,,,,
,4894,2026-06-27 00:00:00,LEAR-CHAKAN,HPCL,SACHIN,MH14LB5914,18,12,53,98.57,5224.21,197056,196840,216,4.0754716981132075,18,35,3449.95,,,,,,,,
,4895,2026-06-27 00:00:00,LEAR-CHAKAN,HPCL,NAIKARE,MH14LB6270,40,6,80,98.57,7885.599999999999,179753,179306,447,5.5875,74.5,5.5,542.135,,,,,,,,
,4896,2026-06-27 00:00:00,LEAR-CHAKAN,HPCL,LAXMAN PATIL,MH14LB5915,18,12,50.18,98.57,4946.2426,127812,127499,313,6.237544838581108,26.083333333333332,24.096666666666668,2375.2084333333332,,,,,,,,
,4897,2026-06-27 00:00:00,LEAR-CHAKAN,HPCL,,MH14LB5922,18,12,50,98.57,4928.5,143897,143528,369,7.38,30.75,19.25,1897.4724999999999,,,,,,,,
,4898,2026-06-27 00:00:00,LEAR-CHAKAN,HPCL,AMOL PATIL,MH14LB5925,18,12,45.05,98.57,4440.5785,133881,133514,367,8.146503884572697,30.583333333333332,14.466666666666665,1425.979333333333,,,,,,,,
,4899,2026-06-27 00:00:00,LEAR-CHAKAN,HPCL,SUDAM SHEJUL,MH14LB6211,25,7,55.72,98.57,5492.3204,100026,99695,331,5.9404163675520465,47.285714285714285,8.434285714285714,831.3675428571428,,,,,,,,
,4900,2026-06-27 00:00:00,LEAR-CHAKAN,HPCL,SURESH,MH14LB6213,50,5,80,98.57,7885.599999999999,136358,136068,290,3.625,58,22,2168.54,,,,,,,,
,4901,2026-06-27 00:00:00,BC,HPCL,,MH14GD9122,36,5.5,54.56,98.57,5377.9792,521765,521563,202,3.7023460410557183,36.72727272727273,17.832727272727276,1757.7719272727275,,,,,,,,
,4902,2026-06-27 00:00:00,LEAR-CHAKAN,HPCL,,MH14LB5918,18,12,50,98.57,4928.5,121541,121284,257,5.14,21.416666666666668,28.583333333333332,2817.4591666666665,,,,,,,,
,4903,2026-06-27 00:00:00,LEAR-CHAKAN,HPCL,SWAGAT JADHAV,MH14LB5967,18,12,30,98.57,2957.1,86770,86609,161,5.366666666666666,13.416666666666666,16.583333333333336,1634.6191666666668,,,,,,,,
,4904,2026-06-27 00:00:00,LEAR-CHAKAN,HPCL,,MH14LB5924,18,12,30,98.57,2957.1,92318,92198,120,4,10,20,1971.3999999999999,,,,,,,,
,4905,2026-06-27 00:00:00,LEAR-CHAKAN,HPCL,,MH14LB6096,18,12,40,98.57,3942.7999999999997,51669,51438,231,5.775,19.25,20.75,2045.3274999999999,,,,,,,,
,4906,2026-06-27 00:00:00,LEAR-CHAKAN,HPCL,,MH14LB4966,17,10,40,98.57,3942.7999999999997,120009,119685,324,8.1,32.4,7.600000000000001,749.1320000000001,,,,,,,,
,4907,2026-06-27 00:00:00,VW,SAMRUDDHI,,MH14KA1739,40,5.5,80,98.57,7885.599999999999,164897,164451,446,5.575,81.0909090909091,-1.0909090909090935,-107.53090909090933,,,,,,,,
,4908,2026-06-27 00:00:00,VW,SAMRUDDHI,,MH14KA2557,40,5.5,128,98.57,12616.96,216166,215545,621,4.8515625,112.9090909090909,15.090909090909093,1487.5109090909093,,,,,,,,
,4909,2026-06-27 00:00:00,VW,SAMRUDDHI,,MH14KA3311,20,8,40,98.57,3942.7999999999997,168408,168109,299,7.475,37.375,2.625,258.74625,,,,,,,,
,4910,2026-06-27 00:00:00,VW,SAMRUDDHI,,MH14KA1882,40,5.5,55,98.57,5421.349999999999,167681,167394,287,5.218181818181818,52.18181818181818,2.81818181818182,277.788181818182,,,,,,,,
,4911,2026-06-27 00:00:00,VW,SAMRUDDHI,,MH14KA2554,40,5.5,80,98.57,7885.599999999999,179544,179108,436,5.45,79.27272727272727,0.7272727272727337,71.68727272727335,,,,,,,,
,4912,2026-06-27 00:00:00,VW,SAMRUDDHI,,MH14KA1913,40,5.5,50,98.57,4928.5,301935,301641,294,5.88,53.45454545454545,-3.4545454545454533,-340.5145454545453,,,,,,,,
,4913,2026-06-27 00:00:00,VW,SAMRUDDHI,,MH14KA1737,40,5.5,50,98.57,4928.5,165530,165322,208,4.16,37.81818181818182,12.18181818181818,1200.761818181818,,,,,,,,
,4914,2026-06-27 00:00:00,VW,SAMRUDDHI,,MH14KA1740,40,5.5,50,98.57,4928.5,181212,180841,371,7.42,67.45454545454545,-17.454545454545453,-1720.4945454545452,,,,,,,,
,4915,2026-06-27 00:00:00,VW,SAMRUDDHI,,MH14KA1745,40,5.5,120,98.57,11828.4,98398,98020,378,3.15,68.72727272727273,51.272727272727266,5053.952727272726,,,,,,,,
,4916,2026-06-27 00:00:00,VW,SAMRUDDHI,,MH14KA1879,40,5.5,50,98.57,4928.5,198038,197791,247,4.94,44.90909090909091,5.0909090909090935,501.8109090909093,,,,,,,,
,4917,2026-06-27 00:00:00,VW,SAMRUDDHI,,MH14KA2817,40,5.5,70,98.57,6899.9,154779,154409,370,5.285714285714286,67.27272727272727,2.7272727272727337,268.82727272727334,,,,,,,,
,4918,2026-06-27 00:00:00,VW,SAMRUDDHI,,MH14KA1742,40,5.5,80,98.57,7885.599999999999,157557,157194,363,4.5375,66,14,1379.98,,,,,,,,
,4919,2026-06-27 00:00:00,VW,SAMRUDDHI,,MH14KA1880,40,5.5,78,98.57,7688.459999999999,225222,224885,337,4.32051282051282,61.27272727272727,16.727272727272727,1648.8072727272724,,,,,,,,
,4920,2026-06-27 00:00:00,VW,SAMRUDDHI,,MH14KA2563,40,5.5,102,98.57,10054.14,140816,140488,328,3.215686274509804,59.63636363636363,42.36363636363637,4175.783636363636,,,,,,,,
,4921,2026-06-27 00:00:00,VW,SAMRUDDHI,,MH14KA1898,40,5.5,134,98.57,13208.38,170264,170124,140,1.044776119402985,25.454545454545453,108.54545454545455,10699.325454545455,,,,,,,,
,4922,2026-06-27 00:00:00,VW,SAMRUDDHI,,MH14KA1890,40,5.5,30,98.57,2957.1,122850,122753,97,3.2333333333333334,17.636363636363637,12.363636363636363,1218.6836363636362,,,,,,,,
,4923,2026-06-27 00:00:00,VW,SAMRUDDHI,,MH14KA2925,40,5.5,60,98.57,5914.2,193958,193472,486,8.1,88.36363636363636,-28.36363636363636,-2795.8036363636356,,,,,,,,
,4924,2026-06-27 00:00:00,VW,SAMRUDDHI,,MH14KA1915,40,5.5,131,98.57,12912.669999999998,261773,261416,357,2.7251908396946565,64.9090909090909,66.0909090909091,6514.580909090909,,,,,,,,
,4925,2026-06-27 00:00:00,VW,SAMRUDDHI,,MH14KA2808,40,5.5,55,98.57,5421.349999999999,129154,128865,289,5.254545454545455,52.54545454545455,2.4545454545454533,241.9445454545453,,,,,,,,
,4926,2026-06-27 00:00:00,VW,SAMRUDDHI,,MH14KA2464,40,5.5,55,98.57,5421.349999999999,146897,146751,146,2.6545454545454548,26.545454545454547,28.454545454545453,2804.764545454545,,,,,,,,
,4927,2026-06-27 00:00:00,VW,SAMRUDDHI,,MH14KA1909,40,5.5,70,98.57,6899.9,157046,156681,365,5.214285714285714,66.36363636363636,3.6363636363636402,358.436363636364,,,,,,,,
,4928,2026-06-27 00:00:00,VW,SAMRUDDHI,,MH14KA1902,40,5.5,85,98.57,8378.449999999999,170841,170372,469,5.517647058823529,85.27272727272727,-0.27272727272726627,-26.882727272726633,,,,,,,,
,4929,2026-06-27 00:00:00,VW,SAMRUDDHI,,MH14KA2569,40,5.5,75,98.57,7392.749999999999,170632,170336,296,3.9466666666666668,53.81818181818182,21.18181818181818,2087.891818181818,,,,,,,,
,4930,2026-06-27 00:00:00,VW,SAMRUDDHI,,MH14KA2731,40,5.5,100,98.57,9857,177921,177608,313,3.13,56.90909090909091,43.09090909090909,4247.470909090909,,,,,,,,
,4931,2026-06-27 00:00:00,VW,SAMRUDDHI,,MH14KA2924,40,5.5,60,98.57,5914.2,121702,121428,274,4.566666666666666,49.81818181818182,10.18181818181818,1003.621818181818,,,,,,,,
,4932,2026-06-27 00:00:00,VW,SAMRUDDHI,,MH14KA1894,40,5.5,130,98.57,12814.099999999999,137358,137043,315,2.423076923076923,57.27272727272727,72.72727272727272,7168.727272727271,,,,,,,,
,4933,2026-06-27 00:00:00,VW,SAMRUDDHI,,MH14KA2463,40,5.5,50,98.57,4928.5,140105,139971,134,2.68,24.363636363636363,25.636363636363637,2526.9763636363637,,,,,,,,
,4934,2026-06-27 00:00:00,VW,SAMRUDDHI,,MH14KA2556,40,5.5,50,98.57,4928.5,165867,165610,257,5.14,46.72727272727273,3.2727272727272734,322.5927272727273,,,,,,,,
,4935,2026-06-27 00:00:00,HYUNDAI,SAIEE,ANIL PAWAR,MH14LX7841,40,5.5,142.98,98.59,14096.3982,44847,44009,838,5.860959574765702,152.36363636363637,-9.383636363636384,-925.1327090909111,,,,,,,,
,4936,2026-06-27 00:00:00,JCB,SAIEE,SACHIN RAUT,MH14LL4205,18,10,34.97,98.59,3447.6923,195513,194769,744,21.27537889619674,74.4,-39.43000000000001,-3887.4037000000008,,,,,,,,
,4937,2026-06-27 00:00:00,JCB,SAIEE,,MH14LL4138,30,6,49,98.59,4830.91,165440,164900,540,11.020408163265307,90,-41,-4042.19,,,,,,,,
,4938,2026-06-27 00:00:00,JCB,SAIEE,DAYNESHWAR GAVALI,MH14LL4139,30,6,67,98.59,6605.530000000001,132525,132145,380,5.6716417910447765,63.333333333333336,3.6666666666666643,361.49666666666644,,,,,,,,
,4939,2026-06-27 00:00:00,HYUNDAI,SAIEE,KARTIK WAYSE,MH14LL6273,41,5.5,126.33,98.59,12454.8747,66492,65782,710,5.620201060714003,129.0909090909091,-2.760909090909095,-272.1980272727277,,,,,,,,
,4940,2026-06-27 00:00:00,HYUNDAI,SAIEE,PRASHANT PARGE,MH14LL6274,41,5.5,30,98.59,2957.7000000000003,77635,77037,598,19.933333333333334,108.72727272727273,-78.72727272727273,-7761.721818181819,,,,,,,,
,4941,2026-06-27 00:00:00,HYUNDAI,SAIEE,RAJU RATHOD,MH14LX7485,41,5.5,85,98.59,8380.15,39986,39518,468,5.5058823529411764,85.0909090909091,-0.09090909090909349,-8.962727272727527,,,,,,,,
,4942,2026-06-27 00:00:00,HYUNDAI,SAIEE,VILAS KAMBLE,MH14LL6328,41,5.5,8,98.59,788.72,42730,42696,34,4.25,6.181818181818182,1.8181818181818183,179.25454545454548,,,,,,,,
,4943,2026-06-27 00:00:00,JCB,SAIEE,PRAVIN SABLE,MH14LL4196,18,10,28,98.59,2760.52,87165,86649,516,18.428571428571427,51.6,-23.6,-2326.724,,,,,,,,
,4944,2026-06-27 00:00:00,JCB,SAIEE,BALAJI RAWALE,MH14LL4199,18,10,40,98.59,3943.6000000000004,180453,179505,948,23.7,94.8,-54.8,-5402.732,,,,,,,,
,4945,2026-06-27 00:00:00,BA-VENDER,SAIEE,DATTA DOMBLE,MH14LB2873,36,6,81,98.59,7985.79,0,0,0,0,0,81,7985.79,,,,,,,,
,4946,2026-06-27 00:00:00,MITSUBISHI,SAIEE,SANTOSH CHAVAN,MH14LB2874,33,6,36,98.59,3549.2400000000002,75113,74899,214,5.944444444444445,35.666666666666664,0.3333333333333357,32.86333333333357,,,,,,,,
,4947,2026-06-27 00:00:00,JCB,SAIEE,YOURAJ WAGH,MH14LL4179,30,6,20,98.59,1971.8000000000002,113473,112689,784,39.2,130.66666666666666,-110.66666666666666,-10910.626666666667,,,,,,,,
413/30-6-26,4948,2026-06-27 00:00:00,MERCEDES,PRATIK,,MH14KA9148,32,4,100,98.57,9857,111898,111700,198,1.98,49.5,50.5,4977.785,,,,,,,,
413/30-6-26,4949,2026-06-27 00:00:00,MERCEDES,PRATIK,,MH14KA9150,32,4,50,98.57,4928.5,131094,130855,239,4.78,59.75,-9.75,-961.0574999999999,,,,,,,,
413/30-6-26,4950,2026-06-27 00:00:00,MERCEDES,PRATIK,,MH14KA9152,32,4,40,98.57,3942.7999999999997,118488,118295,193,4.825,48.25,-8.25,-813.2025,,,,,,,,
413/30-6-26,4951,2026-06-27 00:00:00,MERCEDES,PRATIK,,MH14LX4885,32,4,40,98.57,3942.7999999999997,39242,39051,191,4.775,47.75,-7.75,-763.9174999999999,,,,,,,,
413/30-6-26,4952,2026-06-27 00:00:00,MERCEDES,PRATIK,,MH14LX4888,32,4,40,98.57,3942.7999999999997,37429,37143,286,7.15,71.5,-31.5,-3104.955,,,,,,,,
413/30-6-26,4953,2026-06-27 00:00:00,MERCEDES,PRATIK,,MH14HU3980,32,4,40,98.57,3942.7999999999997,235547,235308,239,5.975,59.75,-19.75,-1946.7575,,,,,,,,
413/30-6-26,4954,2026-06-27 00:00:00,MERCEDES,PRATIK,,MH14LX3726,32,4,70,98.57,6899.9,35543,35316,227,3.242857142857143,56.75,13.25,1306.0525,,,,,,,,
413/30-6-26,4955,2026-06-27 00:00:00,MERCEDES,PRATIK,,MH14LX3725,32,4,30,98.57,2957.1,31519,31344,175,5.833333333333333,43.75,-13.75,-1355.3374999999999,,,,,,,,
,4956,2026-06-27 00:00:00,JCB,BPCL,MANOJ KAMBLE,MH14LL4153,30,6,80.05,98.39,7876.1195,158250,157743,507,6.333541536539663,84.5,-4.450000000000003,-437.8355000000003,,,,,,,,
,4957,2026-06-27 00:00:00,JCB,BPCL,BADE,MH14LL4191,30,6,65,98.39,6395.35,107805,107352,453,6.969230769230769,75.5,-10.5,-1033.095,,,,,,,,
,4958,2026-06-27 00:00:00,JCB,BPCL,LAHU VANVE,MH14LL4154,30,6,90,98.39,8855.1,134971,134529,442,4.911111111111111,73.66666666666667,16.33333333333333,1607.0366666666662,,,,,,,,
,4959,2026-06-27 00:00:00,CITY FLOW PUNE,HPCL,,MH14MT2065,17,10,65.64,99.47,6529.2108,8995,8547,448,6.825106642291286,44.8,20.840000000000003,2072.9548000000004,,,,,,,,
,4960,2026-06-27 00:00:00,CITY FLOW PUNE,HPCL,,MH14MT2067,17,10,65.16,98.88,6443.020799999999,12232,11785,447,6.860036832412524,44.7,20.459999999999994,2023.0847999999992,,,,,,,,
,4961,2026-06-27 00:00:00,KB,HPCL,,MH14GD4457,49,4,178.73,98.27,17563.7971,333552,332934,618,3.4577295361718794,154.5,24.22999999999999,2381.0820999999987,,,,,,,,
,4962,2026-06-27 00:00:00,JCB,JAYHIND,SACHIN WAGHMARE,MH14LL4187,30,6,90,98.21,8838.9,135124,134623,501,5.566666666666666,83.5,6.5,638.365,,,,,,,,
,4963,2026-06-27 00:00:00,TML,JAYHIND,SATISH SHINDE,MH14CW4061,36,5.5,140,98.21,13749.4,437526,436884,642,4.585714285714285,116.72727272727273,23.272727272727266,2285.614545454545,,,,,,,,
,4964,2026-06-27 00:00:00,JCB,JAYHIND,BALAJI THOBOLE,MH14LL4195,30,6,74,98.21,7267.54,137426,136980,446,6.027027027027027,74.33333333333333,-0.3333333333333286,-32.7366666666662,,,,,,,,
,4965,2026-06-27 00:00:00,MITSUBISHI,JAYHIND,AMIT KAMBLE,MH14LB2875,18,10,20,98.21,1964.1999999999998,114464,114279,185,9.25,18.5,1.5,147.315,,,,,,,,
,4966,2026-06-27 00:00:00,JCB,JAYHIND,AYUB PATHAN,MH14LL4157,30,6,85,98.21,8347.85,145061,144591,470,5.529411764705882,78.33333333333333,6.666666666666671,654.7333333333338,,,,,,,,
,4967,2026-06-27 00:00:00,KB,JAYHIND,DHARMA LOKHANDE,MH14HG9380,33,6,100,98.21,9821,293114,292687,427,4.27,71.16666666666667,28.83333333333333,2831.721666666666,,,,,,,,
,4968,2026-06-27 00:00:00,JCB,JAYHIND,PRAMOD BARKUL,MH14LL4188,30,6,70,98.21,6874.7,138499,138074,425,6.071428571428571,70.83333333333333,-0.8333333333333286,-81.8416666666662,,,,,,,,
,4969,2026-06-27 00:00:00,VW,JAYHIND,,MH14KA1883,40,5.5,50,98.21,4910.5,200593,200435,158,3.16,28.727272727272727,21.272727272727273,2089.1945454545453,,,,,,,,
,4970,2026-06-27 00:00:00,KB,JAYHIND,TEJAS UNDRE,MH14MT2840,40,5.5,91.61,98.21,8997.0181,40851,40498,353,3.853291125422989,64.18181818181819,27.428181818181812,2693.7217363636355,,,,,,,,
,4971,2026-06-27 00:00:00,KB,JAYHIND,RAJU JAMADAR,MH14HG5617,28,6,70,98.21,6874.7,411253,410903,350,5,58.333333333333336,11.666666666666664,1145.783333333333,,,,,,,,
,4972,2026-06-27 00:00:00,BAJAJ WALUJ,HPCL,JABBAR,MH20GC8872,50,5,51,99.44,5071.44,110227,109931,296,5.803921568627451,59.2,-8.200000000000003,-815.4080000000002,,,,,,,,
,4973,2026-06-27 00:00:00,BAJAJ WALUJ,HPCL,MADAN,MH14CW4821,40,5.5,62,99.44,6165.28,291818,291453,365,5.887096774193548,66.36363636363636,-4.36363636363636,-433.9199999999996,,,,,,,,
,4974,2026-06-27 00:00:00,BAJAJ WALUJ,HPCL,NIVRUTTI ,MH14KU2284,20,9,33.76,99.44,3357.0944,0,0,0,0,0,33.76,3357.0944,,,,,,,,
,4975,2026-06-27 00:00:00,BAJAJ WALUJ,HPCL,NAKIM,MH20GZ5478,50,5,45,99.44,4474.8,7743,7523,220,4.888888888888889,44,1,99.44,,,,,,,,
,4976,2026-06-27 00:00:00,BAJAJ WALUJ,HPCL,MOHSIN,MH20GC8890,50,5,80,99.44,7955.2,81420,80998,422,5.275,84.4,-4.400000000000006,-437.53600000000057,,,,,,,,
,4977,2026-06-27 00:00:00,BAJAJ WALUJ,HPCL,NARYAN,MH20GC5342,50,5,30,99.44,2983.2,111187,111066,121,4.033333333333333,24.2,5.800000000000001,576.7520000000001,,,,,,,,
,4978,2026-06-27 00:00:00,BAJAJ WALUJ,HPCL,LATE,MH20GC8893,50,5,34,99.44,3380.96,102115,101927,188,5.529411764705882,37.6,-3.6000000000000014,-357.98400000000015,,,,,,,,
,4979,2026-06-27 00:00:00,BAJAJ WALUJ,HPCL,AJAY,MH14CW4485,50,3.5,40,99.44,3977.6,56688,56533,155,3.875,44.285714285714285,-4.285714285714285,-426.17142857142846,,,,,,,,
,4980,2026-06-27 00:00:00,BAJAJ WALUJ,HPCL,GUNJAL,MH14CW4824,40,5.5,30,99.44,2983.2,302658,302402,256,8.533333333333333,46.54545454545455,-16.545454545454547,-1645.2800000000002,,,,,,,,
,4981,2026-06-27 00:00:00,BAJAJ WALUJ,HPCL,SUDAM,MH14HG5613,32,5.5,50,99.44,4972,75908,75617,291,5.82,52.90909090909091,-2.9090909090909065,-289.27999999999975,,,,,,,,
,4982,2026-06-27 00:00:00,BAJAJ WALUJ,HPCL,RAJPUT,MH14CW4616,40,5.5,50,99.44,4972,296981,296696,285,5.7,51.81818181818182,-1.8181818181818201,-180.80000000000018,,,,,,,,
,4983,2026-06-27 00:00:00,BAJAJ WALUJ,HPCL,ASPAK,MH20GC8875,50,5,60,99.44,5966.4,81057,80730,327,5.45,65.4,-5.400000000000006,-536.9760000000006,,,,,,,,
,4984,2026-06-27 00:00:00,BAJAJ WALUJ,HPCL,AJAY,MH14HU0836,32,5.5,36,99.44,3579.84,320072,319862,210,5.833333333333333,38.18181818181818,-2.18181818181818,-216.9599999999998,,,,,,,,
,4985,2026-06-27 00:00:00,BAJAJ WALUJ,HPCL,DAUD,MH14CW4820,40,5.5,46,99.44,4574.24,270847,270589,258,5.608695652173913,46.90909090909091,-0.9090909090909065,-90.39999999999974,,,,,,,,
,4986,2026-06-27 00:00:00,BAJAJ WALUJ,HPCL,NAZIR,MH14CW4456,40,5.5,60,99.44,5966.4,294989,294653,336,5.6,61.09090909090909,-1.0909090909090935,-108.48000000000026,,,,,,,,
,4987,2026-06-27 00:00:00,CITYFLOW MUMBAI,,,MH04MH4081,27,4,20,98.04,1960.8000000000002,43200,42907,293,14.65,73.25,-53.25,-5220.63,,,,,,,,
,4988,2026-06-27 00:00:00,CITYFLOW MUMBAI,,,MH04MH5287,27,4,55,98,5390,45555,45333,222,4.036363636363636,55.5,-0.5,-49,,,,,,,,
,4989,2026-06-27 00:00:00,LEAR-CHENNAI,,,TN87H1942,32,,79.3,100.03,7932.379,48887,48224,663,8.360655737704919,#DIV/0!,#DIV/0!,#DIV/0!,,,,,,,,
,4990,2026-06-27 00:00:00,LEAR-CHENNAI,,,TN87H2091,24,,72.02,100.03,7204.160599999999,63928,63307,621,8.622604831991113,#DIV/0!,#DIV/0!,#DIV/0!,,,,,,,,
,4991,2026-06-27 00:00:00,LEAR-CHENNAI,,,TN87H1956,14,,42.89,100.03,4290.2867,40932,40379,553,12.893448356260201,#DIV/0!,#DIV/0!,#DIV/0!,,,,,,,,
,4992,2026-06-27 00:00:00,LEAR-CHENNAI,,,TN87H1931,32,,88.03,100.03,8805.6409,97922,97239,683,7.758718618652732,#DIV/0!,#DIV/0!,#DIV/0!,,,,,,,,
,4993,2026-06-27 00:00:00,LEAR-CHENNAI,,,TN87H1960,32,,71.62,100.03,7164.1486,56259,55713,546,7.623568835520803,#DIV/0!,#DIV/0!,#DIV/0!,,,,,,,,
,4994,2026-06-27 00:00:00,LEAR-CHENNAI,,,TN87H2191,4,,26.23,108.42,2843.8566,71180,70760,420,16.012199771254288,#DIV/0!,#DIV/0!,#DIV/0!,,,,,,,,
,4995,2026-06-27 00:00:00,LEAR-CHENNAI,,,TN87H2083,24,,82.13,100.03,8215.463899999999,159119,158449,670,8.157798611956654,#DIV/0!,#DIV/0!,#DIV/0!,,,,,,,,
,4996,2026-06-27 00:00:00,LEAR-CHENNAI,,,TN87H2004,24,,79.62,100.03,7964.3886,79767,79120,647,8.126098970108012,#DIV/0!,#DIV/0!,#DIV/0!,,,,,,,,
,4997,2026-06-27 00:00:00,LEAR-CHENNAI,,,TN87H1975,32,,77.87,100.03,7789.3361,131951,131370,581,7.461153204058045,#DIV/0!,#DIV/0!,#DIV/0!,,,,,,,,
,4998,2026-06-27 00:00:00,LEAR-CHENNAI,,,TN87H1913,32,,76.06,100.03,7608.281800000001,137559,137000,559,7.349460951880094,#DIV/0!,#DIV/0!,#DIV/0!,,,,,,,,
,4999,2026-06-27 00:00:00,LEAR-CHENNAI,,,TN87H1946,14,,48.63,100.03,4864.4589000000005,51904,51386,518,10.65186099115772,#DIV/0!,#DIV/0!,#DIV/0!,,,,,,,,
,5000,2026-06-27 00:00:00,LEAR-CHENNAI,,,TN87H1996,32,,82.71,100.03,8273.4813,72952,72346,606,7.326804497642366,#DIV/0!,#DIV/0!,#DIV/0!,,,,,,,,
,5001,2026-06-27 00:00:00,LEAR-CHENNAI,,,TN87H2151,4,,25.74,108.23,2785.8402,89015,88634,381,14.801864801864802,#DIV/0!,#DIV/0!,#DIV/0!,,,,,,,,
,5002,2026-06-27 00:00:00,LEAR-CHENNAI,,,TN87H1962,32,,75.82,100.03,7584.2746,65624,65037,587,7.742020575046163,#DIV/0!,#DIV/0!,#DIV/0!,,,,,,,,
,5003,2026-06-27 00:00:00,TMBSL,JABBAR PUMP ,MANJUNATH CHINDI AND MALLESH ,KA25AC0057,55+1,4.5,118,98.63,11638.34,96907,96336,571,4.838983050847458,126.88888888888889,-8.888888888888886,-876.7111111111108,,,,,,,,
,5004,2026-06-27 00:00:00,TML,JABBAR PUMP ,ANAND NANDIHALLI,KA25AA7672,49+1,4.25,100,98.63,9863,136793,136468,325,3.25,76.47058823529412,23.529411764705884,2320.7058823529414,,,,,,,,
,5005,2026-06-27 00:00:00,TMBSL,JABBAR PUMP ,NINGARAJ BANKAPUR AND HANUMANTH ,KA25AB7987,55+1,4.5,124,98.63,12230.119999999999,144305,143711,594,4.790322580645161,132,-8,-789.04,,,,,,,,
,5006,2026-06-27 00:00:00,TML,JABBAR PUMP ,MANJUNATH GODSI,KA25AA1648,49+1,4.25,190.03,98.63,18742.6589,64100,63236,864,4.5466505288638634,203.2941176470588,-13.26411764705881,-1308.2399235294104,,,,,,,,
,5007,2026-06-27 00:00:00,TMBSL,JABBAR PUMP ,MAHANETSH AND SHASHANK ,KA25AC0453,55+1,4.5,132,98.63,13019.16,81878,81194,684,5.181818181818182,152,-20,-1972.6,,,,,,,,
,5008,2026-06-27 00:00:00,BC,SHUBHAM,,MH14LB5344,5,22,5,111.79,558.95,106098,105358,740,148,33.63636363636363,-28.636363636363633,-3201.259090909091,,,,,,,,
,5009,2026-06-28 00:00:00,VW,SAMRUDDHI,,MH14KA1744,40,5.5,40,98.57,3942.7999999999997,168222,168178,44,1.1,8,32,3154.24,,,,,,,,
,5010,2026-06-28 00:00:00,LEAR-CHAKAN,BPCL,VITTHALRAO,MH14LB5821,18,12,40,98.21,3928.3999999999996,82786,82456,330,8.25,27.5,12.5,1227.625,,,,,,,,
,5011,2026-06-28 00:00:00,LEAR-CHAKAN,BPCL,NIWAS RATHOD,MH14LB5919,18,12,40,98.18,3927.2000000000003,244811,244145,666,16.65,55.5,-15.5,-1521.7900000000002,,,,,,,,
,5012,2026-06-28 00:00:00,JCB,BPCL,NITESH DONGARE,MH14LL4184,30,6,58.03,98.23,5700.2869,143074,142410,664,11.442357401344132,110.66666666666667,-52.63666666666667,-5170.499766666667,,,,,,,,
,5013,2026-06-28 00:00:00,JCB,IOCL,BAPU VAMAN,MH14LL4159,30,6,47,98.3,4620.099999999999,178313,178032,281,5.9787234042553195,46.833333333333336,0.1666666666666643,16.3833333333331,,,,,,,,
,5014,2026-06-28 00:00:00,JCB,IOCL,VIKAS HEMADE,MH14LL4140,30,6,60.45,98.52,5955.534,176975,176612,363,6.004962779156327,60.5,-0.04999999999999716,-4.9259999999997195,,,,,,,,
,5015,2026-06-28 00:00:00,JCB,BPCL,JAGDISH PATIL,MH14LL4189,30,6,76.38,98.19,7499.752199999999,213791,213371,420,5.498821681068343,70,6.3799999999999955,626.4521999999995,,,,,,,,
,5016,2026-06-28 00:00:00,JCB,JAYHIND,CHANDRAKANT PATTHAR,MH14LL4124,30,6,50,98.21,4910.5,91182,90481,701,14.02,116.83333333333333,-66.83333333333333,-6563.701666666666,,,,,,,,
,5017,2026-06-28 00:00:00,JCB,SAIEE,YOURAJ WAGH,MH14LL4179,30,6,131,98.59,12915.29,113593,113473,120,0.916030534351145,20,111,10943.49,,,,,,,,
,5018,2026-06-28 00:00:00,JCB,SAIEE,SUSHIL INGALE,MH14LL4193,30,6,98,98.59,9661.82,87121,86577,544,5.551020408163265,90.66666666666667,7.333333333333329,722.9933333333329,,,,,,,,
,5019,2026-06-28 00:00:00,JCB,SAIEE,FALKE,MH14LL4149,30,6,20,98.59,1971.8000000000002,146988,146237,751,37.55,125.16666666666667,-105.16666666666667,-10368.381666666668,,,,,,,,
,5020,2026-06-28 00:00:00,JCB,JAYHIND,REVANATH LANDGE,MH14LL4194,30,6,78,98.21,7660.379999999999,133928,133377,551,7.064102564102564,91.83333333333333,-13.833333333333329,-1358.571666666666,,,,,,,,
,5021,2026-06-28 00:00:00,BC-VENDER,SHUBHAM,Sudhakar Sharad Daptare,MH14KQ5693,20,10,20,98.44,1968.8,0,0,0,0,0,20,1968.8,,,,,,,,
,5022,2026-06-28 00:00:00,,BPCL,,MH14GD4456,40,5.5,173.11,98.04,16971.704400000002,362198,361596,602,3.477557622321067,109.45454545454545,63.65545454545456,6240.780763636366,,,,,,,,
,5023,2026-06-28 00:00:00,BA-VENDER,JAYHIND,DINESH,MH14LB9060,18,10,49.68,98.21,4879.0728,0,0,0,0,0,49.68,4879.0728,,,,,,,,
,5024,2026-06-28 00:00:00,TML-VENDER,JAYHIND,BORASE,MH14KQ9520,40,5.5,63.5,98.21,6236.335,0,0,0,0,0,63.5,6236.335,,,,,,,,
,5025,2026-06-28 00:00:00,KB,JAYHIND,,MH14CW4614,40,5.5,30,98.21,2946.2999999999997,287064,286878,186,6.2,33.81818181818182,-3.81818181818182,-374.98363636363655,,,,,,,,
,5026,2026-06-28 00:00:00,KB-VENDER,JAYHIND,AYUB JAMADAR,MH14MH5220,40,5.5,47,98.21,4615.87,0,0,0,0,0,47,4615.87,,,,,,,,
,5027,2026-06-28 00:00:00,TML,JAYHIND,LAXMAN MAHARAJ,MH14CW3266,36,5,37,98.21,3633.77,175324,175101,223,6.027027027027027,44.6,-7.600000000000001,-746.3960000000001,,,,,,,,
,5028,2026-06-28 00:00:00,TML,JAYHIND,,MH14CW4802,41,5.3,10,98.21,982.0999999999999,485667,485534,133,13.3,25.09433962264151,-15.09433962264151,-1482.4150943396226,,,,,,,,
,5029,2026-06-28 00:00:00,KB-VENDER,JAYHIND,VIJAY GAWAI,MH14LB9489,40,5.5,96.79,98.21,9505.7459,0,0,0,0,0,96.79,9505.7459,,,,,,,,
,5030,2026-06-28 00:00:00,TML,JAYHIND,DANRAJ KOLI,MH14CW2905,36,5.5,88,98.21,8642.48,558587,558385,202,2.2954545454545454,36.72727272727273,51.27272727272727,5035.494545454545,,,,,,,,
,5031,2026-06-28 00:00:00,TML,JAYHIND,,MH14CW3256,36,5,50,98.21,4910.5,314225,313799,426,8.52,85.2,-35.2,-3456.992,,,,,,,,
,5032,2026-06-28 00:00:00,TML,JAYHIND,AMOL,MH14CW3581,36,5.5,45,98.21,4419.45,87895,87681,214,4.7555555555555555,38.90909090909091,6.0909090909090935,598.188181818182,,,,,,,,
,5033,2026-06-28 00:00:00,TML,JAYHIND,,MH14CW3867,,,100,98.21,9821,102454,102218,236,2.36,#DIV/0!,#DIV/0!,#DIV/0!,,,,,,,,
,5034,2026-06-28 00:00:00,TML,JAYHIND,GANSHAM RAM,MH14CW4610,40,5.5,130,98.21,12767.3,399751,399465,286,2.2,52,78,7660.379999999999,,,,,,,,
,5035,2026-06-28 00:00:00,TML,JAYHIND,SHIVAJI SAWANT,MH14CW4852,39,4.5,80,98.21,7856.799999999999,90554,90235,319,3.9875,70.88888888888889,9.111111111111114,894.8022222222224,,,,,,,,
,5036,2026-06-28 00:00:00,TML,JAYHIND,,MH14CW2896,36,5.5,30,98.21,2946.2999999999997,412295,411854,441,14.7,80.18181818181819,-50.18181818181819,-4928.356363636364,,,,,,,,
,5037,2026-06-28 00:00:00,,JAYHIND,,MH14GD9116,,,60,98.21,5892.599999999999,0,0,0,0,#DIV/0!,#DIV/0!,#DIV/0!,,,,,,,,
,5038,2026-06-28 00:00:00,TML,JAYHIND,RAMDAS MARANE,MH14CW4822,41,5.5,143,98.21,14044.029999999999,486012,485736,276,1.93006993006993,50.18181818181818,92.81818181818181,9115.673636363636,,,,,,,,
,5039,2026-06-28 00:00:00,TML,JAYHIND,,MH14CW3260,36,5,46,98.21,4517.66,437155,436912,243,5.282608695652174,48.6,-2.6000000000000014,-255.34600000000012,,,,,,,,
,5040,2026-06-28 00:00:00,KB,JAYHIND,SHIVANCHAL,MH14HG5614,28,6,50,98.21,4910.5,384449,384327,122,2.44,20.333333333333332,29.666666666666668,2913.563333333333,,,,,,,,
,5041,2026-06-28 00:00:00,TML,JAYHIND,RANGNATH,MH14CW4612,40,5.5,155.27,98.21,15249.0667,263125,262814,311,2.002962581309976,56.54545454545455,98.72454545454546,9695.73760909091,,,,,,,,
,5042,2026-06-28 00:00:00,JCB,JAYHIND,CHANDRAKANT PATTHAR,MH14LL4124,30,6,50,98.21,4910.5,91295,91182,113,2.26,18.833333333333332,31.166666666666668,3060.878333333333,,,,,,,,
,5043,2026-06-28 00:00:00,TML,JAYHIND,BALAJI JOGE,MH14CW4611,40,5.5,99,98.21,9722.789999999999,449127,448604,523,5.282828282828283,95.0909090909091,3.9090909090909065,383.9118181818179,,,,,,,,
,5044,2026-06-28 00:00:00,TML,JAYHIND,,MH14CW2897,36,5.5,107.01,98.21,10509.4521,389684,389157,527,4.924773385664891,95.81818181818181,11.191818181818192,1099.1484636363646,,,,,,,,
,5045,2026-06-28 00:00:00,TML-VENDER,JAYHIND,,MH14MT3575,40,5.5,94,98.21,9231.74,0,0,0,0,0,94,9231.74,,,,,,,,
,5046,2026-06-28 00:00:00,TML,JAYHIND,DILIP BARKAMBE,MH14CW4815,41,5,30,98.21,2946.2999999999997,506221,505821,400,13.333333333333334,80,-50,-4910.5,,,,,,,,
,5047,2026-06-28 00:00:00,TML,JAYHIND,,MH14CW2893,36,5.5,70,98.21,6874.7,375226,374829,397,5.671428571428572,72.18181818181819,-2.181818181818187,-214.27636363636412,,,,,,,,
,5048,2026-06-28 00:00:00,JCB,JAYHIND,,MH14LL4146,30,6,73,98.21,7169.33,138125,137785,340,4.657534246575342,56.666666666666664,16.333333333333336,1604.0966666666668,,,,,,,,
,5049,2026-06-28 00:00:00,TML,JAYHIND,,MH14CW4806,41,5.5,30,98.21,2946.2999999999997,406784,406620,164,5.466666666666667,29.818181818181817,0.18181818181818343,17.856363636363795,,,,,,,,
,5050,2026-06-28 00:00:00,LEAR-CHAKAN,SHUBHAM,,MH14LB3844,32,6,30,98.44,2953.2,98558,98418,140,4.666666666666667,23.333333333333332,6.666666666666668,656.2666666666668,,,,,,,,
,5051,2026-06-28 00:00:00,CITYFLOW MUMBAI,,,MH14DC8528,40,3.7,65,98,6370,720,623,97,1.4923076923076923,26.216216216216214,38.78378378378379,3800.8108108108113,,,,,,,,
,5052,2026-06-28 00:00:00,CITYFLOW MUMBAI,,,MH04MH3736,27,4,70,98.04,6862.8,33226,33049,177,2.5285714285714285,44.25,25.75,2524.53,,,,,,,,
,5053,2026-06-28 00:00:00,CITYFLOW MUMBAI,,,MH04MH4722,27,4,80,98.04,7843.200000000001,35102,34902,200,2.5,50,30,2941.2000000000003,,,,,,,,
,5054,2026-06-28 00:00:00,CITYFLOW MUMBAI,,,MH04MH4724,27,4,66.65,97.89,6524.3685000000005,32063,31780,283,4.246061515378845,70.75,-4.099999999999994,-401.3489999999994,,,,,,,,
,5055,2026-06-28 00:00:00,CITYFLOW MUMBAI,,,MH04MH5107,27,4,87,97.89,8516.43,30190,29888,302,3.471264367816092,75.5,11.5,1125.735,,,,,,,,
,5056,2026-06-28 00:00:00,CITYFLOW MUMBAI,,,MH04MH5287,27,4,55,98,5390,45775,45555,220,4,55,0,0,,,,,,,,
,5057,2026-06-28 00:00:00,CITYFLOW MUMBAI,,,MH04MH5289,27,4,90,97.89,8810.1,30004,29592,412,4.5777777777777775,103,-13,-1272.57,,,,,,,,
,5058,2026-06-28 00:00:00,CITYFLOW MUMBAI,,,MH04MH6309,27,4,60,98.04,5882.400000000001,33585,33365,220,3.6666666666666665,55,5,490.20000000000005,,,,,,,,
,5059,2026-06-28 00:00:00,CITYFLOW MUMBAI,,,MH04MH6313,27,4,40,98.07,3922.7999999999997,50780,50630,150,3.75,37.5,2.5,245.17499999999998,,,,,,,,
,5060,2026-06-28 00:00:00,CITYFLOW MUMBAI,,,MH04MH6315,27,4,97.24,98.04,9533.4096,30751,30556,195,2.0053475935828877,48.75,48.489999999999995,4753.9596,,,,,,,,
,5061,2026-06-28 00:00:00,CITYFLOW MUMBAI,,,MH04MR5596,27,4,91.87,98,9003.26,11160,10830,330,3.5920322194405134,82.5,9.370000000000005,918.2600000000004,,,,,,,,
,5062,2026-06-28 00:00:00,LEAR-CHENNAI,,,TN87H1996,32,,69.30000000000001,99.96,6927.228000000001,73452,72952,500,7.215007215007214,#DIV/0!,#DIV/0!,#DIV/0!,CASH,,,,,,,
,5063,2026-06-28 00:00:00,LEAR-CHENNAI,,,TN87H2018,24,,20.01,99.96,2000.1996,88059,87450,609,30.43478260869565,#DIV/0!,#DIV/0!,#DIV/0!,CASH,,,,,,,
,5064,2026-06-28 00:00:00,LEAR-CHENNAI,,,TN87H1913,32,,76.48,99.96,7644.9408,138134,137559,575,7.518305439330543,#DIV/0!,#DIV/0!,#DIV/0!,CASH,,,,,,,
,5065,2026-06-28 00:00:00,LEAR-CHENNAI,,,TN87H1975,32,,40.02,99.96,4000.3992,132525,131951,574,14.342828585707146,#DIV/0!,#DIV/0!,#DIV/0!,CASH,,,,,,,
,5066,2026-06-28 00:00:00,LEAR-CHENNAI,,,TN87H2083,24,,40.02,99.96,4000.3992,159793,159119,674,16.8415792103948,#DIV/0!,#DIV/0!,#DIV/0!,Cash Topup,,,,,,,
,5067,2026-06-28 00:00:00,LEAR-CHENNAI,,,TN87H2075,24,,85.94,100.03,8596.5782,96750,96077,673,7.831044915057017,#DIV/0!,#DIV/0!,#DIV/0!,,,,,,,,
,5068,2026-06-28 00:00:00,LEAR-CHENNAI,,,TN87H2191,4,,28.01,108.42,3036.8442,71520,71180,340,12.138521956444126,#DIV/0!,#DIV/0!,#DIV/0!,,,,,,,,
,5069,2026-06-28 00:00:00,LEAR-CHENNAI,,,TN87H2151,4,,22.43,108.23,2427.5989,89282,89015,267,11.903700401248328,#DIV/0!,#DIV/0!,#DIV/0!,,,,,,,,
,5070,2026-06-28 00:00:00,LEAR-CHENNAI,,,TN87H2067,24,,81,100.03,8102.43,78666,78051,615,7.592592592592593,#DIV/0!,#DIV/0!,#DIV/0!,,,,,,,,
,5071,2026-06-28 00:00:00,LEAR-CHENNAI,,,TN87H1960,32,,66.73,100.03,6675.0019,56800,56259,541,8.107298066836504,#DIV/0!,#DIV/0!,#DIV/0!,,,,,,,,
,5072,2026-06-28 00:00:00,TMBSL,JABBAR PUMP ,BASAVARAJ S AND NAGU M ,KA25AB7981,40+1,5.5,101,98.63,9961.63,131023,130463,560,5.544554455445544,101.81818181818181,-0.818181818181813,-80.6972727272722,,,,,,,,
,5073,2026-06-28 00:00:00,TMBSL,JABBAR PUMP ,SHIVARAJ AND NINGARAJ GUTAL,KA25AB7988,55+1,4.5,114,98.63,11243.82,143358,142818,540,4.7368421052631575,120,-6,-591.78,,,,,,,,
,5074,2026-06-28 00:00:00,TMBSL,JABBAR PUMP ,SAGAR AND HANUMANTH ,KA25AC0058,55+1,4.5,114,98.63,11243.82,109053,108501,552,4.842105263157895,122.66666666666667,-8.666666666666671,-854.7933333333337,,,,,,,,
,5075,2026-06-28 00:00:00,TML,JABBAR PUMP ,BASAVARAJ KUNDAGOL,KA25AA1649,49+1,4.25,75.65,98.63,7461.3595000000005,312495,311886,609,8.05023132848645,143.2941176470588,-67.6441176470588,-6671.739323529409,,,,,,,,
,5076,2026-06-28 00:00:00,TMBSL,JABBAR PUMP ,SACHIN AND GANESH ,KA25AB7989,40+1,5.5,106,98.63,10454.779999999999,136658,136035,623,5.877358490566038,113.27272727272727,-7.272727272727266,-717.3090909090903,,,,,,,,
,5077,2026-06-28 00:00:00,TMBSL,JABBAR PUMP ,NAGAPPA GIDAMUDI AND ATMANAND ,KA25AB7984,55+1,4.5,112,98.63,11046.56,148256,147728,528,4.714285714285714,117.33333333333333,-5.333333333333329,-526.0266666666662,,,,,,,,
,5078,2026-06-29 00:00:00,BC,SHUBHAM,HIMMAT MURADE,MH14LB8052,7,24,20,98.44,1968.8,106481,105995,486,24.3,20.25,-0.25,-24.61,,,,,,,,
,5079,2026-06-29 00:00:00,BC-VENDER,SHUBHAM,,MH14LX9322,,,40,98.44,3937.6,0,0,0,0,#DIV/0!,#DIV/0!,#DIV/0!,,,,,,,,
,5080,2026-06-29 00:00:00,LEAR-CHAKAN,SHUBHAM,,MH14LB3844,32,6,30,98.44,2953.2,98731,98558,173,5.766666666666667,28.833333333333332,1.1666666666666679,114.84666666666678,,,,,,,,
,5081,2026-06-29 00:00:00,BC,SHUBHAM,,MH14LL4207,18,10,20,98.44,1968.8,122855,122626,229,11.45,22.9,-2.8999999999999986,-285.47599999999983,,,,,,,,
,5082,2026-06-29 00:00:00,BC-VENDER,SHUBHAM,,MH14MH4066,,,30,98.44,2953.2,0,0,0,0,#DIV/0!,#DIV/0!,#DIV/0!,,,,,,,,
,5083,2026-06-29 00:00:00,BC-VENDER,SHUBHAM,Prathmesh Tours & Travels,MH12VF1253,20,10,35,98.44,3445.4,0,0,0,0,0,35,3445.4,,,,,,,,
,5084,2026-06-29 00:00:00,BC-VENDER,SHUBHAM,,MH14LX9897,17,10,20,98.44,1968.8,0,0,0,0,0,20,1968.8,,,,,,,,
,5085,2026-06-29 00:00:00,BC-VENDER,SHUBHAM,,MH14MH1600,36,6,20.63,98.44,2030.8172,0,0,0,0,0,20.63,2030.8172,,,,,,,,
,5086,2026-06-29 00:00:00,BC-VENDER,SHUBHAM,Mukund Ramchandra Madvalkar,MH12LB9492,17,10,30,98.44,2953.2,0,0,0,0,0,30,2953.2,,,,,,,,
,5087,2026-06-29 00:00:00,LEAR-CHAKAN,SHUBHAM,SHIVAJI SHINDE,MH14LB5921,18,12,20,98.44,1968.8,213500,213164,336,16.8,28,-8,-787.52,,,,,,,,
,5088,2026-06-29 00:00:00,BC,SHUBHAM,,MH14GD9109,36,6,25,98.44,2461,309832,309517,315,12.6,52.5,-27.5,-2707.1,,,,,,,,
,5089,2026-06-29 00:00:00,BC,SHUBHAM,,MH14GD9106,36,6,25,98.44,2461,440048,439861,187,7.48,31.166666666666668,-6.166666666666668,-607.0466666666667,,,,,,,,
,5090,2026-06-29 00:00:00,BC,SHUBHAM,,MH14GD9126,36,6,35,98.44,3445.4,453765,453426,339,9.685714285714285,56.5,-21.5,-2116.46,,,,,,,,
,5091,2026-06-29 00:00:00,BC-VENDER,SHUBHAM,Sudhakar Sharad Daptare,MH14KQ5693,20,10,20,98.44,1968.8,0,0,0,0,0,20,1968.8,,,,,,,,
,5092,2026-06-29 00:00:00,TML,JAYHIND,AMOL,MH14CW3581,36,5.5,130.05,98.21,12772.210500000001,88012,87895,117,0.8996539792387542,21.272727272727273,108.77727272727273,10683.015954545453,,,,,,,,
,5093,2026-06-29 00:00:00,KB-VENDER,JAYHIND,AYUB JAMADAR,MH14KQ5220,40,5.5,54.72,98.21,5374.0512,0,0,0,0,0,54.72,5374.0512,,,,,,,,
,5094,2026-06-29 00:00:00,TML,JAYHIND,DILIP BARKAMBE,MH14CW4815,41,5,133,98.21,13061.929999999998,506625,506221,404,3.037593984962406,80.8,52.2,5126.562,,,,,,,,
,5095,2026-06-29 00:00:00,TML,JAYHIND,,MH14CW3260,36,5,121.01,98.21,11884.3921,437424,437155,269,2.2229567804313692,53.8,67.21000000000001,6600.694100000001,,,,,,,,
,5096,2026-06-29 00:00:00,TML-VENDER,JAYHIND,BORASE,MH14KA9520,40,5.5,53.95,98.21,5298.4295,0,0,0,0,0,53.95,5298.4295,,,,,,,,
,5097,2026-06-29 00:00:00,TML-VENDER,JAYHIND,BORASE,MH14KA9502,40,5.5,60.29,98.21,5921.0809,0,0,0,0,0,60.29,5921.0809,,,,,,,,
,5098,2026-06-29 00:00:00,TML,JAYHIND,MALLIKARJUN BODALE,MH12KQ0265,44,3.5,160,98.21,15713.599999999999,446954,446359,595,3.71875,170,-10,-982.0999999999999,,,,,,,,
,5099,2026-06-29 00:00:00,TML,JAYHIND,DANRAJ KOLI,MH14CW2905,36,5.5,80,98.21,7856.799999999999,558945,558587,358,4.475,65.0909090909091,14.909090909090907,1464.2218181818178,,,,,,,,
,5100,2026-06-29 00:00:00,TML,JAYHIND,SATISH PADWAL,MH14CW2904,36,5.5,96,98.21,9428.16,402335,401988,347,3.6145833333333335,63.09090909090909,32.90909090909091,3232.0018181818177,,,,,,,,
,5101,2026-06-29 00:00:00,KB,JAYHIND,RAJU JAMADAR,MH14HG5617,28,6,90,98.21,8838.9,411740,411253,487,5.411111111111111,81.16666666666667,8.833333333333329,867.5216666666662,,,,,,,,
,5102,2026-06-29 00:00:00,KB,JAYHIND,PANDURANG WARE,MH14HU0837,28,6,100,98.21,9821,352654,352138,516,5.16,86,14,1374.9399999999998,,,,,,,,
,5103,2026-06-29 00:00:00,KB,JAYHIND,,MH14HG5612,28,6,100,98.21,9821,416975,416472,503,5.03,83.83333333333333,16.16666666666667,1587.7283333333337,,,,,,,,
,5104,2026-06-29 00:00:00,KB,JAYHIND,AMOL BANSODE,MH14GD4458,49,4,130,98.21,12767.3,455584,455004,580,4.461538461538462,145,-15,-1473.1499999999999,,,,,,,,
,5105,2026-06-29 00:00:00,KB,JAYHIND,,MH14CW4614,40,5.5,129,98.21,12669.089999999998,287725,287064,661,5.124031007751938,120.18181818181819,8.818181818181813,866.0336363636358,,,,,,,,
,5106,2026-06-29 00:00:00,TML,JAYHIND,KISHOR SHINDE,MH14CW4823,40,5.3,146.01,98.21,14339.642099999997,563105,562631,474,3.2463529895212657,89.43396226415095,56.57603773584904,5556.332666037734,,,,,,,,
,5107,2026-06-29 00:00:00,KB,JAYHIND,DHARMA LOKHANDE,MH14HG9380,33,6,100,98.21,9821,293554,293114,440,4.4,73.33333333333333,26.66666666666667,2618.933333333334,,,,,,,,
,5108,2026-06-29 00:00:00,TML,JAYHIND,SOMNATH KALE,MH14CW2902,36,5.5,94.78,98.21,9308.343799999999,397974,397550,424,4.473517619751003,77.0909090909091,17.689090909090908,1737.245618181818,,,,,,,,
,5109,2026-06-29 00:00:00,,JAYHIND,,MH14GD9116,,,36,98.21,3535.56,0,0,0,0,#DIV/0!,#DIV/0!,#DIV/0!,,,,,,,,
,5110,2026-06-29 00:00:00,KB,JAYHIND,,MH14MT2842,40,5.5,106,98.21,10410.26,36313,35865,448,4.226415094339623,81.45454545454545,24.545454545454547,2410.609090909091,,,,,,,,
,5111,2026-06-29 00:00:00,BC,JAYHIND,LANDAGE,MH14LB3847,40,5.5,50,98.21,4910.5,82536,82318,218,4.36,39.63636363636363,10.363636363636367,1017.8127272727276,,,,,,,,
,5112,2026-06-29 00:00:00,BA-VENDER,JAYHIND,VAIBHAV KAWADE,MH14LX8792,17,10,25.9,98.21,2543.6389999999997,0,0,0,0,0,25.9,2543.6389999999997,,,,,,,,
,5113,2026-06-29 00:00:00,BC,JAYHIND,SOURABHV BOABADE,MH14LB3989,50,4,66.18,98.21,6499.5378,100025,99874,151,2.2816560894530067,37.75,28.430000000000007,2792.1103000000003,,,,,,,,
,5114,2026-06-29 00:00:00,JCB,JAYHIND,BALAJI THOBOLE,MH14LL4195,30,6,73,98.21,7169.33,137854,137426,428,5.863013698630137,71.33333333333333,1.6666666666666714,163.6833333333338,,,,,,,,
,5115,2026-06-29 00:00:00,BC,JAYHIND,RAVI TANPURE,MH14LB3843,32,6,30,98.21,2946.2999999999997,102924,102664,260,8.666666666666666,43.333333333333336,-13.333333333333336,-1309.466666666667,,,,,,,,
,5116,2026-06-29 00:00:00,KB-VENDER,JAYHIND,,MH14HG8154,,,55.36,98.21,5436.9056,0,0,0,0,#DIV/0!,#DIV/0!,#DIV/0!,,,,,,,,
,5117,2026-06-29 00:00:00,BA-VENDER,JAYHIND,DATTA DOMBLE,MH14LB2783,36,6,40.84,98.21,4010.8964,0,0,0,0,0,40.84,4010.8964,,,,,,,,
,5118,2026-06-29 00:00:00,BA-VENDER,JAYHIND,DEVDAS DEKHANE,MH12WR1918,17,10,54.44,98.21,5346.5524,0,0,0,0,0,54.44,5346.5524,,,,,,,,
,5119,2026-06-29 00:00:00,BC,JAYHIND,ANKIT KAKODIYA,MH14LB3845,32,6,70,98.21,6874.7,95966,95742,224,3.2,37.333333333333336,32.666666666666664,3208.1933333333327,,,,,,,,
,5120,2026-06-29 00:00:00,BC,JAYHIND,DANAJI SAKUNDE,MH14LB3846,32,6,57.67,98.21,5663.7707,112365,112040,325,5.6355123981272754,54.166666666666664,3.5033333333333374,344.06236666666706,,,,,,,,
,5121,2026-06-29 00:00:00,BA-VENDER,JAYHIND,SITARAM POL,MH14LB5428,18,12,23.58,98.21,2315.7917999999995,0,0,0,0,0,23.58,2315.7917999999995,,,,,,,,
,5122,2026-06-29 00:00:00,KB-VENDER,JAYHIND,NILESH,MH14LB9848,40,5.5,68,98.21,6678.28,0,0,0,0,0,68,6678.28,,,,,,,,
,5123,2026-06-29 00:00:00,KB-VENDER,JAYHIND,NILESH TATHE,MH14LL4886,40,5.5,95.02,98.21,9331.9142,0,0,0,0,0,95.02,9331.9142,,,,,,,,
,5124,2026-06-29 00:00:00,KB-VENDER,JAYHIND,AYUB JAMADAR,MH14HU5220,40,5.5,20,98.21,1964.1999999999998,0,0,0,0,0,20,1964.1999999999998,,,,,,,,
,5125,2026-06-29 00:00:00,TML,JAYHIND,SACHIN KAMBLE,MH14CW3584,36,5.5,120,98.21,11785.199999999999,509534,509219,315,2.625,57.27272727272727,62.72727272727273,6160.445454545454,,,,,,,,
,5126,2026-06-29 00:00:00,,JAYHIND,,MH14KQ3557,,,102.4,98.21,10056.704,0,0,0,0,#DIV/0!,#DIV/0!,#DIV/0!,,,,,,,,
,5127,2026-06-29 00:00:00,BA-VENDER,JAYHIND,VAIBHAV KAWADE,MH14LB8792,17,10,30.38,98.21,2983.6197999999995,0,0,0,0,0,30.38,2983.6197999999995,,,,,,,,
,5128,2026-06-29 00:00:00,KB,JAYHIND,,MH14CW2908,36,5.5,100,98.21,9821,353787,353146,641,6.41,116.54545454545455,-16.545454545454547,-1624.929090909091,,,,,,,,
,5129,2026-06-29 00:00:00,TML,JAYHIND,GAJANAN PATIL,MH14CW2895,36,5.5,100,98.21,9821,426195,426091,104,1.04,18.90909090909091,81.0909090909091,7963.938181818182,,,,,,,,
,5130,2026-06-29 00:00:00,LEAR-BHOSARI,JAYHIND,TEJAS,MH14LB6269,18,12,50,98.21,4910.5,55105,54564,541,10.82,45.083333333333336,4.916666666666664,482.86583333333306,,,,,,,,
,5131,2026-06-29 00:00:00,LEAR-BHOSARI,JAYHIND,DINKAR,MH14LB5817,18,12,20,98.21,1964.1999999999998,75905,75671,234,11.7,19.5,0.5,49.105,,,,,,,,
,5132,2026-06-29 00:00:00,TML,JAYHIND,LAXMAN MAHARAJ,MH14CW3266,36,5,117,98.21,11490.57,175624,175324,300,2.5641025641025643,60,57,5597.969999999999,,,,,,,,
,5133,2026-06-29 00:00:00,LEAR-BHOSARI,JAYHIND,AKBAR SHAIKH,MH14LB5815,18,12,20,98.21,1964.1999999999998,47025,46845,180,9,15,5,491.04999999999995,,,,,,,,
,5134,2026-06-29 00:00:00,LEAR-BHOSARI,JAYHIND,APPA,MH14LB6095,18,12,20,98.21,1964.1999999999998,50134,49888,246,12.3,20.5,-0.5,-49.105,,,,,,,,
,5135,2026-06-29 00:00:00,KWT,JAYHIND,GOVINDA CHAVAN,MH14GD9102,36,6,50,98.21,4910.5,294365,294075,290,5.8,48.333333333333336,1.6666666666666643,163.68333333333308,,,,,,,,
,5136,2026-06-29 00:00:00,JCB,JAYHIND,SACHIN WAGHMARE,MH14LL4187,30,6,70,98.21,6874.7,135632,135124,508,7.257142857142857,84.66666666666667,-14.666666666666671,-1440.4133333333336,,,,,,,,
,5137,2026-06-29 00:00:00,KB-VENDER,JAYHIND,AYUB JAMADAR,MH14LX5220,40,5.5,96.53,98.21,9480.211299999999,0,0,0,0,0,96.53,9480.211299999999,,,,,,,,
,5138,2026-06-29 00:00:00,LEAR-BHOSARI,JAYHIND,NIMBHALKAR,MH14LB6092,18,12,20,98.21,1964.1999999999998,49335,49165,170,8.5,14.166666666666666,5.833333333333334,572.8916666666667,,,,,,,,
,5139,2026-06-29 00:00:00,JCB,JAYHIND,PRAMOD BARKUL,MH14LL4188,30,6,75,98.21,7365.749999999999,138945,138499,446,5.946666666666666,74.33333333333333,0.6666666666666714,65.4733333333338,,,,,,,,
,5140,2026-06-29 00:00:00,LEAR-BHOSARI,JAYHIND,GOPAL PATIL,MH14LB5818,33,6,22,98.21,2160.62,32215,31972,243,11.045454545454545,40.5,-18.5,-1816.885,,,,,,,,
,5141,2026-06-29 00:00:00,KB,JAYHIND,HANUMTRAO,MH14HG5615,28,6,98,98.21,9624.58,313954,313640,314,3.204081632653061,52.333333333333336,45.666666666666664,4484.923333333333,,,,,,,,
,5142,2026-06-29 00:00:00,KB,JAYHIND,SHIVANCHAL,MH14HG5614,28,6,115,98.21,11294.15,384965,384449,516,4.48695652173913,86,29,2848.0899999999997,,,,,,,,
,5143,2026-06-29 00:00:00,KB-VENDER,JAYHIND,,MH12SF5442,,,60,98.21,5892.599999999999,0,0,0,0,#DIV/0!,#DIV/0!,#DIV/0!,,,,,,,,
,5144,2026-06-29 00:00:00,JCB,JAYHIND,CHANDRSHING WAGH,MH14LL4156,30,6,60,98.21,5892.599999999999,160798,160507,291,4.85,48.5,11.5,1129.415,,,,,,,,
,5145,2026-06-29 00:00:00,KB-VENDER,JAYHIND,,MH12ZE0337,,,48.9,98.21,4802.468999999999,0,0,0,0,#DIV/0!,#DIV/0!,#DIV/0!,,,,,,,,
,5146,2026-06-29 00:00:00,TML,JAYHIND,,MH14CW3256,36,5,50,98.21,4910.5,314765,314225,540,10.8,108,-58,-5696.179999999999,,,,,,,,
,5147,2026-06-29 00:00:00,TML,JAYHIND,,MH14CW4802,41,5.3,80,98.21,7856.799999999999,486121,485667,454,5.675,85.66037735849056,-5.660377358490564,-555.9056603773582,,,,,,,,
,5148,2026-06-29 00:00:00,KWT,JAYHIND,ARUN,MH14HG6857,17,10,50,98.21,4910.5,354563,354236,327,6.54,32.7,17.299999999999997,1699.0329999999997,,,,,,,,
,5149,2026-06-29 00:00:00,TML,JAYHIND,,MH14CW4806,41,5.5,132,98.21,12963.72,407236,406784,452,3.4242424242424243,82.18181818181819,49.81818181818181,4892.643636363636,,,,,,,,
,5150,2026-06-29 00:00:00,TML-VENDER,JAYHIND,,MH14LL9502,,,83,98.21,8151.429999999999,0,0,0,0,#DIV/0!,#DIV/0!,#DIV/0!,,,,,,,,
,5151,2026-06-29 00:00:00,KB-VENDER,JAYHIND,NILESH,MH14KQ9848,40,5.5,80,98.21,7856.799999999999,0,0,0,0,0,80,7856.799999999999,,,,,,,,
,5152,2026-06-29 00:00:00,KB,JAYHIND,KESHV PAWADE,MH14GD4460,49,4,145,98.21,14240.449999999999,474868,474403,465,3.206896551724138,116.25,28.75,2823.5375,,,,,,,,
,5153,2026-06-29 00:00:00,KB,JAYHIND,TEJAS UNDRE,MH14MT2840,40,5.5,90,98.21,8838.9,41560,40851,709,7.877777777777778,128.9090909090909,-38.90909090909091,-3821.2618181818175,,,,,,,,
,5154,2026-06-29 00:00:00,TML,JAYHIND,AKASH UNDRE,MH14CW3071,36,5.5,124,98.21,12178.039999999999,89787,89165,622,5.016129032258065,113.0909090909091,10.909090909090907,1071.3818181818178,,,,,,,,
,5155,2026-06-29 00:00:00,LEAR-CHAKAN,BPCL,NIWAS RATHOD,MH14LB5919,18,12,40,98.18,3927.2000000000003,245123,244811,312,7.8,26,14,1374.52,,,,,,,,
,5156,2026-06-29 00:00:00,JCB,IOCL,BAPU VAMAN,MH14LL4159,30,6,46,92.3,4245.8,178590,178313,277,6.021739130434782,46.166666666666664,-0.1666666666666643,-15.383333333333114,,,,,,,,
,5157,2026-06-29 00:00:00,JCB,IOCL,VIKAS HEMADE,MH14LL4140,30,6,47.5,98.52,4679.7,177260,176975,285,6,47.5,0,0,,,,,,,,
,5158,2026-06-29 00:00:00,JCB,BPCL,JAGDISH PATIL,MH14LL4189,30,6,61,98.19,5989.59,214131,213791,340,5.573770491803279,56.666666666666664,4.333333333333336,425.49000000000024,,,,,,,,
,5159,2026-06-29 00:00:00,VW,BPCL,SITARAM BHOR,MH14KA2465,40,5.5,98,98.63,9665.74,253962,253343,619,6.316326530612245,112.54545454545455,-14.545454545454547,-1434.618181818182,,,,,,,,
,5160,2026-06-29 00:00:00,LEAR-CHAKAN,HPCL,LAXMAN PATIL,MH14LB5915,18,12,20,98.57,1971.3999999999999,128133,127812,321,16.05,26.75,-6.75,-665.3475,,,,,,,,
,5161,2026-06-29 00:00:00,LEAR-CHAKAN,HPCL,,MH14LB5917,18,12,30,98.57,2957.1,156777,156384,393,13.1,32.75,-2.75,-271.0675,,,,,,,,
,5162,2026-06-29 00:00:00,LEAR-CHAKAN,HPCL,,MH14LB5922,18,12,20,98.57,1971.3999999999999,144254,143897,357,17.85,29.75,-9.75,-961.0574999999999,,,,,,,,
,5163,2026-06-29 00:00:00,LEAR-CHAKAN,HPCL,AMOL PATIL,MH14LB5925,18,12,20,98.57,1971.3999999999999,134192,133881,311,15.55,25.916666666666668,-5.916666666666668,-583.2058333333334,,,,,,,,
,5164,2026-06-29 00:00:00,LEAR-CHAKAN,HPCL,SACHIN,MH14LB5914,18,12,30,98.57,2957.1,197325,197056,269,8.966666666666667,22.416666666666668,7.583333333333332,747.4891666666665,,,,,,,,
,5165,2026-06-29 00:00:00,VW,SAMRUDDHI,,MH14KA1499,40,5.5,110,98.57,10842.699999999999,239461,238904,557,5.0636363636363635,101.27272727272727,8.727272727272734,860.2472727272733,,,,,,,,
,5166,2026-06-29 00:00:00,VW,SAMRUDDHI,,MH14KA2817,40,5.5,60,98.57,5914.2,155083,154779,304,5.066666666666666,55.27272727272727,4.727272727272727,465.96727272727264,,,,,,,,
,5167,2026-06-29 00:00:00,VW,SAMRUDDHI,,MH14KA1913,40,5.5,84,98.57,8279.88,302482,301935,547,6.511904761904762,99.45454545454545,-15.454545454545453,-1523.3545454545451,,,,,,,,
,5168,2026-06-29 00:00:00,VW,SAMRUDDHI,,MH14KA3010,40,5.5,50,98.57,4928.5,196680,196451,229,4.58,41.63636363636363,8.363636363636367,824.4036363636367,,,,,,,,
,5169,2026-06-29 00:00:00,VW,SAMRUDDHI,,MH14KA3311,20,8,40,98.57,3942.7999999999997,168747,168408,339,8.475,42.375,-2.375,-234.10375,,,,,,,,
,5170,2026-06-29 00:00:00,VW,SAMRUDDHI,,MH14KA1744,40,5.5,50,98.57,4928.5,168419,168222,197,3.94,35.81818181818182,14.18181818181818,1397.9018181818178,,,,,,,,
,5171,2026-06-29 00:00:00,VW,SAMRUDDHI,,MH14KA2923,40,5.5,50,98.57,4928.5,163634,163439,195,3.9,35.45454545454545,14.545454545454547,1433.7454545454545,,,,,,,,
,5172,2026-06-29 00:00:00,VW,SAMRUDDHI,,MH14KA2563,40,5.5,90,98.57,8871.3,141357,140816,541,6.011111111111111,98.36363636363636,-8.36363636363636,-824.4036363636359,,,,,,,,
,5173,2026-06-29 00:00:00,LEAR-CHAKAN,SAMRUDDHI,,MH14LB6214,25,7,30,98.57,2957.1,204864,204658,206,6.866666666666666,29.428571428571427,0.571428571428573,56.32571428571443,,,,,,,,
,5174,2026-06-29 00:00:00,VW,SAMRUDDHI,,MH14KA1915,40,5.5,30,98.57,2957.1,262223,261773,450,15,81.81818181818181,-51.81818181818181,-5107.718181818181,,,,,,,,
,5175,2026-06-29 00:00:00,VW,SAMRUDDHI,,MH14KA2808,40,5.5,90,98.57,8871.3,129434,129154,280,3.111111111111111,50.90909090909091,39.09090909090909,3853.190909090909,,,,,,,,
,5176,2026-06-29 00:00:00,VW,SAMRUDDHI,,MH14KA1890,40,5.5,60,98.57,5914.2,122997,122850,147,2.45,26.727272727272727,33.27272727272727,3279.692727272727,,,,,,,,
,5177,2026-06-29 00:00:00,VW,SAMRUDDHI,,MH14KA1741,40,5.5,50,98.57,4928.5,138915,138650,265,5.3,48.18181818181818,1.8181818181818201,179.218181818182,,,,,,,,
,5178,2026-06-29 00:00:00,VW,SAMRUDDHI,,MH14KA2469,40,5.5,50,98.57,4928.5,142933,142886,47,0.94,8.545454545454545,41.45454545454545,4086.174545454545,,,,,,,,
,5179,2026-06-29 00:00:00,VW,SAMRUDDHI,,MH14KA1886,40,5.5,35,98.57,3449.95,200299,200135,164,4.685714285714286,29.818181818181817,5.181818181818183,510.77181818181833,,,,,,,,
,5180,2026-06-29 00:00:00,VW,SAMRUDDHI,,MH14KA1895,40,5.5,50,98.57,4928.5,176505,176263,242,4.84,44,6,591.42,,,,,,,,
,5181,2026-06-29 00:00:00,VW,SAMRUDDHI,,MH14KA1880,40,5.5,99,98.57,9758.429999999998,225893,225222,671,6.777777777777778,122,-23,-2267.1099999999997,,,,,,,,
,5182,2026-06-29 00:00:00,VW,SAMRUDDHI,,MH14KA1893,40,5.5,60,98.57,5914.2,169728,169234,494,8.233333333333333,89.81818181818181,-29.818181818181813,-2939.178181818181,,,,,,,,
,5183,2026-06-29 00:00:00,VW,SAMRUDDHI,,MH14KA1894,40,5.5,60,98.57,5914.2,137884,137358,526,8.766666666666667,95.63636363636364,-35.63636363636364,-3512.676363636364,,,,,,,,
,5184,2026-06-29 00:00:00,BC,SAMRUDDHI,RAJ KAMBLE,MH14LB4535,50,3.5,60,98.57,5914.2,113654,113412,242,4.033333333333333,69.14285714285714,-9.142857142857139,-901.2114285714281,,,,,,,,
,5185,2026-06-29 00:00:00,VW,SAMRUDDHI,,MH14KA1914,40,5.5,35,98.57,3449.95,128503,128352,151,4.314285714285714,27.454545454545453,7.545454545454547,743.7554545454547,,,,,,,,
,5186,2026-06-29 00:00:00,VW,SAMRUDDHI,,MH14KA1743,40,5.5,100,98.57,9857,95964,95626,338,3.38,61.45454545454545,38.54545454545455,3799.4254545454546,,,,,,,,
,5187,2026-06-29 00:00:00,VW,SAMRUDDHI,,MH14KA1737,40,5.5,35,98.57,3449.95,165697,165530,167,4.771428571428571,30.363636363636363,4.636363636363637,457.00636363636363,,,,,,,,
,5188,2026-06-29 00:00:00,VW,SAMRUDDHI,,MH14KA1916,40,5.5,35,98.57,3449.95,138791,138621,170,4.857142857142857,30.90909090909091,4.09090909090909,403.240909090909,,,,,,,,
,5189,2026-06-29 00:00:00,VW,SAMRUDDHI,,MH14KA2811,40,5.5,50,98.57,4928.5,190827,190549,278,5.56,50.54545454545455,-0.5454545454545467,-53.765454545454666,,,,,,,,
,5190,2026-06-29 00:00:00,VW,SAMRUDDHI,,MH14KA2561,40,5.5,60,98.57,5914.2,239329,239202,127,2.1166666666666667,23.09090909090909,36.90909090909091,3638.1290909090903,,,,,,,,
,5191,2026-06-29 00:00:00,VW,SAMRUDDHI,,MH14KA2807,40,5.5,70,98.57,6899.9,181188,180753,435,6.214285714285714,79.0909090909091,-9.090909090909093,-896.0909090909092,,,,,,,,
,5192,2026-06-29 00:00:00,VW,SAMRUDDHI,,MH14KA2557,40,5.5,80,98.57,7885.599999999999,216733,216166,567,7.0875,103.0909090909091,-23.090909090909093,-2276.070909090909,,,,,,,,
,5193,2026-06-29 00:00:00,VW,SAMRUDDHI,,MH14KA1910,40,5.5,70,98.57,6899.9,158653,158175,478,6.828571428571428,86.9090909090909,-16.909090909090907,-1666.7290909090905,,,,,,,,
,5194,2026-06-29 00:00:00,VW,SAMRUDDHI,,MH14KA2559,40,5.5,70,98.57,6899.9,149936,149684,252,3.6,45.81818181818182,24.18181818181818,2383.6018181818176,,,,,,,,
,5195,2026-06-29 00:00:00,VW,SAMRUDDHI,,MH14KA2602,40,5.5,70,98.57,6899.9,169125,168723,402,5.742857142857143,73.0909090909091,-3.0909090909090935,-304.67090909090933,,,,,,,,
,5196,2026-06-29 00:00:00,VW,SAMRUDDHI,,MH14KA2814,40,5.5,50,98.57,4928.5,160396,160132,264,5.28,48,2,197.14,,,,,,,,
,5197,2026-06-29 00:00:00,VW,SAMRUDDHI,,MH14KA1906,40,5.5,50,98.57,4928.5,170835,170338,497,9.94,90.36363636363636,-40.36363636363636,-3978.643636363636,,,,,,,,
,5198,2026-06-29 00:00:00,VW,SAMRUDDHI,,MH14KA1883,40,5.5,50,98.57,4928.5,200770,200593,177,3.54,32.18181818181818,17.81818181818182,1756.338181818182,,,,,,,,
,5199,2026-06-29 00:00:00,VW,SAMRUDDHI,,MH14KA1879,40,5.5,35,98.57,3449.95,198324,198038,286,8.17142857142857,52,-17,-1675.6899999999998,,,,,,,,
,5200,2026-06-29 00:00:00,VW,SAMRUDDHI,,MH14KA2467,40,5.5,80,98.57,7885.599999999999,153252,152934,318,3.975,57.81818181818182,22.18181818181818,2186.4618181818178,,,,,,,,
,5201,2026-06-29 00:00:00,VW,SAMRUDDHI,,MH14KA1912,40,5.5,80,98.57,7885.599999999999,226997,226332,665,8.3125,120.9090909090909,-40.90909090909091,-4032.4090909090905,,,,,,,,
,5202,2026-06-29 00:00:00,VW-IFM,SAMRUDDHI,,MH11CQ5607,,,56.33,98.57,5552.4481,8108,0,8108,143.93751109533108,#DIV/0!,#DIV/0!,#DIV/0!,,,,,,,,
,5203,2026-06-29 00:00:00,VW,SAMRUDDHI,,MH14KA2809,40,5.5,50,98.57,4928.5,152765,152543,222,4.44,40.36363636363637,9.636363636363633,949.8563636363632,,,,,,,,
,5204,2026-06-29 00:00:00,VW,SAMRUDDHI,,MH14KA2935,40,5.5,35,98.57,3449.95,154924,154767,157,4.485714285714286,28.545454545454547,6.454545454545453,636.2245454545453,,,,,,,,
,5205,2026-06-29 00:00:00,VW,SAMRUDDHI,,MH14KA2810,40,5.5,50,98.57,4928.5,170617,170374,243,4.86,44.18181818181818,5.81818181818182,573.4981818181819,,,,,,,,
,5206,2026-06-29 00:00:00,VW,SAMRUDDHI,,MH14KA1904,40,5.5,100,98.57,9857,153013,152694,319,3.19,58,42,4139.94,,,,,,,,
,5207,2026-06-29 00:00:00,VW,SAMRUDDHI,,MH14KA1905,40,5.5,60,98.57,5914.2,214546,214304,242,4.033333333333333,44,16,1577.12,,,,,,,,
,5208,2026-06-29 00:00:00,VW,SAMRUDDHI,,MH14KA2591,40,5.5,50,98.57,4928.5,141139,140864,275,5.5,50,0,0,,,,,,,,
,5209,2026-06-29 00:00:00,VW,SAMRUDDHI,,MH14KA2880,40,5.5,80,98.57,7885.599999999999,152130,151695,435,5.4375,79.0909090909091,0.9090909090909065,89.60909090909065,,,,,,,,
,5210,2026-06-29 00:00:00,VW,SAMRUDDHI,,MH14KA3312,20,8,30,98.57,2957.1,231950,231770,180,6,22.5,7.5,739.275,,,,,,,,
,5211,2026-06-29 00:00:00,VW,SAMRUDDHI,,MH14KA3315,20,8,40,98.57,3942.7999999999997,153314,153021,293,7.325,36.625,3.375,332.67375,,,,,,,,
,5212,2026-06-29 00:00:00,JCB,SAIEE,,MH14GD5136,36,6,60,98.59,5915.400000000001,451965,451605,360,6,60,0,0,,,,,,,,
,5213,2026-06-29 00:00:00,JCB,SAIEE,FALKE,MH14LL4149,30,6,109.66,98.59,10811.3794,147067,146988,79,0.7204085354732811,13.166666666666666,96.49333333333333,9513.277733333332,,,,,,,,
,5214,2026-06-29 00:00:00,JCB,SAIEE,DAYNESHWAR GAVALI,MH14LL4139,30,6,59,98.59,5816.81,132861,132525,336,5.694915254237288,56,3,295.77,,,,,,,,
,5215,2026-06-29 00:00:00,HYUNDAI,SAIEE,YOGESH DALE,MH14LX2752,40,5.5,103,98.59,10154.77,31271,30700,571,5.543689320388349,103.81818181818181,-0.818181818181813,-80.66454545454495,,,,,,,,
,5216,2026-06-29 00:00:00,JCB,SAIEE,KETAN POTE,MH14LL4137,30,6,65,98.59,6408.35,93350,92712,638,9.815384615384616,106.33333333333333,-41.33333333333333,-4075.053333333333,,,,,,,,
,5217,2026-06-29 00:00:00,JCB,SAIEE,PRAVIN SABLE,MH14LL4196,18,10,25,98.59,2464.75,87389,87165,224,8.96,22.4,2.6000000000000014,256.3340000000002,,,,,,,,
,5218,2026-06-29 00:00:00,JCB,SAIEE,MAULI KHOLE,MH14LL4150,30,6,87,98.59,8577.33,95551,94936,615,7.068965517241379,102.5,-15.5,-1528.145,,,,,,,,
,5219,2026-06-29 00:00:00,JCB,SAIEE,PANDURANG KADAM,MH14CW2890,36,5,78,98.59,7690.02,468425,468005,420,5.384615384615385,84,-6,-591.54,,,,,,,,
,5220,2026-06-29 00:00:00,ADMIN,SAIEE,BADADE/ SALVE/KAMBLE,MH14DM8003,6,12,27.96,98.59,2756.5764000000004,294524,294216,308,11.015736766809727,25.666666666666668,2.293333333333333,226.09973333333332,,,,,,,,
,5221,2026-06-29 00:00:00,JCB,SAIEE,SUNIL WAGH,MH14LL4136,30,6,97,98.59,9563.23,94465,93882,583,6.010309278350515,97.16666666666667,-0.1666666666666714,-16.431666666667134,,,,,,,,
,5222,2026-06-29 00:00:00,JCB-VENDOR,SAIEE,,MH14LL4301,,,37.53,98.59,3700.0827000000004,0,0,0,0,#DIV/0!,#DIV/0!,#DIV/0!,,,,,,,,
,5223,2026-06-29 00:00:00,JCB,SAIEE,DASHRATH BHOITE,MH14LL4192,30,6,89,98.59,8774.51,79325,78806,519,5.831460674157303,86.5,2.5,246.47500000000002,,,,,,,,
,5224,2026-06-29 00:00:00,JCB,SAIEE,BALU FALAKE,MH14LL4144,30,6,62,98.59,6112.58,105756,105384,372,6,62,0,0,,,,,,,,
,5225,2026-06-29 00:00:00,JCB,SAIEE,SHIDESHWAR KORE,MH14LL4183,30,6,25,98.59,2464.75,96105,95738,367,14.68,61.166666666666664,-36.166666666666664,-3565.6716666666666,,,,,,,,
,5226,2026-06-29 00:00:00,HYUNDAI,SAIEE,SANJAY ROUNDHAL,MH14LX2894,40,5.5,64,98.59,6309.76,57305,56955,350,5.46875,63.63636363636363,0.36363636363636687,35.85090909090941,,,,,,,,
,5227,2026-06-29 00:00:00,JCB,SAIEE,SUNIL BARMUKH,MH14LL4209,30,6,68,98.59,6704.12,80736,80398,338,4.970588235294118,56.333333333333336,11.666666666666664,1150.2166666666665,,,,,,,,
,5228,2026-06-29 00:00:00,JCB,SAIEE,ATUL KHARAT,MH14LL4143,30,6,66,98.59,6506.9400000000005,75732,75338,394,5.96969696969697,65.66666666666667,0.3333333333333286,32.86333333333287,,,,,,,,
,5229,2026-06-29 00:00:00,JCB,SAIEE,DATTA RAUT,MH14LL4121,30,6,40,98.59,3943.6000000000004,146898,146777,121,3.025,20.166666666666668,19.833333333333332,1955.3683333333333,,,,,,,,
,5230,2026-06-29 00:00:00,JCB,SAIEE,GANESH KALOKHE,MH14LL4180,30,6,52,98.59,5126.68,82202,81459,743,14.288461538461538,123.83333333333333,-71.83333333333333,-7082.048333333333,,,,,,,,
,5231,2026-06-29 00:00:00,JCB,SAIEE,PRALHAD VANAVE,MH14LL4148,30,6,67,98.59,6605.530000000001,88295,87328,967,14.432835820895523,161.16666666666666,-94.16666666666666,-9283.891666666666,,,,,,,,
,5232,2026-06-29 00:00:00,JCB,SAIEE,SACHIN RAUT,MH14LL4205,18,10,17,98.59,1676.03,195614,195513,101,5.9411764705882355,10.1,6.9,680.2710000000001,,,,,,,,
,5233,2026-06-29 00:00:00,JCB,SAIEE,BALAJI RAWALE,MH14LL4199,18,10,15,98.59,1478.8500000000001,180565,180453,112,7.466666666666667,11.2,3.8000000000000007,374.6420000000001,,,,,,,,
,5234,2026-06-29 00:00:00,JCB,SAIEE,RAVI WAYKULE,MH14LL4123,30,6,108,98.59,10647.720000000001,132168,131571,597,5.527777777777778,99.5,8.5,838.015,,,,,,,,
,5235,2026-06-29 00:00:00,JCB-VENDOR,SAIEE,,MH12YB9901,,,44.34,98.59,4371.480600000001,0,0,0,0,#DIV/0!,#DIV/0!,#DIV/0!,,,,,,,,
,5236,2026-06-29 00:00:00,JCB-VENDOR,SAIEE,,MH12YB9902,,,49.4,98.59,4870.3460000000005,0,0,0,0,#DIV/0!,#DIV/0!,#DIV/0!,,,,,,,,
,5237,2026-06-29 00:00:00,JCB,SAIEE,SWAPNIL BORATE,MH14MH5755,17,10,37.8,98.59,3726.7019999999998,0,0,0,0,0,37.8,3726.7019999999998,,,,,,,,
,5238,2026-06-29 00:00:00,JCB-VENDOR,SAIEE,VENDOR,MH14HG7555,17,10,44.26,98.59,4363.5934,0,0,0,0,0,44.26,4363.5934,,,,,,,,
,5239,2026-06-29 00:00:00,JCB,SAIEE,RAJU KHARAT,MH14LL4208,18,10,46,98.59,4535.14,145424,145146,278,6.043478260869565,27.8,18.2,1794.338,,,,,,,,
,5240,2026-06-29 00:00:00,JCB,SAIEE,SWAPNIL BORATE,MH14NE5755,17,10,60,98.59,5915.400000000001,0,0,0,0,0,60,5915.400000000001,,,,,,,,
,5241,2026-06-29 00:00:00,JCB,SAIEE,ASHOK SUKALE,MH14LL4130,30,6,130,98.59,12816.7,107867,107362,505,3.8846153846153846,84.16666666666667,45.83333333333333,4518.708333333333,,,,,,,,
,5242,2026-06-29 00:00:00,MITSUBISHI,SAIEE,,MH14LB2876,18,10,18,98.59,1774.6200000000001,103217,102894,323,17.944444444444443,32.3,-14.299999999999997,-1409.8369999999998,,,,,,,,
,5243,2026-06-29 00:00:00,HYUNDAI,SAIEE,NAVNATH BHANUSE,MH14LL6272,41,5.5,135,98.59,13309.65,82495,81623,872,6.45925925925926,158.54545454545453,-23.545454545454533,-2321.3463636363626,,,,,,,,
,5244,2026-06-29 00:00:00,HYUNDAI,SAIEE,PREM SOLANKHI,MH14LX2599,40,5.5,30,98.59,2957.7000000000003,41117,40737,380,12.666666666666666,69.0909090909091,-39.09090909090909,-3853.9727272727278,,,,,,,,
,5245,2026-06-29 00:00:00,JCB,SAIEE,GAJANAN MARSHETTI,MH14LL4197,18,10,60,98.59,5915.400000000001,109446,108798,648,10.8,64.8,-4.799999999999997,-473.23199999999974,,,,,,,,
,5246,2026-06-29 00:00:00,MITSUBISHI,SAIEE,AMIT KAMBLE,MH14LB2875,18,10,52,98.59,5126.68,114924,114464,460,8.846153846153847,46,6,591.54,,,,,,,,
,5247,2026-06-29 00:00:00,JCB,SAIEE,ABDUL SHAIKH,MH14LL4278,30,6,84,98.59,8281.56,49735,49325,410,4.880952380952381,68.33333333333333,15.666666666666671,1544.5766666666673,,,,,,,,
,5248,2026-06-29 00:00:00,JCB,BPCL,MANOJ KAMBLE,MH14LL4153,30,6,86,98.39,8461.54,158823,158250,573,6.662790697674419,95.5,-9.5,-934.705,,,,,,,,
,5249,2026-06-29 00:00:00,JCB,BPCL,BADE,MH14LL4191,30,6,90,98.39,8855.1,108282,107805,477,5.3,79.5,10.5,1033.095,,,,,,,,
,5250,2026-06-29 00:00:00,JCB,BPCL,LAHU VANVE,MH14LL4154,30,6,75,98.39,7379.25,135426,134971,455,6.066666666666666,75.83333333333333,-0.8333333333333286,-81.9916666666662,,,,,,,,
,5251,2026-06-29 00:00:00,KB,HPCL,,MH14GD4457,49,4,181.38,98.27,17824.2126,334172,333552,620,3.4182379534678575,155,26.379999999999995,2592.3625999999995,,,,,,,,
413/30-6-26,5252,2026-06-29 00:00:00,VW,PRATIK,,MH14KA2815,40,5.5,50,98.57,4928.5,196425,196244,181,3.62,32.90909090909091,17.090909090909093,1684.6509090909092,,,,,,,,
413/30-6-26,5253,2026-06-29 00:00:00,MERCEDES,PRATIK,,MH14KA9148,32,4,100,98.57,9857,112101,111898,203,2.03,50.75,49.25,4854.572499999999,,,,,,,,
413/30-6-26,5254,2026-06-29 00:00:00,MERCEDES,PRATIK,,MH14HU3978,32,4,90,98.57,8871.3,196536,196304,232,2.577777777777778,58,32,3154.24,,,,,,,,
413/30-6-26,5255,2026-06-29 00:00:00,MERCEDES,PRATIK,,MH14LX3719,32,4,80,98.57,7885.599999999999,38436,38260,176,2.2,44,36,3548.5199999999995,,,,,,,,
413/30-6-26,5256,2026-06-29 00:00:00,MERCEDES,PRATIK,,MH14LX3713,32,4,100,98.57,9857,51554,51063,491,4.91,122.75,-22.75,-2242.4674999999997,,,,,,,,
413/30-6-26,5257,2026-06-29 00:00:00,MERCEDES,PRATIK,,MH14LX4885,32,4,100,98.57,9857,39521,39242,279,2.79,69.75,30.25,2981.7425,,,,,,,,
413/30-6-26,5258,2026-06-29 00:00:00,MERCEDES,PRATIK,,MH14HG3116,32,4,100,98.57,9857,287965,287526,439,4.39,109.75,-9.75,-961.0574999999999,,,,,,,,
413/30-6-26,5259,2026-06-29 00:00:00,MERCEDES,PRATIK,,MH14LX3725,32,4,80,98.57,7885.599999999999,31654,31519,135,1.6875,33.75,46.25,4558.862499999999,,,,,,,,
413/30-6-26,5260,2026-06-29 00:00:00,MERCEDES,PRATIK,,MH14HG3119,32,4,90,98.57,8871.3,241654,241414,240,2.6666666666666665,60,30,2957.1,,,,,,,,
413/30-6-26,5261,2026-06-29 00:00:00,MERCEDES,PRATIK,,MH14LX3710,32,4,100,98.57,9857,39006,38848,158,1.58,39.5,60.5,5963.485,,,,,,,,
413/30-6-26,5262,2026-06-29 00:00:00,MERCEDES,PRATIK,,MH14HU3981,32,4,100,98.57,9857,257725,257468,257,2.57,64.25,35.75,3523.8774999999996,,,,,,,,
413/30-6-26,5263,2026-06-29 00:00:00,MERCEDES,PRATIK,BALIRAM MOHITE,MH14LX3721,32,4,70,98.57,6899.9,36849,36550,299,4.271428571428571,74.75,-4.75,-468.2075,,,,,,,,
413/30-6-26,5264,2026-06-29 00:00:00,MERCEDES,PRATIK,,MH14HG3114,32,4,80,98.57,7885.599999999999,234213,233981,232,2.9,58,22,2168.54,,,,,,,,
413/30-6-26,5265,2026-06-29 00:00:00,MERCEDES,PRATIK,,MH14LX4888,32,4,100,98.57,9857,37551,37429,122,1.22,30.5,69.5,6850.615,,,,,,,,
413/30-6-26,5266,2026-06-29 00:00:00,MERCEDES,PRATIK,,MH14HU3980,32,4,50,98.57,4928.5,235725,235547,178,3.56,44.5,5.5,542.135,,,,,,,,
413/30-6-26,5267,2026-06-29 00:00:00,MERCEDES,PRATIK,,MH14LX3723,32,4,70,98.57,6899.9,31325,31149,176,2.5142857142857142,44,26,2562.8199999999997,,,,,,,,
413/30-6-26,5268,2026-06-29 00:00:00,MERCEDES,PRATIK,,MH14HU3979,32,4,80,98.57,7885.599999999999,206825,206577,248,3.1,62,18,1774.2599999999998,,,,,,,,
413/30-6-26,5269,2026-06-29 00:00:00,MERCEDES,PRATIK,,MH14KA9150,32,4,90,98.57,8871.3,131325,131094,231,2.566666666666667,57.75,32.25,3178.8824999999997,,,,,,,,
413/30-6-26,5270,2026-06-29 00:00:00,MERCEDES,PRATIK,,MH14KA9139,32,4,100,98.57,9857,117325,117060,265,2.65,66.25,33.75,3326.7374999999997,,,,,,,,
413/30-6-26,5271,2026-06-29 00:00:00,MERCEDES,PRATIK,,MH14HU3985,50,4,100,98.57,9857,189324,189078,246,2.46,61.5,38.5,3794.9449999999997,,,,,,,,
413/30-6-26,5272,2026-06-29 00:00:00,MERCEDES,PRATIK,,MH14KA9141,32,4,90,98.57,8871.3,104324,104047,277,3.077777777777778,69.25,20.75,2045.3274999999999,,,,,,,,
413/30-6-26,5273,2026-06-29 00:00:00,MERCEDES,PRATIK,,MH14LX3711,32,4,70,98.57,6899.9,33754,33509,245,3.5,61.25,8.75,862.4875,,,,,,,,
413/30-6-26,5274,2026-06-29 00:00:00,MERCEDES,PRATIK,,MH14HU3984,32,4,70,98.57,6899.9,228724,228470,254,3.6285714285714286,63.5,6.5,640.7049999999999,,,,,,,,
413/30-6-26,5275,2026-06-29 00:00:00,MERCEDES,PRATIK,,MH14HU3982,32,4,100,98.57,9857,235924,235711,213,2.13,53.25,46.75,4608.1475,,,,,,,,
413/30-6-26,5276,2026-06-29 00:00:00,MERCEDES,PRATIK,,MH14HG3117,32,4,90,98.57,8871.3,244125,243984,141,1.5666666666666667,35.25,54.75,5396.7074999999995,,,,,,,,
413/30-6-26,5277,2026-06-29 00:00:00,MERCEDES,PRATIK,,MH14LX3726,32,4,80,98.57,7885.599999999999,35631,35543,88,1.1,22,58,5717.0599999999995,,,,,,,,
413/30-6-26,5278,2026-06-29 00:00:00,MERCEDES,PRATIK,,MH14KA9152,32,4,90,98.57,8871.3,118724,118488,236,2.6222222222222222,59,31,3055.6699999999996,,,,,,,,
413/30-6-26,5279,2026-06-29 00:00:00,MERCEDES,PRATIK,,MH14KA9138,32,4,100,98.57,9857,116932,116721,211,2.11,52.75,47.25,4657.4325,,,,,,,,
413/30-6-26,5280,2026-06-29 00:00:00,MERCEDES,PRATIK,,MH14LX3718,32,4,80,98.57,7885.599999999999,32780,32703,77,0.9625,19.25,60.75,5988.1275,,,,,,,,
413/30-6-26,5281,2026-06-29 00:00:00,MERCEDES,PRATIK,,MH14HU3983,32,4,100,98.57,9857,189102,188702,400,4,100,0,0,,,,,,,,
413/30-6-26,5282,2026-06-29 00:00:00,MERCEDES,PRATIK,,MH14LX3714,32,4,80,98.57,7885.599999999999,40172,39925,247,3.0875,61.75,18.25,1798.9025,,,,,,,,
413/30-6-26,5283,2026-06-29 00:00:00,MERCEDES,PRATIK,,MH14KA9143,32,4,59,98.57,5815.629999999999,96612,96371,241,4.084745762711864,60.25,-1.25,-123.21249999999999,,,,,,,,
413/30-6-26,5284,2026-06-29 00:00:00,MERCEDES,PRATIK,,MH14LX3720,32,4,80,98.57,7885.599999999999,36564,36364,200,2.5,50,30,2957.1,,,,,,,,
413/30-6-26,5285,2026-06-29 00:00:00,MERCEDES,PRATIK,YASHPAL KAMBLE,MH14HG3115,36,4,122,98.57,12025.539999999999,268214,267973,241,1.9754098360655739,60.25,61.75,6086.697499999999,,,,,,,,
413/30-6-26,5286,2026-06-29 00:00:00,MERCEDES,PRATIK,,MH14LX3712,32,4,100,98.57,9857,36213,36003,210,2.1,52.5,47.5,4682.075,,,,,,,,
413/30-6-26,5287,2026-06-29 00:00:00,MERCEDES,PRATIK,,MH14LX4889,32,4,100,98.57,9857,26276,26125,151,1.51,37.75,62.25,6135.982499999999,,,,,,,,
413/30-6-26,5288,2026-06-29 00:00:00,MERCEDES,PRATIK,,MH14LX3716,32,4,100,98.57,9857,34954,34686,268,2.68,67,33,3252.81,,,,,,,,
,5289,2026-06-29 00:00:00,CITY FLOW PUNE,HPCL,,MH14MT2064,17,10,61.55,98.19,6043.594499999999,10835,10520,315,5.117790414297319,31.5,30.049999999999997,2950.6094999999996,,,,,,,,
,5290,2026-06-29 00:00:00,CITY FLOW PUNE,HPCL,,MH14MT2065,17,10,41.58,98.19,4082.7401999999997,9316,8995,321,7.720057720057721,32.1,9.479999999999997,930.8411999999996,,,,,,,,
,5291,2026-06-29 00:00:00,CITY FLOW PUNE,HPCL,,MH14MT2472,26,4,72.06,98.19,7075.5714,8338,8108,230,3.1917846239245073,57.5,14.560000000000002,1429.6464,,,,,,,,
,5292,2026-06-29 00:00:00,CITY FLOW PUNE,HPCL,,MH14MT2473,28,4.75,71.33,98.19,7003.892699999999,10566,10307,259,3.631010794896958,54.526315789473685,16.803684210526313,1649.9537526315787,,,,,,,,
,5293,2026-06-29 00:00:00,CITY FLOW PUNE,HPCL,,MH14MT2474,26,4,75.21,98.19,7384.869899999999,9074,8862,212,2.818774099188938,53,22.209999999999994,2180.7998999999995,,,,,,,,
,5294,2026-06-29 00:00:00,CITY FLOW PUNE,HPCL,,MH14MT2475,17,10,97.75,98.19,9598.0725,14992,14627,365,3.734015345268542,36.5,61.25,6014.1375,,,,,,,,
,5295,2026-06-29 00:00:00,CITY FLOW PUNE,HPCL,,MH14MT2476,26,4,79.16,98.19,7772.720399999999,11870,11580,290,3.6634663971702883,72.5,6.659999999999997,653.9453999999996,,,,,,,,
,5296,2026-06-29 00:00:00,CITY FLOW PUNE,HPCL,,MH14MT2477,26,4,72.51,98.19,7119.7569,8144,7924,220,3.0340642669976554,55,17.510000000000005,1719.3069000000005,,,,,,,,
,5297,2026-06-29 00:00:00,CITY FLOW PUNE,HPCL,,MH14MT2066,17,10,58,98.19,5695.0199999999995,10973,10638,335,5.775862068965517,33.5,24.5,2405.6549999999997,,,,,,,,
,5298,2026-06-29 00:00:00,BAJAJ WALUJ,HPCL,SANJAY,MH20GC8879,50,5,20,99.44,1988.8,138070,137865,205,10.25,41,-21,-2088.24,,,,,,,,
,5299,2026-06-29 00:00:00,BAJAJ WALUJ,HPCL,MALODE,MH20GC8878,50,5,50,99.44,4972,99858,99570,288,5.76,57.6,-7.600000000000001,-755.7440000000001,,,,,,,,
,5300,2026-06-29 00:00:00,BAJAJ WALUJ,HPCL,GAUTAM,MH14CW4813,40,5.5,48,99.44,4773.12,295219,294958,261,5.4375,47.45454545454545,0.5454545454545467,54.24000000000013,,,,,,,,
,5301,2026-06-29 00:00:00,BAJAJ WALUJ,HPCL,YOGESH,MH20GC5343,50,5,40,99.44,3977.6,120081,119935,146,3.65,29.2,10.8,1073.952,,,,,,,,
,5302,2026-06-29 00:00:00,BAJAJ WALUJ,HPCL,MANGESH,MH20GC8891,50,5,60,99.44,5966.4,90550,90153,397,6.616666666666666,79.4,-19.400000000000006,-1929.1360000000004,,,,,,,,
,5303,2026-06-29 00:00:00,BAJAJ WALUJ,HPCL,SAGER,MH20GC8876,50,5,54,99.44,5369.76,125124,124780,344,6.37037037037037,68.8,-14.799999999999997,-1471.7119999999998,,,,,,,,
,5304,2026-06-29 00:00:00,BAJAJ WALUJ,HPCL,DIVTE,MH20GC8873,50,5,60,99.44,5966.4,109878,109557,321,5.35,64.2,-4.200000000000003,-417.64800000000025,,,,,,,,
,5305,2026-06-29 00:00:00,BAJAJ WALUJ,HPCL,ADHE,MH20GC8874,50,5,60,99.44,5966.4,103472,103131,341,5.683333333333334,68.2,-8.200000000000003,-815.4080000000002,,,,,,,,
,5306,2026-06-29 00:00:00,BAJAJ WALUJ,HPCL,YOGESH,MH20GC5343,50,5,20,99.44,1988.8,120326,120081,245,12.25,49,-29,-2883.7599999999998,,,,,,,,
,5307,2026-06-29 00:00:00,BAJAJ WALUJ,HPCL,ARVIND,MH14CW4615,40,5.5,61,99.44,6065.84,305305,304944,361,5.918032786885246,65.63636363636364,-4.63636363636364,-461.04000000000036,,,,,,,,
,5308,2026-06-29 00:00:00,BAJAJ WALUJ,HPCL,ABHIJEET,MH20GC5419,50,5,57,99.44,5668.08,21211,20909,302,5.298245614035087,60.4,-3.3999999999999986,-338.09599999999983,,,,,,,,
,5309,2026-06-29 00:00:00,BAJAJ WALUJ,HPCL,SANJAY,MH20GC8879,50,5,12,99.44,1193.28,138454,138430,24,2,4.8,7.2,715.968,,,,,,,,
,5310,2026-06-29 00:00:00,BAJAJ WALUJ,HPCL,RAJPUT,MH14CW4616,40,5.5,20,99.44,1988.8,297101,296981,120,6,21.818181818181817,-1.8181818181818166,-180.79999999999984,,,,,,,,
,5311,2026-06-29 00:00:00,Skoda-vw,SFM,MHAINDRA,MH20GC2533,40,5,20,99.65,1993,47812,47496,316,15.8,63.2,-43.2,-4304.88,,,,,,,,
,5312,2026-06-29 00:00:00,Skoda-vw,SFM,PARDESHI,MH20GC2534,40,5,20,99.65,1993,46153,45853,300,15,60,-40,-3986,,,,,,,,
,5313,2026-06-29 00:00:00,Skoda-vw,SFM,SACHIN,MH14KA1891,40,5,20,99.65,1993,63035,62731,304,15.2,60.8,-40.8,-4065.72,,,,,,,,
,5314,2026-06-29 00:00:00,Skoda-vw,SFM,RAHIM,MH20GC7987,20,9,20,99.65,1993,39508,39027,481,24.05,53.44444444444444,-33.44444444444444,-3332.738888888889,,,,,,,,
,5315,2026-06-29 00:00:00,BAJAJ WALUJ,HPCL,DAUD,MH14CW4820,40,5.5,50,99.44,4972,271127,270847,280,5.6,50.90909090909091,-0.9090909090909065,-90.39999999999974,,,,,,,,
,5316,2026-06-29 00:00:00,CITYFLOW MUMBAI,,,MH04MH3731,27,4,75.58,98.04,7409.863200000001,51586,51290,296,3.9163799947075946,74,1.5799999999999983,154.90319999999986,,,,,,,,
,5317,2026-06-29 00:00:00,CITYFLOW MUMBAI,,,MH04MH3734,27,4,50,97.89,4894.5,26043,25811,232,4.64,58,-8,-783.12,,,,,,,,
,5318,2026-06-29 00:00:00,CITYFLOW MUMBAI,,,MH04MH3742,27,4,64,98.07,6276.48,39763,38627,1136,17.75,284,-220,-21575.399999999998,,,,,,,,
,5319,2026-06-29 00:00:00,CITYFLOW MUMBAI,,,MH04MH4081,27,4,20,98,1960,43275,43200,75,3.75,18.75,1.25,122.5,,,,,,,,
,5320,2026-06-29 00:00:00,CITYFLOW MUMBAI,,,MH04MH4719,27,4,80,98.04,7843.200000000001,39869,39662,207,2.5875,51.75,28.25,2769.63,,,,,,,,
,5321,2026-06-29 00:00:00,CITYFLOW MUMBAI,,,MH04MH4723,27,4,84.39,97.89,8260.937100000001,28411,28020,391,4.63325038511672,97.75,-13.36,-1307.8103999999998,,,,,,,,
,5322,2026-06-29 00:00:00,CITYFLOW MUMBAI,,,MH04MH5287,27,4,40,98,3920,45930,45775,155,3.875,38.75,1.25,122.5,,,,,,,,
,5323,2026-06-29 00:00:00,CITYFLOW MUMBAI,,,MH04MH5289,27,4,83.85,97.89,8208.0765,30112,30004,108,1.2880143112701252,27,56.849999999999994,5565.0464999999995,,,,,,,,
,5324,2026-06-29 00:00:00,CITYFLOW MUMBAI,,,MH04MH6308,27,4,80,98.04,7843.200000000001,34000,33839,161,2.0125,40.25,39.75,3897.09,,,,,,,,
,5325,2026-06-29 00:00:00,CITYFLOW MUMBAI,,,MH04MH6313,27,4,40,98.07,3922.7999999999997,50928,50780,148,3.7,37,3,294.21,,,,,,,,
,5326,2026-06-29 00:00:00,CITYFLOW MUMBAI,,,MH04MH6317,27,4,10,98.04,980.4000000000001,37765,37423,342,34.2,85.5,-75.5,-7402.02,,,,,,,,
,5327,2026-06-29 00:00:00,CITYFLOW MUMBAI,,,MH04MH6320,27,4,50,97.89,4894.5,25281,24899,382,7.64,95.5,-45.5,-4453.995,,,,,,,,
,5328,2026-06-29 00:00:00,CITYFLOW MUMBAI,,,MH04MR5863,40,3.7,100,97.97,9797,21523,21002,521,5.21,140.8108108108108,-40.81081081081081,-3998.235135135135,,,,,,,,
,5329,2026-06-29 00:00:00,CITYFLOW MUMBAI,,,MH04MR5864,40,3.7,130,97.83,12717.9,17706,17289,417,3.207692307692308,112.7027027027027,17.297297297297305,1692.1945945945954,,,,,,,,
,5330,2026-06-29 00:00:00,LEAR-CHENNAI,,,TN87H2075,24,,85.2,100.03,8522.556,97409,96750,659,7.734741784037558,#DIV/0!,#DIV/0!,#DIV/0!,,,,,,,,
,5331,2026-06-29 00:00:00,LEAR-CHENNAI,,,TN87H1956,14,,42.33,100.03,4234.2699,41445,40932,513,12.119064493267187,#DIV/0!,#DIV/0!,#DIV/0!,,,,,,,,
,5332,2026-06-29 00:00:00,LEAR-CHENNAI,,,TN87H2018,24,,62.17,100.07,6221.3519,88198,88059,139,2.2358050506675244,#DIV/0!,#DIV/0!,#DIV/0!,,,,,,,,
,5333,2026-06-29 00:00:00,LEAR-CHENNAI,,,TN87H2083,24,,64.47,100.07,6451.5129,159962,159793,169,2.621374282612068,#DIV/0!,#DIV/0!,#DIV/0!,,,,,,,,
,5334,2026-06-29 00:00:00,LEAR-CHENNAI,,,TN87H2089,24,,64.89,100.03,6490.9467,46228,45684,544,8.383418092155956,#DIV/0!,#DIV/0!,#DIV/0!,,,,,,,,
,5335,2026-06-29 00:00:00,LEAR-CHENNAI,,,TN87H1931,32,,86,100.03,8602.58,98575,97922,653,7.593023255813954,#DIV/0!,#DIV/0!,#DIV/0!,,,,,,,,
,5336,2026-06-29 00:00:00,LEAR-CHENNAI,,,TN87H1975,32,,74.31,100.03,7433.2293,132802,132525,277,3.727627506392141,#DIV/0!,#DIV/0!,#DIV/0!,,,,,,,,
,5337,2026-06-29 00:00:00,LEAR-CHENNAI,,,TN87H1971,32,,89.7,100.03,8972.691,77951,77249,702,7.826086956521739,#DIV/0!,#DIV/0!,#DIV/0!,,,,,,,,
,5338,2026-06-29 00:00:00,LEAR-CHENNAI,,,TN87H2058,24,,60.37,100.03,6038.8111,67955,67426,529,8.762630445585556,#DIV/0!,#DIV/0!,#DIV/0!,,,,,,,,
,5339,2026-06-29 00:00:00,LEAR-CHENNAI,,,TN87H1942,32,,80.2,100.03,8022.406,49568,48887,681,8.491271820448878,#DIV/0!,#DIV/0!,#DIV/0!,,,,,,,,
,5340,2026-06-29 00:00:00,LEAR-CHENNAI,,,TN87H1962,32,,77.76,100.25,7795.4400000000005,66253,65624,629,8.088991769547324,#DIV/0!,#DIV/0!,#DIV/0!,,,,,,,,
,5341,2026-06-29 00:00:00,TMBSL,JABBAR PUMP ,UMESH M AND AKASH ,KA25AB7980,40+1,5.5,101,98.63,9961.63,121289,120717,572,5.663366336633663,104,-3,-295.89,,,,,,,,
,5342,2026-06-29 00:00:00,TML,JABBAR PUMP ,NAGAPPA KARKOPPA ,KA25AA1650,49+1,4.25,197.45,98.63,19474.493499999997,247686,246733,953,4.826538364142821,224.23529411764707,-26.785294117647084,-2641.833558823532,,,,,,,,
,5343,2026-06-29 00:00:00,TML,JABBAR PUMP ,BASAVARAJ KURRATI ,KA25AA1644,49+1,4.25,115,98.63,11342.449999999999,211927,211438,489,4.252173913043478,115.05882352941177,-0.05882352941176805,-5.8017647058826824,,,,,,,,
,5344,2026-06-29 00:00:00,TML,JABBAR PUMP ,VINOD T,KA25AA1647,49+1,4.25,202.87,98.63,20009.0681,132145,131205,940,4.633509143786661,221.1764705882353,-18.3064705882353,-1805.5671941176474,,,,,,,,
,5345,2026-06-29 00:00:00,TMBSL,JABBAR PUMP ,IRAPPA AND RUDRAYYA ,KA25AB7985,55+1,4.5,99,98.63,9764.369999999999,119767,119290,477,4.818181818181818,106,-7,-690.41,,,,,,,,
,5346,2026-06-29 00:00:00,TMBSL,JABBAR PUMP ,LOKESH PATIL,KA25AC0452,55+1,4.5,121,98.63,11934.23,119135,118545,590,4.87603305785124,131.11111111111111,-10.111111111111114,-997.2588888888891,,,,,,,,
,5347,2026-06-29 00:00:00,TML,JABBAR PUMP ,NAGARJ NALPOOROSI,KA25AA7674,49+1,4.25,147,98.63,14498.609999999999,323294,322667,627,4.26530612244898,147.52941176470588,-0.529411764705884,-52.21588235294134,,,,,,,,
,5348,2026-06-29 00:00:00,TMBSL,JABBAR PUMP ,ANNAPPA  AND RACHAYYA ,KA25AB7983,55+1,4.5,102,98.63,10060.26,136606,136110,496,4.862745098039215,110.22222222222223,-8.222222222222229,-810.9577777777783,,,,,,,,
,5349,2026-06-29 00:00:00,TML,JABBAR PUMP ,MAHESH KARGI,KA25AA1646,49+1,4.25,194,98.63,19134.219999999998,311645,310783,862,4.443298969072165,202.8235294117647,-8.823529411764696,-870.2647058823519,,,,,,,,
,5350,2026-06-29 00:00:00,TMBSL,JABBAR PUMP ,MANJUNATH CHINDI AND MALLESH ,KA25AC0057,55+1,4.5,121,98.63,11934.23,97487,96907,580,4.793388429752066,128.88888888888889,-7.888888888888886,-778.0811111111108,,,,,,,,
413/30-6-26,5351,2026-06-30 00:00:00,MERCEDES,PRATIK,,MH14HU3980,32,4,80,98.57,7885.599999999999,235927,235725,202,2.525,50.5,29.5,2907.8149999999996,,,,,,,,
413/30-6-26,5352,2026-06-30 00:00:00,MERCEDES,PRATIK,,MH14HG3112,32,4,80,98.57,7885.599999999999,276572,276021,551,6.8875,137.75,-57.75,-5692.4175,,,,,,,,
413/30-6-26,5353,2026-06-30 00:00:00,VW,PRATIK,,MH14KA1879,40,5.5,50,98.57,4928.5,198418,198324,94,1.88,17.09090909090909,32.90909090909091,3243.8490909090906,,,,,,,,
413/30-6-26,5354,2026-06-30 00:00:00,MERCEDES,PRATIK,MAHADEV MASKE,MH14KA3316,20,8,20,98.57,1971.3999999999999,170625,170420,205,10.25,25.625,-5.625,-554.45625,,,,,,,,
,5355,2026-06-30 00:00:00,LEAR-CHAKAN,BPCL,NIWAS RATHOD,MH14LB5919,18,12,40,98.18,3927.2000000000003,245440,245123,317,7.925,26.416666666666668,13.583333333333332,1333.6116666666667,,,,,,,,
,5356,2026-06-30 00:00:00,JCB,BPCL,NITESH DONGARE,MH14LL4184,30,6,47.85,98.23,4700.3055,143310,143074,236,4.932079414838036,39.333333333333336,8.516666666666666,836.5921666666666,,,,,,,,
,5357,2026-06-30 00:00:00,LEAR-CHAKAN,HPCL,,MH14LB5922,18,12,50,98.57,4928.5,144439,144254,185,3.7,15.416666666666666,34.583333333333336,3408.8791666666666,,,,,,,,
,5358,2026-06-30 00:00:00,LEAR-CHAKAN,HPCL,AMOL PATIL,MH14LB5925,18,12,45,98.57,4435.65,134383,134192,191,4.2444444444444445,15.916666666666666,29.083333333333336,2866.744166666667,,,,,,,,
,5359,2026-06-30 00:00:00,LEAR-CHAKAN,HPCL,NAIKARE,MH14LB6270,40,6,90,98.57,8871.3,180403,179753,650,7.222222222222222,108.33333333333333,-18.33333333333333,-1807.116666666666,,,,,,,,
,5360,2026-06-30 00:00:00,LEAR-CHAKAN,HPCL,,MH14LB6214,25,7,72,98.57,7097.039999999999,205116,204864,252,3.5,36,36,3548.5199999999995,,,,,,,,
,5361,2026-06-30 00:00:00,LEAR-CHAKAN,HPCL,SUNIL PATHARE,MH14LB6210,25,7,85,98.57,8378.449999999999,76570,76369,201,2.364705882352941,28.714285714285715,56.285714285714285,5548.0828571428565,,,,,,,,
,5362,2026-06-30 00:00:00,LEAR-CHAKAN,HPCL,SUDAM SHEJUL,MH14LB6211,25,7,60,98.57,5914.2,100515,100026,489,8.15,69.85714285714286,-9.857142857142861,-971.6185714285717,,,,,,,,
,5363,2026-06-30 00:00:00,LEAR-CHAKAN,HPCL,,MH14LB5917,18,12,50,98.57,4928.5,157001,156777,224,4.48,18.666666666666668,31.333333333333332,3088.526666666666,,,,,,,,
,5364,2026-06-30 00:00:00,LEAR-CHAKAN,HPCL,LAXMAN PATIL,MH14LB5915,18,12,40,98.57,3942.7999999999997,128282,128133,149,3.725,12.416666666666666,27.583333333333336,2718.889166666667,,,,,,,,
,5365,2026-06-30 00:00:00,LEAR-CHAKAN,HPCL,SACHIN,MH14LB5914,18,12,44,98.57,4337.08,197562,197325,237,5.386363636363637,19.75,24.25,2390.3224999999998,,,,,,,,
,5366,2026-06-30 00:00:00,LEAR-CHAKAN,HPCL,SURESH,MH14LB6213,50,5,70,98.57,6899.9,136740,136358,382,5.457142857142857,76.4,-6.400000000000006,-630.8480000000005,,,,,,,,
,5367,2026-06-30 00:00:00,LEAR-CHAKAN,HPCL,,MH14LB5926,18,12,50,98.57,4928.5,132471,131989,482,9.64,40.166666666666664,9.833333333333336,969.2716666666669,,,,,,,,
,5368,2026-06-30 00:00:00,BC,HPCL,,MH14GD9122,36,5.5,60,98.57,5914.2,522094,521765,329,5.483333333333333,59.81818181818182,0.18181818181817988,17.92181818181799,,,,,,,,
,5369,2026-06-30 00:00:00,LEAR-CHAKAN,HPCL,,MH14LB5918,18,12,50,98.57,4928.5,121952,121541,411,8.22,34.25,15.75,1552.4775,,,,,,,,
,5370,2026-06-30 00:00:00,LEAR-CHAKAN,HPCL,,MH14LB6096,18,12,40,98.57,3942.7999999999997,51898,51669,229,5.725,19.083333333333332,20.916666666666668,2061.755833333333,,,,,,,,
,5371,2026-06-30 00:00:00,LEAR-CHAKAN,HPCL,SWAGAT JADHAV,MH14LB5967,18,12,40,98.57,3942.7999999999997,87151,86770,381,9.525,31.75,8.25,813.2025,,,,,,,,
,5372,2026-06-30 00:00:00,LEAR-CHAKAN,HPCL,,MH14LB5924,18,12,40,98.57,3942.7999999999997,92664,92318,346,8.65,28.833333333333332,11.166666666666668,1100.6983333333333,,,,,,,,
,5373,2026-06-30 00:00:00,LEAR-CHAKAN,HPCL,,MH14LB4966,17,10,30,98.57,2957.1,120259,120009,250,8.333333333333334,25,5,492.84999999999997,,,,,,,,
,5374,2026-06-30 00:00:00,VW,SAMRUDDHI,,MH14KA2557,40,5.5,80,98.57,7885.599999999999,217105,216733,372,4.65,67.63636363636364,12.36363636363636,1218.683636363636,,,,,,,,
,5375,2026-06-30 00:00:00,VW,SAMRUDDHI,,MH14KA1882,40,5.5,60,98.57,5914.2,167976,167681,295,4.916666666666667,53.63636363636363,6.363636363636367,627.2636363636367,,,,,,,,
,5376,2026-06-30 00:00:00,VW,SAMRUDDHI,,MH14KA1912,40,5.5,40,98.57,3942.7999999999997,227120,226997,123,3.075,22.363636363636363,17.636363636363637,1738.4163636363635,,,,,,,,
,5377,2026-06-30 00:00:00,VW,SAMRUDDHI,,MH14KA2814,40,5.5,50,98.57,4928.5,160604,160396,208,4.16,37.81818181818182,12.18181818181818,1200.761818181818,,,,,,,,
,5378,2026-06-30 00:00:00,VW,SAMRUDDHI,,MH14KA2820,40,5.5,66,98.57,6505.62,127088,126721,367,5.5606060606060606,66.72727272727273,-0.7272727272727337,-71.68727272727335,,,,,,,,
,5379,2026-06-30 00:00:00,VW,SAMRUDDHI,,MH14KA2558,40,5.5,80,98.57,7885.599999999999,224031,223663,368,4.6,66.9090909090909,13.090909090909093,1290.3709090909092,,,,,,,,
,5380,2026-06-30 00:00:00,VW,SAMRUDDHI,,MH14KA3311,20,8,36,98.57,3548.5199999999995,169038,168747,291,8.083333333333334,36.375,-0.375,-36.96375,,,,,,,,
,5381,2026-06-30 00:00:00,VW,SAMRUDDHI,,MH14KA2563,40,5.5,80,98.57,7885.599999999999,141687,141357,330,4.125,60,20,1971.3999999999999,,,,,,,,
,5382,2026-06-30 00:00:00,VW,SAMRUDDHI,,MH14KA1901,40,5.5,80,98.57,7885.599999999999,192663,192210,453,5.6625,82.36363636363636,-2.3636363636363598,-232.98363636363595,,,,,,,,
,5383,2026-06-30 00:00:00,VW,SAMRUDDHI,,MH14KA1888,40,5.5,50,98.57,4928.5,172339,172085,254,5.08,46.18181818181818,3.81818181818182,376.358181818182,,,,,,,,
,5384,2026-06-30 00:00:00,VW,SAMRUDDHI,,MH14KA3010,40,5.5,40,98.57,3942.7999999999997,196849,196680,169,4.225,30.727272727272727,9.272727272727273,914.0127272727273,,,,,,,,
,5385,2026-06-30 00:00:00,VW,SAMRUDDHI,,MH14KA1897,40,5.5,35,98.57,3449.95,217554,217439,115,3.2857142857142856,20.90909090909091,14.09090909090909,1388.940909090909,,,,,,,,
,5386,2026-06-30 00:00:00,VW,SAMRUDDHI,,MH14KA1763,40,5.5,50,98.57,4928.5,127594,127321,273,5.46,49.63636363636363,0.36363636363636687,35.843636363636676,,,,,,,,
,5387,2026-06-30 00:00:00,VW,SAMRUDDHI,,MH14KA1744,40,5.5,35,98.57,3449.95,168610,168419,191,5.457142857142857,34.72727272727273,0.2727272727272734,26.882727272727333,,,,,,,,
,5388,2026-06-30 00:00:00,VW,SAMRUDDHI,,MH14KA2463,40,5.5,50,98.57,4928.5,140320,140105,215,4.3,39.09090909090909,10.909090909090907,1075.3090909090906,,,,,,,,
,5389,2026-06-30 00:00:00,VW,SAMRUDDHI,,MH14KA2816,40,5.5,75,98.57,7392.749999999999,124319,123926,393,5.24,71.45454545454545,3.5454545454545467,349.4754545454546,,,,,,,,
,5390,2026-06-30 00:00:00,VW,SAMRUDDHI,,MH14KA2812,40,5.5,80,98.57,7885.599999999999,130948,130487,461,5.7625,83.81818181818181,-3.818181818181813,-376.35818181818127,,,,,,,,
,5391,2026-06-30 00:00:00,VW,SAMRUDDHI,,MH14KA1894,40,5.5,80,98.57,7885.599999999999,138211,137884,327,4.0875,59.45454545454545,20.545454545454547,2025.1654545454546,,,,,,,,
,5392,2026-06-30 00:00:00,VW,SAMRUDDHI,,MH14KA2464,40,5.5,55,98.57,5421.349999999999,147192,146897,295,5.363636363636363,53.63636363636363,1.3636363636363669,134.41363636363667,,,,,,,,
,5393,2026-06-30 00:00:00,VW,SAMRUDDHI,,MH14KA1895,40,5.5,40,98.57,3942.7999999999997,176696,176505,191,4.775,34.72727272727273,5.272727272727273,519.7327272727273,,,,,,,,
,5394,2026-06-30 00:00:00,VW,SAMRUDDHI,,MH14KA1765,40,5.5,60,98.57,5914.2,160894,160578,316,5.266666666666667,57.45454545454545,2.5454545454545467,250.90545454545466,,,,,,,,
,5395,2026-06-30 00:00:00,VW,SAMRUDDHI,,MH14KA2818,40,5.5,60,98.57,5914.2,131220,130881,339,5.65,61.63636363636363,-1.6363636363636331,-161.2963636363633,,,,,,,,
,5396,2026-06-30 00:00:00,VW,SAMRUDDHI,,MH14KA1742,40,5.5,60,98.57,5914.2,157879,157557,322,5.366666666666666,58.54545454545455,1.4545454545454533,143.3745454545453,,,,,,,,
,5397,2026-06-30 00:00:00,VW,SAMRUDDHI,,MH14KA2554,40,5.5,60,98.57,5914.2,179872,179544,328,5.466666666666667,59.63636363636363,0.36363636363636687,35.843636363636676,,,,,,,,
,5398,2026-06-30 00:00:00,VW,SAMRUDDHI,,MH14KA2817,40,5.5,35,98.57,3449.95,155266,155083,183,5.228571428571429,33.27272727272727,1.7272727272727266,170.25727272727266,,,,,,,,
,5399,2026-06-30 00:00:00,VW,SAMRUDDHI,,MH14KA2562,40,5.5,40,98.57,3942.7999999999997,149071,148804,267,6.675,48.54545454545455,-8.545454545454547,-842.3254545454546,,,,,,,,
,5400,2026-06-30 00:00:00,VW,SAMRUDDHI,,MH14KQ1004,40,5.5,70,98.57,6899.9,86205,86004,201,2.8714285714285714,36.54545454545455,33.45454545454545,3297.614545454545,,,,,,,,
,5401,2026-06-30 00:00:00,VW,SAMRUDDHI,,MH14KA2811,40,5.5,30,98.57,2957.1,190965,190827,138,4.6,25.09090909090909,4.90909090909091,483.88909090909095,,,,,,,,
,5402,2026-06-30 00:00:00,VW,SAMRUDDHI,,MH14KA1905,40,5.5,35,98.57,3449.95,214713,214546,167,4.771428571428571,30.363636363636363,4.636363636363637,457.00636363636363,,,,,,,,
,5403,2026-06-30 00:00:00,VW,SAMRUDDHI,,MH14KA2924,40,5.5,60,98.57,5914.2,122054,121702,352,5.866666666666666,64,-4,-394.28,,,,,,,,
,5404,2026-06-30 00:00:00,VW,SAMRUDDHI,,MH14KA2815,40,5.5,35,98.57,3449.95,196662,196425,237,6.771428571428571,43.09090909090909,-8.090909090909093,-797.5209090909093,,,,,,,,
,5405,2026-06-30 00:00:00,VW,SAMRUDDHI,,MH14KA3312,20,8,10,98.57,985.6999999999999,232152,231950,202,20.2,25.25,-15.25,-1503.1924999999999,,,,,,,,
,5406,2026-06-30 00:00:00,VW,SAMRUDDHI,,MH14KA1737,40,5.5,40,98.57,3942.7999999999997,165869,165697,172,4.3,31.272727272727273,8.727272727272727,860.2472727272726,,,,,,,,
,5407,2026-06-30 00:00:00,VW,SAMRUDDHI,,MH14KA1903,40,5.5,60,98.57,5914.2,151147,150830,317,5.283333333333333,57.63636363636363,2.363636363636367,232.98363636363666,,,,,,,,
,5408,2026-06-30 00:00:00,VW,SAMRUDDHI,,MH14KA1915,40,5.5,60,98.57,5914.2,262513,262223,290,4.833333333333333,52.72727272727273,7.272727272727273,716.8727272727273,,,,,,,,
,5409,2026-06-30 00:00:00,VW,SAMRUDDHI,,MH14KA1907,40,5.5,45,98.57,4435.65,204759,204547,212,4.711111111111111,38.54545454545455,6.454545454545453,636.2245454545453,,,,,,,,
,5410,2026-06-30 00:00:00,VW,SAMRUDDHI,,MH14KA1883,40,5.5,40,98.57,3942.7999999999997,200976,200770,206,5.15,37.45454545454545,2.5454545454545467,250.90545454545466,,,,,,,,
,5411,2026-06-30 00:00:00,VW,SAMRUDDHI,,MH14KA2560,40,5.5,60,98.57,5914.2,182978,182645,333,5.55,60.54545454545455,-0.5454545454545467,-53.765454545454666,,,,,,,,
,5412,2026-06-30 00:00:00,VW,SAMRUDDHI,,MH14KA3310,40,5.5,30,98.57,2957.1,160763,160531,232,7.733333333333333,42.18181818181818,-12.18181818181818,-1200.761818181818,,,,,,,,
,5413,2026-06-30 00:00:00,JCB,SAIEE,REVANATH LANDGE,MH14LL4194,30,6,49,98.59,4830.91,134527,133928,599,12.224489795918368,99.83333333333333,-50.83333333333333,-5011.658333333333,,,,,,,,
,5414,2026-06-30 00:00:00,JCB,SAIEE,CHANDRSHING WAGH,MH14LL4156,30,6,80,98.59,7887.200000000001,161160,160798,362,4.525,60.333333333333336,19.666666666666664,1938.9366666666665,,,,,,,,
,5415,2026-06-30 00:00:00,JCB,SAIEE,SUSHANT SHELAR,MH14LL4145,30,6,60,98.59,5915.400000000001,113926,113381,545,9.083333333333334,90.83333333333333,-30.83333333333333,-3039.858333333333,,,,,,,,
,5416,2026-06-30 00:00:00,HYUNDAI,SAIEE,VISHMBER MUNDE,MH14LX7487,30,6,125,98.59,12323.75,37039,36350,689,5.512,114.83333333333333,10.166666666666671,1002.3316666666672,,,,,,,,
,5417,2026-06-30 00:00:00,HYUNDAI,SAIEE,SUYOG KANWADE,MH14LX2601,40,5.5,25,98.59,2464.75,53490,52555,935,37.4,170,-145,-14295.550000000001,,,,,,,,
,5418,2026-06-30 00:00:00,JCB,SAIEE,PRAVIN SABLE,MH14LL4196,18,10,25.35,98.59,2499.2565000000004,87621,87389,232,9.151873767258381,23.2,2.150000000000002,211.9685000000002,,,,,,,,
,5419,2026-06-30 00:00:00,JCB-VENDOR,SAIEE,,MH14LL4301,,,41.57,98.59,4098.3863,0,0,0,0,#DIV/0!,#DIV/0!,#DIV/0!,,,,,,,,
,5420,2026-06-30 00:00:00,JCB,SAIEE,RANGNATH KHODAVE,MH14LL4129,30,6,88,98.59,8675.92,63839,63315,524,5.954545454545454,87.33333333333333,0.6666666666666714,65.72666666666714,,,,,,,,
,5421,2026-06-30 00:00:00,JCB,SAIEE,GAJANAN MARSHETTI,MH14LL4197,18,10,33,98.59,3253.4700000000003,109943,109446,497,15.06060606060606,49.7,-16.700000000000003,-1646.4530000000004,,,,,,,,
,5422,2026-06-30 00:00:00,JCB,SAIEE,VISHNU YADAV,MH14LL4126,30,6,84,98.59,8281.56,63096,62635,461,5.488095238095238,76.83333333333333,7.166666666666671,706.5616666666672,,,,,,,,
,5423,2026-06-30 00:00:00,JCB,SAIEE,SHIDESHWAR KORE,MH14LL4183,30,6,32,98.59,3154.88,96283,96105,178,5.5625,29.666666666666668,2.333333333333332,230.04333333333324,,,,,,,,
,5424,2026-06-30 00:00:00,JCB,SAIEE,VIKAS CHAVAN,MH14LL4132,30,6,60,98.59,5915.400000000001,85623,84660,963,16.05,160.5,-100.5,-9908.295,,,,,,,,
,5425,2026-06-30 00:00:00,JCB,SAIEE,SACHIN RAUT,MH14LL4205,18,10,50,98.59,4929.5,196067,195614,453,9.06,45.3,4.700000000000003,463.3730000000003,,,,,,,,
,5426,2026-06-30 00:00:00,JCB,SAIEE,BALAJI RAWALE,MH14LL4199,18,10,45,98.59,4436.55,180935,180565,370,8.222222222222221,37,8,788.72,,,,,,,,
,5427,2026-06-30 00:00:00,JCB-VENDOR,SAIEE,,MH12YB9901,,,37.55,98.59,3702.0544999999997,0,0,0,0,#DIV/0!,#DIV/0!,#DIV/0!,,,,,,,,
,5428,2026-06-30 00:00:00,JCB,SAIEE,SWAPNIL BORATE,MH14NE5755,17,10,45.65,98.59,4500.6335,0,0,0,0,0,45.65,4500.6335,,,,,,,,
,5429,2026-06-30 00:00:00,JCB-VENDOR,SAIEE,,MH12YB9902,,,34.03,98.59,3355.0177000000003,0,0,0,0,#DIV/0!,#DIV/0!,#DIV/0!,,,,,,,,
,5430,2026-06-30 00:00:00,JCB-VENDOR,SAIEE,VENDOR,MH14HG7555,17,10,35.51,98.59,3500.9309,0,0,0,0,0,35.51,3500.9309,,,,,,,,
,5431,2026-06-30 00:00:00,JCB,SAIEE,SWAPNIL BORATE,MH14MH5755,17,10,48.04,98.59,4736.2636,0,0,0,0,0,48.04,4736.2636,,,,,,,,
,5432,2026-06-30 00:00:00,JCB,SAIEE,BHAGWAT FHAPAL,MH14LL4198,18,10,40,98.59,3943.6000000000004,168536,167712,824,20.6,82.4,-42.400000000000006,-4180.216,,,,,,,,
,5433,2026-06-30 00:00:00,JCB,SAIEE,YOURAJ WAGH,MH14LL4179,30,6,101,98.59,9957.59,114198,113593,605,5.99009900990099,100.83333333333333,0.1666666666666714,16.431666666667134,,,,,,,,
,5434,2026-06-30 00:00:00,MITSUBISHI,SAIEE,SANTOSH CHAVAN,MH14LB2874,33,6,30,98.59,2957.7000000000003,75288,75113,175,5.833333333333333,29.166666666666668,0.8333333333333321,82.15833333333322,,,,,,,,
,5435,2026-06-30 00:00:00,JCB,SAIEE,CHANDRAKANT PATTHAR,MH14LL4124,30,6,127,98.59,12520.93,91546,91295,251,1.9763779527559056,41.833333333333336,85.16666666666666,8396.581666666665,,,,,,,,
,5436,2026-06-30 00:00:00,MITSUBISHI,SAIEE,RAMDAS DATE,MH14LB2872,33,6,65.82,98.59,6489.193799999999,73306,72946,360,5.469462169553328,60,5.819999999999993,573.7937999999994,,,,,,,,
,5437,2026-06-30 00:00:00,MITSUBISHI,SAIEE,,MH14LB2876,40,5.5,44,98.59,4337.96,103384,103217,167,3.7954545454545454,30.363636363636363,13.636363636363637,1344.409090909091,,,,,,,,
,5438,2026-06-30 00:00:00,JCB,SAIEE,SANTOSH SHINDE,MH14LL4125,30,6,120,98.59,11830.800000000001,102270,101600,670,5.583333333333333,111.66666666666667,8.333333333333329,821.5833333333329,,,,,,,,
,5439,2026-06-30 00:00:00,BC,SHUBHAM,YOGESH GAWANDE,MH14LB4534,50,4,30,98.44,2953.2,76524,76064,460,15.333333333333334,115,-85,-8367.4,,,,,,,,
,5440,2026-06-30 00:00:00,BC,SHUBHAM,YOGESH GAWANDE,MH14LB4534,50,3.5,35,98.44,3445.4,76644,76524,120,3.4285714285714284,34.285714285714285,0.7142857142857153,70.31428571428582,,,,,,,,
,5441,2026-06-30 00:00:00,BC,SHUBHAM,,MH14LL4207,18,10,20,98.44,1968.8,122986,122855,131,6.55,13.1,6.9,679.236,,,,,,,,
,5442,2026-06-30 00:00:00,BC-VENDER,SHUBHAM,Sudhakar Sharad Daptare,MH14KQ5693,20,10,25,98.44,2461,0,0,0,0,0,25,2461,,,,,,,,
,5443,2026-06-30 00:00:00,BC,SHUBHAM,,MH14LB3849,40,5.5,20,98.44,1968.8,99792,99515,277,13.85,50.36363636363637,-30.363636363636367,-2988.996363636364,,,,,,,,
,5444,2026-06-30 00:00:00,BC-VENDER,SHUBHAM,,MH14LQ1600,36,6,20,98.44,1968.8,0,0,0,0,0,20,1968.8,,,,,,,,
,5445,2026-06-30 00:00:00,LEAR-CHAKAN,SHUBHAM,,MH14LB3844,32,6,30,98.44,2953.2,98859,98731,128,4.266666666666667,21.333333333333332,8.666666666666668,853.1466666666668,,,,,,,,
,5446,2026-06-30 00:00:00,BC,SHUBHAM,SAWPNIL,MH14LB3987,50,4,5,98.44,492.2,60715,60519,196,39.2,49,-44,-4331.36,,,,,,,,
,5447,2026-06-30 00:00:00,BC,SHUBHAM,,MH14GD9106,36,6,20,98.44,1968.8,440198,440048,150,7.5,25,-5,-492.2,,,,,,,,
,5448,2026-06-30 00:00:00,BC,SHUBHAM,AJINKYA KAMBLE,MH14LB3879,32,6,20,98.44,1968.8,106099,105855,244,12.2,40.666666666666664,-20.666666666666664,-2034.4266666666663,,,,,,,,
,5449,2026-06-30 00:00:00,BA-VENDER,SHUBHAM,ABHAY HANDE,MH14LL1494,17,10,30,98.44,2953.2,0,0,0,0,0,30,2953.2,,,,,,,,
,5450,2026-06-30 00:00:00,BC-VENDER,SHUBHAM,,MH14LX9322,,,30,98.44,2953.2,0,0,0,0,#DIV/0!,#DIV/0!,#DIV/0!,,,,,,,,
,5451,2026-06-30 00:00:00,BC,SHUBHAM,PAWALE,MH14LB3991,50,4,20,98.44,1968.8,98973,98639,334,16.7,83.5,-63.5,-6250.94,,,,,,,,
,5452,2026-06-30 00:00:00,BC-VENDER,SHUBHAM,,MH14HG3816,,,25,98.44,2461,0,0,0,0,#DIV/0!,#DIV/0!,#DIV/0!,,,,,,,,
,5453,2026-06-30 00:00:00,BC,SHUBHAM,,MH14LB3984,50,4,30,98.44,2953.2,57614,57561,53,1.7666666666666666,13.25,16.75,1648.87,,,,,,,,
,5454,2026-06-30 00:00:00,BC-VENDER,SHUBHAM,Mukund Ramchandra Madvalkar,MH12LB9492,17,10,30,98.44,2953.2,0,0,0,0,0,30,2953.2,,,,,,,,
,5455,2026-06-30 00:00:00,BC-VENDER,SHUBHAM,Prathmesh Tours & Travels,MH12VF1253,20,10,35,98.44,3445.4,0,0,0,0,0,35,3445.4,,,,,,,,
,5456,2026-06-30 00:00:00,BC-VENDER,SHUBHAM,,MH14LX9897,17,10,30,98.44,2953.2,0,0,0,0,0,30,2953.2,,,,,,,,
,5457,2026-06-30 00:00:00,BC-VENDER,SHUBHAM,,MH14MH4066,,,30,98.44,2953.2,0,0,0,0,#DIV/0!,#DIV/0!,#DIV/0!,,,,,,,,
,5458,2026-06-30 00:00:00,BC-VENDER,SHUBHAM,,MH12YQ7251,,,20,98.44,1968.8,0,0,0,0,#DIV/0!,#DIV/0!,#DIV/0!,,,,,,,,
,5459,2026-06-30 00:00:00,BC-VENDER,SHUBHAM,,MH14MH1600,36,6,20,98.44,1968.8,0,0,0,0,0,20,1968.8,,,,,,,,
,5460,2026-06-30 00:00:00,BC,SHUBHAM,,MH14LB3985,50,4,30,98.44,2953.2,86728,86382,346,11.533333333333333,86.5,-56.5,-5561.86,,,,,,,,
,5461,2026-06-30 00:00:00,LEAR-CHAKAN,SHUBHAM,SHIVAJI SHINDE,MH14LB5921,18,12,20,98.44,1968.8,213661,213500,161,8.05,13.416666666666666,6.583333333333334,648.0633333333334,,,,,,,,
,5462,2026-06-30 00:00:00,BC,SHUBHAM,,MH14GD9109,36,6,30,98.44,2953.2,309932,309832,100,3.3333333333333335,16.666666666666668,13.333333333333332,1312.533333333333,,,,,,,,
,5463,2026-06-30 00:00:00,BC,SHUBHAM,HIMMAT MURADE,MH14LB8052,7,24,30,98.44,2953.2,106616,106481,135,4.5,5.625,24.375,2399.475,,,,,,,,
,5464,2026-06-30 00:00:00,BC,SHUBHAM,,MH14LB3986,50,4,20,98.44,1968.8,108274,107953,321,16.05,80.25,-60.25,-5931.01,,,,,,,,
,5465,2026-06-30 00:00:00,JCB,IOCL,VIKAS HEMADE,MH14LL4140,30,6,53,98.52,5221.5599999999995,177578,177260,318,6,53,0,0,,,,,,,,
,5466,2026-06-30 00:00:00,JCB,BPCL,JAGDISH PATIL,MH14LL4189,30,6,70,98.19,6873.3,214516,214131,385,5.5,64.16666666666667,5.833333333333329,572.7749999999995,,,,,,,,
,5467,2026-06-30 00:00:00,,BPCL,,MH14GD4456,40,5.5,178.78,98.04,17527.591200000003,362799,362198,601,3.361673565275758,109.27272727272727,69.50727272727273,6814.493018181819,,,,,,,,
,5468,2026-06-30 00:00:00,LEAR-CHAKAN,BPCL,VITTHALRAO,MH14LB5821,18,12,40,98.22,3928.8,83354,82786,568,14.2,47.333333333333336,-7.333333333333336,-720.2800000000002,,,,,,,,
,5469,2026-06-30 00:00:00,LEAR-BHOSARI,JAYHIND,VITTHAL,MH14LB5820,18,12,15,98.21,1473.1499999999999,42729,42329,400,26.666666666666668,33.333333333333336,-18.333333333333336,-1800.5166666666669,,,,,,,,
,5470,2026-06-30 00:00:00,TML,JAYHIND,MALLIKARJUN BODALE,MH12KQ0265,44,3.5,140,98.21,13749.4,447383,446954,429,3.0642857142857145,122.57142857142857,17.42857142857143,1711.66,,,,,,,,
,5471,2026-06-30 00:00:00,CANTEEN,JAYHIND,,CAN,,,35,98.21,3437.35,0,0,0,0,#DIV/0!,#DIV/0!,#DIV/0!,,,,,,,,
,5472,2026-06-30 00:00:00,JCB,JAYHIND,,MH14LL4146,30,6,74,98.21,7267.54,138562,138125,437,5.905405405405405,72.83333333333333,1.1666666666666714,114.57833333333379,,,,,,,,
,5473,2026-06-30 00:00:00,VW,JAYHIND,,MH14KA2556,40,5.5,50,98.21,4910.5,166134,165867,267,5.34,48.54545454545455,1.4545454545454533,142.85090909090894,,,,,,,,
,5474,2026-06-30 00:00:00,CITY FLOW PUNE,HPCL,,MH14MT2067,17,10,51.08,98.19,5015.5452,12702,12232,470,9.201252936570086,47,4.079999999999998,400.61519999999985,,,,,,,,
,5475,2026-06-30 00:00:00,BAJAJ WALUJ,HPCL,SANJAY,MH20GC8879,50,5,68.65,99.44,6826.5560000000005,138430,138070,360,5.243991260014567,72,-3.3499999999999943,-333.12399999999946,,,,,,,,
,5476,2026-06-30 00:00:00,BAJAJ WALUJ,HPCL,MALODE,MH20GC8878,50,5,52,99.44,5170.88,100147,99858,289,5.5576923076923075,57.8,-5.799999999999997,-576.7519999999997,,,,,,,,
,5477,2026-06-30 00:00:00,BAJAJ WALUJ,HPCL,GORAKH,MH14CW4805,40,5.5,51,99.44,5071.44,295191,294902,289,5.666666666666667,52.54545454545455,-1.5454545454545467,-153.68000000000012,,,,,,,,
,5478,2026-06-30 00:00:00,BAJAJ WALUJ,HPCL,NAGESH,MH20GC5309,50,5,53,99.44,5270.32,156016,155717,299,5.6415094339622645,59.8,-6.799999999999997,-676.1919999999997,,,,,,,,
,5479,2026-06-30 00:00:00,BAJAJ WALUJ,HPCL,SHAIKH,MH14CW4816,40,5.5,58,99.44,5767.5199999999995,305736,305388,348,6,63.27272727272727,-5.272727272727273,-524.32,,,,,,,,
,5480,2026-06-30 00:00:00,BAJAJ WALUJ,HPCL,BHAGWAN,MH20GC5417,50,5,30,99.44,2983.2,13725,13558,167,5.566666666666666,33.4,-3.3999999999999986,-338.09599999999983,,,,,,,,
,5481,2026-06-30 00:00:00,BAJAJ WALUJ,HPCL,RAJPUT,MH14CW4616,40,5.5,50,99.44,4972,297391,297101,290,5.8,52.72727272727273,-2.7272727272727266,-271.19999999999993,,,,,,,,
,5482,2026-06-30 00:00:00,BAJAJ WALUJ,HPCL,LATE,MH20GC8893,50,5,40,99.44,3977.6,102334,102115,219,5.475,43.8,-3.799999999999997,-377.87199999999973,,,,,,,,
,5483,2026-06-30 00:00:00,BAJAJ WALUJ,HPCL,DADARAO,MH14CW4609,40,5.5,58,99.44,5767.5199999999995,296497,296149,348,6,63.27272727272727,-5.272727272727273,-524.32,,,,,,,,
,5484,2026-06-30 00:00:00,BAJAJ WALUJ,HPCL,SAGER,MH20GC8876,50,5,35,99.44,3480.4,125334,125124,210,6,42,-7,-696.0799999999999,,,,,,,,
,5485,2026-06-30 00:00:00,BAJAJ WALUJ,HPCL,JABBAR,MH20GC8872,50,5,51,99.44,5071.44,110584,110227,357,7,71.4,-20.400000000000006,-2028.5760000000005,,,,,,,,
,5486,2026-06-30 00:00:00,BAJAJ WALUJ,HPCL,NAKIM,MH20GZ5478,50,5,34,99.44,3380.96,7926,7743,183,5.382352941176471,36.6,-2.6000000000000014,-258.54400000000015,,,,,,,,
,5487,2026-06-30 00:00:00,BAJAJ WALUJ,HPCL,GUNJAL,MH14CW4824,40,5.5,50,99.44,4972,302943,302658,285,5.7,51.81818181818182,-1.8181818181818201,-180.80000000000018,,,,,,,,
,5488,2026-06-30 00:00:00,BAJAJ WALUJ,HPCL,NAZIR,MH14CW4456,40,5.5,55.1,99.44,5479.144,295325,294989,336,6.098003629764065,61.09090909090909,-5.990909090909092,-595.7360000000001,,,,,,,,
,5489,2026-06-30 00:00:00,CITYFLOW MUMBAI,,,MH04MH3731,27,4,15,97.89,1468.35,51949,51586,363,24.2,90.75,-75.75,-7415.1675000000005,,,,,,,,
,5490,2026-06-30 00:00:00,CITYFLOW MUMBAI,,,MH04MH3735,27,4,30,97.89,2936.7,24706,24398,308,10.266666666666667,77,-47,-4600.83,,,,,,,,
,5491,2026-06-30 00:00:00,CITYFLOW MUMBAI,,,MH04MH3741,27,4,80,97.89,7831.2,22712,22373,339,4.2375,84.75,-4.75,-464.9775,,,,,,,,
,5492,2026-06-30 00:00:00,CITYFLOW MUMBAI,,,MH04MH4081,27,4,55,98.04,5392.200000000001,43382,43275,107,1.9454545454545455,26.75,28.25,2769.63,,,,,,,,
,5493,2026-06-30 00:00:00,CITYFLOW MUMBAI,,,MH04MH5287,27,4,55,98,5390,46083,45930,153,2.7818181818181817,38.25,16.75,1641.5,,,,,,,,
,5494,2026-06-30 00:00:00,CITYFLOW MUMBAI,,,MH04MH6316,27,4,20,98,1960,9175,9121,54,2.7,13.5,6.5,637,,,,,,,,
,5495,2026-06-30 00:00:00,CITYFLOW MUMBAI,,,MH04MR5860,40,3.7,30,97.83,2934.9,17203,16826,377,12.566666666666666,101.89189189189189,-71.89189189189189,-7033.183783783783,,,,,,,,
,5496,2026-06-30 00:00:00,CITYFLOW MUMBAI,,,MH04MR5922,40,3.7,50,97.83,4891.5,21406,20916,490,9.8,132.43243243243242,-82.43243243243242,-8064.364864864863,,,,,,,,
,5497,2026-06-30 00:00:00,CITYFLOW MUMBAI,,,MH46DC8239,40,3.7,100,98.07,9807,695,679,16,0.16,4.324324324324324,95.67567567567568,9382.913513513513,,,,,,,,
,5498,2026-06-30 00:00:00,LEAR-CHENNAI,,,TN87H2091,24,,76.22,100.03,7624.2866,64577,63928,649,8.514825505116768,#DIV/0!,#DIV/0!,#DIV/0!,,,,,,,,
,5499,2026-06-30 00:00:00,LEAR-CHENNAI,,,TN87H2004,24,,72.87,100.03,7289.186100000001,80446,79767,679,9.317963496637848,#DIV/0!,#DIV/0!,#DIV/0!,,,,,,,,
,5500,2026-06-30 00:00:00,LEAR-CHENNAI,,,TN87H1913,32,,76.5,100.03,7652.295,138688,138134,554,7.241830065359477,#DIV/0!,#DIV/0!,#DIV/0!,,,,,,,,
,5501,2026-06-30 00:00:00,LEAR-CHENNAI,,,TN87H1989,14,,57.41,100.03,5742.722299999999,28860,28214,646,11.252395053126634,#DIV/0!,#DIV/0!,#DIV/0!,,,,,,,,
,5502,2026-06-30 00:00:00,LEAR-CHENNAI,,,TN87H2088,24,,80.25,100.03,8027.4075,58439,57862,577,7.190031152647975,#DIV/0!,#DIV/0!,#DIV/0!,,,,,,,,
,5503,2026-06-30 00:00:00,LEAR-CHENNAI,,,TN87H1946,14,,50.26,100.03,5027.507799999999,52588,51904,684,13.609231993633108,#DIV/0!,#DIV/0!,#DIV/0!,,,,,,,,
,5504,2026-06-30 00:00:00,LEAR-CHENNAI,,,TN87H2191,4,,6.47,95.75,619.5024999999999,71794,71520,274,42.349304482225655,#DIV/0!,#DIV/0!,#DIV/0!,,,,,,,,
,5505,2026-06-30 00:00:00,LEAR-CHENNAI,,,TN87H2083,24,,82.5,100.03,8252.475,160642,159962,680,8.242424242424242,#DIV/0!,#DIV/0!,#DIV/0!,,,,,,,,
,5506,2026-06-30 00:00:00,LEAR-CHENNAI,,,TN87H1964,32,,66.15,100.25,6631.5375,44570,44076,494,7.46787603930461,#DIV/0!,#DIV/0!,#DIV/0!,,,,,,,,
,5507,2026-06-30 00:00:00,LEAR-CHENNAI,,,TN87H1905,32,,89.62,100.25,8984.405,80885,80381,504,5.623744699843785,#DIV/0!,#DIV/0!,#DIV/0!,,,,,,,,
,5508,2026-06-30 00:00:00,LEAR-CHENNAI,,,TN87H2151,4,,26.15,108.23,2830.2145,89683,89282,401,15.334608030592735,#DIV/0!,#DIV/0!,#DIV/0!,,,,,,,,
,5509,2026-06-30 00:00:00,TMBSL,JABBAR PUMP ,MAHANETSH AND SHASHANK ,KA25AC0453,55+1,4.5,124,98.63,12230.119999999999,82489,81878,611,4.92741935483871,135.77777777777777,-11.777777777777771,-1161.6422222222216,,,,,,,,
,5510,2026-06-30 00:00:00,TMBSL,JABBAR PUMP ,NINGARAJ BANKAPUR AND HANUMANTH ,KA25AB7987,55+1,4.5,100,98.63,9863,144779,144305,474,4.74,105.33333333333333,-5.333333333333329,-526.0266666666662,,,,,,,,
,5511,2026-06-30 00:00:00,TMBSL,JABBAR PUMP ,BASAVARJ KITTUR AND IRANNA D,KA25AB7986,55+1,4.5,122,98.63,12032.859999999999,123767,123177,590,4.836065573770492,131.11111111111111,-9.111111111111114,-898.6288888888892,,,,,,,,
,5512,2026-06-30 00:00:00,TML,JABBAR PUMP ,SUBASH AND TAMMANNA ,KA25AA1645,49+1,4.25,116,98.63,11441.08,361185,360688,497,4.2844827586206895,116.94117647058823,-0.941176470588232,-92.8282352941173,,,,,,,,
,5513,2026-06-30 00:00:00,TML,JABBAR PUMP ,BASAVARAJ KUNDAGOL,KA25AA1649,49+1,4.25,100,98.63,9863,312740,312495,245,2.45,57.64705882352941,42.35294117647059,4177.270588235294,,,,,,,,
,5514,2026-06-30 00:00:00,TMBSL,JABBAR PUMP ,SHIVARAJ AND NINGARAJ GUTAL,KA25AB7988,55+1,4.5,102,98.63,10060.26,143839,143358,481,4.715686274509804,106.88888888888889,-4.888888888888886,-482.1911111111108,,,,,,,,
,5515,,CITYFLOW MUMBAI,,,203,40,3.7,50,98.04,4902,891,805,86,1.72,23.243243243243242,26.756756756756758,2623.2324324324327,,,,,,,,
,5516,,CITYFLOW MUMBAI,,,582804,27,4,50,98.04,4902,734,650,84,1.68,21,29,2843.1600000000003,,,,,,,,
,5517,,CITYFLOW MUMBAI,,,582804,40,3.7,15,98,1470,731,656,75,5,20.27027027027027,-5.27027027027027,-516.4864864864865,,,,,,,,
,5518,,CITYFLOW MUMBAI,,,579352,40,3.7,50,9804,490200,690,600,90,1.8,24.324324324324323,25.675675675675677,251724.32432432435,,,,,,,,
,,,,,,,,,,,,,,,,,,,,,,,,,,
,,,,,,,,,,,,,,,,,,,,,,,,,,
,,,,,,,,,,,,,,,,,,,,,,,,,,
,,,,,,,,,,,,,,,,,,,,,,,,,,
,,,,,,,,,,,,,,,,,,,,,,,,,,
,,,,,,,,,,,,,,,,,,,,,,,,,,
