,,,,,,,,,,,560,215094,217886,2792,2792,0,180,200,0,580,507.6363636363636,9.643095238095238,72.36363636363635,0,17907.272727272728,7091.636363636362,0,0,0,0,0
Sr.No.,Vehicle No.,Seating Cap.,A/C or Non A/C,FUEL,Make,Ownership,Cost Center,Standard Avg.,Fixed Avg.,Meter Remark,Only June 2026 ,Previous KM,Current Km,Total KM,Running KM,KM Comparision,June 2026 Last filling,May 26 Last filling,Stock Remark May 2026,Net Diesel Utilization of June 2026 including Stcok of MAy 26,Actual Diesel required (Ltr),Avg. Recd.,Excess Diesel in Ltr,Stolen Diesel- (Theft Report),Debitable Amount as per standard milage,Debitable Amount After Milage changed,Diesel Debit Amt Given By Manager,Name of The Driver,Remark,Stock in Ltr,Stock Amt
1,KA25AA1641,49,Non A/C,Diesel,Tata,,TML Dharwad,4,4,,781.24,230249,233878,3629,3629,0,170,130,,741.24,907.25,4.895850196967244,-166.01,,,,,,,,0
2,KA25AA1642,49,Non A/C,Diesel,Tata,,TML Dharwad,4,4,,1083,291040,295659,4619,4619,0,187,172,,1068,1154.75,4.324906367041199,-86.75,,,,,,,,0
3,KA25AA1643,49,Non A/C,Diesel,Tata,,TML Dharwad,4,4,,518,263913,266120,2207,2207,0,172,175,,521,551.75,4.236084452975048,-30.75,,,,,,,,0
4,KA25AA1644,49,Non A/C,Diesel,Tata,,TML Dharwad,4,4,,598,209375,211927,2552,2552,0,115,100,,583,638,4.377358490566038,-55,,,,,,,,0
5,KA25AA1645,49,Non A/C,Diesel,Tata,,TML Dharwad,4,4,,854,357959,361185,3226,3226,0,116,200,,938,806.5,3.4392324093816633,131.5,,12887,12887,,,,,0
6,KA25AA1646,49,Non A/C,Diesel,Tata,,TML Dharwad,4,4,,1331.03,305693,311645,5952,5952,0,194,200,,1337.03,1488,4.451657778808254,-150.97000000000003,,,,,,,,0
7,KA25AA1647,49,Non A/C,Diesel,Tata,,TML Dharwad,4,4,,1426.44,125960,132145,6185,6185,0,202.87,138,,1361.5700000000002,1546.25,4.542550144318691,-184.67999999999984,,,,,,,,0
8,KA25AA1648,49,Non A/C,Diesel,Tata,,TML Dharwad,4,4,,560.09,61607,64100,2493,2493,0,100,170,,630.09,623.25,3.95657763176689,6.840000000000032,,670.3200000000031,670.3200000000031,,,,,0
9,KA25AA1649,49,Non A/C,Diesel,Tata,,TML Dharwad,4,4,,689.65,309675,312740,3065,3065,0,100,100,,689.65,766.25,4.444283332124991,-76.60000000000002,,,,,,,,0
10,KA25AA1650,49,Non A/C,Diesel,Tata,,TML Dharwad,4,4,,1102.45,242814,247686,4872,4872,0,197.45,100,,1005,1218,4.847761194029851,-213,,,,,,,,0
11,KA25AA1651,49,Non A/C,Diesel,Tata,,TML Dharwad,4,4,,607.98,109367,111703,2336,2336,0,205.51,100,,502.47,584,4.649033773160586,-81.52999999999997,,,,,,,,0
12,KA25AA1756,41,Non A/C,Diesel,Tata,,TML Dharwad,5.3,5.3,,363.78,305743,307675,1932,1932,0,111.78,117,,369,364.52830188679246,5.235772357723577,4.4716981132075375,,438.2264150943387,438.2264150943387,,,,,0
13,KA25AA1757,41,Non A/C,Diesel,Tata,,TML Dharwad,5.3,5.3,,206,515770,516697,927,927,0,121,67,,152,174.9056603773585,6.098684210526316,-22.905660377358487,,,,,,,,0
14,KA25AA7672,49,Non A/C,Diesel,Tata,,TML Dharwad,4,4,,410,135135,136793,1658,1658,0,100,100,,410,414.5,4.04390243902439,-4.5,,,,,,,,0
15,KA25AA7674,49,Non A/C,Diesel,Tata,,TML Dharwad,4,4,,671,320804,323294,2490,2490,0,147,100,,624,622.5,3.9903846153846154,1.5,,147,147,,,,,0
16,KA25AB7980,40,Non A/C,Diesel,Tata,,TMML Dharwad,5.5,5.5,,804,116763,121289,4526,4526,0,101,104,,807,822.9090909090909,5.608426270136308,-15.909090909090878,,,,,,,,0
17,KA25AB7981,40,Non A/C,Diesel,Tata,,TMML Dharwad,5.5,5.5,,497,128260,131023,2763,2763,0,101,99,,495,502.3636363636364,5.581818181818182,-7.363636363636374,,,,,,,,0
18,KA25AB7982,54,Non A/C,Diesel,Tata,,TMML Dharwad,4.5,4.5,,543,136665,139189,2524,2524,0,108,113,,548,560.8888888888889,4.605839416058394,-12.888888888888914,,,,,,,,0
19,KA25AB7983,54,Non A/C,Diesel,Tata,,TMML Dharwad,4.5,4.5,,896,132319,136606,4287,4287,0,102,114,,908,952.6666666666666,4.72136563876652,-44.66666666666663,,,,,,,,0
20,KA25AB7984,54,Non A/C,Diesel,Tata,,TMML Dharwad,4.5,4.5,,918,143891,148256,4365,4365,0,112,117,,923,970,4.729144095341279,-47,,,,,,,,0
21,KA25AB7985,54,Non A/C,Diesel,Tata,,TMML Dharwad,4.5,4.5,,848,115729,119767,4038,4038,0,99,108,,857,897.3333333333334,4.711785297549592,-40.33333333333337,,,,,,,,0
22,KA25AB7986,54,Non A/C,Diesel,Tata,,TMML Dharwad,4.5,4.5,,874,119589,123767,4178,4178,0,122,110,,862,928.4444444444445,4.846867749419953,-66.44444444444446,,,,,,,,0
23,KA25AB7987,54,Non A/C,Diesel,Tata,,TMML Dharwad,4.5,4.5,,774,141097,144779,3682,3682,0,100,94,,768,818.2222222222222,4.794270833333333,-50.22222222222217,,,,,,,,0
24,KA25AB7988,54,Non A/C,Diesel,Tata,,TMML Dharwad,4.5,4.5,,1014,139010,143839,4829,4829,0,102,115,,1027,1073.111111111111,4.702044790652385,-46.111111111111086,,,,,,,,0
25,KA25AB7989,40,Non A/C,Diesel,Tata,,TMML Dharwad,5.5,5.5,,818,131935,136658,4723,4723,0,106,98,,810,858.7272727272727,5.830864197530865,-48.72727272727275,,,,,,,,0
26,KA25AC00057,54,Non A/C,Diesel,Tata,,TMML Dharwad,4.5,4.5,,1479,90384,97487,7103,7103,0,121,124.35,,1482.35,1578.4444444444443,4.7917158565790805,-96.09444444444443,,,,,,,,0
27,KA25AC00058,54,Non A/C,Diesel,Tata,,TMML Dharwad,4.5,4.5,,697,105683,109053,3370,3370,0,114,131,,714,748.8888888888889,4.719887955182073,-34.888888888888914,,,,,,,,0
28,KA25AC0452,55,Non A/C,Diesel,Tata,,TMML Dharwad,4.5,4.5,,1105,113760,119135,5375,5375,0,121,134.76,,1118.76,1194.4444444444443,4.804426329150131,-75.68444444444435,,,,,,,,0
29,KA25AC0453,55,Non A/C,Diesel,Tata,,TMML Dharwad,4.5,4.5,,1421.91,75395,82489,7094,7094,0,124,126,,1423.91,1576.4444444444443,4.982056450196993,-152.53444444444426,,,,,,,,0
30,KA25AC3423,24,Non A/C,Diesel,Tata,,TML Dharwad,6.5,6.5,,336.93,11153,13504,2351,2351,0,110.84,113,,339.09000000000003,361.6923076923077,6.9332625556636875,-22.602307692307647,,,,,,,,
31,MH04MH3731,27,A/C,Diesel,Eicher A/C,,City Flo,4,4,,1094.98,47602,51949,4347,4347,0,15,79.8,,1159.78,1086.75,3.748124644329097,73.02999999999997,,7156.939999999997,7156.939999999997,,,,,0
32,MH04MH3732,27,A/C,Diesel,Eicher A/C,,City Flo,4,4,,565,21725,23806,2081,2081,0,20,25,,570,520.25,3.650877192982456,49.75,,4875.5,4875.5,,,,,0
33,MH04MH3734,27,A/C,Diesel,Eicher A/C,,City Flo,4,4,,610,24204,26043,1839,1839,0,80,80,,610,459.75,3.0147540983606556,150.25,,14724.5,14724.5,,,,,0
34,MH04MH3735,27,A/C,Diesel,Eicher A/C,,City Flo,4,4,,350,23246,24706,1460,1460,0,30,80,,400,365,3.65,35,,3430,3430,,,,,0
35,MH04MH3736,27,A/C,Diesel,Eicher A/C,,City Flo,4,4,,499,31403,33226,1823,1823,0,70,25,,454,455.75,4.015418502202643,-1.75,,,,,,,,0
36,MH04MH3740,27,A/C,Diesel,Eicher A/C,,City Flo,4,4,,500,37897,39470,1573,1573,0,120,25,,405,393.25,3.8839506172839506,11.75,,1151.5,1151.5,,,,,0
37,MH04MH3741,27,A/C,Diesel,Eicher A/C,,City Flo,4,4,,417,21254,22712,1458,1458,0,80,80,,417,364.5,3.4964028776978417,52.5,,5145,5145,,,,,0
38,MH04MH3742,27,A/C,Diesel,Eicher A/C,,City Flo,4,4,,1084,34740,39763,5023,5023,0,64,55,,1075,1255.75,4.672558139534884,-180.75,,,,,,,,0
39,MH04MH4081,27,A/C,Diesel,Eicher A/C,,City Flo,4,4,,745,40504,43382,2878,2878,0,55,55,,745,719.5,3.8630872483221474,25.5,,2499,2499,,,,,0
40,MH04MH4719,27,A/C,Diesel,Eicher A/C,,City Flo,4,4,,606.75,37645,39869,2224,2224,0,80,40,,566.75,556,3.9241288045875606,10.75,,1053.5,1053.5,,,,,0
41,MH04MH4720,27,A/C,Diesel,Eicher A/C,,City Flo,4,4,,440,31695,33123,1428,1428,0,110,40,,370,357,3.8594594594594596,13,,1274,1274,,,,,0
42,MH04MH4721,27,A/C,Diesel,Eicher A/C,,City Flo,4,4,,519,32346,34457,2111,2111,0,14,30,,535,527.75,3.9457943925233643,7.25,,710.5,710.5,,,,,0
43,MH04MH4722,27,A/C,Diesel,Eicher A/C,,City Flo,4,4,,580,32926,35102,2176,2176,0,80,40,,540,544,4.029629629629629,-4,,,,,,,,0
44,MH04MH4723,27,A/C,Diesel,Eicher A/C,,City Flo,4,4,,475.29999999999995,26631,28411,1780,1780,0,84.39,92.77,,483.67999999999995,445,3.6801190869996696,38.67999999999995,,3790.639999999995,3790.639999999995,,,,,0
45,MH04MH4724,27,A/C,Diesel,Eicher A/C,,City Flo,4,4,,381.78,30813,32063,1250,1250,0,66.65,30,,345.13,312.5,3.62182366064961,32.629999999999995,,3197.74,3197.74,,,,,0
46,MH04MH4725,27,A/C,Diesel,Eicher A/C,,City Flo,4,4,,295,14044,15271,1227,1227,0,70,79.67,,304.67,306.75,4.027308235139659,-2.079999999999984,,,,,,,,0
47,MH04MH5107,27,A/C,Diesel,Eicher A/C,,City Flo,4,4,,429.7,28571,30190,1619,1619,0,87,79.63,,422.33,404.75,3.8334951341368124,17.579999999999984,,1722.8399999999983,1722.8399999999983,,,,,0
48,MH04MH5108,27,A/C,Diesel,Eicher A/C,,City Flo,4,4,,520,38168,40059,1891,1891,0,65,25,,480,472.75,3.939583333333333,7.25,,710.5,710.5,,,,,0
49,MH04MH5287,27,A/C,Diesel,Eicher A/C,,City Flo,4,4,,981.0799999999999,42174,46083,3909,3909,0,55,20,,946.0799999999999,977.25,4.131785895484526,-31.170000000000073,,,,,,,,0
50,MH04MH5288,27,A/C,Diesel,Eicher A/C,,City Flo,4,4,,581,27334,29494,2160,2160,0,15,30,,596,540,3.6241610738255035,56,,5488,5488,,,,,0
51,MH04MH5289,27,A/C,Diesel,Eicher A/C,,City Flo,4,4,,640.61,27443,30112,2669,2669,0,83.85,89.27,,646.03,667.25,4.131387087286968,-21.220000000000027,,,,,,,,0
52,MH04MH5376,27,A/C,Diesel,Eicher A/C,,City Flo,4,4,,533,16402,18437,2035,2035,0,15,39,,557,508.75,3.6535008976660683,48.25,,4728.5,4728.5,,,,,0
53,MH04MH5570,27,A/C,Diesel,Eicher A/C,,City Flo,4,4,,330,24663,25541,878,878,0,110,10,,230,219.5,3.8173913043478263,10.5,,1029,1029,,,,,0
54,MH04MH5572,27,A/C,Diesel,Eicher A/C,,City Flo,4,4,,505,30598,32212,1614,1614,0,135,35,,405,403.5,3.9851851851851854,1.5,,147,147,,,,,0
55,MH04MH5573,27,A/C,Diesel,Eicher A/C,,City Flo,4,4,,551,31654,33824,2170,2170,0,10,50,,591,542.5,3.6717428087986463,48.5,,4753,4753,,,,,0
56,MH04MH5664,27,A/C,Diesel,Eicher A/C,,City Flo,4,4,,670,38314,41075,2761,2761,0,30,75,,715,690.25,3.8615384615384616,24.75,,2425.5,2425.5,,,,,0
57,MH04MH5667,27,A/C,Diesel,Eicher A/C,,City Flo,4,4,,600,34074,36505,2431,2431,0,10,25,,615,607.75,3.9528455284552844,7.25,,710.5,710.5,,,,,0
58,MH04MH6301,27,A/C,Diesel,Eicher A/C,,City Flo,4,4,,700,24095,26450,2355,2355,0,120,134,,714,588.75,3.2983193277310923,125.25,,12274.5,12274.5,,,,,0
59,MH04MH6304,27,A/C,Diesel,Eicher A/C,,City Flo,4,4,,404.73,22000,23363,1363,1363,0,80,80,,404.73,340.75,3.367677216910039,63.98000000000002,,6270.040000000002,6270.040000000002,,,,,0
60,MH04MH6306,27,A/C,Diesel,Eicher A/C,,City Flo,4,4,,541,30148,32213,2065,2065,0,10,21,,552,516.25,3.7409420289855073,35.75,,3503.5,3503.5,,,,,0
61,MH04MH6307,27,A/C,Diesel,Eicher A/C,,City Flo,4,4,,714,35147,38054,2907,2907,0,20,85,,779,726.75,3.731707317073171,52.25,,5120.5,5120.5,,,,,0
62,MH04MH6308,27,A/C,Diesel,Eicher A/C,,City Flo,4,4,,575,31957,34000,2043,2043,0,80,21,,516,510.75,3.9593023255813953,5.25,,514.5,514.5,,,,,0
63,MH04MH6309,27,A/C,Diesel,Eicher A/C,,City Flo,4,4,,675,30948,33585,2637,2637,0,60,55,,670,659.25,3.935820895522388,10.75,,1053.5,1053.5,,,,,0
64,MH04MH6311,27,A/C,Diesel,Eicher A/C,,City Flo,4,4,,644.4499999999999,28418,30599,2181,2181,0,90.13,35,,589.3199999999999,545.25,3.700875585420485,44.069999999999936,,4318.859999999993,4318.859999999993,,,,,0
65,MH04MH6313,27,A/C,Diesel,Eicher A/C,,City Flo,4,4,,1117,46300,50928,4628,4628,0,40,65,,1142,1157,4.052539404553415,-15,,,,,,,,0
66,MH04MH6315,27,A/C,Diesel,Eicher A/C,,City Flo,4,4,,568.24,28674,30751,2077,2077,0,97.24,40,,511,519.25,4.064579256360078,-8.25,,,,,,,,0
67,MH04MH6316,27,A/C,Diesel,Eicher A/C,,City Flo,4,4,,160,8610,9175,565,565,0,20,30,,170,141.25,3.323529411764706,28.75,,2817.5,2817.5,,,,,0
68,MH04MH6317,27,A/C,Diesel,Eicher A/C,,City Flo,4,4,,654.04,34996,37765,2769,2769,0,10,85,,729.04,692.25,3.798145506419401,36.789999999999964,,3605.4199999999964,3605.4199999999964,,,,,0
69,MH04MH6318,27,A/C,Diesel,Eicher A/C,,City Flo,4,4,,733,33197,36051,2854,2854,0,85,83,,731,713.5,3.9042407660738716,17.5,,1715,1715,,,,,0
70,MH04MH6320,27,A/C,Diesel,Eicher A/C,,City Flo,4,4,,414.36,23685,25281,1596,1596,0,50,30,,394.36,399,4.047063596713662,-4.639999999999986,,,,,,,,0
71,MH04MH6655,27,A/C,Diesel,Eicher A/C,,City Flo,4,4,,660,36065,38776,2711,2711,0,35,70,,695,677.75,3.9007194244604317,17.25,,1690.5,1690.5,,,,,0
72,MH04MR5568,16,A/C,Diesel,Force Urbenia,,City Flo B & V-Thane,10,10,,184.77,7279,8272,993,993,0,65,68.57,,188.34,99.3,5.272379738770309,89.04,,8725.92,8725.92,,,,,
73,MH04MR5569,16,A/C,Diesel,Force Urbenia,,City Flo B & V-Thane,10,10,,212.28000000000003,8995,10396,1401,1401,0,70.92,70,,211.36,140.1,6.628501135503406,71.26000000000002,,6983.480000000002,6983.480000000002,,,,,
74,MH04MR5596,28,A/C,Diesel,Eicher A/C,,City Flo B & V-Thane,4,4,,234.25,10215,11160,945,945,0,91.87,85,,227.38,236.25,4.156038349898848,-8.870000000000005,,,,,,,,
75,MH04MR5597,28,A/C,Diesel,Eicher A/C,,City Flo B & V-Thane,4,4,,396.99,9108,10722,1614,1614,0,78.51,78.82,,397.3,403.5,4.062421344072489,-6.199999999999989,,,,,,,,
76,MH04MR5860,41,A/C,Diesel,Eicher A/C,,City Flo B & V-Thane,3.5,3.5,,565,14810,17203,2393,2393,0,140,130,,555,683.7142857142857,4.311711711711712,-128.71428571428567,,,,,,,,
77,MH04MR5861,41,A/C,Diesel,Eicher A/C,,City Flo B & V-Thane,3.5,3.5,,540,13120,14731,1611,1611,0,40,115,,615,460.2857142857143,2.6195121951219513,154.71428571428572,,15162,15162,,,,,
78,MH04MR5863,41,A/C,Diesel,Eicher A/C,,City Flo B & V-Thane,3.5,3.5,,1039.78,18347,21523,3176,3176,0,100,20,,959.78,907.4285714285714,3.3090916668403176,52.35142857142853,,5130.439999999996,5130.439999999996,,,,,
79,MH04MR5864,41,A/C,Diesel,Eicher A/C,,City Flo B & V-Thane,3.5,3.5,,796.53,15202,17706,2504,2504,0,130,136.72,,803.25,715.4285714285714,3.117335823218176,87.82142857142856,,8606.499999999998,8606.499999999998,,,,,
80,MH04MR5922,41,A/C,Diesel,Eicher A/C,,City Flo B & V-Thane,3.5,3.5,,994.83,18449,21406,2957,2957,0,50,40,,984.8299999999999,844.8571428571429,3.002548663221064,139.97285714285704,,13717.33999999999,13717.33999999999,,,,,
81,MH12KQ0265,44,Non A/C,Diesel,Tata,,TML Pimpri,3.5,3.5,,2001.77,440348,447383,7035,7035,0,140,192,,2053.77,2010,3.4254079083831197,43.76999999999998,,4289.459999999998,4289.459999999998,,,,,0
82,MH12KQ0267,44,Non A/C,Diesel,Tata,,TR Admin,3.5,3.5,,,,,,0,0,,,,0,0,#DIV/0!,0,,,,,,,,0
83,MH12KQ1396,49,Non A/C,Diesel,Tata,,THERMAX,3.5,3.5,,241.15,286360,287210,850,850,0,241.15,237.13,,237.12999999999997,242.85714285714286,3.5845316914772494,-5.727142857142894,,,,,,,,0
84,MH14CW2890,36,Non A/C,Diesel,Tata,,JCB HK,5.5,5.5,,741,464354,468425,4071,4071,0,78,87,,750,740.1818181818181,5.428,9.81818181818187,,962.1818181818232,962.1818181818232,,,,,0
85,MH14CW2893,36,Non A/C,Diesel,Tata,,TML Pimpri,5.5,5.5,,666,371845,375226,3381,3381,0,70,100,,696,614.7272727272727,4.857758620689655,81.27272727272725,,7964.72727272727,7964.72727272727,,,,,0
86,MH14CW2895,36,Non A/C,Diesel,Tata,,TML Pimpri,5.5,5.5,,630,422911,426195,3284,3284,0,100,100,,630,597.0909090909091,5.212698412698413,32.90909090909088,,3225.0909090909063,3225.0909090909063,,,,,0
87,MH14CW2896,36,Non A/C,Diesel,Tata,,TML Pimpri,5.5,5.5,,330,410403,412295,1892,1892,0,30,50,,350,344,5.405714285714286,6,,588,588,,,,,0
88,MH14CW2897,36,Non A/C,Diesel,Tata,,TML Pimpri,5.5,5.5,,662.01,385970,389684,3714,3714,0,107.01,120,,675,675.2727272727273,5.502222222222223,-0.27272727272725206,,,,,,,,0
89,MH14CW2902,36,Non A/C,Diesel,Tata,,TML Pimpri,5.5,5.5,,820.78,393497,397974,4477,4477,0,94.78,116,,842,814,5.317102137767221,28,,2744,2744,,,,,0
90,MH14CW2903,36,Non A/C,Diesel,Tata,,TR Admin,5.5,5.5,,,,,,0,0,,,,0,0,#DIV/0!,0,,,,,,,,0
91,MH14CW2904,36,Non A/C,Diesel,Tata,,K Block,5.5,5.5,,1132.83,396703,402335,5632,5632,0,96,110,,1146.83,1024,4.910928385200945,122.82999999999993,,12037.339999999993,12037.339999999993,,,,,0
92,MH14CW2905,36,Non A/C,Diesel,Tata,,TML Pimpri,5.5,5.5,,1315,552620,558945,6325,6325,0,80,95,,1330,1150,4.7556390977443606,180,,17640,17640,,,,,0
93,MH14CW2906,36,Non A/C,Diesel,Tata,,TML Pimpri,5.5,5.5,,352,379006,380942,1936,1936,0,93,90,,349,352,5.54727793696275,-3,,,,,,,,0
94,MH14CW2908,36,Non A/C,Diesel,Tata,,K Block ,5.5,5.5,,347,351813,353787,1974,1974,0,100,125,,372,358.90909090909093,5.306451612903226,13.090909090909065,,1282.9090909090883,1282.9090909090883,,,,,0
95,MH14CW3071,36,Non A/C,Diesel,Tata,,TML Pimpri,5.5,5.5,,359,87878,89787,1909,1909,0,124,121,,356,347.09090909090907,5.362359550561798,8.909090909090935,,873.0909090909116,873.0909090909116,,,,,0
96,MH14CW3256,36,Non A/C,Diesel,Tata,,K Block,5.5,5.5,,591.04,312462,314765,2303,2303,0,50,50,,591.04,418.72727272727275,3.8965213860314023,172.31272727272722,,16886.647272727267,16886.647272727267,,,,,0
97,MH14CW3260,36,Non A/C,Diesel,Tata,,TML Pimpri,5.5,5.5,,1171.11,432000,437424,5424,5424,0,121.01,104,,1154.1,986.1818181818181,4.699766051468678,167.91818181818178,,16455.981818181815,16455.981818181815,,,,,0
98,MH14CW3266,36,Non A/C,Diesel,Tata,,TML Pimpri,5.5,5.5,,1188,169468,175624,6156,6156,0,117,76,,1147,1119.2727272727273,5.367044463818657,27.727272727272748,,2717.2727272727293,2717.2727272727293,,,,,0
99,MH14CW3580,36,Non A/C,Diesel,Tata,,K Block,5.5,5.5,,660,362909,366324,3415,3415,0,100,119,,679,620.9090909090909,5.029455081001473,58.09090909090912,,5692.909090909094,5692.909090909094,,,,,0
100,MH14CW3581,36,Non A/C,Diesel,Tata,,TML Pimpri,5.5,5.5,,1389.87,81940,88012,6072,6072,0,130.05,123,,1382.82,1104,4.391027031717794,278.81999999999994,,27324.359999999993,27324.359999999993,,,,,0
101,MH14CW3584,36,Non A/C,Diesel,Tata,,TML Pimpri,5.5,5.5,,960,504559,509534,4975,4975,0,120,55,,895,904.5454545454545,5.558659217877095,-9.545454545454504,,,,,,,,0
102,MH14CW3867,35,Non A/C,Diesel,Tata,,K Block,5.5,5.5,,720,99293,102454,3161,3161,0,100,60,,680,574.7272727272727,4.648529411764706,105.27272727272725,,10316.72727272727,10316.72727272727,,,,,0
103,MH14CW4061,36,Non A/C,Diesel,Tata,,TML Pimpri,5.5,5.5,,540,434833,437526,2693,2693,0,140,130,,530,489.6363636363636,5.081132075471698,40.363636363636374,,3955.636363636365,3955.636363636365,,,,,0
104,MH14CW4062,36,Non A/C,Diesel,Tata,,TML Pimpri,5.5,5.5,,338,397629,399425,1796,1796,0,117,120,,341,326.54545454545456,5.266862170087976,14.454545454545439,,1416.5454545454531,1416.5454545454531,,,,,0
105,MH14CW4377,37,Non A/C,Diesel,Tata,,TML Pimpri,5.5,5.5,,440,224047,226411,2364,2364,0,130,120,,430,429.8181818181818,5.497674418604651,0.18181818181818699,,17.818181818182325,17.818181818182325,,,,,0
106,MH14CW4381,37,Non A/C,Diesel,Tata,,K Block,5.5,5.5,,1037.71,134773,140191,5418,5418,0,110,100,,1027.71,985.0909090909091,5.271915229004291,42.619090909090914,,4176.67090909091,4176.67090909091,,,,,0
107,MH14CW4456,41,Non A/C,Diesel,Tata,,Bajaj Waluj,5.5,5.5,,783.1,290916,295325,4409,4409,0,55.1,60,,788,801.6363636363636,5.595177664974619,-13.636363636363626,,,,,,,,0
108,MH14CW4483,47,Non A/C,Diesel,Tata,,Bajaj Waluj,3.5,3.5,,140,63694,64214,520,520,0,75,46,,111,148.57142857142858,4.684684684684685,-37.571428571428584,,,,,,,,0
109,MH14CW4485,47,Non A/C,Diesel,Tata,,TR Admin,3.5,3.5,,615,54401,56688,2287,2287,0,40,,,575,653.4285714285714,3.977391304347826,-78.42857142857144,,,,,,,,0
110,MH14CW4487,47,Non A/C,Diesel,Tata,,TR Admin,3.5,3.5,,,,,,0,0,,,,0,0,#DIV/0!,0,,,,,,,,0
111,MH14CW4490,47,Non A/C,Diesel,Tata,,TR Admin,3.5,3.5,,,,,,0,0,,,,0,0,#DIV/0!,0,,,,,,,,0
112,MH14CW4609,41,Non A/C,Diesel,Tata,,Bajaj Waluj,5.5,5.5,,673,292697,296497,3800,3800,0,58,43,,658,690.9090909090909,5.775075987841945,-32.90909090909088,,,,,,,,0
113,MH14CW4610,41,Non A/C,Diesel,Tata,,TML Pimpri,5.5,5.5,,825,395567,399751,4184,4184,0,130,100,,795,760.7272727272727,5.262893081761006,34.27272727272725,,3358.7272727272707,3358.7272727272707,,,,,0
114,MH14CW4611,41,Non A/C,Diesel,Tata,,TML Pimpri,5.5,5.5,,1091,443546,449127,5581,5581,0,99,113.01,,1105.01,1014.7272727272727,5.050633025945467,90.28272727272724,,8847.70727272727,8847.70727272727,,,,,0
115,MH14CW4612,41,Non A/C,Diesel,Tata,,TML Pimpri,5.5,5.5,,760.27,260154,263125,2971,2971,0,155.27,95,,700,540.1818181818181,4.244285714285715,159.81818181818187,,15662.181818181823,15662.181818181823,,,,,0
116,MH14CW4613,41,Non A/C,Diesel,Tata,,TML Pimpri,5.5,5.5,,472.01,24805,27145,2340,2340,0,93.01,105,,484,425.45454545454544,4.8347107438016526,58.54545454545456,,5737.454545454547,5737.454545454547,,,,,0
117,MH14CW4614,41,Non A/C,Diesel,Tata,,K Block,5.5,5.5,,1270.3700000000001,281576,287725,6149,6149,0,129,84,,1225.3700000000001,1118,5.018076172911039,107.37000000000012,,10522.260000000011,10522.260000000011,,,,,0
118,MH14CW4615,41,Non A/C,Diesel,Tata,,Bajaj Waluj,5.5,5.5,,888,300325,305305,4980,4980,0,61,67,,894,905.4545454545455,5.570469798657718,-11.454545454545496,,,,,,,,0
119,MH14CW4616,41,Non A/C,Diesel,Tata,,Bajaj Waluj,5.5,5.5,,713,293375,297391,4016,4016,0,50,45,,708,730.1818181818181,5.672316384180791,-22.18181818181813,,,,,,,,0
120,MH14CW4802,41,Non A/C,Diesel,Tata,,TML Pimpri,5.5,5.5,,933,480212,486121,5909,5909,0,80,90,,943,1074.3636363636363,6.266171792152704,-131.36363636363626,,,,,,,,0
121,MH14CW4805,41,Non A/C,Diesel,Tata,,Bajaj Waluj,5.5,5.5,,586,291903,295191,3288,3288,0,51,49,,584,597.8181818181819,5.63013698630137,-13.81818181818187,,,,,,,,0
122,MH14CW4806,41,Non A/C,Diesel,Tata,,TML Pimpri,5.5,5.5,,778,404054,407236,3182,3182,0,132,60,,706,578.5454545454545,4.507082152974505,127.4545454545455,,12490.54545454546,12490.54545454546,,,,,0
123,MH14CW4812,41,Non A/C,Diesel,Tata,,TML Pimpri,5.5,5.5,,490,559897,562710,2813,2813,0,90,141,,541,511.45454545454544,5.199630314232902,29.54545454545456,,2895.454545454547,2895.454545454547,,,,,0
124,MH14CW4813,41,Non A/C,Diesel,Tata,,Bajaj Waluj,5.5,5.5,,552,292140,295219,3079,3079,0,48,50,,554,559.8181818181819,5.5577617328519855,-5.81818181818187,,,,,,,,0
125,MH14CW4815,41,Non A/C,Diesel,Tata,,TML Pimpri,5.5,5.5,,1133,500757,506625,5868,5868,0,133,131,,1131,1066.909090909091,5.188328912466844,64.09090909090901,,6280.909090909083,6280.909090909083,,,,,0
126,MH14CW4816,41,Non A/C,Diesel,Tata,,Bajaj Waluj,5.5,5.5,,790,301249,305736,4487,4487,0,58,51,,783,815.8181818181819,5.7305236270753515,-32.81818181818187,,,,,,,,0
127,MH14CW4820,41,Non A/C,Diesel,Tata,,Bajaj Waluj,5.5,5.5,,491,268369,271127,2758,2758,0,50,51,,492,501.45454545454544,5.605691056910569,-9.454545454545439,,,,,,,,0
128,MH14CW4821,41,Non A/C,Diesel,Tata,,Bajaj Waluj,5.5,5.5,,554,288521,291818,3297,3297,0,62,70,,562,599.4545454545455,5.866548042704626,-37.454545454545496,,,,,,,,0
129,MH14CW4822,41,Non A/C,Diesel,Tata,,TML Pimpri,5.5,5.5,,1038,480879,486012,5133,5133,0,143,132,,1027,933.2727272727273,4.998052580331061,93.72727272727275,,9185.27272727273,9185.27272727273,,,,,0
130,MH14CW4823,41,Non A/C,Diesel,Tata,,TML Pimpri,5.5,5.5,,1195.01,557026,563105,6079,6079,0,146.01,141,,1190,1105.2727272727273,5.108403361344537,84.72727272727275,,8303.27272727273,8303.27272727273,,,,,0
131,MH14CW4824,41,Non A/C,Diesel,Tata,,Bajaj Waluj,5.5,5.5,,733,298708,302943,4235,4235,0,50,70,,753,770,5.624169986719788,-17,,,,,,,,0
132,MH14CW4852,39,Non A/C,Diesel,Tata,,TML Pimpri,5.5,5.5,,746,87033,90554,3521,3521,0,80,45,,711,640.1818181818181,4.952180028129395,70.81818181818187,,6940.1818181818235,6940.1818181818235,,,,,0
133,MH14DM8003,6,Non A/C,Diesel,Mahindra,,TR Admin,10,10,,279.35999999999996,292112,294524,2412,2412,0,27.96,33,,284.4,241.2,8.481012658227849,43.19999999999999,,4233.5999999999985,4233.5999999999985,,,,,0
134,MH14GD4456,49,Non A/C,Diesel,Tata,Vendor,K Block,4,4,,2241.28,356020,362799,6779,6779,0,178.78,,,2062.5,1694.75,3.286787878787879,367.75,,36039.5,36039.5,,,,,0
135,MH14GD4457,49,Non A/C,Diesel,Tata,Vendor,K Block,4,4,,2151.56,326233,334172,7939,7939,0,181.38,220,,2190.18,1984.75,3.6248162251504445,205.42999999999984,,20132.139999999985,20132.139999999985,,,,,0
136,MH14GD4458,49,Non A/C,Diesel,Tata,Vendor,K Block,4,4,,1164.6399999999999,451584,455584,4000,4000,0,130,170,,1204.6399999999999,1000,3.320494089520521,204.63999999999987,,20054.719999999987,20054.719999999987,,,,,0
137,MH14GD4460,49,Non A/C,Diesel,Tata,Vendor,K Block,4,4,,1326.74,469857,474868,5011,5011,0,145,130,,1311.74,1252.75,3.8201167914373273,58.99000000000001,,5781.02,5781.02,,,,,0
138,MH14GD9102,36,Non A/C,Diesel,Eicher,,KWT,5.5,5.5,,550,291380,294365,2985,2985,0,50,50,,550,542.7272727272727,5.427272727272728,7.272727272727252,,712.7272727272707,712.7272727272707,,,,,0
139,MH14GD9106,36,Non A/C,Diesel,Eicher,,BAL Chakan,5.5,5.5,,466.92,437895,440198,2303,2303,0,20,50,,496.9200000000001,418.72727272727275,4.6345488207357315,78.19272727272732,,7662.887272727277,7662.887272727277,,,,,0
140,MH14GD9109,36,Non A/C,Diesel,Eicher,,BAL Chakan,5.5,5.5,,435,307883,309932,2049,2049,0,30,30,,435,372.54545454545456,4.710344827586207,62.45454545454544,,6120.545454545453,6120.545454545453,,,,,0
141,MH14GD9116,36,Non A/C,Diesel,Eicher,,TR Admin,5.5,5.5,,269.21,0,1480.655,1480.66,1480.655,-0.005000000000109139,36,,,233.20999999999998,269.2109090909091,6.34904163629347,-36.00090909090915,,,,,,,,0
142,MH14GD9122,36,Non A/C,Diesel,Eicher,,BAL Chakan,5.5,5.5,,372.36,520023,522094,2071,2071,0,60,50,,362.36,376.54545454545456,5.715310740699857,-14.185454545454547,,,,,,,,0
143,MH14GD9124,36,Non A/C,Diesel,Eicher,,KWT,5.5,5.5,,400,324747,326827,2080,2080,0,50,50,,400,378.1818181818182,5.2,21.818181818181813,,2138.1818181818176,2138.1818181818176,,,,,0
144,MH14GD9126,36,Non A/C,Diesel,Eicher,,BAL Chakan,5.5,5.5,,175,452685,453765,1080,1080,0,35,50,,190,196.36363636363637,5.684210526315789,-6.363636363636374,,,,,,,,0
145,MH14GD9129,36,Non A/C,Diesel,Eicher,,VW Chakan,5.5,5.5,,30,302828,303124,296,296,0,30,50,,50,53.81818181818182,5.92,-3.81818181818182,,,,,,,,0
146,MH14GU6172,6,Non A/C,Diesel,Mahindra,,TR Admin,11,11,,40.73,308935,309443,508,508,0,40.73,42,,41.99999999999999,46.18181818181818,12.095238095238097,-4.181818181818187,,,,,,,,0
147,MH14HG2520,42,Non A/C,Diesel,Ashok LL,,BAL Chakan,5.5,5.5,,636,211878,214856,2978,2978,0,40,50,,646,541.4545454545455,4.609907120743034,104.5454545454545,,10245.45454545454,10245.45454545454,,,,,0
148,MH14HG3112,40,A/C,Diesel,Bharatbenz,Mercedez,Mercedez,4,4,,1194,272332,276572,4240,4240,0,80,133,,1247,1060,3.4001603849238173,187,,18326,18326,,,,,
149,MH14HG3113,40,A/C,Diesel,Bharatbenz,Mercedez,Mercedez,4,4,,240,284147,284781,634,634,0,100,20,50,210,158.5,3.019047619047619,51.5,,5047,5047,,,,,
150,MH14HG3114,40,A/C,Diesel,Bharatbenz,Mercedez,Mercedez,4,4,,475,232839,234213,1374,1374,0,80,70,,465,343.5,2.9548387096774196,121.5,,11907,11907,,,,,
151,MH14HG3115,40,A/C,Diesel,Bharatbenz,Mercedez,Mercedez,4,4,,837,265548,268214,2666,2666,0,122,80,,795,666.5,3.3534591194968555,128.5,,12593,12593,,,,,
152,MH14HG3116,40,A/C,Diesel,Bharatbenz,Mercedez,Mercedez,4,4,,840,285129,287965,2836,2836,0,100,60,,800,709,3.545,91,,8918,8918,,,,,
153,MH14HG3117,40,A/C,Diesel,Bharatbenz,Mercedez,Mercedez,4,4,,600,242586,244125,1539,1539,0,90,100,,610,384.75,2.5229508196721313,225.25,,22074.5,22074.5,,,,,
154,MH14HG3118,40,A/C,Diesel,Bharatbenz,Mercedez,Mercedez,4,4,,,,,,0,0,,50,,50,0,0,50,,4900,4900,,,,,
155,MH14HG3119,40,A/C,Diesel,Bharatbenz,Mercedez,Mercedez,4,4,,812,239557,241654,2097,2097,0,90,100,,822,524.25,2.551094890510949,297.75,,29179.5,29179.5,,,,,
156,MH14HG5136,36,Non A/C,Diesel,Eicher,,JCB Talegaon,5.5,5.5,,,,,,0,0,,64,,64,0,0,64,,6272,6272,,,,,0
157,MH14HG5612,28,Non A/C,Diesel,Tata,,K Block,5.5,5.5,,1240.81,411985,416975,4990,4990,0,100,30,,1170.81,907.2727272727273,4.262006644972284,263.5372727272727,,25826.652727272725,25826.652727272725,,,,,0
158,MH14HG5613,28,Non A/C,Diesel,Tata,,Bajaj Waluj,5.5,5.5,,675,72091,75908,3817,3817,0,50,60,,685,694,5.572262773722628,-9,,,,,,,,0
159,MH14HG5614,28,Non A/C,Diesel,Tata,,K Block,5.5,5.5,,1679.65,377226,384965,7739,7739,0,115,50,,1614.65,1407.090909090909,4.792989192704301,207.55909090909108,,20340.790909090927,20340.790909090927,,,,,0
160,MH14HG5615,28,Non A/C,Diesel,Tata,,K Block,5.5,5.5,,1059.96,308988,313954,4966,4966,0,98,80,,1041.96,902.9090909090909,4.766017889362355,139.05090909090916,,13626.989090909097,13626.989090909097,,,,,0
161,MH14HG5617,28,Non A/C,Diesel,Tata,,K Block,5.5,5.5,,1230.01,405423,411740,6317,6317,0,90,40,,1180.01,1148.5454545454545,5.353344463182515,31.464545454545487,,3083.5254545454577,3083.5254545454577,,,,,0
162,MH14HG6857,17,Non A/C,Diesel,Force,,KWT,9,9,,263.31,352393,354563,2170,2170,0,50,49.81,,263.12,241.11111111111111,8.247187595013681,22.00888888888889,,2156.871111111111,2156.871111111111,,,,,0
163,MH14HG9379,33,Non A/C,Diesel,Tata,,K Block,6,6,,462.14,46035,47987,1952,1952,0,70.01,92,,484.13,325.3333333333333,4.031974882779418,158.79666666666668,,15562.073333333336,15562.073333333336,,,,,0
164,MH14HG9380,33,Non A/C,Diesel,Tata,,K Block,6,6,,1165,288405,293554,5149,5149,0,100,100,,1165,858.1666666666666,4.419742489270386,306.83333333333337,,30069.66666666667,30069.66666666667,,,,,0
165,MH14HU0836,28,Non A/C,Diesel,Tata,,Bajaj Waluj,5.5,5.5,,314,318250,320072,1822,1822,0,36,45,,323,331.27272727272725,5.640866873065016,-8.272727272727252,,,,,,,,0
166,MH14HU0837,28,Non A/C,Diesel,Tata,,K Block,5.5,5.5,,938.9,347511,352654,5143,5143,0,100,100,,938.9000000000001,935.0909090909091,5.477686654595803,3.809090909090969,,373.29090909091497,373.29090909091497,,,,,0
167,MH14HU3978,40,A/C,Diesel,Bharatbenz,Mercedez,Mercedez,4,4,,875,193952,196536,2584,2584,0,90,75,,860,646,3.0046511627906978,214,,20972,20972,,,,,
168,MH14HU3979,40,A/C,Diesel,Bharatbenz,Mercedez,Mercedez,4,4,,693,204741,206825,2084,2084,0,80,70,,683,521,3.0512445095168377,162,,15876,15876,,,,,
169,MH14HU3980,40,A/C,Diesel,Bharatbenz,Mercedez,Mercedez,4,4,,682,233367,235927,2560,2560,0,80,90,,692,640,3.699421965317919,52,,5096,5096,,,,,
170,MH14HU3981,40,A/C,Diesel,Bharatbenz,Mercedez,Mercedez,4,4,,665,255389,257725,2336,2336,0,100,60,,625,584,3.7376,41,,4018,4018,,,,,
171,MH14HU3982,40,A/C,Diesel,Bharatbenz,Mercedez,Mercedez,4,4,,689,233546,235924,2378,2378,0,100,80,,669,594.5,3.554559043348281,74.5,,7301,7301,,,,,
172,MH14HU3983,40,A/C,Diesel,Bharatbenz,Mercedez,Mercedez,4,4,,953.5,186002,189102,3100,3100,0,100,80,,933.5,775,3.320835565077665,158.5,,15533,15533,,,,,
173,MH14HU3984,40,A/C,Diesel,Bharatbenz,Mercedez,Mercedez,4,4,,640,226421,228724,2303,2303,0,70,134,,704,575.75,3.2713068181818183,128.25,,12568.5,12568.5,,,,,
174,MH14HU3985,40,A/C,Diesel,Bharatbenz,Mercedez,Mercedez,4,4,,1054,186473,189324,2851,2851,0,100,70,,1024,712.75,2.7841796875,311.25,,30502.5,30502.5,,,,,
175,MH14KA1499,40,Non A/C,Diesel,Bharatbenz,Vendor,VW Chakan,5.5,5.5,,1078,233987,239461,5474,5474,0,110,100,,1068,995.2727272727273,5.1254681647940075,72.72727272727275,,7127.27272727273,7127.27272727273,,,,,0
176,MH14KA1737,40,Non A/C,Diesel,Bharatbenz,,VW Chakan,5.5,5.5,,860,161740,165869,4129,4129,0,40,120,,940,750.7272727272727,4.392553191489362,189.27272727272725,,18548.727272727272,18548.727272727272,,,,,0
177,MH14KA1738,40,Non A/C,Diesel,Bharatbenz,,VW Chakan,5.5,5.5,,340,153448,154765,1317,1317,0,80,35,,295,239.45454545454547,4.464406779661017,55.54545454545453,,5443.454545454544,5443.454545454544,,,,,0
178,MH14KA1739,40,Non A/C,Diesel,Bharatbenz,,VW Chakan,5.5,5.5,,710,161338,164897,3559,3559,0,80,100,,730,647.0909090909091,4.875342465753425,82.90909090909088,,8125.090909090906,8125.090909090906,,,,,0
179,MH14KA1740,40,Non A/C,Diesel,Bharatbenz,,VW Chakan,5.5,5.5,,770,177271,181212,3941,3941,0,50,50,,770,716.5454545454545,5.118181818181818,53.454545454545496,,5238.545454545459,5238.545454545459,,,,,0
180,MH14KA1741,40,Non A/C,Diesel,Bharatbenz,,VW Chakan,5.5,5.5,,543,135813,138915,3102,3102,0,50,30,,523,564,5.9311663479923515,-41,,,,,,,,0
181,MH14KA1742,40,Non A/C,Diesel,Bharatbenz,,VW Chakan,5.5,5.5,,740.24,154345,157879,3534,3534,0,60,135,,815.24,642.5454545454545,4.334919778224817,172.6945454545455,,16924.06545454546,16924.06545454546,,,,,0
182,MH14KA1743,40,Non A/C,Diesel,Bharatbenz,,VW Chakan,5.5,5.5,,436,94239,95964,1725,1725,0,100,100,,436,313.6363636363636,3.956422018348624,122.36363636363637,,11991.636363636364,11991.636363636364,,,,,0
183,MH14KA1744,40,Non A/C,Diesel,Bharatbenz,,VW Chakan,5.5,5.5,,875,164875,168610,3735,3735,0,35,70,,910,679.0909090909091,4.104395604395604,230.90909090909088,,22629.090909090904,22629.090909090904,,,,,0
184,MH14KA1745,40,Non A/C,Diesel,Bharatbenz,,VW Chakan,5.5,5.5,,320,97300,98679,1379,1379,0,120,100,0,300,250.72727272727272,4.596666666666667,49.27272727272728,,9835.636363636364,4828.727272727274,,,,,0
185,MH14KA1763,40,Non A/C,Diesel,Bharatbenz,,VW Chakan,5.5,5.5,,635,124566,127594,3028,3028,0,50,60,,645,550.5454545454545,4.694573643410853,94.4545454545455,,9256.54545454546,9256.54545454546,,,,,0
186,MH14KA1764,40,Non A/C,Diesel,Bharatbenz,,VW Chakan,5.5,5.5,,451,146887,148724,1837,1837,0,50,50,,451,334,4.073170731707317,117,,11466,11466,,,,,0
187,MH14KA1765,40,Non A/C,Diesel,Bharatbenz,,VW Chakan,5.5,5.5,,790,157009,160894,3885,3885,0,60,115,,845,706.3636363636364,4.597633136094674,138.63636363636363,,13586.363636363636,13586.363636363636,,,,,0
188,MH14KA1878,40,Non A/C,Diesel,Bharatbenz,,Skoda Sambhajinagar,5.5,5.5,,223,57287,58592,1305,1305,0,30,50,,243,237.27272727272728,5.37037037037037,5.7272727272727195,,561.2727272727266,561.2727272727266,,,,,0
189,MH14KA1879,40,Non A/C,Diesel,Bharatbenz,Vendor,VW Chakan,5.5,5.5,,765,194778,198418,3640,3640,0,50,50,,765,661.8181818181819,4.758169934640523,103.18181818181813,,10111.818181818177,10111.818181818177,,,,,0
190,MH14KA1880,40,Non A/C,Diesel,Bharatbenz,,VW Chakan,5.5,5.5,,1495.05,216908,225893,8985,8985,0,99,56,,1452.05,1633.6363636363637,6.187803450294411,-181.58636363636379,,,,,,,,0
191,MH14KA1882,40,Non A/C,Diesel,Bharatbenz,,VW Chakan,5.5,5.5,,915,163720,167976,4256,4256,0,60,60,,915,773.8181818181819,4.651366120218579,141.18181818181813,,13835.818181818177,13835.818181818177,,,,,0
192,MH14KA1883,40,Non A/C,Diesel,Bharatbenz,,VW Chakan,5.5,5.5,,1015,196780,200976,4196,4196,0,40,40,,1015,762.9090909090909,4.133990147783251,252.09090909090912,,24704.909090909096,24704.909090909096,,,,,0
193,MH14KA1886,40,Non A/C,Diesel,Bharatbenz,,VW Chakan,5.5,5.5,,690,197077,200299,3222,3222,0,35,80,,735,585.8181818181819,4.383673469387755,149.18181818181813,,14619.818181818177,14619.818181818177,,,,,0
194,MH14KA1887,40,Non A/C,Diesel,Bharatbenz,,Skoda Sambhajinagar,5.5,5.5,,168.59,62014,63450,1436,1436,0,30,80,,218.59,261.09090909090907,6.569376458209433,-42.50090909090906,,,,,,,,0
195,MH14KA1888,40,Non A/C,Diesel,Bharatbenz,,VW Chakan,5.5,5.5,,615,169881,172339,2458,2458,0,50,40,,605,446.90909090909093,4.062809917355372,158.09090909090907,,15492.909090909088,15492.909090909088,,,,,0
196,MH14KA1889,40,Non A/C,Diesel,Bharatbenz,,Skoda Sambhajinagar,5.5,5.5,,236,63779,65444,1665,1665,0,40,50,,246,302.72727272727275,6.7682926829268295,-56.72727272727275,,,,,,,,0
197,MH14KA1890,40,Non A/C,Diesel,Bharatbenz,,VW Chakan,5.5,5.5,,730,120317,122997,2680,2680,0,60,50,,720,487.27272727272725,3.7222222222222223,232.72727272727275,,22807.272727272728,22807.272727272728,,,,,0
198,MH14KA1891,40,Non A/C,Diesel,Bharatbenz,,Skoda Sambhajinagar,5.5,5.5,,282.64,61296,63035,1739,1739,0,20,30,,292.64,316.1818181818182,5.9424548933843635,-23.5418181818182,,,,,,,,0
199,MH14KA1892,40,Non A/C,Diesel,Bharatbenz,,Skoda Sambhajinagar,5.5,5.5,,224,61591,62602,1011,1011,0,40,10,,194,183.8181818181818,5.211340206185567,10.181818181818187,,997.8181818181823,997.8181818181823,,,,,0
200,MH14KA1893,40,Non A/C,Diesel,Bharatbenz,,VW Chakan,5.5,5.5,,870,165898,169728,3830,3830,0,60,50,,860,696.3636363636364,4.453488372093023,163.63636363636363,,16036.363636363636,16036.363636363636,,,,,0
201,MH14KA1894,40,Non A/C,Diesel,Bharatbenz,,VW Chakan,5.5,5.5,,1770,130649,138211,7562,7562,0,80,40,,1730,1374.909090909091,4.371098265895954,355.090909090909,,34798.90909090908,34798.90909090908,,,,,0
202,MH14KA1895,40,Non A/C,Diesel,Bharatbenz,,VW Chakan,5.5,5.5,,620,173853,176696,2843,2843,0,40,60,,640,516.9090909090909,4.4421875,123.09090909090912,,12062.909090909094,12062.909090909094,,,,,0
203,MH14KA1897,40,Non A/C,Diesel,Bharatbenz,,VW Chakan,5.5,5.5,,665,214493,217554,3061,3061,0,35,70,,700,556.5454545454545,4.372857142857143,143.4545454545455,,14058.54545454546,14058.54545454546,,,,,0
204,MH14KA1898,40,Non A/C,Diesel,Bharatbenz,,VW Chakan,5.5,5.5,,919,167005,170264,3259,3259,0,134,50,,835,592.5454545454545,3.902994011976048,242.4545454545455,,23760.54545454546,23760.54545454546,,,,,0
205,MH14KA1901,40,Non A/C,Diesel,Bharatbenz,,VW Chakan,5.5,5.5,,827,188488,192663,4175,4175,0,80,90,,837,759.0909090909091,4.98805256869773,77.90909090909088,,7635.090909090906,7635.090909090906,,,,,0
206,MH14KA1902,40,Non A/C,Diesel,Bharatbenz,,VW Chakan,5.5,5.5,,615,167755,170841,3086,3086,0,85,100,,630,561.0909090909091,4.898412698412699,68.90909090909088,,6753.090909090906,6753.090909090906,,,,,0
207,MH14KA1903,40,Non A/C,Diesel,Bharatbenz,Vendor,VW Chakan,5.5,5.5,,420,148718,151147,2429,2429,0,60,90,,450,441.6363636363636,5.397777777777778,8.363636363636374,,819.6363636363646,819.6363636363646,,,,,0
208,MH14KA1904,40,Non A/C,Diesel,Bharatbenz,,VW Chakan,5.5,5.5,,810,149297,153013,3716,3716,0,100,100,,810,675.6363636363636,4.587654320987654,134.36363636363637,,13167.636363636364,13167.636363636364,,,,,0
209,MH14KA1905,40,Non A/C,Diesel,Bharatbenz,,VW Chakan,5.5,5.5,,815,210644,214713,4069,4069,0,35,80,,860,739.8181818181819,4.731395348837209,120.18181818181813,,11777.818181818177,11777.818181818177,,,,,0
210,MH14KA1906,40,Non A/C,Diesel,Bharatbenz,Vendor,VW Chakan,5.5,5.5,,690,166761,170835,4074,4074,0,50,60,,700,740.7272727272727,5.82,-40.72727272727275,,,,,,,,0
211,MH14KA1907,40,Non A/C,Diesel,Bharatbenz,,VW Chakan,5.5,5.5,,735,201187,204759,3572,3572,0,45,60,,750,649.4545454545455,4.762666666666667,100.5454545454545,,9853.45454545454,9853.45454545454,,,,,0
212,MH14KA1909,40,Non A/C,Diesel,Bharatbenz,,VW Chakan,5.5,5.5,,825,153186,157046,3860,3860,0,70,50,,805,701.8181818181819,4.795031055900621,103.18181818181813,,10111.818181818177,10111.818181818177,,,,,0
213,MH14KA1910,40,Non A/C,Diesel,Bharatbenz,,VW Chakan,5.5,5.5,,931,154496,158653,4157,4157,0,70,80,,941,755.8181818181819,4.417640807651435,185.18181818181813,,18147.818181818177,18147.818181818177,,,,,0
214,MH14KA1912,40,Non A/C,Diesel,Bharatbenz,,VW Chakan,5.5,5.5,,1404,220862,227120,6258,6258,0,40,50,,1414,1137.8181818181818,4.425742574257426,276.18181818181824,,27065.818181818187,27065.818181818187,,,,,0
215,MH14KA1913,40,Non A/C,Diesel,Bharatbenz,Vendor,VW Chakan,5.5,5.5,,1242.12,294533,302482,7949,7949,0,84,49,,1207.12,1445.2727272727273,6.585095102392472,-238.15272727272736,,,,,,,,0
216,MH14KA1914,40,Non A/C,Diesel,Bharatbenz,,VW Chakan,5.5,5.5,,485,126448,128503,2055,2055,0,35,64,,514,373.6363636363636,3.998054474708171,140.36363636363637,,13755.636363636364,13755.636363636364,,,,,0
217,MH14KA1915,40,Non A/C,Diesel,Bharatbenz,Vendor,VW Chakan,5.5,5.5,,1021,257885,262513,4628,4628,0,60,50,,1011,841.4545454545455,4.577645895153314,169.5454545454545,,16615.45454545454,16615.45454545454,,,,,0
218,MH14KA1916,40,Non A/C,Diesel,Bharatbenz,,VW Chakan,5.5,5.5,,649,136331,138791,2460,2460,0,35,40,,654,447.27272727272725,3.761467889908257,206.72727272727275,,20259.272727272728,20259.272727272728,,,,,0
219,MH14KA2463,40,Non A/C,Diesel,Bharatbenz,,VW Chakan,5.5,5.5,,935,136266,140320,4054,4054,0,50,60,,945,737.0909090909091,4.2899470899470895,207.90909090909088,,20375.090909090904,20375.090909090904,,,,,0
220,MH14KA2464,40,Non A/C,Diesel,Bharatbenz,,VW Chakan,5.5,5.5,,895,143550,147192,3642,3642,0,55,40,,880,662.1818181818181,4.138636363636364,217.81818181818187,,21346.181818181823,21346.181818181823,,,,,0
221,MH14KA2465,40,Non A/C,Diesel,Bharatbenz,Vendor,VW Chakan,5.5,5.5,,803.8,249268,253962,4694,4694,0,98,90,,795.8,853.4545454545455,5.898466951495351,-57.65454545454554,,,,,,,,0
222,MH14KA2467,40,Non A/C,Diesel,Bharatbenz,,VW Chakan,5.5,5.5,,855,149433,153252,3819,3819,0,80,50,,825,694.3636363636364,4.629090909090909,130.63636363636363,,12802.363636363636,12802.363636363636,,,,,0
223,MH14KA2469,40,Non A/C,Diesel,Bharatbenz,,VW Chakan,5.5,5.5,,690,139901,142933,3032,3032,0,50,60,,700,551.2727272727273,4.331428571428572,148.72727272727275,,14575.27272727273,14575.27272727273,,,,,0
224,MH14KA2554,40,Non A/C,Diesel,Bharatbenz,,VW Chakan,5.5,5.5,,1156,174641,179872,5231,5231,0,60,90,,1186,951.0909090909091,4.4106239460370995,234.90909090909088,,23021.090909090904,23021.090909090904,,,,,0
225,MH14KA2556,40,Non A/C,Diesel,Bharatbenz,,VW Chakan,5.5,5.5,,770,162420,166134,3714,3714,0,50,40,,760,675.2727272727273,4.886842105263158,84.72727272727275,,8303.27272727273,8303.27272727273,,,,,0
226,MH14KA2557,40,Non A/C,Diesel,Bharatbenz,,VW Chakan,5.5,5.5,,1881,208770,217105,8335,8335,0,80,50,,1851,1515.4545454545455,4.502971366828741,335.5454545454545,,32883.454545454544,32883.454545454544,,,,,0
227,MH14KA2558,40,Non A/C,Diesel,Bharatbenz,,VW Chakan,5.5,5.5,,1513,216848,224031,7183,7183,0,80,130,,1563,1306,4.595649392194498,257,,25186,25186,,,,,0
228,MH14KA2559,40,Non A/C,Diesel,Bharatbenz,,VW Chakan,5.5,5.5,,465,147503,149936,2433,2433,0,70,80,,475,442.3636363636364,5.122105263157895,32.636363636363626,,3198.363636363635,3198.363636363635,,,,,0
229,MH14KA2560,40,Non A/C,Diesel,Bharatbenz,,VW Chakan,5.5,5.5,,1020,178655,182978,4323,4323,0,60,30,,990,786,4.366666666666666,204,,19992,19992,,,,,0
230,MH14KA2561,40,Non A/C,Diesel,Bharatbenz,,VW Chakan,5.5,5.5,,555,237058,239329,2271,2271,0,60,40,,535,412.90909090909093,4.244859813084112,122.09090909090907,,11964.909090909088,11964.909090909088,,,,,0
231,MH14KA2562,40,Non A/C,Diesel,Bharatbenz,,VW Chakan,5.5,5.5,,502,146591,149071,2480,2480,0,40,60,,522,450.90909090909093,4.75095785440613,71.09090909090907,,6966.909090909088,6966.909090909088,,,,,0
232,MH14KA2563,40,Non A/C,Diesel,Bharatbenz,,VW Chakan,5.5,5.5,,1477,135496,141687,6191,6191,0,80,40,,1437,1125.6363636363637,4.308281141266527,311.36363636363626,,30513.636363636353,30513.636363636353,,,,,0
233,MH14KA2569,40,Non A/C,Diesel,Bharatbenz,,VW Chakan,5.5,5.5,,755,167232,170632,3400,3400,0,75,70,,750,618.1818181818181,4.533333333333333,131.81818181818187,,12918.181818181823,12918.181818181823,,,,,0
234,MH14KA2570,40,Non A/C,Diesel,Bharatbenz,,VW Chakan,5.5,5.5,,390,178284,180322,2038,2038,0,45,60,,405,370.54545454545456,5.0320987654320986,34.45454545454544,,3376.545454545453,3376.545454545453,,,,,0
235,MH14KA2591,40,Non A/C,Diesel,Bharatbenz,,VW Chakan,5.5,5.5,,780,138028,141139,3111,3111,0,50,40,,770,565.6363636363636,4.04025974025974,204.36363636363637,,20027.636363636364,20027.636363636364,,,,,0
236,MH14KA2602,40,Non A/C,Diesel,Bharatbenz,,VW Chakan,5.5,5.5,,820,165430,169125,3695,3695,0,70,80,,830,671.8181818181819,4.451807228915663,158.18181818181813,,15501.818181818177,15501.818181818177,,,,,0
237,MH14KA2731,40,Non A/C,Diesel,Bharatbenz,,VW Chakan,5.5,5.5,,857,173744,177921,4177,4177,0,100,100,,857,759.4545454545455,4.8739789964994165,97.5454545454545,,9559.45454545454,9559.45454545454,,,,,0
238,MH14KA2806,40,Non A/C,Diesel,Bharatbenz,,VW Chakan,5.5,5.5,,405,121208,122706,1498,1498,0,90,60,,375,272.3636363636364,3.994666666666667,102.63636363636363,,10058.363636363636,10058.363636363636,,,,,0
239,MH14KA2807,40,Non A/C,Diesel,Bharatbenz,,VW Chakan,5.5,5.5,,810,177177,181188,4011,4011,0,70,70,,810,729.2727272727273,4.951851851851852,80.72727272727275,,7911.27272727273,7911.27272727273,,,,,0
240,MH14KA2808,40,Non A/C,Diesel,Bharatbenz,,VW Chakan,5.5,5.5,,875,125730,129434,3704,3704,0,90,51,,836,673.4545454545455,4.430622009569378,162.5454545454545,,15929.45454545454,15929.45454545454,,,,,0
241,MH14KA2809,40,Non A/C,Diesel,Bharatbenz,,VW Chakan,5.5,5.5,,740,149006,152765,3759,3759,0,50,80,,770,683.4545454545455,4.881818181818182,86.5454545454545,,8481.45454545454,8481.45454545454,,,,,0
242,MH14KA2810,40,Non A/C,Diesel,Bharatbenz,,VW Chakan,5.5,5.5,,620,167758,170617,2859,2859,0,50,50,,620,519.8181818181819,4.611290322580645,100.18181818181813,,9817.818181818177,9817.818181818177,,,,,0
243,MH14KA2811,40,Non A/C,Diesel,Bharatbenz,,VW Chakan,5.5,5.5,,690,187813,190965,3152,3152,0,30,50,,710,573.0909090909091,4.43943661971831,136.90909090909088,,13417.090909090906,13417.090909090906,,,,,0
244,MH14KA2812,40,Non A/C,Diesel,Bharatbenz,,VW Chakan,5.5,5.5,,640,128318,130948,2630,2630,0,80,30,,590,478.1818181818182,4.4576271186440675,111.81818181818181,,10958.181818181818,10958.181818181818,,,,,0
245,MH14KA2813,40,Non A/C,Diesel,Bharatbenz,,VW Chakan,5.5,5.5,,240,117794,119207,1413,1413,0,60,100,,280,256.90909090909093,5.046428571428572,23.090909090909065,,8071.636363636365,2262.9090909090883,,,,,0
246,MH14KA2814,40,Non A/C,Diesel,Bharatbenz,,VW Chakan,5.5,5.5,,705,157501,160604,3103,3103,0,50,80,,735,564.1818181818181,4.221768707482993,170.81818181818187,,16740.181818181823,16740.181818181823,,,,,0
247,MH14KA2815,40,Non A/C,Diesel,Bharatbenz,,VW Chakan,5.5,5.5,,695,193468,196662,3194,3194,0,35,40,,700,580.7272727272727,4.562857142857143,119.27272727272725,,11688.72727272727,11688.72727272727,,,,,0
248,MH14KA2816,40,Non A/C,Diesel,Bharatbenz,,VW Chakan,5.5,5.5,,1155,119117,124319,5202,5202,0,75,40,,1120,945.8181818181819,4.644642857142857,174.18181818181813,,17069.818181818177,17069.818181818177,,,,,0
249,MH14KA2817,40,Non A/C,Diesel,Bharatbenz,,VW Chakan,5.5,5.5,,1200,149787,155266,5479,5479,0,35,40,,1205,996.1818181818181,4.546887966804979,208.81818181818187,,20464.181818181823,20464.181818181823,,,,,0
250,MH14KA2818,40,Non A/C,Diesel,Bharatbenz,,VW Chakan,5.5,5.5,,455,128772,131220,2448,2448,0,60,37,,432,445.09090909090907,5.666666666666667,-13.090909090909065,,,,,,,,0
251,MH14KA2819,40,Non A/C,Diesel,Bharatbenz,,VW Chakan,5.5,5.5,,400,186034,188154,2120,2120,0,100,110,,410,385.45454545454544,5.170731707317073,24.54545454545456,,2405.454545454547,2405.454545454547,,,,,0
252,MH14KA2820,40,Non A/C,Diesel,Bharatbenz,,VW Chakan,5.5,5.5,,556,124617,127088,2471,2471,0,66,70,,560,449.27272727272725,4.4125,110.72727272727275,,10851.27272727273,10851.27272727273,,,,,0
253,MH14KA2879,40,Non A/C,Diesel,Bharatbenz,Vendor,VW Chakan,5.5,5.5,,652,192301,196699,4398,4398,0,70,122,,704,799.6363636363636,6.247159090909091,-95.63636363636363,,,,,,,,0
254,MH14KA2880,40,Non A/C,Diesel,Bharatbenz,,VW Chakan,5.5,5.5,,630,148773,152130,3357,3357,0,80,100,20,670,610.3636363636364,5.01044776119403,59.636363636363626,,5844.363636363635,5844.363636363635,,,,,0
255,MH14KA2923,40,Non A/C,Diesel,Bharatbenz,,VW Chakan,5.5,5.5,,965,159213,163634,4421,4421,0,50,80,,995,803.8181818181819,4.44321608040201,191.18181818181813,,18735.818181818177,18735.818181818177,,,,,0
256,MH14KA2924,40,Non A/C,Diesel,Bharatbenz,,VW Chakan,5.5,5.5,,912,118152,122054,3902,3902,0,60,30,,882,709.4545454545455,4.424036281179139,172.5454545454545,,16909.45454545454,16909.45454545454,,,,,0
257,MH14KA2925,40,Non A/C,Diesel,Bharatbenz,Vendor,VW Chakan,5.5,5.5,,741.21,189791,193958,4167,4167,0,60,50,,731.21,757.6363636363636,5.6987732662299475,-26.42636363636359,,,,,,,,0
258,MH14KA2935,40,Non A/C,Diesel,Bharatbenz,,VW Chakan,5.5,5.5,,785,151468,154924,3456,3456,0,35,70,,820,628.3636363636364,4.214634146341464,191.63636363636363,,18780.363636363636,18780.363636363636,,,,,0
259,MH14KA3010,40,Non A/C,Diesel,Bharatbenz,,VW Chakan,5.5,5.5,,730,193729,196849,3120,3120,0,40,40,,730,567.2727272727273,4.273972602739726,162.72727272727275,,15947.27272727273,15947.27272727273,,,,,0
260,MH14KA3310,20,Non A/C,Diesel,Force,,VW Chakan,8,8,,301,157962,160763,2801,2801,0,30,43,,314,350.125,8.920382165605096,-36.125,,,,,,,,0
261,MH14KA3311,20,Non A/C,Diesel,Force,,VW Chakan,8,8,,457,165945,169038,3093,3093,0,36,20,,441,386.625,7.01360544217687,54.375,,5328.75,5328.75,,,,,0
262,MH14KA3312,20,Non A/C,Diesel,Force,,VW Chakan,8,8,,785,225984,232152,6168,6168,0,10,33,,808,771,7.633663366336633,37,,3626,3626,,,,,0
263,MH14KA3315,20,Non A/C,Diesel,Force,,VW Chakan,8,8,,160,152140,153314,1174,1174,0,40,40,,160,146.75,7.3375,13.25,,1298.5,1298.5,,,,,0
264,MH14KA3316,20,Non A/C,Diesel,Force,,VW Chakan,8,8,,275,168359,170625,2266,2266,0,20,30,,285,283.25,7.950877192982456,1.75,,171.5,171.5,,,,,0
265,MH14KA9138,40,A/C,Diesel,Bharatbenz,Mercedez,Mercedez,4,4,,900,114405,116932,2527,2527,0,100,70,,870,631.75,2.9045977011494255,238.25,,23348.5,23348.5,,,,,
266,MH14KA9139,40,A/C,Diesel,Bharatbenz,Mercedez,Mercedez,4,4,,946,114763,117325,2562,2562,0,100,50,,896,640.5,2.859375,255.5,,25039,25039,,,,,
267,MH14KA9141,40,A/C,Diesel,Bharatbenz,Mercedez,Mercedez,4,4,,911,101106,104324,3218,3218,0,90,60,,881,804.5,3.65266742338252,76.5,,7497,7497,,,,,
268,MH14KA9143,40,A/C,Diesel,Bharatbenz,Mercedez,Mercedez,4,4,,791.03,93987,96612,2625,2625,0,59,80,,812.03,656.25,3.232639188207332,155.77999999999997,,15266.439999999997,15266.439999999997,,,,,
269,MH14KA9148,40,A/C,Diesel,Bharatbenz,Mercedez,Mercedez,4,4,,1100,108903,112101,3198,3198,0,100,100,,1100,799.5,2.9072727272727272,300.5,,29449,29449,,,,,
270,MH14KA9150,40,A/C,Diesel,Bharatbenz,Mercedez,Mercedez,4,4,,1074,127756,131325,3569,3569,0,90,100,,1084,892.25,3.2924354243542435,191.75,,18791.5,18791.5,,,,,
271,MH14KA9152,40,A/C,Diesel,Bharatbenz,Mercedez,Mercedez,4,4,,806,116096,118724,2628,2628,0,90,70,,786,657,3.3435114503816794,129,,12642,12642,,,,,
272,MH14KQ1004,40,Non A/C,Diesel,Bharatbenz,,VW Chakan,5.5,5.5,,760,83167,86205,3038,3038,0,70,50,,740,552.3636363636364,4.105405405405405,187.63636363636363,,18388.363636363636,18388.363636363636,,,,,0
273,MH14LB2872,32,Non A/C,Diesel,Eicher,,Mitsubishi,6,6,,376.32,71135,73306,2171,2171,0,65.82,75,,385.5,361.8333333333333,5.631647211413749,23.666666666666686,,2319.3333333333353,2319.3333333333353,,,,,0
274,MH14LB2873,32,Non A/C,Diesel,Eicher,,BAL Akurdi,6,6,,654.65,0,3810.56,3810.56,3810.56,0,81,63,,636.65,635.0933333333334,5.985329458886358,1.5566666666666151,,152.55333333332828,152.55333333332828,,,,,0
275,MH14LB2874,32,Non A/C,Diesel,Eicher,,Mitsubishi,6,6,,467,72505,75288,2783,2783,0,30,64,,501,463.8333333333333,5.554890219560878,37.166666666666686,,3642.3333333333353,3642.3333333333353,,,,,0
276,MH14LB2875,17,Non A/C,Diesel,Force,,Mitsubishi,9,9,,374.9,111656,114924,3268,3268,0,52,53,,375.9,363.1111111111111,8.693801542963554,12.788888888888891,,1253.3111111111114,1253.3111111111114,,,,,0
277,MH14LB2876,17,Non A/C,Diesel,Force,,Mitsubishi,9,9,,434,99540,103384,3844,3844,0,44,36,,426,427.1111111111111,9.023474178403756,-1.1111111111110858,,,,,,,,0
278,MH14LB2877,17,Non A/C,Diesel,Force,,BAL Chakan,9,9,,374.1,114426,117835,3409,3409,0,30,28,,372.1,378.77777777777777,9.16151572158022,-6.677777777777749,,,,,,,,0
279,MH14LB3843,32,Non A/C,Diesel,Eicher,,BAL Chakan,6,6,,479.84,99858,102924,3066,3066,0,30,79.34,,529.18,511,5.793869760761934,18.17999999999995,,1781.639999999995,1781.639999999995,,,,,0
280,MH14LB3844,32,Non A/C,Diesel,Eicher,,BAL Chakan,6,6,,744.48,94789,98859,4070,4070,0,30,48.2,,762.6800000000001,678.3333333333334,5.336445167042534,84.34666666666669,,8265.973333333335,8265.973333333335,,,,,0
281,MH14LB3845,32,Non A/C,Diesel,Eicher,,BAL Chakan,6,6,,670,92481,95966,3485,3485,0,70,55,,655,580.8333333333334,5.320610687022901,74.16666666666663,,7268.333333333329,7268.333333333329,,,,,0
282,MH14LB3846,32,Non A/C,Diesel,Eicher,,BAL Chakan,6,6,,800.1899999999999,107884,112365,4481,4481,0,57.67,23,,765.52,746.8333333333334,5.853537464729857,18.68666666666661,,1831.2933333333278,1831.2933333333278,,,,,0
283,MH14LB3847,40,Non A/C,Diesel,Eicher,,BAL Chakan,5.5,5.5,,740.59,78957,82536,3579,3579,0,50,50,,740.59,650.7272727272727,4.832633440905224,89.86272727272728,,8806.547272727274,8806.547272727274,,,,,0
284,MH14LB3848,40,Non A/C,Diesel,Eicher,,BAL Chakan,5.5,5.5,,500,111931,114835,2904,2904,0,20,60,,540,528,5.377777777777778,12,,1176,1176,,,,,0
285,MH14LB3849,40,Non A/C,Diesel,Eicher,,BAL Chakan,5.5,5.5,,494,97013,99792,2779,2779,0,20,63,,537,505.27272727272725,5.1750465549348235,31.727272727272748,,3109.2727272727293,3109.2727272727293,,,,,0
286,MH14LB3879,32,Non A/C,Diesel,Eicher,,BAL Chakan,6,6,,334.03,104174,106099,1925,1925,0,20,30,,344.03,320.8333333333333,5.595442257942621,23.19666666666666,,2273.2733333333326,2273.2733333333326,,,,,0
287,MH14LB3984,50,Non A/C,Diesel,Eicher,,BAL Chakan,5,5,,492.24,55166,57614,2448,2448,0,30,71,,533.24,489.6,4.590803390593353,43.639999999999986,,4276.719999999998,4276.719999999998,,,,,0
288,MH14LB3985,50,Non A/C,Diesel,Eicher,,BAL Chakan,5,5,,855.78,82676,86728,4052,4052,0,30,30,,855.78,810.4,4.734861763537358,45.379999999999995,,4447.24,4447.24,,,,,0
289,MH14LB3986,50,Non A/C,Diesel,Eicher,,BAL Chakan,5,5,,449,106465,108274,1809,1809,0,20,10,,439,361.8,4.120728929384966,77.19999999999999,,7565.5999999999985,7565.5999999999985,,,,,0
290,MH14LB3987,50,Non A/C,Diesel,Eicher,,BAL Chakan,5,5,,516,58314,60715,2401,2401,0,5,35,,546,480.2,4.397435897435898,65.80000000000001,,6448.4000000000015,6448.4000000000015,,,,,0
291,MH14LB3988,50,Non A/C,Diesel,Eicher,,BAL Chakan,5,5,,310,67619,68864,1245,1245,0,40,45,,315,249,3.9523809523809526,66,,6468,6468,,,,,0
292,MH14LB3989,50,Non A/C,Diesel,Eicher,,BAL Chakan,5,5,,765.8199999999999,96806,100025,3219,3219,0,66.18,60,,759.6399999999999,643.8,4.237533568532464,115.83999999999992,,11352.319999999992,11352.319999999992,,,,,0
293,MH14LB3990,50,Non A/C,Diesel,Eicher,,BAL Chakan,5,5,,721.34,70990,74325,3335,3335,0,40,50,,731.34,667,4.560122514835781,64.34000000000003,,6305.320000000003,6305.320000000003,,,,,0
294,MH14LB3991,50,Non A/C,Diesel,Eicher,,BAL Chakan,5,5,,771,94626,98973,4347,4347,0,20,70,,821,869.4,5.294762484774665,-48.39999999999998,,,,,,,,0
295,MH14LB4534,50,Non A/C,Diesel,Eicher,,BAL Chakan,5,5,,980.8399999999999,71992,76644,4652,4652,0,60,89,,1009.8399999999999,930.4,4.60667036362196,79.43999999999994,,7785.119999999994,7785.119999999994,,,,,0
296,MH14LB4535,50,Non A/C,Diesel,Eicher,,BAL Chakan,5,5,,730,110180,113654,3474,3474,0,60,30,,700,694.8,4.962857142857143,5.2000000000000455,,509.60000000000446,509.60000000000446,,,,,0
297,MH14LB4966,17,Non A/C,Diesel,Force,,Lear Chakan,9,9,,363.65999999999997,116891,120259,3368,3368,0,30,40,,373.65999999999997,374.22222222222223,9.013541722421454,-0.5622222222222604,,,,,,,,0
298,MH14LB5344,4 CNG,A/C,Petrol & CNG,Maruti,,BAL Chakan,20,20,,30,104069,105358,1289,1289,0,30,5,,5,64.45,257.8,-59.45,,,,,,,,0
299,MH14LB5814,33,Non A/C,Diesel,Force,,Lear Chakan,6,6,,266,64983,66265,1282,1282,0,30,65,,301,213.66666666666666,4.259136212624584,87.33333333333334,,8558.666666666668,8558.666666666668,,,,,0
300,MH14LB5815,17,Non A/C,Diesel,Force,,Lear Bhosari,9,9,,215.28,45435,47025,1590,1590,0,20,15,,210.28,176.66666666666666,7.561346775727602,33.613333333333344,,3294.1066666666675,3294.1066666666675,,,,,0
301,MH14LB5817,17,Non A/C,Diesel,Force,,Lear Bhosari,9,9,,265.78999999999996,73466,75905,2439,2439,0,20,25,,270.78999999999996,271,9.006979578270986,-0.21000000000003638,,,,,,,,0
302,MH14LB5818,33,Non A/C,Diesel,Force,,Lear Bhosari,6,6,,157,30857,32215,1358,1358,0,22,20,,155,226.33333333333334,8.761290322580646,-71.33333333333334,,,,,,,,0
303,MH14LB5820,17,Non A/C,Diesel,Force,,Lear Bhosari,9,9,,215.1,40572,42729,2157,2157,0,15,20,,220.1,239.66666666666666,9.80009086778737,-19.566666666666663,,,,,,,,0
304,MH14LB5821,17,Non A/C,Diesel,Force,,Lear Chakan,9,9,,885.63,74727,83354,8627,8627,0,40,40,,885.63,958.5555555555555,9.74108826485101,-72.92555555555555,,,,,,,,0
305,MH14LB5914,17,Non A/C,Diesel,Force,,Lear Chakan,9,9,,683.35,191013,197562,6549,6549,0,44,33,,672.35,727.6666666666666,9.740462556704097,-55.316666666666606,,,,,,,,0
306,MH14LB5915,17,Non A/C,Diesel,Force,,Lear Chakan,9,9,,650.79,123589,128282,4693,4693,0,40,47.6,,658.39,521.4444444444445,7.12799404608211,136.94555555555553,,13420.664444444443,13420.664444444443,,,,,0
307,MH14LB5916,17,Non A/C,Diesel,Force,,Lear Chakan,9,9,,371.38,96541,99325,2784,2784,0,20,35,,386.38,309.3333333333333,7.205341891402247,77.04666666666668,,7550.573333333335,7550.573333333335,,,,,0
308,MH14LB5917,17,Non A/C,Diesel,Force,,Lear Chakan,9,9,,779.98,150434,157001,6567,6567,0,50,50,,779.98,729.6666666666666,8.419446652478268,50.31333333333339,,4930.706666666672,4930.706666666672,,,,,0
309,MH14LB5918,17,Non A/C,Diesel,Force,,Lear Chakan,9,9,,486.96000000000004,117865,121952,4087,4087,0,50,20,,456.96000000000004,454.1111111111111,8.943890056022408,2.8488888888889505,,279.19111111111715,279.19111111111715,,,,,0
310,MH14LB5919,17,Non A/C,Diesel,Force,,Lear Chakan,9,9,,1078.2,236440,245440,9000,9000,0,40,40,,1078.2,1000,8.347245409015025,78.20000000000005,,7663.600000000004,7663.600000000004,,,,,0
311,MH14LB5921,17,Non A/C,Diesel,Force,,Lear Chakan,9,9,,226.33,211897,213661,1764,1764,0,20,40,,246.33000000000004,196,7.1611253196930935,50.33000000000004,,4932.340000000004,4932.340000000004,,,,,0
312,MH14LB5922,17,Non A/C,Diesel,Force,,Lear Chakan,9,9,,820.06,138490,144439,5949,5949,0,50,50,,820.06,661,7.254347242884667,159.05999999999995,,15587.879999999994,15587.879999999994,,,,,0
313,MH14LB5923,17,Non A/C,Diesel,Force,,Lear Chakan,9,9,,254.09000000000003,82679,84326,1647,1647,0,38.33,50,,265.76000000000005,183,6.1973208910294995,82.76000000000005,,8110.480000000005,8110.480000000005,,,,,0
314,MH14LB5924,17,Non A/C,Diesel,Force,,Lear Chakan,9,9,,442,88985,92664,3679,3679,0,40,30,,432,408.77777777777777,8.516203703703704,23.22222222222223,,2275.7777777777783,2275.7777777777783,,,,,0
315,MH14LB5925,17,Non A/C,Diesel,Force,,Lear Chakan,9,9,,669.7299999999999,128970,134383,5413,5413,0,45,48.7,,673.43,601.4444444444445,8.037954947062056,71.9855555555555,,7054.584444444438,7054.584444444438,,,,,0
316,MH14LB5926,17,Non A/C,Diesel,Force,,Lear Chakan,9,9,,614.04,127297,132471,5174,5174,0,50,30,,594.04,574.8888888888889,8.709851188472157,19.15111111111105,,1876.8088888888828,1876.8088888888828,,,,,0
317,MH14LB5967,17,Non A/C,Diesel,Force,,Lear Chakan,9,9,,470.81,82818,87151,4333,4333,0,40,35,,465.81,481.44444444444446,9.302075953715034,-15.634444444444455,,,,,,,,0
318,MH14LB6092,17,Non A/C,Diesel,Force,,Lear Bhosari,9,9,,242,47436,49335,1899,1899,0,20,39,,261,211,7.275862068965517,50,,4900,4900,,,,,0
319,MH14LB6094,17,Non A/C,Diesel,Force,,Lear Hinjawadi,9,9,,,,,,0,0,,54.38,,54.38,0,0,54.38,,5329.240000000001,5329.240000000001,,,,,0
320,MH14LB6095,17,Non A/C,Diesel,Force,,Lear Bhosari,9,9,,223,48551,50134,1583,1583,0,20,30,,233,175.88888888888889,6.793991416309013,57.111111111111114,,5596.88888888889,5596.88888888889,,,,,0
321,MH14LB6096,17,Non A/C,Diesel,Force,,Lear Chakan,9,9,,457.83,48701,51898,3197,3197,0,40,31,,448.83,355.22222222222223,7.122964151237663,93.60777777777776,,9173.56222222222,9173.56222222222,,,,,0
322,MH14LB6210,24,Non A/C,Diesel,Eicher,,Lear Chakan,7,7,,420.01,74355,76570,2215,2215,0,85,40,,375.01,316.42857142857144,5.90650915975574,58.581428571428546,,5740.979999999998,5740.979999999998,,,,,0
323,MH14LB6211,24,Non A/C,Diesel,Eicher,,Lear Chakan,7,7,,644.73,95736,100515,4779,4779,0,60,70,,654.73,682.7142857142857,7.2991920333572615,-27.984285714285647,,,,,,,,0
324,MH14LB6213,50,Non A/C,Diesel,Eicher,,Lear Chakan,5,5,,900.58,132515,136740,4225,4225,0,70,63,,893.58,845,4.728172071890597,48.58000000000004,,4760.840000000004,4760.840000000004,,,,,0
325,MH14LB6214,24,Non A/C,Diesel,Eicher,,Lear Chakan,7,7,,957.34,198005,205116,7111,7111,0,72,70,,955.3400000000001,1015.8571428571429,7.443423283857055,-60.517142857142744,,,,,,,,0
326,MH14LB6215,24,Non A/C,Diesel,Eicher,,Lear Chakan,7,7,,316.06,122745,124126,1381,1381,0,71.02,40,,285.04,197.28571428571428,4.844934044344653,87.75428571428574,,8599.920000000002,8599.920000000002,,,,,0
327,MH14LB6268,17,Non A/C,Diesel,Force,,Lear Hinjawadi,9,9,,30,72134,72325,191,191,0,,30,,60,21.22222222222222,3.183333333333333,38.77777777777778,,3800.222222222222,3800.222222222222,,,,,0
328,MH14LB6269,17,Non A/C,Diesel,Force,,Lear Bhosari,9,9,,272.84000000000003,52523,55105,2582,2582,0,50,48,,270.84000000000003,286.8888888888889,9.533303795598876,-16.048888888888882,,,,,,,,0
329,MH14LB6270,40,Non A/C,Diesel,Eicher,,Lear Chakan,5.5,5.5,,1028.73,173700,180403,6703,6703,0,90,63,,1001.73,1218.7272727272727,6.691423836762401,-216.99727272727273,,,,,,,,0
330,MH14LB8052,6,Non A/C,Diesel,Kia,,BAL Chakan,12,12,,357,102331,106616,4285,4285,0,30,40,,367,357.0833333333333,11.67574931880109,9.916666666666686,,971.8333333333352,971.8333333333352,,,,,0
331,MH14LL4121,30,Non A/C,Diesel,TATA,,JCB Talegaon,5.5,5.5,,377,145424,146898,1474,1474,0,40,25,,362,268,4.071823204419889,94,,9212,9212,,,,,0
332,MH14LL4123,30,Non A/C,Diesel,TATA,,JCB Talegaon,6,6,,1102,125700,132168,6468,6468,0,108,110,,1104,1078,5.858695652173913,26,,2548,2548,,,,,0
333,MH14LL4124,30,Non A/C,Diesel,TATA,,JCB Talegaon,6,6,,785.4599999999999,87113,91546,4433,4433,0,127,117,,775.4599999999999,738.8333333333334,5.716606917184639,36.62666666666655,,3589.413333333322,3589.413333333322,,,,,0
334,MH14LL4125,30,Non A/C,Diesel,TATA,,JCB Talegaon,6,6,,894,96970,102270,5300,5300,0,120,120,,894,883.3333333333334,5.9284116331096195,10.666666666666629,,1045.3333333333296,1045.3333333333296,,,,,0
335,MH14LL4126,30,Non A/C,Diesel,TATA,,JCB Talegaon,6,6,,595.13,59863,63096,3233,3233,0,84,70,,581.13,538.8333333333334,5.563299089704541,42.296666666666624,,4145.073333333329,4145.073333333329,,,,,0
336,MH14LL4128,30,Non A/C,Diesel,TATA,,JCB Talegaon,6,6,,1093,85193,91756,6563,6563,0,111,91,,1073,1093.8333333333333,6.116495806150978,-20.833333333333258,,,,,,,,0
337,MH14LL4129,30,Non A/C,Diesel,TATA,,JCB Talegaon,6,6,,394.71,61640,63839,2199,2199,0,88,92,,398.71,366.5,5.515286799929774,32.20999999999998,,3156.579999999998,3156.579999999998,,,,,0
338,MH14LL4130,30,Non A/C,Diesel,TATA,,JCB Talegaon,6,6,,657.39,104510,107867,3357,3357,0,130,80,,607.39,559.5,5.526926686313571,47.889999999999986,,4693.219999999998,4693.219999999998,,,,,0
339,MH14LL4132,30,Non A/C,Diesel,TATA,,VW Chakan,6,6,,899.69,79837,85623,5786,5786,0,60,88.08,,927.7700000000001,964.3333333333334,6.236459467324875,-36.563333333333276,,,,,,,,0
340,MH14LL4134,30,Non A/C,Diesel,TATA,,JCB Talegaon,6,6,,556,43767,46693,2926,2926,0,84,70.21,,542.21,487.6666666666667,5.396433116320244,54.54333333333335,,5345.246666666669,5345.246666666669,,,,,0
341,MH14LL4135,30,Non A/C,Diesel,TATA,,JCB Talegaon,6,6,,657.1700000000001,126856,130391,3535,3535,0,60,96.01,,693.1800000000001,589.1666666666666,5.099685507371822,104.01333333333343,,10193.306666666676,10193.306666666676,,,,,0
342,MH14LL4136,30,Non A/C,Diesel,TATA,,JCB Talegaon,6,6,,676,90400,94465,4065,4065,0,97,105.08,,684.08,677.5,5.942287451760028,6.580000000000041,,644.840000000004,644.840000000004,,,,,0
343,MH14LL4137,30,Non A/C,Diesel,TATA,,JCB Talegaon,6,6,,684,89384,93350,3966,3966,0,65,70,,689,661,5.756168359941944,28,,2744,2744,,,,,0
344,MH14LL4138,30,Non A/C,Diesel,TATA,,JCB Talegaon,6,6,,1135,158905,165440,6535,6535,0,49,47,,1133,1089.1666666666667,5.767872903795234,43.83333333333326,,4295.666666666659,4295.666666666659,,,,,0
345,MH14LL4139,30,Non A/C,Diesel,TATA,,JCB Talegaon,6,6,,875.51,127891,132861,4970,4970,0,59,82,,898.51,828.3333333333334,5.5313797286618955,70.17666666666662,,6877.313333333329,6877.313333333329,,,,,0
346,MH14LL4140,30,Non A/C,Diesel,TATA,,JCB Talegaon,6,6,,1168.94,170534,177578,7044,7044,0,53,50.5,,1166.44,1174,6.038887555296458,-7.559999999999945,,,,,,,,0
347,MH14LL4143,30,Non A/C,Diesel,TATA,,JCB Talegaon,6,6,,635.7,71992,75732,3740,3740,0,66,77,,646.7,623.3333333333334,5.783207051182928,23.366666666666674,,2289.9333333333343,2289.9333333333343,,,,,0
348,MH14LL4144,30,Non A/C,Diesel,TATA,,JCB Talegaon,6,6,,354.90999999999997,103125,105756,2631,2631,0,62,109,,401.90999999999997,438.5,6.546241695902068,-36.59000000000003,,,,,,,,0
349,MH14LL4145,30,Non A/C,Diesel,TATA,,JCB Talegaon,6,6,,621.22,110063,113926,3863,3863,0,60,75,,636.22,643.8333333333334,6.071799063217126,-7.613333333333344,,,,,,,,0
350,MH14LL4146,30,Non A/C,Diesel,TATA,,JCB Talegaon,6,6,,854.3,133708,138562,4854,4854,0,74,70,,850.3,809,5.708573444666588,41.299999999999955,,4047.3999999999955,4047.3999999999955,,,,,0
351,MH14LL4148,30,Non A/C,Diesel,TATA,,JCB Talegaon,6,6,,473,84913,88295,3382,3382,0,67,75,,481,563.6666666666666,7.031185031185031,-82.66666666666663,,,,,,,,0
352,MH14LL4149,30,Non A/C,Diesel,TATA,,JCB Talegaon,6,6,,400.22,144836,147067,2231,2231,0,109.66,121.89,,412.45000000000005,371.8333333333333,5.409140501879015,40.61666666666673,,3980.4333333333398,3980.4333333333398,,,,,0
353,MH14LL4150,30,Non A/C,Diesel,TATA,,JCB Talegaon,6,6,,411.97,93050,95551,2501,2501,0,87,93.92,,418.89000000000004,416.8333333333333,5.970541192198429,2.056666666666729,,201.55333333333942,201.55333333333942,,,,,0
354,MH14LL4153,30,Non A/C,Diesel,TATA,,JCB Talegaon,6,6,,1125.05,152012,158823,6811,6811,0,86,90,,1129.05,1135.1666666666667,6.032505203489659,-6.116666666666788,,,,,,,,0
355,MH14LL4154,30,Non A/C,Diesel,TATA,,JCB Talegaon,6,6,,910,130009,135426,5417,5417,0,75,75,,910,902.8333333333334,5.952747252747253,7.166666666666629,,702.3333333333296,702.3333333333296,,,,,0
356,MH14LL4156,30,Non A/C,Diesel,TATA,,JCB Talegaon,6,6,,666,157558,161160,3602,3602,0,80,44,,630,600.3333333333334,5.717460317460318,29.66666666666663,,2907.3333333333294,2907.3333333333294,,,,,0
357,MH14LL4157,30,Non A/C,Diesel,TATA,,JCB Talegaon,6,6,,1076,139399,145061,5662,5662,0,85,90,,1081,943.6666666666666,5.237742830712303,137.33333333333337,,13458.66666666667,13458.66666666667,,,,,0
358,MH14LL4159,30,Non A/C,Diesel,TATA,,JCB Talegaon,6,6,,1231.4,170988,178590,7602,7602,0,46,50.86,,1236.26,1267,6.149191917557795,-30.74000000000001,,,,,,,,0
359,MH14LL4179,30,Non A/C,Diesel,TATA,,JCB Talegaon,6,6,,1363,106007,114198,8191,8191,0,101,82,,1344,1365.1666666666667,6.0944940476190474,-21.166666666666742,,,,,,,,0
360,MH14LL4180,30,Non A/C,Diesel,TATA,,JCB Talegaon,6,6,,531,79009,82202,3193,3193,0,52,30,,509,532.1666666666666,6.273084479371317,-23.16666666666663,,,,,,,,0
361,MH14LL4181,30,Non A/C,Diesel,TATA,,JCB Talegaon,6,6,,632,78273,81833,3560,3560,0,124,106,,614,593.3333333333334,5.798045602605863,20.66666666666663,,2025.3333333333296,2025.3333333333296,,,,,0
362,MH14LL4182,30,Non A/C,Diesel,TATA,,JCB Talegaon,6,6,,287,52743,54394,1651,1651,0,93,94,,288,275.1666666666667,5.732638888888889,12.833333333333314,,1257.6666666666647,1257.6666666666647,,,,,0
363,MH14LL4183,30,Non A/C,Diesel,TATA,,JCB Talegaon,6,6,,953,90743,96283,5540,5540,0,32,53,,974,923.3333333333334,5.687885010266941,50.66666666666663,,4965.333333333329,4965.333333333329,,,,,0
364,MH14LL4184,30,Non A/C,Diesel,TATA,,JCB Talegaon,6,6,,1287.8699999999997,133868,143310,9442,9442,0,47.85,58.03,,1298.0499999999997,1573.6666666666667,7.273987904934326,-275.616666666667,,,,,,,,0
365,MH14LL4186,30,Non A/C,Diesel,TATA,,JCB Talegaon,6,6,,515.33,74535,77328,2793,2793,0,106.89,108.27,,516.71,465.5,5.405353099417468,51.210000000000036,,5018.580000000004,5018.580000000004,,,,,0
366,MH14LL4187,30,Non A/C,Diesel,TATA,,JCB Talegaon,6,6,,1120,129116,135632,6516,6516,0,70,70,,1120,1086,5.817857142857143,34,,3332,3332,,,,,0
367,MH14LL4188,30,Non A/C,Diesel,TATA,,JCB Talegaon,6,6,,1053.26,133026,138945,5919,5919,0,75,85,,1063.26,986.5,5.566841600361154,76.75999999999999,,7522.48,7522.48,,,,,0
368,MH14LL4189,30,Non A/C,Diesel,TATA,,JCB Talegaon,6,6,,1874.06,204204,214516,10312,10312,0,70,65,,1869.06,1718.6666666666667,5.517211860507421,150.3933333333332,,14738.546666666654,14738.546666666654,,,,,0
369,MH14LL4190,30,Non A/C,Diesel,TATA,,JCB Talegaon,6,6,,60,159650,159957,307,307,0,60,49.78,,49.78,51.166666666666664,6.167135395741261,-1.3866666666666632,,,,,,,,0
370,MH14LL4191,30,Non A/C,Diesel,TATA,,JCB Talegaon,6,6,,932.0699999999999,103231,108282,5051,5051,0,90,20,,862.0699999999999,841.8333333333334,5.859152969016438,20.236666666666565,,1983.1933333333234,1983.1933333333234,,,,,0
371,MH14LL4192,30,Non A/C,Diesel,TATA,,JCB Talegaon,6,6,,610.74,76107,79325,3218,3218,0,89,74,,595.74,536.3333333333334,5.40168529895592,59.40666666666664,,5821.853333333331,5821.853333333331,,,,,0
372,MH14LL4193,30,Non A/C,Diesel,TATA,,JCB Talegaon,6,6,,462.64,84362,87121,2759,2759,0,98,81.29,,445.92999999999995,459.8333333333333,6.187069719462697,-13.903333333333364,,,,,,,,0
373,MH14LL4194,30,Non A/C,Diesel,TATA,,JCB Talegaon,6,6,,750.5899999999999,129598,134527,4929,4929,0,49,76,,777.5899999999999,821.5,6.338816085597809,-43.91000000000008,,,,,,,,0
374,MH14LL4195,30,Non A/C,Diesel,TATA,,JCB Talegaon,6,6,,1009,131813,137854,6041,6041,0,73,76,,1012,1006.8333333333334,5.969367588932807,5.166666666666629,,506.3333333333296,506.3333333333296,,,,,0
375,MH14LL4196,17,Non A/C,Diesel,Force,,JCB Talegaon,9,9,,434.16,83488,87621,4133,4133,0,25.35,18.63,,427.44,459.22222222222223,9.669193337076548,-31.78222222222223,,,,,,,,0
376,MH14LL4197,17,Non A/C,Diesel,Force,,JCB Talegaon,9,9,,698.9000000000001,103340,109943,6603,6603,0,33,61,,726.9000000000001,733.6666666666666,9.083780437474205,-6.766666666666538,,,,,,,,0
377,MH14LL4198,17,Non A/C,Diesel,Force,,JCB Talegaon,9,9,,392.31,164395,168536,4141,4141,0,40,53,,405.31,460.1111111111111,10.216871036984037,-54.801111111111084,,,,,,,,0
378,MH14LL4199,17,Non A/C,Diesel,Force,,JCB Talegaon,9,9,,897,172678,180935,8257,8257,0,45,45,,897,917.4444444444445,9.205128205128204,-20.444444444444457,,,,,,,,0
379,MH14LL4201,17,Non A/C,Diesel,Force,,BAL Akurdi,9,9,,341.25999999999993,133228,136778,3550,3550,0,46.58,46.14,,340.81999999999994,394.44444444444446,10.416055395810107,-53.62444444444452,,,,,,,,0
380,MH14LL4204,17,Non A/C,Diesel,Force,,BAL Chakan,9,9,,442.19,163191,167326,4135,4135,0,21.83,31.91,,452.27000000000004,459.44444444444446,9.142768700112764,-7.174444444444418,,,,,,,,0
381,MH14LL4205,17,Non A/C,Diesel,Force,,JCB Talegaon,9,9,,942.97,187353,196067,8714,8714,0,50,50,,942.97,968.2222222222222,9.24101509061794,-25.252222222222144,,,,,,,,0
382,MH14LL4207,17,Non A/C,Diesel,Force,,BAL Akurdi,9,9,,354.96999999999997,119864,122986,3122,3122,0,20,10,,344.96999999999997,346.8888888888889,9.05006232426008,-1.9188888888889437,,,,,,,,0
383,MH14LL4208,17,Non A/C,Diesel,Force,,JCB Talegaon,9,9,,624.5400000000001,139958,145424,5466,5466,0,46,38,,616.5400000000001,607.3333333333334,8.865604826937425,9.206666666666706,,902.2533333333372,902.2533333333372,,,,,0
384,MH14LL4209,30,Non A/C,Diesel,TATA,,JCB Talegaon,6,6,,597.06,77483,80736,3253,3253,0,68,70,,599.06,542.1666666666666,5.430173939171369,56.89333333333332,,5575.546666666665,5575.546666666665,,,,,0
385,MH14LL4278,30,Non A/C,Diesel,TATA,,JCB Talegaon,6,6,,550,47004,49735,2731,2731,0,84,50.03,,516.03,455.1666666666667,5.292327965428367,60.86333333333329,,5964.606666666662,5964.606666666662,,,,,0
386,MH14LL6272,40,Non A/C,Diesel,Eicher,,Hyundai,5.5,5.5,,694,78518,82495,3977,3977,0,135,149,,708,723.0909090909091,5.617231638418079,-15.090909090909122,,,,,,,,0
387,MH14LL6273,40,Non A/C,Diesel,Eicher,,Hyundai,5.5,5.5,,500.14,63709,66492,2783,2783,0,126.33,122.81,,496.62000000000006,506,5.603882243969231,-9.379999999999939,,,,,,,,0
388,MH14LL6274,40,Non A/C,Diesel,Eicher,,Hyundai,5.5,5.5,,437.31,75408,77635,2227,2227,0,30,18,,425.31,404.90909090909093,5.236180668218476,20.400909090909067,,1999.2890909090886,1999.2890909090886,,,,,0
389,MH14LL6328,40,Non A/C,Diesel,Eicher,,Hyundai,5.5,5.5,,188,42127,42730,603,603,0,8,14,,194,109.63636363636364,3.1082474226804124,84.36363636363636,,8267.636363636364,8267.636363636364,,,,,0
390,MH14LL6329,40,Non A/C,Diesel,Eicher,,Hyundai,5.5,5.5,,122.64,23646,24009,363,363,0,122.64,98,,97.99999999999999,66,3.704081632653062,31.999999999999986,,3135.9999999999986,3135.9999999999986,,,,,0
391,MH14LX1060,40,Non A/C,Diesel,Eicher,,Hyundai,5.5,5.5,,237.87,31458,32722,1264,1264,0,110,128.87,,256.74,229.8181818181818,4.923268676482044,26.921818181818196,,2638.3381818181833,2638.3381818181833,,,,,0
392,MH14LX2567,40,Non A/C,Diesel,Eicher,,Hyundai,5.5,5.5,,393.58,35340,37699,2359,2359,0,123.45,135,,405.12999999999994,428.90909090909093,5.822822303951819,-23.779090909090996,,,,,,,,0
393,MH14LX2568,40,Non A/C,Diesel,Eicher,,Hyundai,5.5,5.5,,478.26,51740,54677,2937,2937,0,113.63,112.7,,477.33000000000004,534,6.152975928602853,-56.66999999999996,,,,,,,,0
394,MH14LX2599,40,Non A/C,Diesel,Eicher,,Hyundai,5.5,5.5,,341,39219,41117,1898,1898,0,30,87,,398,345.09090909090907,4.768844221105527,52.909090909090935,,5185.090909090912,5185.090909090912,,,,,0
395,MH14LX2601,40,Non A/C,Diesel,Eicher,,Hyundai,5.5,5.5,,169.29,51901,53490,1589,1589,0,25,83.39,,227.68,288.90909090909093,6.979093464511595,-61.22909090909093,,,,,,,,0
396,MH14LX2752,40,Non A/C,Diesel,Eicher,,Hyundai,5.5,5.5,,398.61,29101,31271,2170,2170,0,132,120.31,,386.9200000000001,394.54545454545456,5.60839450015507,-7.625454545454488,,,,,,,,0
397,MH14LX2753,40,Non A/C,Diesel,Eicher,,Hyundai,5.5,5.5,,397,63096,65290,2194,2194,0,80,137.88,,454.88,398.90909090909093,4.823250087935279,55.97090909090906,,5485.149090909088,5485.149090909088,,,,,0
398,MH14LX2893,40,Non A/C,Diesel,Eicher,,Hyundai,5.5,5.5,,220.03,17364,18157,793,793,0,64,20,,176.03,144.1818181818182,4.504913935124694,31.848181818181814,,3121.1218181818176,3121.1218181818176,,,,,0
399,MH14LX2894,40,Non A/C,Diesel,Eicher,,Hyundai,5.5,5.5,,399.9,55190,57305,2115,2115,0,,122,,521.9,384.54545454545456,4.05250047901897,137.35454545454542,,13460.745454545451,13460.745454545451,,,,,0
400,MH14LX3710,40,A/C,Diesel,Bharatbenz,Mercedez,Mercedez,4,4,,554,37631,39006,1375,1375,0,100,70,,524,343.75,2.6240458015267176,180.25,,17664.5,17664.5,,,,,
401,MH14LX3711,40,A/C,Diesel,Bharatbenz,Mercedez,Mercedez,4,4,,662.24,31630,33754,2124,2124,0,70,30,,622.24,531,3.413473900745693,91.24000000000001,,8941.52,8941.52,,,,,
402,MH14LX3712,40,A/C,Diesel,Bharatbenz,Mercedez,Mercedez,4,4,,575,34746,36213,1467,1467,0,100,70,,545,366.75,2.691743119266055,178.25,,17468.5,17468.5,,,,,
403,MH14LX3713,40,A/C,Diesel,Bharatbenz,Mercedez,Mercedez,4,4,,735,48857,51554,2697,2697,0,100,98,,733,674.25,3.679399727148704,58.75,,5757.5,5757.5,,,,,
404,MH14LX3714,40,A/C,Diesel,Bharatbenz,Mercedez,Mercedez,4,4,,726,38315,40172,1857,1857,0,80,80,,726,464.25,2.5578512396694215,261.75,,25651.5,25651.5,,,,,
405,MH14LX3716,40,A/C,Diesel,Bharatbenz,Mercedez,Mercedez,4,4,,430,33605,34954,1349,1349,0,100,70,,400,337.25,3.3725,62.75,,6149.5,6149.5,,,,,
406,MH14LX3718,40,A/C,Diesel,Bharatbenz,Mercedez,Mercedez,4,4,,615,31034,32780,1746,1746,0,80,40,,575,436.5,3.0365217391304347,138.5,,13573,13573,,,,,
407,MH14LX3719,40,A/C,Diesel,Bharatbenz,Mercedez,Mercedez,4,4,,545,36681,38436,1755,1755,0,80,50,,515,438.75,3.407766990291262,76.25,,7472.5,7472.5,,,,,
408,MH14LX3720,40,A/C,Diesel,Bharatbenz,Mercedez,Mercedez,4,4,,585,34670,36564,1894,1894,0,80,90,,595,473.5,3.183193277310924,121.5,,11907,11907,,,,,
409,MH14LX3721,40,A/C,Diesel,Bharatbenz,Mercedez,Mercedez,4,4,,550,35024,36849,1825,1825,0,70,50,,530,456.25,3.443396226415094,73.75,,7227.5,7227.5,,,,,
410,MH14LX3723,40,A/C,Diesel,Bharatbenz,Mercedez,Mercedez,4,4,,590,29607,31325,1718,1718,0,70,80,,600,429.5,2.8633333333333333,170.5,,16709,16709,,,,,
411,MH14LX3725,40,A/C,Diesel,Bharatbenz,Mercedez,Mercedez,4,4,,760,29343,31654,2311,2311,0,80,70,,750,577.75,3.0813333333333333,172.25,,16880.5,16880.5,,,,,
412,MH14LX3726,40,A/C,Diesel,Bharatbenz,Mercedez,Mercedez,4,4,,831,32891,35631,2740,2740,0,80,70,,821,685,3.3373934226552984,136,,13328,13328,,,,,
413,MH14LX4885,40,A/C,Diesel,Bharatbenz,Mercedez,Mercedez,4,4,,949,36996,39521,2525,2525,0,100,40,,889,631.25,2.840269966254218,257.75,,25259.5,25259.5,,,,,
414,MH14LX4888,40,A/C,Diesel,Bharatbenz,Mercedez,Mercedez,4,4,,909,34900,37551,2651,2651,0,100,100,,909,662.75,2.9163916391639164,246.25,,24132.5,24132.5,,,,,
415,MH14LX4889,40,A/C,Diesel,Bharatbenz,Mercedez,Mercedez,4,4,,670,24486,26276,1790,1790,0,121,40,,589,447.5,3.039049235993209,141.5,,13867,13867,,,,,
416,MH14LX7484,40,Non A/C,Diesel,Eicher,,Hyundai,5.5,5.5,,298.2,37670,39382,1712,1712,0,85,42.42,,255.62,311.27272727272725,6.697441514748455,-55.65272727272725,,,,,,,,0
417,MH14LX7485,40,Non A/C,Diesel,Eicher,,Hyundai,5.5,5.5,,589.5,36809,39986,3177,3177,0,125,151,,615.5,577.6363636363636,5.161657189277011,37.863636363636374,,3710.636363636365,3710.636363636365,,,,,0
418,MH14LX7487,40,Non A/C,Diesel,Eicher,,Hyundai,5.5,5.5,,470,34449,37039,2590,2590,0,127,120,,463,470.90909090909093,5.593952483801296,-7.909090909090935,,,,,,,,0
419,MH14LX7488,40,Non A/C,Diesel,Eicher,,Hyundai,5.5,5.5,,396,46771,48890,2119,2119,0,127,150,,419,385.27272727272725,5.05727923627685,33.72727272727275,,3305.2727272727293,3305.2727272727293,,,,,0
420,MH14LX7841,40,Non A/C,Diesel,Eicher,,Hyundai,5.5,5.5,,557.64,41721,44847,3126,3126,0,142.98,135,,549.66,568.3636363636364,5.68715205763563,-18.703636363636406,,,,,,,,0
421,MH14LX7842,40,Non A/C,Diesel,Eicher,,Hyundai,5.5,5.5,,469.99,33921,36223,2302,2302,0,70.01,39.87,,439.85,418.54545454545456,5.233602364442423,21.304545454545462,,2087.845454545455,2087.845454545455,,,,,0
422,MH14MT2064,16,A/C,Diesel,Force Urbenia,,City Flo B & V-Pune,10,10,,296.43,9391,10835,1444,1444,0,61.55,44.56,,279.44,144.4,5.167477812768394,135.04,,13233.92,13233.92,,,,,
423,MH14MT2065,16,A/C,Diesel,Force Urbenia,,City Flo B & V-Pune,10,10,,303.96999999999997,7525,9316,1791,1791,0,41.58,40.75,,303.14,179.1,5.908161245629082,124.03999999999999,,12155.92,12155.92,,,,,
424,MH14MT2066,16,A/C,Diesel,Force Urbenia,,City Flo B & V-Pune,10,10,,269.61,9450,10973,1523,1523,0,58,54.5,,266.11,152.3,5.723197174100935,113.81,,11153.380000000001,11153.380000000001,,,,,
425,MH14MT2067,16,A/C,Diesel,Force Urbenia,,City Flo B & V-Pune,10,10,,396.2,10272,12702,2430,2430,0,51.08,46.93,,392.05,243,6.198189006504272,149.05,,14606.900000000001,14606.900000000001,,,,,
426,MH14MT2472,28,A/C,Diesel,Eicher a/c,,City Flo B & V-Pune,4,4,,337.34999999999997,7213,8338,1125,1125,0,72.06,79.15,,344.44,281.25,3.2661711764022763,63.19,,6192.62,6192.62,,,,,
427,MH14MT2473,28,A/C,Diesel,Eicher a/c,,City Flo B & V-Pune,4,4,,369.26,9195,10566,1371,1371,0,71.33,90.87,,388.8,342.75,3.5262345679012346,46.05000000000001,,4512.9000000000015,4512.9000000000015,,,,,
428,MH14MT2474,28,A/C,Diesel,Eicher a/c,,City Flo B & V-Pune,4,4,,353.89,8111,9074,963,963,0,75.21,83.26,,361.94,240.75,2.6606619881748355,121.19,,11876.619999999999,11876.619999999999,,,,,
429,MH14MT2475,28,A/C,Diesel,Eicher a/c,,City Flo B & V-Pune,4,4,,570.47,12829,14992,2163,2163,0,97.75,74.98,,547.7,540.75,3.94924228592295,6.9500000000000455,,681.1000000000045,681.1000000000045,,,,,
430,MH14MT2476,28,A/C,Diesel,Eicher a/c,,City Flo B & V-Pune,4,4,,489.82000000000005,10052,11870,1818,1818,0,79.16,73.89,,484.55000000000007,454.5,3.7519347848519238,30.050000000000068,,2944.900000000007,2944.900000000007,,,,,
431,MH14MT2477,28,A/C,Diesel,Eicher a/c,,City Flo B & V-Pune,4,4,,354.11,7078,8144,1066,1066,0,72.51,67.99,,349.59000000000003,266.5,3.049286306816556,83.09000000000003,,8142.820000000003,8142.820000000003,,,,,
432,MH14MT2840,40,Non A/C,Diesel,TATA,,K Block,5.5,5.5,,801.01,37196,41560,4364,4364,0,90,96.79,,807.8,793.4545454545455,5.402327308739787,14.345454545454459,,1405.854545454537,1405.854545454537,,,,,0
433,MH14MT2841,40,Non A/C,Diesel,TATA,,K Block,5.5,5.5,,968.03,23597,28110,4513,4513,0,96,64,,936.03,820.5454545454545,4.82142666367531,115.48454545454547,,11317.485454545456,11317.485454545456,,,,,0
434,MH14MT2842,40,Non A/C,Diesel,TATA,,K Block,5.5,5.5,,771.3199999999999,32632,36313,3681,3681,0,106,103,,768.3199999999999,669.2727272727273,4.790972511453561,99.04727272727268,,9706.632727272723,9706.632727272723,,,,,0
435,MH14MT2843,40,Non A/C,Diesel,TATA,,K Block,5.5,5.5,,886.8599999999999,21194,25625,4431,4431,0,105.3,105.53,,887.0899999999999,805.6363636363636,4.994983598056567,81.45363636363629,,7982.456363636356,7982.456363636356,,,,,0
436,MH20GC2523,41,Non A/C,Diesel,Bharatbenz,,Skoda Sambhajinagar,5.5,5.5,,305,60690,61821,1131,1131,0,90,30,,245,205.63636363636363,4.616326530612245,39.363636363636374,,3857.636363636365,3857.636363636365,,,,,0
437,MH20GC2524,41,Non A/C,Diesel,Bharatbenz,,Skoda Sambhajinagar,5.5,5.5,,229.03,41806,43164,1358,1358,0,30,50,,249.02999999999997,246.9090909090909,5.45315825402562,2.120909090909066,,207.8490909090885,207.8490909090885,,,,,0
438,MH20GC2527,41,Non A/C,Diesel,Bharatbenz,,Skoda Sambhajinagar,5.5,5.5,,243.85,59591,61389,1798,1798,0,58,90,,275.85,326.90909090909093,6.518035164038426,-51.05909090909091,,,,,,,,0
439,MH20GC2528,41,Non A/C,Diesel,Bharatbenz,,Skoda Sambhajinagar,5.5,5.5,,290,63746,65653,1907,1907,0,80,65,,275,346.72727272727275,6.934545454545455,-71.72727272727275,,,,,,,,0
440,MH20GC2529,41,Non A/C,Diesel,bharatbenz,,Skoda Sambhajinagar,5.5,5.5,,195,42043,43477,1434,1434,0,30,75,,240,260.72727272727275,5.975,-20.727272727272748,,,,,,,,0
441,MH20GC2530,41,Non A/C,Diesel,Bharatbenz,,Skoda Sambhajinagar,5.5,5.5,,233.5,54881,56444,1563,1563,0,40,75,,268.5,284.1818181818182,5.82122905027933,-15.681818181818187,,,,,,,,0
442,MH20GC2531,41,Non A/C,Diesel,Bharatbenz,,Skoda Sambhajinagar,5.5,5.5,,238.59,43894,45197,1303,1303,0,40,20,,218.59000000000003,236.9090909090909,5.960931424127361,-18.319090909090875,,,,,,,,0
443,MH20GC2532,41,Non A/C,Diesel,Bharatbenz,,Skoda Sambhajinagar,5.5,5.5,,225.01,47289,48802,1513,1513,0,30,75,,270.01,275.09090909090907,5.603496166808637,-5.080909090909074,,,,,,,,0
444,MH20GC2533,41,Non A/C,Diesel,Bharatbenz,,Skoda Sambhajinagar,5.5,5.5,,287,46419,47812,1393,1393,0,20,10,,277,253.27272727272728,5.028880866425993,23.72727272727272,,2325.2727272727266,2325.2727272727266,,,,,0
445,MH20GC2534,41,Non A/C,Diesel,Bharatbenz,,Skoda Sambhajinagar,5.5,5.5,,267,44808,46153,1345,1345,0,20,20,,267,244.54545454545453,5.037453183520599,22.454545454545467,,2200.545454545456,2200.545454545456,,,,,0
446,MH20GC2544,41,Non A/C,Diesel,bharatbenz,,Skoda Sambhajinagar,5.5,5.5,,224.36,41192,42539,1347,1347,0,30,45,,239.36,244.9090909090909,5.627506684491978,-5.549090909090893,,,,,,,,0
447,MH20GC5307,39,Non A/C,Diesel,Eicher,,Bajaj Waluj,5.5,5.5,,384.64,92618,95129,2511,2511,0,50,60,,394.64,456.54545454545456,6.362760997364687,-61.905454545454575,,,,,,,,0
448,MH20GC5308,39,Non A/C,Diesel,Eicher,,Bajaj Waluj,5.5,5.5,,370,96818,98942,2124,2124,0,46,50,,374,386.1818181818182,5.679144385026738,-12.181818181818187,,,,,,,,0
449,MH20GC5309,51,Non A/C,Diesel,Eicher,,Bajaj Waluj,5,5,,880,151386,156016,4630,4630,0,53,51,,878,926,5.2733485193621865,-48,,,,,,,,0
450,MH20GC5342,51,Non A/C,Diesel,Eicher,,Bajaj Waluj,5,5,,600,108079,111187,3108,3108,0,30,47,,617,621.6,5.037277147487845,-4.600000000000023,,,,,,,,0
451,MH20GC5343,51,Non A/C,Diesel,Eicher,,Bajaj Waluj,5,5,,682,116834,120326,3492,3492,0,60,31,,653,698.4,5.347626339969372,-45.39999999999998,,,,,,,,0
452,MH20GC7986,20,Non A/C,Diesel,Force,,Skoda Sambhajinagar,8,8,,90.31,27453,28372,919,919,0,48.81,55.41,,96.91,114.875,9.483025487565783,-17.965000000000003,,,,,,,,0
453,MH20GC7987,20,Non A/C,Diesel,Force,,Skoda Sambhajinagar,8,8,,191.61,37914,39508,1594,1594,0,52.64,10,,148.97000000000003,199.25,10.70014096798013,-50.27999999999997,,,,,,,,0
454,MH20GC7988,20,Non A/C,Diesel,Force,,Skoda Sambhajinagar,8,8,,79.33,24436,25323,887,887,0,38.93,43.97,,84.37,110.875,10.51321559796136,-26.504999999999995,,,,,,,,0
455,MH20GC7989,20,Non A/C,Diesel,Force,,Skoda Sambhajinagar,8,8,,79.3,11574,12159,585,585,0,30,20,,69.3,73.125,8.441558441558442,-3.825000000000003,,,,,,,,0
456,MH20GC8098,40,Non A/C,Diesel,Eicher,,Skoda Sambhajinagar,5.5,5.5,,167.3,26155,27380,1225,1225,0,65,75,,177.3,222.72727272727272,6.909193457416807,-45.42727272727271,,,,,,,,0
457,MH20GC8872,50,Non A/C,Diesel,Eicher,,Bajaj Waluj,5,5,,1544,102537,110584,8047,8047,0,51,34,,1527,1609.4,5.26981008513425,-82.40000000000009,,,,,,,,0
458,MH20GC8873,50,Non A/C,Diesel,Eicher,,Bajaj Waluj,5,5,,790,105308,109878,4570,4570,0,60,61,,791,914,5.777496839443742,-123,,,,,,,,0
459,MH20GC8874,50,Non A/C,Diesel,Eicher,,Bajaj Waluj,5,5,,909.85,98662,103472,4810,4810,0,60,61.52,,911.37,962,5.277768634034476,-50.629999999999995,,,,,,,,0
460,MH20GC8875,50,Non A/C,Diesel,Eicher,,Bajaj Waluj,5,5,,763,77000,81057,4057,4057,0,60,52,,755,811.4,5.373509933774835,-56.39999999999998,,,,,,,,0
461,MH20GC8876,50,Non A/C,Diesel,Eicher,,Bajaj Waluj,5,5,,1075,119221,125334,6113,6113,0,35,63,,1103,1222.6,5.542157751586582,-119.59999999999991,,,,,,,,0
462,MH20GC8878,50,Non A/C,Diesel,Eicher,,Bajaj Waluj,5,5,,949,95209,100147,4938,4938,0,52,54,,951,987.6,5.192429022082019,-36.60000000000002,,,,,,,,0
463,MH20GC8879,50,Non A/C,Diesel,Eicher,,Bajaj Waluj,5,5,,1137.5100000000002,131667,138454,6787,6787,0,68.65,70,,1138.8600000000001,1357.4,5.959468240169994,-218.53999999999996,,,,,,,,0
464,MH20GC8890,50,Non A/C,Diesel,Eicher,,Bajaj Waluj,5,5,,710,77650,81420,3770,3770,0,80,64,,694,754,5.432276657060519,-60,,,,,,,,0
465,MH20GC8891,50,Non A/C,Diesel,Eicher,,Bajaj Waluj,5,5,,743,86286,90550,4264,4264,0,60,60,,743,852.8,5.738896366083446,-109.79999999999995,,,,,,,,0
466,MH20GC8893,50,Non A/C,Diesel,Eicher,,Bajaj Waluj,5,5,,860,97559,102334,4775,4775,0,40,54,,874,955,5.463386727688787,-81,,,,,,,,0
467,MH20GZ5417,50,Non A/C,Diesel,Bajaj Waluj,,Bajaj Waluj,5,5,,,,,,0,0,,50,,50,0,0,50,,4900,4900,,,,,0
468,MH20GZ5418,50,Non A/C,Diesel,Bajaj Waluj,,Bajaj Waluj,5,5,,442,7784,9656,1872,1872,0,30,45,,457,374.4,4.096280087527353,82.60000000000002,,8094.800000000002,8094.800000000002,,,,,0
469,MH20GZ5419,50,Non A/C,Diesel,Bajaj Waluj,,Bajaj Waluj,5,5,,,,,,0,0,,70,,70,0,0,70,,6860,6860,,,,,0
470,MH20GZ5478,50,Non A/C,Diesel,Bajaj Waluj,,Bajaj Waluj,5,5,,268,6302,7926,1624,1624,0,34,50,,284,324.8,5.71830985915493,-40.80000000000001,,,,,,,,0
471,MH46DC4998,47,A/C,CNG,Eicher,,Deepak Fertilisers ,3.5,3.5,,1226.4799999999998,9170,13690,4520,4520,0,,50.58,,1277.0599999999997,1291.4285714285713,3.5393795123173546,-14.368571428571613,,,,,,,,
472,MH46DC5001,32,A/C,CNG,Eicher,,Deepak Fertilisers ,4.5,4.5,,1208.8,8542,12672,4130,4130,0,,39.3,,1248.1,917.7777777777778,3.309029725182277,330.3222222222221,,32371.577777777762,32371.577777777762,,,,,
473,MH46DC5003,32,A/C,CNG,Eicher,,Deepak Fertilisers ,4.5,4.5,,1579.6,13399,20026,6627,6627,0,,48.66,,1628.26,1472.6666666666667,4.069988822423937,155.59333333333325,,15248.146666666658,15248.146666666658,,,,,
474,MH46DC5006,47,A/C,CNG,Eicher,,Deepak Fertilisers ,3.5,3.5,,1154.5,7213,10671,3458,3458,0,,40.29,,1194.79,988,2.8942324592606234,206.78999999999996,,20265.42,20265.42,,,,,
475,MH46DC5007,47,A/C,CNG,Eicher,,Deepak Fertilisers ,3.5,3.5,,1118.9500000000003,6812,10182,3370,3370,0,,66.04,,1184.9900000000002,962.8571428571429,2.8439058557456174,222.13285714285735,,21769.02000000002,21769.02000000002,,,,,
476,MH46DC5008,47,A/C,CNG,Eicher,,Deepak Fertilisers ,3.5,3.5,,1131.85,6267,9920,3653,3653,0,,46.06,,1177.9099999999999,1043.7142857142858,3.101255613756569,134.19571428571408,,13151.179999999978,13151.179999999978,,,,,
477,MH46DC5010,40,A/C,Diesel,Eicher,,City Flo,4,4,,685,3470,5854,2384,2384,0,40,150,,795,596,2.9987421383647797,199,,19502,19502,,,,,
478,MH46DC5012,40,A/C,Diesel,Eicher,,City Flo,4,4,,788.27,2687,5099,2412,2412,0,139,154,,803.27,603,3.0027263560197692,200.26999999999998,,19626.46,19626.46,,,,,
479,MH46DC5014,27,A/C,CNG,Eicher,,Deepak Fertilisers ,4.5,4.5,,756.4899999999999,5312,7797,2485,2485,0,,32.93,,789.4199999999998,552.2222222222222,3.147880722555801,237.19777777777767,,23245.38222222221,23245.38222222221,,,,,
480,MH46DC5036,40,A/C,CNG,Eicher,,Deepak Fertilisers ,4,4,,1289.68,7295,10808,3413,3513,100,,40.74,,1330.42,853.25,2.565355301333413,477.1700000000001,,46762.66,46762.66,,,,,
481,MH46DC5037,32,A/C,CNG,Eicher,,Deepak Fertilisers ,4.5,4.5,,1485.5800000000002,12736,18870,6134,6134,0,,70.04,,1555.6200000000001,1363.111111111111,3.943122356359522,192.50888888888903,,18865.871111111126,18865.871111111126,,,,,
482,MH46DC5038,27,A/C,CNG,Eicher,,Deepak Fertilisers ,4.5,4.5,,1351.3100000000002,7722,11637,3915,3915,0,,78.17,,1429.4800000000002,870,2.738758149816716,559.4800000000002,,54829.04000000002,54829.04000000002,,,,,
483,MH46DC5042,32,A/C,CNG,Eicher,,Deepak Fertilisers ,4.5,4.5,,1361.11,11425,17254,5829,5829,0,,47.55,,1408.6599999999999,1295.3333333333333,4.137975096900601,113.3266666666666,,11106.013333333327,11106.013333333327,,,,,
484,MH46DC5053,32,A/C,CNG,Eicher,,Deepak Fertilisers ,4.5,4.5,,1084.4599999999998,7315,10850,3664,3535,-129,,41.38,,1125.84,814.2222222222222,3.2544588929155123,311.61777777777775,,30538.54222222222,30538.54222222222,,,,,
485,MH46DC5056,40,A/C,CNG,Eicher,,Deepak Fertilisers ,4,4,,1093.99,9553,13676,4123,4123,0,,39.2,,1133.19,1030.75,3.6384013272266786,102.44000000000005,,10039.120000000006,10039.120000000006,,,,,
486,MH46DC5087,47,A/C,CNG,Eicher,,Deepak Fertilisers ,3.5,3.5,,1605.3700000000001,12532,18738,6206,6206,0,,21.19,,1626.5600000000002,1773.142857142857,3.815414125516427,-146.58285714285694,,,,,,,,
487,MH46DC5138,40,A/C,Diesel,Eicher,,City Flo,4,4,,650.51,2152,3980,1828,1828,0,136,100,,614.51,457,2.974727831931132,157.51,,15435.98,15435.98,,,,,
488,MH46DC5193,40,A/C,Diesel,Eicher,,City Flo,4,4,,769,4281,6591,2310,2310,0,143,153,,779,577.5,2.9653401797175865,201.5,,19747,19747,,,,,
489,MH46DC5195,40,A/C,Diesel,Eicher,,City Flo,4,4,,667.21,2537,4614,2077,2077,0,140,150,,677.21,519.25,3.0669954666942307,157.96000000000004,,15480.080000000004,15480.080000000004,,,,,
490,MH46DC5196,40,A/C,Diesel,Eicher,,City Flo,4,4,,808,4908,6617,1709,1709,0,154,140,,794,427.25,2.152392947103275,366.75,,35941.5,35941.5,,,,,
491,MH46DC5197,40,A/C,Diesel,Eicher,,City Flo,4,4,,936,4318,6601,2283,2283,0,156,30,,810,570.75,2.8185185185185184,239.25,,23446.5,23446.5,,,,,
492,MH46DC5198,40,A/C,Diesel,Eicher,,City Flo,4,4,,930,5543,8329,2786,2786,0,70,110,,970,696.5,2.8721649484536083,273.5,,26803,26803,,,,,
493,MH46DC5201,40,A/C,Diesel,Eicher,,City Flo,4,4,,710,5874,7766,1892,1892,0,110,40,,640,473,2.95625,167,,16366,16366,,,,,
494,MH46DC5204,40,A/C,Diesel,Eicher,,City Flo,4,4,,556,2786,4208,1422,1422,0,151,40,,445,355.5,3.195505617977528,89.5,,8771,8771,,,,,
495,MH46DC5205,32,A/C,CNG,Eicher,,Deepak Fertilisers ,4.5,4.5,,1101.0300000000002,7283,10930,3647,3647,0,,41.68,,1142.7100000000003,810.4444444444445,3.1915359102484437,332.2655555555558,,32562.02444444447,32562.02444444447,,,,,
496,MH46DC5462,47,A/C,CNG,Eicher,,Deepak Fertilisers ,3.5,3.5,,1054.4899999999998,5499,8759,3260,3260,0,,42.53,,1097.0199999999998,931.4285714285714,2.9716869336930967,165.5914285714283,,16227.959999999974,16227.959999999974,,,,,
497,MH46DC5507,47,A/C,CNG,Eicher,,Deepak Fertilisers ,3.5,3.5,,862.7499999999999,5386,7762,2376,2376,0,,40.46,,903.2099999999999,678.8571428571429,2.6306174643770555,224.35285714285703,,21986.57999999999,21986.57999999999,,,,,
498,MH46DC5508,32,A/C,CNG,Eicher,,Deepak Fertilisers ,4.5,4.5,,1305.13,7791,12295,4404,4504,100,,41.16,,1346.2900000000002,978.6666666666666,3.271211997415118,367.62333333333356,,36027.08666666669,36027.08666666669,,,,,
499,MH46DC5509,17,A/C,CNG,Force,,Deepak Fertilisers ,5.5,5.5,,878.43,10374,15325,4951,4951,0,,53.56,,931.99,900.1818181818181,5.312288758463073,31.80818181818188,,3117.201818181824,3117.201818181824,,,,,
500,MH46DC5510,47,A/C,CNG,Eicher,,Deepak Fertilisers ,3.5,3.5,,1304.6799999999996,7592,11403,3811,3811,0,,49.7,,1354.3799999999997,1088.857142857143,2.8138336360548744,265.52285714285676,,26021.23999999996,26021.23999999996,,,,,
501,MH46DC6065,17,A/C,CNG,Force,,Deepak Fertilisers ,5.5,5.5,,774.9799999999999,8234,13352,5118,5118,0,,22.98,,797.9599999999999,930.5454545454545,6.413855331094291,-132.58545454545458,,,,,,,,0
502,MH46DC6068,40,A/C,Diesel,Eicher,,City Flo,4,4,,630,2821,4627,1806,1806,0,100,65,,595,451.5,3.0352941176470587,143.5,,14063,14063,,,,,0
503,MH46DC6069,40,A/C,Diesel,Eicher,,City Flo,4,4,,692,1952,4095,2143,2143,0,60,10,,642,535.75,3.338006230529595,106.25,,10412.5,10412.5,,,,,0
504,MH46DC6072,17,A/C,CNG,Force,,Deepak Fertilisers ,5.5,5.5,,690.97,6427,10760,4333,4333,0,,24.81,,715.78,787.8181818181819,6.053536002682389,-72.0381818181819,,,,,,,,0
505,MH46DC6073,40,A/C,Diesel,Eicher,,City Flo,4,4,,726,1314,3101,1787,1787,0,145,142,,723,446.75,2.4716459197787,276.25,,27072.5,27072.5,,,,,0
506,MH46DC6074,40,A/C,Diesel,Eicher,,City Flo,4,4,,679.36,2564,4271,1707,1707,0,137,145.32,,687.6800000000001,426.75,2.4822591903210793,260.93000000000006,,25571.140000000007,25571.140000000007,,,,,0
507,MH46DC6075,40,A/C,Diesel,Eicher,,City Flo,4,4,,753,3042,5086,2044,2044,0,135,20,,638,511,3.2037617554858935,127,,12446,12446,,,,,0
508,MH46DC6076,40,A/C,Diesel,Eicher,,City Flo,4,4,,716.35,1281,3291,2010,2010,0,147,148,,717.35,502.5,2.8019795079110614,214.85000000000002,,21055.300000000003,21055.300000000003,,,,,0
509,MH46DC6167,40,A/C,Diesel,Eicher,,City Flo,4,4,,584,1279,2437,1158,1158,0,149,60,,495,289.5,2.3393939393939394,205.5,,20139,20139,,,,,0
510,MH46DC6332,40,A/C,Diesel,Eicher,,City Flo,4,4,,590.66,1580,2934,1354,1354,0,150,20,,460.65999999999997,338.5,2.9392610602179485,122.15999999999997,,11971.679999999997,11971.679999999997,,,,,0
511,MH46DC6334,40,A/C,Diesel,Eicher,,City Flo,4,4,,660,1220,2977,1757,1757,0,120,130,,670,439.25,2.6223880597014926,230.75,,22613.5,22613.5,,,,,0
512,MH46DC6335,40,A/C,Diesel,Eicher,,City Flo,4,4,,645,941,2015,1074,1074,0,145,10,,510,268.5,2.1058823529411765,241.5,,23667,23667,,,,,0
513,MH46DC6359,40,A/C,Diesel,Eicher,,City Flo,4,4,,659,1169,3002,1833,1833,0,133,40,,566,458.25,3.2385159010600706,107.75,,10559.5,10559.5,,,,,0
505,MH46DC7969,40,A/C,Diesel,Eicher,,City Flo,4,4,,80,600,700,100,100,0,40,,,40,25,2.5,15,,1470,1470,,,,,0
506,MH46DC7970,40,A/C,Diesel,Eicher,,City Flo,4,4,,451,780,1666,886,886,0,150,,,301,221.5,2.9435215946843853,79.5,,7791,7791,,,,,0
507,MH46DC7975,40,A/C,Diesel,Eicher,,City Flo,4,4,,130,640,950,310,310,0,10,,,120,77.5,2.5833333333333335,42.5,,4165,4165,,,,,0
508,MH46DC7976,40,A/C,Diesel,Eicher,,City Flo,4,4,,469,590,1337,747,747,0,149,,,320,186.75,2.334375,133.25,,13058.5,13058.5,,,,,0
509,MH46DC7978,40,A/C,Diesel,Eicher,,City Flo,4,4,,327.58000000000004,510,1190,680,680,0,60,,,267.58000000000004,170,2.541296060991105,97.58000000000004,,9562.840000000004,9562.840000000004,,,,,0
510,MH46DC7981,40,A/C,Diesel,Eicher,,City Flo,4,4,,450,640,1428,788,788,0,150,,,300,197,2.6266666666666665,103,,10094,10094,,,,,0
511,MH46DC8020,36,A/C,CNG,Eicher,,Deepak Fertilisers ,4,4,,674.4300000000001,1010,3363,2353,2353,0,,,,674.4300000000001,588.25,3.488872084575122,86.18000000000006,,8445.640000000007,8445.640000000007,,,,,0
512,MH46DC8021,40,A/C,Diesel,Eicher,,City Flo,4,4,,150,630,763,133,133,0,100,,,50,33.25,2.66,16.75,,1641.5,1641.5,,,,,0
513,MH46DC8236,40,A/C,Diesel,Eicher,,City Flo,4,4,,194,602,708,106,106,0,144,,,50,26.5,2.12,23.5,,2303,2303,,,,,0
508,MH46DC8237,40,A/C,Diesel,Eicher,,City Flo,4,4,,205.9,628,888,260,260,0,129.9,,,76,65,3.4210526315789473,11,,1078,1078,,,,,0
509,MH46DC8238,40,A/C,Diesel,Eicher,,City Flo,4,4,,162.5,560,679,119,119,0,162.5,,,0,29.75,#DIV/0!,-29.75,,,,,,,,0
510,MH46DC8239,40,A/C,Diesel,Eicher,,City Flo,4,4,,165,590,695,105,105,0,100,,,65,26.25,1.6153846153846154,38.75,,3797.5,3797.5,,,,,0
511,MH46DC8240,36,A/C,Diesel,Eicher,,City Flo,4,4,,200,582,693,111,111,0,200,,,0,27.75,#DIV/0!,-27.75,,,,,,,,0
512,MH46DC8448,40,A/C,Diesel,Eicher,,City Flo,4,4,,65,590,663,73,73,0,65,,,0,18.25,#DIV/0!,-18.25,,,,,,,,0
513,MH46DC8528,40,A/C,Diesel,Eicher,,City Flo,4,4,,,,,,0,0,,,,0,0,#DIV/0!,0,,,,,,,,0
514,TN87H1905,32,Non A/C,Diesel,Eicher,,Lear Chennai,7,7,,655.95,76635,80885,4250,4250,0,89.62,64.94,,631.2700000000001,607.1428571428571,6.7324599616645795,24.127142857142985,,2364.4600000000128,2364.4600000000128,,,,,0
515,TN87H1913,32,Non A/C,Diesel,Eicher,,Lear Chennai,7,7,,1610.3399999999997,126749,138688,11939,11939,0,76.5,74.64,,1608.4799999999998,1705.5714285714287,7.422535561523924,-97.09142857142888,,,,,,,,0
516,TN87H1931,32,Non A/C,Diesel,Eicher,,Lear Chennai,7,7,,1250.84,88791,98575,9784,9784,0,86,85.08,,1249.9199999999998,1397.7142857142858,7.827700972862264,-147.79428571428593,,,,,,,,0
517,TN87H1942,32,Non A/C,Diesel,Eicher,,Lear Chennai,7,7,,1026.23,41030,49568,8538,8538,0,80.2,72.35,,1018.3799999999999,1219.7142857142858,8.383903847286868,-201.3342857142859,,,,,,,,0
518,TN87H1946,14,Non A/C,Diesel,Force,,Lear Chennai,11,11,,455.51,46977,52588,5611,5611,0,50.26,52.33,,457.58,510.09090909090907,12.262336640587439,-52.51090909090908,,,,,,,,0
519,TN87H1956,14,Non A/C,Diesel,Force,,Lear Chennai,11,11,,368.94,37218,41445,4227,4227,0,42.33,38.71,,365.32,384.27272727272725,11.570677761962116,-18.95272727272726,,,,,,,,0
520,TN87H1960,32,Non A/C,Diesel,Eicher,,Lear Chennai,7,7,,1083.53,48963,56800,7837,7837,0,66.73,74.08,,1090.8799999999999,1119.5714285714287,7.184108242886477,-28.691428571428787,,,,,,,,0
521,TN87H1962,32,Non A/C,Diesel,Eicher,,Lear Chennai,7,7,,1588.34,53600,66253,12653,12653,0,77.76,61.99,,1572.57,1807.5714285714287,8.046064722079144,-235.00142857142873,,,,,,,,0
522,TN87H1964,32,Non A/C,Diesel,Eicher,,Lear Chennai,7,7,,494.63,41024,44570,3546,3546,0,66.15,58.09,,486.57000000000005,506.57142857142856,7.287748936432578,-20.001428571428505,,,,,,,,0
523,TN87H1971,32,Non A/C,Diesel,Eicher,,Lear Chennai,7,7,,981.69,70717,77951,7234,7234,0,89.7,82.36,,974.3499999999999,1033.4285714285713,7.424436804023196,-59.07857142857142,,,,,,,,0
524,TN87H1975,32,Non A/C,Diesel,Eicher,,Lear Chennai,7,7,,1623.48,121004,132802,11798,11798,0,74.31,67.65,,1616.8200000000002,1685.4285714285713,7.297039868383616,-68.60857142857117,,,,,,,,0
525,TN87H1989,14,Non A/C,Diesel,Force,,Lear Chennai,11,11,,273.43999999999994,25719,28860,3141,3141,0,57.41,53.2,,269.2299999999999,285.54545454545456,11.666604761727895,-16.315454545454656,,,,,,,,0
526,TN87H1996,32,Non A/C,Diesel,Eicher,,Lear Chennai,7,7,,864.3399999999999,67590,73452,5862,5862,0,69.30000000000001,76.76,,871.8,837.4285714285714,6.72401927047488,34.37142857142851,,3368.399999999994,3368.399999999994,,,,,0
527,TN87H2004,24,Non A/C,Diesel,Eicher,,Lear Chennai,8,8,,941.6100000000001,72564,80446,7882,7882,0,72.87,82.01,,950.7500000000001,985.25,8.290297133841703,-34.499999999999886,,,,,,,,0
528,TN87H2018,24,Non A/C,Diesel,Eicher,,Lear Chennai,8,8,,1131.8799999999999,79597,88198,8601,8601,0,62.17,84.04,,1153.7499999999998,1075.125,7.454821235102926,78.62499999999977,,7705.249999999978,7705.249999999978,,,,,0
529,TN87H2058,24,Non A/C,Diesel,Eicher,,Lear Chennai,8,8,,659.77,62512,67955,5443,5443,0,60.37,71.31,,670.7099999999999,680.375,8.11528082181569,-9.665000000000077,,,,,,,,0
530,TN87H2059,24,Non A/C,Diesel,Eicher,,Lear Chennai,8,8,,413.49,48160,51500,3340,3340,0,84.91,83.86,,412.44000000000005,417.5,8.098147609349237,-5.059999999999945,,,,,,,,0
531,TN87H2061,24,Non A/C,Diesel,Eicher,,Lear Chennai,8,8,,373.4,81317,84316,2999,2999,0,81.6,81.12,,372.91999999999996,374.875,8.041939289928136,-1.955000000000041,,,,,,,,0
532,TN87H2065,24,Non A/C,Diesel,Eicher,,Lear Chennai,8,8,,419.39,32563,35348,2785,2785,0,80.01,70.84,,410.22,348.125,6.7890400273024225,62.09500000000003,,6085.310000000003,6085.310000000003,,,,,0
533,TN87H2067,24,Non A/C,Diesel,Eicher,,Lear Chennai,8,8,,1120.18,69970,78666,8696,8696,0,81,87,,1126.18,1087,7.721678594896019,39.180000000000064,,3839.6400000000062,3839.6400000000062,,,,,0
534,TN87H2075,24,Non A/C,Diesel,Eicher,,Lear Chennai,8,8,,1178.3600000000004,88391,97409,9018,9018,0,85.2,83.17,,1176.3300000000004,1127.25,7.66621611282548,49.08000000000038,,4809.840000000037,4809.840000000037,,,,,0
535,TN87H2083,24,Non A/C,Diesel,Eicher,,Lear Chennai,8,8,,1668.2300000000002,146739,160642,13903,13903,0,82.5,77.76,,1663.4900000000002,1737.875,8.357729833061814,-74.38499999999976,,,,,,,,0
536,TN87H2088,24,Non A/C,Diesel,Eicher,,Lear Chennai,8,8,,956.2800000000002,50945,58439,7494,7494,0,80.25,48.84,,924.8700000000002,936.75,8.102760387946413,-11.879999999999768,,,,,,,,0
537,TN87H2089,24,Non A/C,Diesel,Eicher,,Lear Chennai,8,8,,658.0100000000001,40720,46228,5508,5508,0,64.89,53.01,,646.1300000000001,688.5,8.524600312630584,-42.36999999999989,,,,,,,,0
538,TN87H2091,24,Non A/C,Diesel,Eicher,,Lear Chennai,8,8,,843.1200000000001,57792,64577,6785,6785,0,76.22,69.61,,836.5100000000001,848.125,8.111080560901842,-11.614999999999895,,,,,,,,0
539,TN87H2151,4 CNG,Non A/C,Petrol & CNG,Maruti,,Lear Chennai,18,18,,594.63,79878,89683,9805,9805,0,26.15,35.01,,603.49,544.7222222222222,16.247162339061127,58.76777777777784,,5759.2422222222285,5759.2422222222285,,,,,0
540,TN87H2191,4 CNG,Non A/C,Petrol & CNG,Maruti,,Lear Chennai,18,18,,495.66999999999996,64763,71794,7031,7031,0,6.47,26.78,,515.9799999999999,390.6111111111111,13.62649715105237,125.36888888888882,,12286.151111111105,12286.151111111105,,,,,0
541,TN87H5485,36,Non A/C,Diesel,Eicher,,Lear Chennai,5.5,5.5,,463.51,283381,286246,2865,2865,0,77.69,54.72,,440.54,520.9090909090909,6.503382212738911,-80.36909090909086,,,,,,,,0
542,TN87H6859,17 Eicher,Non A/C,Diesel,Eicher,,Lear Chennai,7,7,,94.87,65697,66368,671,671,0,34,40.36,,101.23000000000002,95.85714285714286,6.628469821199248,5.372857142857157,,526.5400000000013,526.5400000000013,,,,,0
,,,,,,,,,,,,,,,,,,,,,,,,,,,,,,,
